{"type": "FeatureCollection", "features": [{"type": "Feature", "geometry": {"type": "MultiPolygon", "coordinates": [[[[-0.222794326999974, 5.54299157700012], [-0.226745821999884, 5.54330530000004], [-0.229497902999867, 5.54405235700011], [-0.232750361999933, 5.54330530000004], [-0.234251496999889, 5.54305628000003], [-0.23450168599993, 5.54131314300014], [-0.233500929999877, 5.5365817440001], [-0.242007361999924, 5.53533663200011], [-0.241506983999898, 5.53209933100004], [-0.245009631999892, 5.53209933100004], [-0.248512280999876, 5.53234835400013], [-0.251764739999885, 5.53434054200011], [-0.253015686999902, 5.53782685200008], [-0.255267388999869, 5.53981902100014], [-0.255267388999869, 5.54380333800003], [-0.256518334999896, 5.54604450400018], [-0.259270415999879, 5.546791558], [-0.261772307999877, 5.54853467900011], [-0.263035197999898, 5.55678346400003], [-0.256209568999964, 5.55737420700012], [-0.252648371999896, 5.56121402500008], [-0.251164538999944, 5.56564455400007], [-0.249383939999973, 5.5677121220001], [-0.246119508999811, 5.56800748800003], [-0.243448610999963, 5.57007504900014], [-0.241074478999906, 5.57421014700014], [-0.240184179999972, 5.57627768500015], [-0.236029448999943, 5.57332405700004], [-0.225642622999942, 5.56741675500007], [-0.220597593999912, 5.56446308300013], [-0.217629927999951, 5.56121402500008], [-0.215255796999827, 5.55855569300019], [-0.217036395999969, 5.55707883600013], [-0.218520227999932, 5.55560197600016], [-0.220597593999912, 5.55353436400014], [-0.22267495899996, 5.54969449600003], [-0.22386202499996, 5.54644535800014], [-0.222794326999974, 5.54299157700012]]]]}, "properties": {"REGION": "Greater Accra", "DISTRICT": "Ablekuma Central"}}, {"type": "Feature", "geometry": {"type": "MultiPolygon", "coordinates": [[[[-0.26386787399997, 5.60908949700018], [-0.263521370999911, 5.60923980300004], [-0.259474, 5.60758522900011], [-0.258286933999955, 5.60374571400013], [-0.256209568999964, 5.60020152500005], [-0.247603341999934, 5.60315501800005], [-0.245229209999934, 5.595475905], [-0.238403581999876, 5.59606661000015], [-0.236919748999981, 5.59399914200014], [-0.230094119999933, 5.59518055400002], [-0.22386202499996, 5.60020152500005], [-0.219410527999969, 5.60345036600017], [-0.215849329999969, 5.60315501800005], [-0.21555256299996, 5.59783872000003], [-0.213178431999893, 5.59311308200017], [-0.211101065999969, 5.58750133700011], [-0.211991365999893, 5.58188953700011], [-0.211397832999978, 5.57686840900016], [-0.211101065999969, 5.57243796500006], [-0.214662263999912, 5.57125650800009], [-0.213771964999978, 5.56712138899996], [-0.213475198999845, 5.56298624100015], [-0.215255796999827, 5.55855569300019], [-0.217629927999951, 5.56121402500008], [-0.220597593999912, 5.56446308300013], [-0.225642622999942, 5.56741675500007], [-0.236029448999943, 5.57332405700004], [-0.240184179999972, 5.57627768500015], [-0.241074478999906, 5.57421014700014], [-0.243448610999963, 5.57007504900014], [-0.246119508999811, 5.56800748800003], [-0.249383939999973, 5.5677121220001], [-0.251164538999944, 5.56564455400007], [-0.252648371999896, 5.56121402500008], [-0.256209568999964, 5.55737420700012], [-0.263035197999898, 5.55678346400003], [-0.269267293999974, 5.55589734800009], [-0.276921588999926, 5.55363519400015], [-0.276403700999879, 5.55640921000014], [-0.27706313099992, 5.55827632400008], [-0.277146613999889, 5.55863204500014], [-0.277242657999921, 5.55884167400018], [-0.277412960999925, 5.55907344800016], [-0.278234997999959, 5.55958996200008], [-0.278350508999949, 5.55962869700016], [-0.278636351999978, 5.55987715300012], [-0.278732391999938, 5.560089538], [-0.278731971999889, 5.56043412900004], [-0.278629985999885, 5.5605856250001], [-0.278574713999944, 5.56078679800015], [-0.278519440999958, 5.56098797300018], [-0.278479941999819, 5.56179288900017], [-0.278441142999895, 5.56202165100012], [-0.278040812999905, 5.56315142100016], [-0.277927444999932, 5.56361165600009], [-0.27781162999986, 5.56382102700013], [-0.27764042299998, 5.56432874400014], [-0.275037095999949, 5.56697683600004], [-0.274729417999936, 5.56883035699997], [-0.274849863999918, 5.56933360800014], [-0.275517847999936, 5.56983615399997], [-0.276186354999936, 5.56991140700006], [-0.276857546999963, 5.57004179700004], [-0.277005987999814, 5.57015362700008], [-0.277154427999903, 5.57026545700006], [-0.277695852999955, 5.57076508800009], [-0.278605741999911, 5.57145262900008], [-0.279015249999873, 5.57182804600012], [-0.279424966999954, 5.57203254500007], [-0.280131748999963, 5.57231183900012], [-0.280613295999956, 5.57227658900001], [-0.280808807999961, 5.57214588300008], [-0.281730882999966, 5.57300021600014], [-0.281819150999979, 5.57395001800001], [-0.281741991999979, 5.57404778800014], [-0.281433570999866, 5.57425968000007], [-0.281317961999889, 5.57429813300013], [-0.280876960999819, 5.57492888700011], [-0.280867191999903, 5.57504328000005], [-0.28190731899997, 5.57611553900006], [-0.281832747999943, 5.57634701300003], [-0.281488559999957, 5.57655610500007], [-0.281314844999883, 5.57686189000009], [-0.281353087999946, 5.57709074600018], [-0.281301754999959, 5.57724690500004], [-0.281239857999935, 5.57743519899998], [-0.281239439999979, 5.57777979000002], [-0.28123901999993, 5.57812438100018], [-0.281175269999892, 5.57850748900006], [-0.281276702999946, 5.57881360900018], [-0.281507406999935, 5.57915848200003], [-0.281812445999947, 5.57946760900012], [-0.281849451999904, 5.57958205800008], [-0.28188645799986, 5.57969650900003], [-0.281979340999897, 5.58024521100015], [-0.282459929999959, 5.58100389900005], [-0.28245974999993, 5.58115276199999], [-0.282536653999898, 5.58126588200014], [-0.282536024999956, 5.58178414700012], [-0.282648627999947, 5.58195520100008], [-0.282859722999831, 5.58258950700014], [-0.282801733999918, 5.58276035400013], [-0.28247640699982, 5.58329476300003], [-0.282885212999872, 5.58425598300016], [-0.282501821999972, 5.58556871800016], [-0.281993663999913, 5.58623281200005], [-0.281524388999912, 5.58701425600003], [-0.281016561999934, 5.58740464500011], [-0.280625434999877, 5.58810798100006], [-0.2802736189999, 5.58857676100013], [-0.28006794699985, 5.58878231900007], [-0.279942281999922, 5.58925870100006], [-0.279296795999926, 5.58951398400012], [-0.278711054999917, 5.58978697200013], [-0.278252115999976, 5.58978324900011], [-0.278047114999879, 5.59017716400007], [-0.277763294999943, 5.59038450300011], [-0.277124937999872, 5.59045894900004], [-0.276674213999968, 5.59060885700018], [-0.276315377999936, 5.590793475], [-0.275809292999895, 5.59173626800015], [-0.275507684999923, 5.59275152400011], [-0.274832150999885, 5.59252499500013], [-0.274418320999928, 5.59320156900014], [-0.273817042999838, 5.59365221600001], [-0.272576612999956, 5.59481677200012], [-0.273177537999857, 5.59538155300004], [-0.273151664999943, 5.5957632520001], [-0.271823150999978, 5.59688470800012], [-0.271357881999847, 5.59731416000017], [-0.270863085999849, 5.59777086299999], [-0.270744561999891, 5.59823603100011], [-0.270714925999926, 5.59875602800008], [-0.269988072999922, 5.59998336300009], [-0.269691636999823, 5.60018703500009], [-0.269716721999941, 5.6004415540001], [-0.269487447999893, 5.60097569100014], [-0.268190371999935, 5.60227195800019], [-0.268418412999893, 5.60273032000009], [-0.268224223999823, 5.60323777500008], [-0.268239432999906, 5.60367169900013], [-0.267789147999963, 5.60453331900015], [-0.267653174999907, 5.60529968500015], [-0.267652603999977, 5.60575776100006], [-0.267459380999867, 5.60616666300012], [-0.26739766999998, 5.60649545500013], [-0.267117682999924, 5.60695318099999], [-0.266049963999933, 5.6076389590001], [-0.265491131999909, 5.60763825800012], [-0.265166933999978, 5.60798298200007], [-0.264169070999856, 5.60904401900018], [-0.26386787399997, 5.60908949700018]]]]}, "properties": {"REGION": "Greater Accra", "DISTRICT": "Ablekuma North"}}, {"type": "Feature", "geometry": {"type": "MultiPolygon", "coordinates": [[[[-0.263035197999898, 5.55678346400003], [-0.261772307999877, 5.54853467900011], [-0.259270415999879, 5.546791558], [-0.256518334999896, 5.54604450400018], [-0.255267388999869, 5.54380333800003], [-0.255267388999869, 5.53981902100014], [-0.253015686999902, 5.53782685200008], [-0.251764739999885, 5.53434054200011], [-0.248512280999876, 5.53234835400013], [-0.245009631999892, 5.53209933100004], [-0.241506983999898, 5.53209933100004], [-0.242007361999924, 5.53533663200011], [-0.233500929999877, 5.5365817440001], [-0.23450168599993, 5.54131314300014], [-0.234251496999889, 5.54305628000003], [-0.232750361999933, 5.54330530000004], [-0.229497902999867, 5.54405235700011], [-0.226745821999884, 5.54330530000004], [-0.222794326999974, 5.54299157700012], [-0.22267495899996, 5.54260544400006], [-0.222081424999942, 5.5399470270001], [-0.219113760999903, 5.54024240699999], [-0.217926694999903, 5.53876550500019], [-0.217036395999969, 5.53581168800014], [-0.219113760999903, 5.53403939100014], [-0.219426048999878, 5.53077408300015], [-0.220741103999899, 5.53043588100007], [-0.220932461999951, 5.53003246400016], [-0.221059959999934, 5.52982017500011], [-0.221297378999907, 5.52978306900002], [-0.221886641999902, 5.53001247000009], [-0.222230601999968, 5.52995605600006], [-0.222395855999935, 5.52975818900012], [-0.222374818999924, 5.52963068800011], [-0.222508767999955, 5.52960969999998], [-0.222777571999927, 5.52971619800013], [-0.224663866999947, 5.52941376100006], [-0.226022544999978, 5.52906182200013], [-0.226892461999967, 5.52861679600011], [-0.229246720999868, 5.52808871500002], [-0.230561795999961, 5.52772924300012], [-0.232046795999906, 5.5271362850001], [-0.232576879999897, 5.52713697100012], [-0.232895065999912, 5.52703115300005], [-0.233256123999979, 5.52656421400008], [-0.234128832999943, 5.52646670200016], [-0.235483097999918, 5.52607843300012], [-0.236203983999872, 5.52610060600011], [-0.237073510999892, 5.52595300300004], [-0.239045906999934, 5.52557311000015], [-0.240424473999951, 5.52529867900006], [-0.241170096999895, 5.52523034900014], [-0.24286336699987, 5.52489812300018], [-0.243890125999826, 5.52471460700008], [-0.245535601999904, 5.52441286900017], [-0.246511195999972, 5.52422289500009], [-0.247253632999957, 5.52396888700002], [-0.248972238999954, 5.52388569600015], [-0.249967975999823, 5.52371736900017], [-0.250327852999931, 5.52370313600017], [-0.251155733999951, 5.52342142600008], [-0.251771695999935, 5.52340945500009], [-0.253446087999919, 5.52310562000008], [-0.253933870999958, 5.52302125000006], [-0.254952079999896, 5.52266134700017], [-0.258239513999968, 5.52192185500013], [-0.263732632999961, 5.52073891500009], [-0.26670181999998, 5.52014770000011], [-0.270158781999839, 5.51947208400003], [-0.270583054999861, 5.519302638], [-0.272296291999965, 5.51887436200013], [-0.273663033999981, 5.52284816600007], [-0.273909842999956, 5.52311906000011], [-0.274077913999918, 5.52330353400009], [-0.27405825999989, 5.5236288050001], [-0.273947965999923, 5.52382991100006], [-0.273911733999853, 5.52421305200005], [-0.273930082999925, 5.52496015000003], [-0.274091831999897, 5.52543174900006], [-0.274308889999929, 5.52566909299998], [-0.274564643999952, 5.5257603770001], [-0.274765594999963, 5.52566965000011], [-0.275181447999842, 5.52532556699998], [-0.275619315999904, 5.52497875200015], [-0.276092813999924, 5.52474225000014], [-0.276420319999943, 5.52465167700018], [-0.276945867999814, 5.52459993800011], [-0.277292611999883, 5.52452592800017], [-0.277474212999891, 5.52450960900018], [-0.27794731299997, 5.52460115600019], [-0.278563523999878, 5.52465428200014], [-0.279127062999976, 5.52503815300003], [-0.279298739999888, 5.52526579100004], [-0.279758905999927, 5.52606835000006], [-0.278930677999881, 5.52818059200007], [-0.27862723699991, 5.52884459700005], [-0.278321173999927, 5.52940108500007], [-0.278206730999955, 5.52962148500018], [-0.277428877999967, 5.53013604800003], [-0.277409211999952, 5.53047234500008], [-0.277298799999869, 5.53076993800005], [-0.276962604999937, 5.53121612000007], [-0.276535473999957, 5.5317807290001], [-0.276191035999886, 5.53221725200012], [-0.275846597999873, 5.53265377300005], [-0.275623541999892, 5.53282166200017], [-0.275326177999887, 5.53300875600002], [-0.274751004999928, 5.53313762000005], [-0.274395729999924, 5.53343491300006], [-0.27422749699997, 5.5337682710001], [-0.274097094999888, 5.53466405000006], [-0.27389282199988, 5.53522065900017], [-0.273724311999956, 5.53578006900011], [-0.273407322999958, 5.53626486500008], [-0.273221229999933, 5.53657752600009], [-0.273035136999965, 5.5368901870001], [-0.272122527999954, 5.53847143000013], [-0.271413759999916, 5.53984892400007], [-0.271209411999905, 5.54046342300018], [-0.271228213999962, 5.54083560500004], [-0.271543836999967, 5.54147004100014], [-0.27189511499995, 5.54219549300012], [-0.272232401999815, 5.54311389800017], [-0.272714969999868, 5.54447355800005], [-0.2732716189999, 5.54600147000002], [-0.273809671999913, 5.54698904000003], [-0.274477085999933, 5.54793817300009], [-0.275334606999877, 5.54867251500013], [-0.275928599999929, 5.54891583400007], [-0.276170331999936, 5.54923315400004], [-0.276411589999839, 5.54993917200005], [-0.276688000999968, 5.55114971600017], [-0.276909929999931, 5.55191360100008], [-0.277020815999947, 5.55236032700009], [-0.276921588999926, 5.55363519400015], [-0.269267293999974, 5.55589734800009], [-0.263035197999898, 5.55678346400003]]]]}, "properties": {"REGION": "Greater Accra", "DISTRICT": "Ablekuma West"}}, {"type": "Feature", "geometry": {"type": "MultiPolygon", "coordinates": [[[[-0.222794326999974, 5.54299157700012], [-0.22386202499996, 5.54644535800014], [-0.22267495899996, 5.54969449600003], [-0.220597593999912, 5.55353436400014], [-0.218520227999932, 5.55560197600016], [-0.217036395999969, 5.55707883600013], [-0.215255796999827, 5.55855569300019], [-0.213581551999937, 5.5584945870001], [-0.211014610999825, 5.55858921200007], [-0.211050104999913, 5.55837927200008], [-0.211202218999972, 5.55817109700018], [-0.21141137799998, 5.55796292200012], [-0.211316304999912, 5.55779259700012], [-0.211050104999913, 5.55769797200003], [-0.210802916999967, 5.55743302200011], [-0.210479672999952, 5.55733839700002], [-0.209947269999873, 5.55730054700007], [-0.209262752999905, 5.55720592200015], [-0.206760840999948, 5.55749247800009], [-0.205120850999947, 5.55813119600015], [-0.204265203999967, 5.55813119600015], [-0.202696516999936, 5.55855700800004], [-0.201698262999912, 5.55486662800007], [-0.200557400999855, 5.54996974200009], [-0.197491331999913, 5.54606639700012], [-0.195555081999942, 5.54383100500013], [-0.196763969999949, 5.54327870200012], [-0.197845530999928, 5.54315269500012], [-0.198948411999936, 5.54294173200014], [-0.200551188999953, 5.5424514120001], [-0.201408785999945, 5.54239267100013], [-0.201960339999914, 5.54220220499997], [-0.202498185999957, 5.54203607599999], [-0.203233302999934, 5.54165153400015], [-0.204463741999859, 5.54118578599997], [-0.204932051999947, 5.54104306000011], [-0.205163889999881, 5.54086804200017], [-0.205567213999927, 5.54052865400018], [-0.205589183999962, 5.53995505300003], [-0.20571688799987, 5.53959405000012], [-0.206232485999919, 5.5394477000001], [-0.206862422999905, 5.53919191800003], [-0.208030234999967, 5.53798248300006], [-0.208836818999941, 5.53734619200009], [-0.209033371999965, 5.53700960700007], [-0.209028610999894, 5.53662409900011], [-0.208986654999876, 5.53628411300008], [-0.20905049199996, 5.53611423400014], [-0.20936885499998, 5.53588095700007], [-0.209369982999817, 5.53503113500011], [-0.209625073999973, 5.53454282600012], [-0.209689078999929, 5.53424547400004], [-0.209478031999879, 5.53350159700005], [-0.20926622199994, 5.53333135000008], [-0.209011837999924, 5.5332885200001], [-0.208821260999969, 5.53309705600009], [-0.208354813999847, 5.53307518800005], [-0.207967419999932, 5.53325813300017], [-0.207591151999964, 5.53332911600006], [-0.207612552999876, 5.53318042500013], [-0.208439994999878, 5.532799109], [-0.209267152999928, 5.5326302470001], [-0.209776063999925, 5.53260968000006], [-0.211154087999887, 5.53276023299998], [-0.211917692999918, 5.53254879200017], [-0.212660232999895, 5.53223109300006], [-0.21336025599993, 5.53199832000013], [-0.214144892999911, 5.53191437700002], [-0.214632907999885, 5.5316600750001], [-0.215172591999931, 5.5315665120001], [-0.215742672999966, 5.53146767900017], [-0.216647426999941, 5.5315140190001], [-0.217539994999925, 5.53135540500011], [-0.219426048999878, 5.53077408300015], [-0.219113760999903, 5.53403939100014], [-0.217036395999969, 5.53581168800014], [-0.217926694999903, 5.53876550500019], [-0.219113760999903, 5.54024240699999], [-0.222081424999942, 5.5399470270001], [-0.22267495899996, 5.54260544400006], [-0.222794326999974, 5.54299157700012]]]]}, "properties": {"REGION": "Greater Accra", "DISTRICT": "Accra"}}, {"type": "Feature", "geometry": {"type": "MultiPolygon", "coordinates": [[[[0.687974037, 5.77777051300012], [0.687355864000097, 5.77714679400009], [0.687231577000034, 5.77698732900012], [0.686991754000189, 5.77683647599997], [0.686820480000051, 5.77660550100018], [0.686775780000062, 5.7763769070001], [0.686584195000137, 5.77579050000014], [0.686458882000181, 5.77528381400015], [0.686333878000141, 5.77488184600008], [0.686129490000098, 5.77461790000012], [0.685867486000063, 5.77440924000007], [0.685705042000109, 5.77437251900017], [0.684874311000044, 5.77450202600011], [0.683975177000093, 5.77464219600017], [0.683700233000081, 5.77471052600015], [0.683070278000116, 5.77475372700007], [0.682899177000081, 5.77458062100015], [0.682404959, 5.77493481900012], [0.68227631700006, 5.77516392800015], [0.68205945800014, 5.77533542700007], [0.681647674000146, 5.7754000650001], [0.681393668000112, 5.77535668600012], [0.681255884000052, 5.77528544300003], [0.681153708000124, 5.775158981], [0.68092163700004, 5.77483724400014], [0.680294870000125, 5.77502924300012], [0.679974989000073, 5.77478768100002], [0.679757755000026, 5.77483241600009], [0.679584780000027, 5.77495693499998], [0.679480802000114, 5.77515290100007], [0.679204116000108, 5.77556432600005], [0.67869885600004, 5.77590753300012], [0.678284597000186, 5.77631936400019], [0.678021569000066, 5.77669767900016], [0.677835743000173, 5.77713088199999], [0.677674048000029, 5.77734906500007], [0.677294981000159, 5.77756513300017], [0.677153530999988, 5.7775785820001], [0.677055670000186, 5.77758788600016], [0.676127701000041, 5.77734260400013], [0.675945732000173, 5.77721637500008], [0.675762832000146, 5.77702135200019], [0.675556555000014, 5.7768014020001], [0.675569640000163, 5.77657263500009], [0.675731198, 5.7763076060001], [0.675834814000041, 5.77598763200012], [0.675847089000115, 5.77548329100006], [0.675975460000132, 5.77516048800004], [0.67618380000016, 5.7748980770001], [0.676480526000034, 5.77475114600014], [0.676917706000154, 5.77464789400011], [0.677145710000161, 5.77452321200008], [0.677513600000054, 5.77424930700005], [0.678917034000165, 5.77264608800004], [0.679425519000063, 5.77206521400012], [0.679826068000068, 5.77105363400005], [0.680161543000054, 5.77078320500016], [0.678813499000057, 5.76977678600014], [0.677735659000064, 5.76917372500003], [0.677061541000057, 5.76863683200014], [0.675850979000074, 5.76864039800006], [0.675043936000179, 5.76864277300018], [0.674102978000121, 5.76884762100008], [0.67334258000011, 5.76856618000016], [0.670066771000052, 5.76852267700002], [0.666234288999988, 5.768870709], [0.661258082000131, 5.76908733400012], [0.657290869000065, 5.76936834100019], [0.655073429000083, 5.77004839900013], [0.650836787000173, 5.7701954260001], [0.646669913000039, 5.77121791100006], [0.64478697100003, 5.77129071900004], [0.642973802000029, 5.77223901100018], [0.640821639000023, 5.77224522299997], [0.638132010000163, 5.77245505700012], [0.636519042000089, 5.77286386700018], [0.633688534000044, 5.77297701300012], [0.632887634000042, 5.77300902500014], [0.626366718000156, 5.77403813000012], [0.623407650000104, 5.77411394600017], [0.619575586999986, 5.77466376600017], [0.606858405000082, 5.77588195300018], [0.604649402000177, 5.77639013700008], [0.600009051000029, 5.77653793999997], [0.597992472000044, 5.77694778700004], [0.595897569000044, 5.7771512380001], [0.594025614000145, 5.77743046300003], [0.588577951000104, 5.77751307700009], [0.585552859000131, 5.77806042600002], [0.580711233999978, 5.77841072800004], [0.578492469000025, 5.77868634800012], [0.575735635000171, 5.77896345000011], [0.571364967000022, 5.77937973300004], [0.56578418600003, 5.78000141000001], [0.563630181000065, 5.78009195400006], [0.561010300000078, 5.78055345600006], [0.558925277000185, 5.78055918100006], [0.557781876000149, 5.78056231700015], [0.554487291000157, 5.78097552500009], [0.551326298000163, 5.78105153000007], [0.541243323000174, 5.78156321400013], [0.536800271000061, 5.78183202200017], [0.535725023000111, 5.78217175200018], [0.530075738000107, 5.78238909400005], [0.528870650000044, 5.78283237800014], [0.527794612000037, 5.78296811600018], [0.525503497000102, 5.78294031100012], [0.522613108000144, 5.78362171700019], [0.521335160999968, 5.78362514200018], [0.519784683000125, 5.78413163100009], [0.516965563000099, 5.78451257800009], [0.515352204000123, 5.78485371200003], [0.513468186000182, 5.78458927700012], [0.511652681000157, 5.78479620899998], [0.50855993000016, 5.78527599300008], [0.506475551000108, 5.78555098999999], [0.503919806000113, 5.785625133], [0.499883954000154, 5.78556844600001], [0.49531195000003, 5.78625416400013], [0.494172456000058, 5.78604386400013], [0.490200774000073, 5.78653707100017], [0.488182922000078, 5.78654236500006], [0.482937024000023, 5.78675819500017], [0.481864739, 5.7868798130001], [0.479436817000021, 5.78705646400005], [0.475875905000123, 5.7873155310001], [0.474068925000154, 5.78763012200011], [0.471975911000186, 5.78779722500013], [0.471101848000046, 5.78793422500013], [0.467737252000063, 5.78792279100008], [0.463636395000094, 5.78822299800009], [0.46191391900004, 5.78856150300015], [0.458278596000071, 5.78880432500017], [0.458483713000078, 5.79029567000003], [0.461105712000062, 5.79230496200017], [0.462521100000117, 5.79476088100006], [0.46212483700009, 5.79722147100011], [0.46152239900016, 5.79778751700002], [0.45886435400007, 5.79743148200015], [0.45846082900016, 5.79706963300015], [0.457214652000175, 5.79779861500009], [0.455927695000184, 5.7983260960001], [0.455324113000131, 5.79844861000009], [0.45448320700001, 5.80022488999998], [0.454767503000085, 5.80119186200005], [0.455170720000183, 5.80143275099999], [0.455652389000136, 5.80086702], [0.455650425000158, 5.80010092800006], [0.456695725000145, 5.79953374799999], [0.457579986000042, 5.79896697999999], [0.457662161000144, 5.79961190299997], [0.459514407000086, 5.7997280940001], [0.459598138000047, 5.80097782400014], [0.458272161000025, 5.80198926200012], [0.457469246000073, 5.80287838900006], [0.457376758000066, 5.80436419900008], [0.456752436000102, 5.80594462100009], [0.460529435000069, 5.80670686100012], [0.464446133000138, 5.80749726400006], [0.465091021000035, 5.8077778390001], [0.466102418000105, 5.80967029100003], [0.464502641000024, 5.81378715200003], [0.464872700000171, 5.81676992500019], [0.464114733999963, 5.81947338000015], [0.464358490000052, 5.82031948200012], [0.471558596000023, 5.83324365900006], [0.473369107000167, 5.83275507800005], [0.473837646000106, 5.83283727200006], [0.483560024000042, 5.83454273700005], [0.489610306999964, 5.83872006500019], [0.490629532000185, 5.84351547200004], [0.49022680500002, 5.84347621900008], [0.48990342999997, 5.84299323400018], [0.489541179000128, 5.84303451400001], [0.488896029000045, 5.84267334100008], [0.488372729000105, 5.84271504700013], [0.486441747000185, 5.84332496000007], [0.485364824000158, 5.84353835100006], [0.484791851000068, 5.84365188300006], [0.483956211000077, 5.84424909600017], [0.483546059000048, 5.84454222100015], [0.482193494000114, 5.84588374900017], [0.481980499000031, 5.84632044800014], [0.481299006000029, 5.84745121500015], [0.48033652200013, 5.84890528700004], [0.479613172000143, 5.84943135800012], [0.483962808000172, 5.84990372400011], [0.483925414000055, 5.85099247200014], [0.484494089000123, 5.85288602300005], [0.484577487000138, 5.85397445100006], [0.484260702000086, 5.85599130500015], [0.485150109000074, 5.85735984100006], [0.484832795000102, 5.85917509400002], [0.482102442000041, 5.86204506400003], [0.481138350000037, 5.86289434100019], [0.48331929, 5.86542875100008], [0.484085898000046, 5.86603152500004], [0.485737992000111, 5.86651098600004], [0.484495466000169, 5.868651258], [0.484325895999973, 5.86965779700006], [0.484257615000104, 5.87006309900005], [0.485836989000063, 5.87348613], [0.486450359000173, 5.87703268100012], [0.49023255000003, 5.88076444700016], [0.491423822, 5.88488186200004], [0.492227939000031, 5.88443619200007], [0.49467179700008, 5.88482979000014], [0.496540808000077, 5.88611808800016], [0.497593740000184, 5.88837318600008], [0.496956082000167, 5.89083441900004], [0.496034188000124, 5.89240937500017], [0.494102848000182, 5.89293871600017], [0.494474002000175, 5.89422644100006], [0.494590563000088, 5.8946308510001], [0.496393031000025, 5.90442296000003], [0.497083101000101, 5.90817168800004], [0.497812511000063, 5.91218419300014], [0.497859652000159, 5.91244351500006], [0.49617039400016, 5.91317382700009], [0.494685820000086, 5.91515350500015], [0.49424840100005, 5.91721100500018], [0.494777723000141, 5.91938686200018], [0.49643226400002, 5.92071296400013], [0.498366295000039, 5.92115126300007], [0.497327701000074, 5.92425870600005], [0.498859829000025, 5.92498032700018], [0.499753879000139, 5.92800190400015], [0.499478425000063, 5.93038152600002], [0.497708803000023, 5.93119271200004], [0.500286618000075, 5.9314276560001], [0.501739435000104, 5.93259299600004], [0.502792084000077, 5.93468677300018], [0.502516211000057, 5.93690511500006], [0.500953111000058, 5.93844294000019], [0.500749086000098, 5.93864366600013], [0.498293567000076, 5.93897288199997], [0.499072082999987, 5.94393012300009], [0.499518427000169, 5.94517883000009], [0.499816062000036, 5.94666770800001], [0.500131091000071, 5.9483624400001], [0.499975804000087, 5.95049981599999], [0.499696539000183, 5.95146825200004], [0.499113476000161, 5.95218376300016], [0.499036711000088, 5.95245556100008], [0.498842359000037, 5.9531436960001], [0.498777654999969, 5.95417218200009], [0.498376049000171, 5.95457647200016], [0.495969019000142, 5.95796988100017], [0.497463056000186, 5.95945766300002], [0.498105849000183, 5.95889143800014], [0.499473723000051, 5.95840388100004], [0.502693578000049, 5.957749998], [0.504909855000051, 5.95826811100017], [0.506806612000048, 5.95975476300009], [0.507089007000047, 5.96088320500019], [0.507382046000032, 5.96205417400017], [0.507462816000157, 5.96410750100017], [0.505938259000061, 5.96620829900007], [0.503323853999973, 5.96738471700007], [0.501270595, 5.96759191900014], [0.499578237000151, 5.96723365200006], [0.499326864000068, 5.96706685400017], [0.498125861000062, 5.96626992800009], [0.497603654000102, 5.96675518800009], [0.497967514000038, 5.96727835700017], [0.497647426000185, 5.96804530500003], [0.497692950000044, 5.96998053800019], [0.497457893000046, 5.97240037200004], [0.497390822000057, 5.97735990400002], [0.498386920000087, 5.98014355500004], [0.498489013000096, 5.98134858000003], [0.502593655000055, 5.98020841300007], [0.503883448000124, 5.98060808100013], [0.506341012000064, 5.98096422700007], [0.5096712940001, 5.98109516300008], [0.511133886000152, 5.98115266200011], [0.513108190000082, 5.98151010300012], [0.513915616000077, 5.98223363200003], [0.515018957000166, 5.98287952200019], [0.516022967000083, 5.98253625700011], [0.517211468000141, 5.98212991500009], [0.519179855000175, 5.98120949800006], [0.519454741000175, 5.98107094000011], [0.51954807400017, 5.98097698000015], [0.51977629300012, 5.98088540200007], [0.52009522200018, 5.98074672200011], [0.520920389000139, 5.98051569500012], [0.521470670000099, 5.98042322400016], [0.522067364000065, 5.98019282900003], [0.522754765, 5.97991532800006], [0.52536951400009, 5.97882642100012], [0.525065701000074, 5.97745337300006], [0.524976472999981, 5.97704022900012], [0.524855501000104, 5.97609803100016], [0.524757896000096, 5.97246157500018], [0.524705128, 5.97049561200015], [0.524606243000107, 5.96781617600016], [0.524461153000175, 5.96388477300019], [0.52444663700004, 5.96283625500013], [0.524430211000094, 5.96164978600012], [0.524265417000152, 5.95878681300007], [0.524037082000177, 5.95488762100007], [0.525344226000129, 5.95472432200012], [0.525893521, 5.95418170200003], [0.52598496100012, 5.95409137500008], [0.526379081000073, 5.95370204300002], [0.52649429700017, 5.95358822800011], [0.526609064000183, 5.95347485500008], [0.5270955740001, 5.95299425500008], [0.527186156000141, 5.95290305900016], [0.527276609000069, 5.95276501100011], [0.527437379000048, 5.9526736200001], [0.527688983000075, 5.95258197700008], [0.527920315000017, 5.95262543200005], [0.528928374000031, 5.95285414000011], [0.530076552000025, 5.95298875500015], [0.532048372000077, 5.95335258000017], [0.53259912599998, 5.95344199700003], [0.533102461000169, 5.95330555800018], [0.533330659000057, 5.95321122200016], [0.533515077, 5.95321070900007], [0.534065839000107, 5.95330288100001], [0.534753835, 5.95325411700009], [0.535441961000117, 5.95325220300009], [0.536448873000097, 5.95306750900011], [0.537045277000061, 5.95274616000006], [0.537229435000029, 5.95265194600012], [0.537779169000032, 5.95237482100015], [0.537960581000164, 5.95228337000015], [0.538510314000064, 5.95200624500006], [0.538603646000126, 5.95191503900014], [0.539381582000033, 5.95154633200008], [0.539472161000162, 5.95145513300008], [0.539702987000055, 5.95131669300002], [0.540252587000055, 5.95099271700019], [0.540939435000041, 5.95053331600013], [0.541076799000052, 5.95043923100008], [0.541214040000114, 5.95030105100017], [0.541716086000122, 5.94970437000012], [0.541806533000056, 5.94956632100013], [0.541990312000053, 5.94933706600011], [0.542264408000165, 5.94892291200011], [0.542812730000094, 5.94814145400011], [0.542903301000024, 5.94804749900004], [0.542996378000169, 5.94786534800016], [0.543086563999964, 5.94763359900008], [0.54326983500016, 5.94722245500003], [0.544364158000178, 5.94483001100014], [0.544684920000066, 5.94437163100002], [0.544959012, 5.94395747700003], [0.545049328, 5.94377257800011], [0.545139774000063, 5.94363452900012], [0.54527951100016, 5.94340539600012], [0.545368935999988, 5.94290081299999], [0.545552065000152, 5.94244006100007], [0.545642258000044, 5.94221106800006], [0.54573232000007, 5.94193522400013], [0.546006279000096, 5.94147422000003], [0.546734652000055, 5.93913240600006], [0.547260288000189, 5.9361435190001], [0.547193462000166, 5.93586811400013], [0.547205749, 5.93533894300015], [0.547367280000174, 5.93502982800004], [0.547746542000084, 5.93482482900009], [0.548137452000105, 5.93484854000019], [0.548605659000032, 5.93495471100016], [0.549178681000171, 5.93514051000017], [0.549567130000071, 5.93526895100007], [0.550153175000162, 5.93519014399999], [0.550406080000073, 5.93507644400017], [0.550372412000115, 5.93484779700003], [0.550085224000156, 5.93451237900013], [0.549801343000183, 5.93437537800008], [0.549492236000106, 5.93407584900007], [0.549298538000073, 5.93370709800007], [0.54909606800004, 5.93315372500018], [0.548797687000103, 5.93275219499998], [0.548592819000021, 5.93232560000013], [0.548492672000179, 5.93194556400016], [0.548538764000114, 5.93169464600015], [0.548758447000068, 5.93151214200014], [0.549066591000155, 5.93146718500009], [0.549386189000131, 5.93158204000008], [0.549766349000151, 5.93169948000002], [0.5501103040001, 5.93166544700011], [0.550523075000058, 5.93163397600011], [0.550797775000035, 5.93144029300015], [0.55102817400018, 5.93115303200011], [0.551040881000063, 5.93077543700002], [0.551133245000074, 5.93033974400015], [0.551376928000082, 5.92988157900015], [0.551631521000104, 5.92938755700015], [0.551770837000106, 5.92900960700013], [0.551632510000104, 5.92875645000004], [0.55125705800009, 5.92835238100008], [0.550823521000041, 5.92784650699997], [0.550354421000122, 5.92741789600012], [0.549943351000024, 5.92707180000014], [0.54945447800003, 5.92646135300015], [0.549031986000045, 5.92596646900006], [0.54857649600018, 5.92548269900016], [0.548185110000134, 5.92528536600008], [0.547936431000096, 5.92493881400003], [0.548348965000116, 5.92383529500012], [0.548669968000127, 5.92346786200017], [0.548760412000149, 5.92332981300001], [0.548900397000068, 5.92319162600006], [0.549218517000099, 5.92277735000005], [0.549311843, 5.92268614400012], [0.549629832000107, 5.92222501700007], [0.551000626000018, 5.92029480000002], [0.551369759000124, 5.92139613400019], [0.552413554000054, 5.92261684100004], [0.552711060000149, 5.92566404900009], [0.552802273000168, 5.92580158900006], [0.552940530000114, 5.92602994300017], [0.553169875000037, 5.92635174200007], [0.553767651000101, 5.92653471400007], [0.553952313000082, 5.92662514099999], [0.554409465000106, 5.9267175600001], [0.55477853400015, 5.92680747000009], [0.555145236000101, 5.92703518200011], [0.555443836000165, 5.9278145240001], [0.555577953000125, 5.92816456800011], [0.555727734000186, 5.92855549500001], [0.555831445000138, 5.92882617700008], [0.55619052100019, 5.92976335400004], [0.556292945000166, 5.93041984400003], [0.556350918000078, 5.93079142100009], [0.556409985000073, 5.93117001500002], [0.55649149900006, 5.93169247500009], [0.556717438000021, 5.9331406180001], [0.55681179200019, 5.933415943], [0.556994221000082, 5.93369102100007], [0.557132358000047, 5.93387527800013], [0.557361702000037, 5.93419431800004], [0.557593552000185, 5.93442516200014], [0.557823029000076, 5.93479105200004], [0.557914887000038, 5.93515732900005], [0.558007007000015, 5.93561730599998], [0.558101494000141, 5.9359394810001], [0.558193484000071, 5.93635260800011], [0.558332265000104, 5.93676560300008], [0.558471045000033, 5.93717859900011], [0.559027505000074, 5.93930458900019], [0.559753969000155, 5.93924191100012], [0.560184251000067, 5.93956313800015], [0.560374819000174, 5.93979409600007], [0.561025248000078, 5.94009816600004], [0.561275771000112, 5.94011675100006], [0.561693865000109, 5.94001911400005], [0.562605947000065, 5.93940748299997], [0.563313181000126, 5.93935863500019], [0.564277276000041, 5.93864764400007], [0.565487473000076, 5.93834107100002], [0.566086988000052, 5.93816024100016], [0.56632528300014, 5.93579776400003], [0.567241759000126, 5.93479753600019], [0.567433888000096, 5.93460683600006], [0.567909573000122, 5.93443737900014], [0.568405882000036, 5.93377455900003], [0.568576007, 5.93358943099997], [0.568671686000187, 5.93335766600006], [0.568747779000034, 5.93301296400017], [0.568879355000092, 5.93282243400006], [0.569546658000149, 5.93228314400017], [0.56975600200002, 5.93234042400013], [0.569924830000161, 5.93267065300017], [0.570310473000177, 5.93277979500016], [0.570541451999986, 5.9327019750001], [0.570653978000109, 5.93258866400004], [0.570865528000184, 5.93245302600019], [0.571074817000181, 5.93249101500004], [0.571190634000061, 5.93256785100004], [0.571342660000028, 5.93279615799997], [0.571458260000043, 5.93279583000015], [0.571573640000167, 5.93271833800014], [0.571666736000054, 5.93254720800019], [0.571436341000094, 5.93185889000006], [0.57099477100013, 5.9314384920001], [0.570862012000077, 5.93121012900014], [0.570649590000073, 5.93103711100002], [0.570193238000172, 5.93122856100007], [0.570076664000112, 5.93088440499997], [0.570646230000136, 5.92984933200006], [0.570952286000079, 5.93004137600013], [0.571067831000107, 5.93002175700002], [0.571183483000084, 5.93004072000008], [0.571411819000161, 5.93000149000005], [0.571514223000122, 5.92993496900016], [0.571620614000153, 5.92986585900007], [0.571793092000178, 5.92954017500017], [0.571908479000058, 5.92946543800008], [0.572021325000151, 5.92946511900016], [0.57301730000006, 5.930302837], [0.573420555000098, 5.93080050700019], [0.573308630000156, 5.93112602000002], [0.573270745000173, 5.93135486700004], [0.573346362000109, 5.93181488400018], [0.573826138000186, 5.93211942500005], [0.574054474000093, 5.93208019400009], [0.574399002000177, 5.93225007900003], [0.57451465500003, 5.93226904100015], [0.576057590000062, 5.93283511999999], [0.577128423000147, 5.93192263000003], [0.577301108000086, 5.93167135400017], [0.577405110000029, 5.93146436600011], [0.577429427000141, 5.93130445600002], [0.577359992000027, 5.93108418200012], [0.577293349000115, 5.93087768100014], [0.577397092000069, 5.93057975000011], [0.577731711000126, 5.93016817100005], [0.577951154000061, 5.92990573800012], [0.578192709000064, 5.92967631200014], [0.578753379000091, 5.92939085900008], [0.579064008000159, 5.92925493600006], [0.579432404000045, 5.92910782399997], [0.579800174000127, 5.92874024400015], [0.5803503570001, 5.92863946300008], [0.580660726000076, 5.92841259600004], [0.581660657000157, 5.92773730900018], [0.582074962000036, 5.92728140600002], [0.582593297000187, 5.92662954000014], [0.582963258000177, 5.92606628500016], [0.583343842000033, 5.92536796200017], [0.583666761000188, 5.92471665400012], [0.583962447000147, 5.92416739000015], [0.583975651000173, 5.92397168500003], [0.58373593500005, 5.92387867000008], [0.58423005200018, 5.92342254000016], [0.585300358000097, 5.9223364230001], [0.585805608000157, 5.9219243550001], [0.586299919000112, 5.92153711900005], [0.587082368000097, 5.92085142600007], [0.587472020000178, 5.92043968700017], [0.587899738000033, 5.91986524200018], [0.58832261200007, 5.91952230400005], [0.588646569000105, 5.91923752200012], [0.58877235500006, 5.91895055200013], [0.588763311000037, 5.91867499100016], [0.588660754000159, 5.91842174499999], [0.588464784999985, 5.91822663900001], [0.588167595000129, 5.91824678100011], [0.587868346000107, 5.91850944400005], [0.58758279500006, 5.9187500220001], [0.586996877000047, 5.91886193200008], [0.58610186400017, 5.91867984800012], [0.585702141000013, 5.91845500800002], [0.585417935000123, 5.91820228000006], [0.585021410000138, 5.91716720400001], [0.58536489300019, 5.91697331200015], [0.585618266000097, 5.91703046200007], [0.586132625000118, 5.91691875800007], [0.586214540000071, 5.91668978600012], [0.586260645000038, 5.91644989400004], [0.586375878000069, 5.91632279500004], [0.586697798999978, 5.91628880500008], [0.586823915000139, 5.91611758000005], [0.586938567, 5.9157865470001], [0.587022214000115, 5.91519930900017], [0.587162786000022, 5.91430600400008], [0.587350137000158, 5.91340981200017], [0.585767089000058, 5.91316042300008], [0.585331859000121, 5.91310416100004], [0.584871710000186, 5.91292083100012], [0.584183124000049, 5.9127381510001], [0.584001218000083, 5.91264772599999], [0.583540677999963, 5.91232660100019], [0.583402540000122, 5.91214235100006], [0.583264279000105, 5.91191400800005], [0.582988405000037, 5.91168605600001], [0.582897315000139, 5.91159261600012], [0.582393131000174, 5.91140940700012], [0.581795504000183, 5.91127331500007], [0.581519765, 5.91109221200009], [0.581334841000171, 5.91090809400015], [0.581243759000074, 5.91081740900017], [0.580475326, 5.91008173000017], [0.57798046500011, 5.90724128100004], [0.578117554000187, 5.90705624800012], [0.57820786200017, 5.90687410300006], [0.578300002000162, 5.90636676000008], [0.578204610000057, 5.90572491000012], [0.578112617000045, 5.90531178800018], [0.577974360000042, 5.90508344200015], [0.577789182000174, 5.9048083780001], [0.577606492000143, 5.90443960800013], [0.577377155000079, 5.90412057600003], [0.577101280000079, 5.90388986400012], [0.57682527999998, 5.90361505800013], [0.576595944000189, 5.90329602500015], [0.576319556000101, 5.90288342500008], [0.575996248000138, 5.90242410799999], [0.575766516000158, 5.9019645250001], [0.5755371730001, 5.90164273500011], [0.575213610000048, 5.90109247400017], [0.574984012000073, 5.9006797400001], [0.574798325000074, 5.90022278800012], [0.574568851000095, 5.89985414799997], [0.584612087000096, 5.89523306400008], [0.585059416000036, 5.89493484500002], [0.594923356000152, 5.89026282300017], [0.597213755000041, 5.89131037699997], [0.597888541000088, 5.89131069400008], [0.598344864000069, 5.89112474300009], [0.598941552000099, 5.8909411460001], [0.599125676000028, 5.89084691900018], [0.599719343000061, 5.89056963000007], [0.600040291000141, 5.89020218100012], [0.600130851000188, 5.89011097700006], [0.6002672730001, 5.8896972070001], [0.600360585000146, 5.88960599699999], [0.600678646000119, 5.88919170600008], [0.600953067000148, 5.88891533300006], [0.601503227000023, 5.88882281000014], [0.602099248000059, 5.88840772099996], [0.602189806000069, 5.88831651800018], [0.602373139000065, 5.88794670700003], [0.602599983000175, 5.88739488500005], [0.602693160000172, 5.88725682500012], [0.602830109000024, 5.88702769500003], [0.603104268000095, 5.88666037899998], [0.603194826000106, 5.88656917600002], [0.603331641000125, 5.88629319800009], [0.603605791000064, 5.88592312600002], [0.60369884000005, 5.88574097200006], [0.604109938000136, 5.88514177100012], [0.604200495999976, 5.88505056800011], [0.604565337000054, 5.88463614100004], [0.604702680000173, 5.88454480400003], [0.6051614860001, 5.8842679], [0.605298829, 5.88417656100017], [0.605482554000048, 5.88394454200011], [0.60557271600004, 5.88371554700007], [0.605709395000076, 5.88339272000007], [0.605890100000181, 5.88210797500011], [0.605934118000107, 5.88114330100007], [0.606024012000091, 5.88082060900018], [0.606069746000117, 5.88045394900018], [0.606068039000093, 5.87985869100015], [0.606020069000181, 5.87944545200014], [0.605881147000048, 5.87898562300006], [0.60592621800015, 5.87838747500012], [0.606016775000114, 5.87829627200011], [0.606246501000101, 5.87779129100016], [0.606429963000153, 5.87746833000017], [0.606520520000117, 5.87737712600011], [0.606704250000064, 5.87714786300006], [0.606794278000052, 5.87687202000006], [0.607757749000086, 5.87696019100014], [0.608077381000044, 5.87709706400017], [0.608261901000049, 5.8771433820001], [0.61029194200006, 5.87680408000011], [0.610566487000142, 5.87657455500005], [0.610901157000114, 5.87619879500005], [0.611486292000109, 5.87583333800006], [0.611956365000026, 5.87565009700012], [0.612404628000093, 5.87553857], [0.612908087000051, 5.87548200100002], [0.613287937000052, 5.87550570800016], [0.613767201000087, 5.87564762799997], [0.614568546000044, 5.87582168799997], [0.615257059000101, 5.87599607200002], [0.615978667000093, 5.87619516300009], [0.616424772000187, 5.87629032800004], [0.616711117000136, 5.87633634900004], [0.617030327000066, 5.87632715800009], [0.617776003000131, 5.87628366300009], [0.618246272000079, 5.87616931200017], [0.618716349000124, 5.87598882200012], [0.619073450000087, 5.87575905400013], [0.619234863000031, 5.87542788700017], [0.619236620000095, 5.87508340300013], [0.619032271000151, 5.87484148100015], [0.618720889000144, 5.87470183600004], [0.618390775000023, 5.87474688500015], [0.617989404000127, 5.87489410500007], [0.617448014000104, 5.87515747600008], [0.617104370000106, 5.87528248300003], [0.616724680000118, 5.87531389499998], [0.615970351000158, 5.87521962200009], [0.615100166000161, 5.8750319830001], [0.614343014000042, 5.87491291300006], [0.613841545000014, 5.87470491700003], [0.61337260800002, 5.87432596400004], [0.612903299000038, 5.8738174880001], [0.612654224000096, 5.87333317900004], [0.612427141000069, 5.87284053800005], [0.612335129000087, 5.87242467100003], [0.612383182999963, 5.87190919000011], [0.612488895000183, 5.87134669400012], [0.612616655000124, 5.87079515800013], [0.612744319, 5.87021055100018], [0.612723440000138, 5.86964842000009], [0.612680243000057, 5.86898163100011], [0.612661751000132, 5.86829272400018], [0.612767100000042, 5.86760346000017], [0.612963666000155, 5.86705448200007], [0.613240001000179, 5.866491494], [0.613643131000117, 5.86599979300013], [0.614090561000012, 5.86560166300001], [0.614425185000187, 5.86521212500014], [0.614724158000115, 5.86486678300014], [0.614990283000054, 5.86458216400013], [0.615276066000149, 5.86443528100017], [0.615677662000166, 5.86436798300008], [0.615999578000128, 5.86434500700017], [0.61638771500003, 5.86438246900002], [0.616880649000109, 5.86449679100008], [0.617304958000148, 5.86467193900017], [0.617693524000174, 5.86485821400004], [0.618071075000046, 5.86504176400013], [0.618481623999969, 5.86521695100015], [0.618723932000137, 5.86526310000016], [0.619021088000068, 5.86524295000009], [0.61939790800011, 5.86517296500006], [0.619810813000129, 5.86521035300018], [0.620176927000045, 5.86524511900018], [0.620612150000056, 5.86538716300004], [0.620989534000046, 5.86551283900013], [0.621529164000094, 5.86559670700012], [0.622170545000131, 5.86565547800012], [0.622586401000092, 5.86576175000005], [0.623018833000174, 5.8658900210001], [0.623520063000058, 5.8660180920001], [0.624024014000099, 5.86613513100014], [0.624505877999979, 5.86622743100008], [0.624894214000165, 5.86633378200014], [0.625205521000055, 5.86644862200001], [0.625751652000019, 5.8668769460001], [0.62609628600012, 5.86709641000016], [0.626691516000164, 5.86737301900001], [0.627250778000075, 5.86758359200013], [0.627743890000033, 5.86775853100016], [0.628167963000067, 5.86785099600007], [0.628523238000014, 5.86794365900016], [0.628889320000155, 5.86796739700003], [0.629139661000124, 5.86793635399999], [0.629392610000025, 5.86785570000012], [0.629598878000024, 5.86781100600012], [0.629827490000139, 5.86787923600008], [0.629978824000034, 5.86787052700015], [0.630104910000171, 5.86769654400007], [0.630437304000111, 5.86749164500009], [0.630643141, 5.86729813900007], [0.630862464000131, 5.86701089500008], [0.631024533000129, 5.86690845800007], [0.631299600000091, 5.86686356300015], [0.631516780000084, 5.86678576700012], [0.631634080000026, 5.86642992500015], [0.631725981000102, 5.86585644800005], [0.631820994000066, 5.86540697300006], [0.631787170000109, 5.86513149000012], [0.631546549000177, 5.86471881900019], [0.631502078000153, 5.86456737800017], [0.63158410799997, 5.86438525599999], [0.631539445000101, 5.86416767600014], [0.631345833000069, 5.86383203100013], [0.631003225000143, 5.86336178400006], [0.630682528000023, 5.86285564700017], [0.630488990000174, 5.86254480300005], [0.630238252000026, 5.8624380550001], [0.629905668000049, 5.86257681500001], [0.629653018000056, 5.86275943300006], [0.629593770000156, 5.86320604800017], [0.629385918000025, 5.86365309500007], [0.62913366700019, 5.86397350500016], [0.62883426500008, 5.8641672820001], [0.628410690000123, 5.8642456770001], [0.627986915000179, 5.86425517600009], [0.62775555200011, 5.86418695300006], [0.627551573, 5.86407180100008], [0.627413273000116, 5.86382969100015], [0.627370997000185, 5.86348533600017], [0.627117347000137, 5.86332347899997], [0.626638263000132, 5.86323944000009], [0.626305070000171, 5.86316875600005], [0.625938592000068, 5.86300722700014], [0.625698607000174, 5.86281225900018], [0.625458319000188, 5.86251257100002], [0.625209274000099, 5.86203929200008], [0.624971372000118, 5.86161283000013], [0.624617794000187, 5.86115363200014], [0.624366070000178, 5.86070516200016], [0.624012087000096, 5.8601054180001], [0.62374073400008, 5.85953023600013], [0.623433472000102, 5.85890830900007], [0.623079532000133, 5.85832234300011], [0.622692696000058, 5.85778056500004], [0.622317004000081, 5.85728560200005], [0.621894459000032, 5.85676597300011], [0.621447520000061, 5.85637593700017], [0.621003422000115, 5.85601620700004], [0.620672097000124, 5.85563686], [0.620329336000111, 5.85510873000004], [0.619942109000135, 5.85442915800013], [0.619739855000091, 5.85395573800002], [0.619592584000088, 5.85346286900017], [0.619480486000043, 5.85276045600006], [0.619333082000082, 5.8522207370001], [0.619094760999985, 5.85164545600003], [0.618991650000112, 5.85119655300008], [0.618948827, 5.85065928900002], [0.619043224000109, 5.84999210399997], [0.619101817000058, 5.84931399999999], [0.619290082000077, 5.84849437800005], [0.619446465000181, 5.84781355900014], [0.619952512, 5.84561046300007], [0.619587801000137, 5.84510168500009], [0.619165641, 5.84471157300015], [0.618881036000175, 5.84430728600017], [0.618791093000084, 5.84365165600013], [0.61870161700017, 5.84315861900006], [0.618747512000141, 5.84284983400005], [0.619117865000135, 5.84244917100017], [0.619360999000037, 5.84182840800008], [0.61956630200001, 5.84145026700014], [0.619912219000128, 5.8411654200001], [0.620131812000125, 5.84097187800006], [0.620293379000088, 5.84069582900008], [0.62033910700012, 5.84032917200017], [0.620282747999966, 5.83986911100004], [0.620295486000146, 5.83951357200004], [0.620343800000057, 5.8390890340001], [0.620356538000067, 5.83873349400017], [0.620333700000117, 5.83844695400006], [0.620200022000063, 5.8378934160001], [0.620099508000123, 5.83738938800013], [0.620078592000141, 5.83681347900017], [0.620101942000133, 5.83632011800012], [0.620127910000122, 5.8357798990001], [0.620151063000037, 5.83521764300014], [0.620199251000088, 5.83474901200015], [0.620294148000028, 5.83425544500011], [0.622643936000145, 5.83416049000016], [0.630090494000058, 5.83653797600005], [0.642420323000124, 5.84047455800015], [0.642716251000138, 5.84098351700004], [0.642889575000083, 5.84096923100014], [0.642817080000043, 5.84064425900004], [0.643031191000034, 5.84046175000015], [0.64366204200013, 5.83975166599998], [0.644606460000091, 5.83912895900011], [0.645573517000116, 5.83849132400019], [0.646164138000188, 5.83810189200011], [0.646305232000145, 5.83727658700013], [0.646434701000089, 5.83651927200009], [0.646906472000182, 5.83599153400013], [0.648248210000133, 5.83518352500016], [0.648713845000032, 5.8349031140001], [0.649614980000081, 5.83436043800015], [0.649949833000164, 5.83406458700011], [0.65032820700003, 5.83359499300013], [0.650626917000068, 5.83317248200012], [0.650903572000118, 5.83273625500016], [0.651331581000079, 5.83230234100012], [0.651732265000021, 5.83193464599998], [0.652228599000068, 5.83134069500016], [0.652560222000034, 5.83088226000012], [0.653010138000184, 5.83041245599998], [0.653251355000123, 5.83009207600014], [0.653357270000129, 5.82961225800005], [0.653473812000129, 5.82900288700017], [0.653544583000041, 5.82873812300011], [0.653750536000132, 5.82859146200013], [0.653796808000038, 5.82841771100004], [0.653658882000173, 5.8283023730001], [0.653545392000012, 5.82807397600016], [0.653615929000125, 5.8277292950001], [0.653686168000149, 5.82728265100013], [0.653856742000016, 5.82727112700007], [0.653959226000154, 5.82749955700012], [0.653888890000019, 5.82791313200016], [0.654084135000119, 5.82786846599998], [0.65426786300003, 5.82765022000007], [0.654498411000134, 5.8274456150001], [0.654580390000035, 5.82724971300007], [0.654444814000044, 5.82699657800015], [0.654282227000181, 5.82691713800017], [0.654087016000062, 5.82697282700008], [0.653940772000055, 5.82683546700008], [0.653918016000148, 5.82658200000014], [0.654137486000025, 5.82635262600019], [0.654194739000047, 5.82617057500011], [0.65418479900012, 5.82559464500008], [0.654221912000082, 5.82511227300012], [0.654384669000137, 5.82430986200006], [0.654547893000142, 5.82366728300013], [0.653993379000042, 5.82053293300015], [0.651775219000058, 5.80799495000002], [0.651777136000078, 5.80770834200013], [0.651674347000039, 5.8073724350001], [0.65156072700006, 5.80709718800017], [0.651479960000188, 5.80676397300005], [0.651481845000092, 5.80646634100015], [0.651530267, 5.80608590100007], [0.651658366000049, 5.80566389000006], [0.651866190000021, 5.80521684400003], [0.653454321000027, 5.80442129200009], [0.670280104000028, 5.79866743100018], [0.670730356000149, 5.79832438700004], [0.671348184000067, 5.79788990900016], [0.672199902000045, 5.79745749500006], [0.67265898200003, 5.79731008500016], [0.673126625000066, 5.79726736700019], [0.673508409000021, 5.79703475500008], [0.674047193000035, 5.79685679400001], [0.674561269000094, 5.79669819700013], [0.675182088000042, 5.79634637900017], [0.677028791000168, 5.79555001300002], [0.677696310000044, 5.79517325400019], [0.678143736000152, 5.79480816900008], [0.678384822, 5.79445196199998], [0.678686277000168, 5.79404046100018], [0.679042999000046, 5.79370871400016], [0.679410833000077, 5.79341275800016], [0.679800230000069, 5.79296517200009], [0.680077296000093, 5.79268050800016], [0.680329386000153, 5.79232426800019], [0.680732270000078, 5.79178570200003], [0.680884800000115, 5.79125890000012], [0.680967931000112, 5.79052562300012], [0.681082101000186, 5.79005405100003], [0.681361232000086, 5.78953789700012], [0.681555408000179, 5.78913773700003], [0.681604121000021, 5.78886201700016], [0.681490463000046, 5.78857575600017], [0.681549603000121, 5.78810434700017], [0.681860017000076, 5.78793257000007], [0.682205191000037, 5.78741897600003], [0.682421816999977, 5.7871675610001], [0.682674686000041, 5.78707587100013], [0.682823576000089, 5.78718014800017], [0.682697406000159, 5.78731555399997], [0.682615472000123, 5.78752247800008], [0.68261649100009, 5.78786694500008], [0.682787255000051, 5.78792430900018], [0.682879828000125, 5.78759334400007], [0.683074408999971, 5.78733097100013], [0.683109527000056, 5.78711040700017], [0.683042579000187, 5.78680196100004], [0.68308888200005, 5.78664199000002], [0.683549811000091, 5.78619419100005], [0.683963801000061, 5.78569141600008], [0.684308695000141, 5.785084127], [0.684460911000144, 5.78445260899997], [0.684520261000046, 5.78405284900015], [0.68473715500005, 5.78389237200008], [0.68485213800011, 5.78369637200007], [0.684729582000045, 5.78319243300018], [0.684706445000188, 5.78281220900016], [0.684927855000069, 5.78231827200005], [0.685020598000165, 5.78204517800003], [0.685137077000149, 5.78142478900014], [0.685449153000036, 5.78088649200009], [0.685923953000042, 5.78030054099997], [0.686105149000127, 5.78007692600005], [0.686277412000038, 5.77986433600006], [0.687974037, 5.77777051300012]]]]}, "properties": {"REGION": "Greater Accra", "DISTRICT": "Ada East"}}, {"type": "Feature", "geometry": {"type": "MultiPolygon", "coordinates": [[[[0.515018957000166, 5.98287952200019], [0.513915616000077, 5.98223363200003], [0.513108190000082, 5.98151010300012], [0.511133886000152, 5.98115266200011], [0.5096712940001, 5.98109516300008], [0.506341012000064, 5.98096422700007], [0.503883448000124, 5.98060808100013], [0.502593655000055, 5.98020841300007], [0.498489013000096, 5.98134858000003], [0.498386920000087, 5.98014355500004], [0.497390822000057, 5.97735990400002], [0.497457893000046, 5.97240037200004], [0.497692950000044, 5.96998053800019], [0.497647426000185, 5.96804530500003], [0.497967514000038, 5.96727835700017], [0.497603654000102, 5.96675518800009], [0.498125861000062, 5.96626992800009], [0.499326864000068, 5.96706685400017], [0.499578237000151, 5.96723365200006], [0.501270595, 5.96759191900014], [0.503323853999973, 5.96738471700007], [0.505938259000061, 5.96620829900007], [0.507462816000157, 5.96410750100017], [0.507382046000032, 5.96205417400017], [0.507089007000047, 5.96088320500019], [0.506806612000048, 5.95975476300009], [0.504909855000051, 5.95826811100017], [0.502693578000049, 5.957749998], [0.499473723000051, 5.95840388100004], [0.498105849000183, 5.95889143800014], [0.497463056000186, 5.95945766300002], [0.495969019000142, 5.95796988100017], [0.498376049000171, 5.95457647200016], [0.498777654999969, 5.95417218200009], [0.498842359000037, 5.9531436960001], [0.499036711000088, 5.95245556100008], [0.499113476000161, 5.95218376300016], [0.499696539000183, 5.95146825200004], [0.499975804000087, 5.95049981599999], [0.500131091000071, 5.9483624400001], [0.499816062000036, 5.94666770800001], [0.499518427000169, 5.94517883000009], [0.499072082999987, 5.94393012300009], [0.498293567000076, 5.93897288199997], [0.500749086000098, 5.93864366600013], [0.500953111000058, 5.93844294000019], [0.502516211000057, 5.93690511500006], [0.502792084000077, 5.93468677300018], [0.501739435000104, 5.93259299600004], [0.500286618000075, 5.9314276560001], [0.497708803000023, 5.93119271200004], [0.499478425000063, 5.93038152600002], [0.499753879000139, 5.92800190400015], [0.498859829000025, 5.92498032700018], [0.497327701000074, 5.92425870600005], [0.498366295000039, 5.92115126300007], [0.49643226400002, 5.92071296400013], [0.494777723000141, 5.91938686200018], [0.49424840100005, 5.91721100500018], [0.494685820000086, 5.91515350500015], [0.49617039400016, 5.91317382700009], [0.497859652000159, 5.91244351500006], [0.497812511000063, 5.91218419300014], [0.497083101000101, 5.90817168800004], [0.496393031000025, 5.90442296000003], [0.494590563000088, 5.8946308510001], [0.494474002000175, 5.89422644100006], [0.494102848000182, 5.89293871600017], [0.496034188000124, 5.89240937500017], [0.496956082000167, 5.89083441900004], [0.497593740000184, 5.88837318600008], [0.496540808000077, 5.88611808800016], [0.49467179700008, 5.88482979000014], [0.492227939000031, 5.88443619200007], [0.491423822, 5.88488186200004], [0.49023255000003, 5.88076444700016], [0.486450359000173, 5.87703268100012], [0.485836989000063, 5.87348613], [0.484257615000104, 5.87006309900005], [0.484325895999973, 5.86965779700006], [0.484495466000169, 5.868651258], [0.485737992000111, 5.86651098600004], [0.484085898000046, 5.86603152500004], [0.48331929, 5.86542875100008], [0.481138350000037, 5.86289434100019], [0.482102442000041, 5.86204506400003], [0.484832795000102, 5.85917509400002], [0.485150109000074, 5.85735984100006], [0.484260702000086, 5.85599130500015], [0.484577487000138, 5.85397445100006], [0.484494089000123, 5.85288602300005], [0.483925414000055, 5.85099247200014], [0.483962808000172, 5.84990372400011], [0.479613172000143, 5.84943135800012], [0.48033652200013, 5.84890528700004], [0.481299006000029, 5.84745121500015], [0.481980499000031, 5.84632044800014], [0.482193494000114, 5.84588374900017], [0.483546059000048, 5.84454222100015], [0.483956211000077, 5.84424909600017], [0.484791851000068, 5.84365188300006], [0.485364824000158, 5.84353835100006], [0.486441747000185, 5.84332496000007], [0.488372729000105, 5.84271504700013], [0.488896029000045, 5.84267334100008], [0.489541179000128, 5.84303451400001], [0.48990342999997, 5.84299323400018], [0.49022680500002, 5.84347621900008], [0.490629532000185, 5.84351547200004], [0.489610306999964, 5.83872006500019], [0.483560024000042, 5.83454273700005], [0.473837646000106, 5.83283727200006], [0.473369107000167, 5.83275507800005], [0.471558596000023, 5.83324365900006], [0.464358490000052, 5.82031948200012], [0.464114733999963, 5.81947338000015], [0.464872700000171, 5.81676992500019], [0.464502641000024, 5.81378715200003], [0.466102418000105, 5.80967029100003], [0.465091021000035, 5.8077778390001], [0.464446133000138, 5.80749726400006], [0.460529435000069, 5.80670686100012], [0.456752436000102, 5.80594462100009], [0.457376758000066, 5.80436419900008], [0.457469246000073, 5.80287838900006], [0.458272161000025, 5.80198926200012], [0.459598138000047, 5.80097782400014], [0.459514407000086, 5.7997280940001], [0.457662161000144, 5.79961190299997], [0.457579986000042, 5.79896697999999], [0.456695725000145, 5.79953374799999], [0.455650425000158, 5.80010092800006], [0.455652389000136, 5.80086702], [0.455170720000183, 5.80143275099999], [0.454767503000085, 5.80119186200005], [0.45448320700001, 5.80022488999998], [0.455324113000131, 5.79844861000009], [0.455927695000184, 5.7983260960001], [0.457214652000175, 5.79779861500009], [0.45846082900016, 5.79706963300015], [0.45886435400007, 5.79743148200015], [0.46152239900016, 5.79778751700002], [0.46212483700009, 5.79722147100011], [0.462521100000117, 5.79476088100006], [0.461105712000062, 5.79230496200017], [0.458483713000078, 5.79029567000003], [0.458278596000071, 5.78880432500017], [0.450185356000134, 5.78886384000003], [0.443123222000054, 5.78908395000013], [0.437539329000174, 5.78869392100012], [0.434647674000075, 5.7889707110001], [0.427921127000161, 5.78892031400011], [0.42549204900007, 5.78876574600008], [0.42052158600012, 5.78873678600019], [0.414467732000162, 5.78833377800004], [0.411641042000042, 5.78808527000007], [0.409217308000052, 5.78815765700011], [0.40363625100008, 5.7879703910001], [0.391796522000163, 5.7875279750001], [0.390046816000165, 5.78719541900011], [0.381301248000057, 5.78688892200006], [0.379149409000092, 5.78701990000008], [0.377467130000127, 5.78675450900005], [0.372478769999987, 5.7863421780001], [0.370672862000163, 5.78656885000004], [0.364407272000108, 5.78600228900012], [0.35942148100014, 5.78555140000003], [0.354623056000037, 5.78541969400015], [0.351086495000061, 5.7849710050001], [0.350552955000126, 5.78869391400002], [0.350525484000116, 5.78972734600006], [0.350484742999981, 5.79126007000008], [0.350633727000059, 5.79141957300004], [0.350862766000091, 5.79168362000013], [0.351034859000038, 5.79230334800002], [0.351013687999966, 5.79265894400015], [0.350921379000056, 5.79318834800006], [0.350807133000046, 5.79375088000006], [0.348099735, 5.79977680300016], [0.347996277000163, 5.80024835500006], [0.347857640000143, 5.80097080200005], [0.347686797000165, 5.80203784700018], [0.347559415999967, 5.80286500200015], [0.347399364000069, 5.80384106800005], [0.347217159000024, 5.80475930800003], [0.347183044000133, 5.80545945600005], [0.347157677000041, 5.80636629700018], [0.347203732000025, 5.80721784500014], [0.347158826000054, 5.80800897200015], [0.347123809000095, 5.8083287720001], [0.346997818000091, 5.80858264000017], [0.346539484000175, 5.81027051000018], [0.346367635000036, 5.81207345500007], [0.346242374000099, 5.81379360500011], [0.346205430000055, 5.81446068700006], [0.346253250000075, 5.81489604800009], [0.346287230999963, 5.81529836900012], [0.346379057000092, 5.81572260000013], [0.346540098000048, 5.81632030500009], [0.346825691000106, 5.81721538000016], [0.347078181000029, 5.81807745900016], [0.347330863000025, 5.81901946700015], [0.347753496000053, 5.82083201699999], [0.347765791000086, 5.82137219800001], [0.347810862000188, 5.82180756500009], [0.34792501000004, 5.82235852600007], [0.348074911000083, 5.82289837700012], [0.34828230300019, 5.82331130700015], [0.34845397700002, 5.82374912700016], [0.348509590000106, 5.82398878100008], [0.348441557000058, 5.82431141500012], [0.348269593000055, 5.82490715900019], [0.348040145000084, 5.8256325800001], [0.34791463900018, 5.82609040400013], [0.347789356000021, 5.82664193700003], [0.347798512000054, 5.82701951100017], [0.347879533000082, 5.82752645200014], [0.347971148000113, 5.82785972900007], [0.352373859000181, 5.82986945100009], [0.35560256500014, 5.82948409700003], [0.356416901000046, 5.82878758600003], [0.35691636200005, 5.829340371], [0.357397110000022, 5.83012196200013], [0.357568244000163, 5.83033101700011], [0.35760709900012, 5.83046597600014], [0.357990882000138, 5.83098045200012], [0.358448795000129, 5.83142033300015], [0.358705663000023, 5.83180281900019], [0.358702598000036, 5.83281709300007], [0.358433215000048, 5.83295279400005], [0.357858113000077, 5.83299276800017], [0.357629958000132, 5.83310632000013], [0.357153252000103, 5.83400873200003], [0.356809375000182, 5.83406744100017], [0.356486411000105, 5.83481238200005], [0.356428847000132, 5.83490898700018], [0.35620069800018, 5.83502529500004], [0.355935666999983, 5.83582797499997], [0.355802334999964, 5.83646221300006], [0.355725823000057, 5.83669115900017], [0.355592564000119, 5.83735571400018], [0.354752349000137, 5.83816804900016], [0.354484795000019, 5.83792063900012], [0.354465259, 5.83780768299999], [0.352235876, 5.83660860200018], [0.352074761000097, 5.83713541600008], [0.351880652000148, 5.83767609100016], [0.351743973999987, 5.83806503800008], [0.351764950000131, 5.83877883500008], [0.351870550000172, 5.83920303000008], [0.352028658000108, 5.83971805300018], [0.352189638000141, 5.84028267900015], [0.352430617000095, 5.84092428500014], [0.353194827000038, 5.84284349200004], [0.353346971000065, 5.84316559600006], [0.353292477000139, 5.84339448900005], [0.352921613000035, 5.84367926699997], [0.352833880000105, 5.84382004200017], [0.352872966000177, 5.84405146500006], [0.352854019000119, 5.84418380699998], [0.352738612000053, 5.84426125800007], [0.352700358999982, 5.84437710800012], [0.352849778, 5.84471024400011], [0.352512243999968, 5.84512172500013], [0.352377896000064, 5.84533427300016], [0.352282945000127, 5.84590778299997], [0.351600409000127, 5.84820806500005], [0.351449540000146, 5.84841789700005], [0.351218718000098, 5.84857004100019], [0.35112266800013, 5.84868603100017], [0.350876026000151, 5.84912761100014], [0.350838044, 5.84935646300005], [0.350878479000073, 5.85015014100003], [0.350764288000107, 5.85073472300007], [0.350745577999987, 5.85096628600013], [0.350765392000028, 5.85119499900014], [0.350688879000188, 5.85142394500008], [0.350229672000125, 5.85159868800002], [0.350001600999974, 5.85175082500012], [0.349963394000099, 5.85188597000018], [0.34998426500016, 5.85255566799998], [0.349888486000168, 5.85278465900001], [0.349564278000116, 5.85301695700008], [0.349335928000073, 5.85305333600013], [0.349220519000028, 5.85313078600018], [0.348992268000075, 5.85320850800002], [0.348857640000119, 5.85330529700013], [0.348646450000047, 5.85361173900009], [0.348589201000038, 5.85384063900017], [0.348449583, 5.85415242100004], [0.348232506000102, 5.85429901900011], [0.347782524000138, 5.854878896], [0.346872348000147, 5.85522284600006], [0.346759506000069, 5.85522311700015], [0.346347328000093, 5.85549972300015], [0.346148181000046, 5.85623885400008], [0.346093960000076, 5.85658350500012], [0.346149559000139, 5.85681489000018], [0.346150516000137, 5.85721453200017], [0.345884194000121, 5.8574852750001], [0.345692906000124, 5.85805901800006], [0.345712997000078, 5.85840349000017], [0.346134225000128, 5.85960692500015], [0.346192577000124, 5.85983830300012], [0.34610714500019, 5.86036631400003], [0.346100604000071, 5.86050827300011], [0.346004776000143, 5.86071797100004], [0.345966798, 5.86094958100006], [0.345948628000144, 5.86140714800018], [0.346084269000073, 5.86173205000006], [0.346065558000021, 5.86196361300011], [0.345834729000046, 5.86211575700008], [0.345741428000053, 5.86223174100007], [0.345703173000175, 5.86234759100006], [0.345912849000115, 5.86255655600007], [0.345932438000034, 5.86269156200001], [0.345855645000142, 5.86280474900008], [0.345531430000051, 5.86303704599999], [0.345303491000095, 5.86324706200014], [0.345245923000164, 5.86334366600016], [0.345169408000118, 5.8635726120001], [0.345169955000074, 5.86380137300011], [0.345247574000041, 5.86403270400012], [0.345247844000028, 5.86414570699998], [0.345171335000032, 5.86437740800005], [0.345377191000182, 5.86643852800006], [0.345691469000087, 5.86665275400003], [0.345804862000136, 5.86688124300002], [0.34578660700015, 5.86730298100008], [0.345655916000055, 5.86789587100014], [0.345485275000044, 5.86904560300007], [0.345485824000036, 5.86927436400003], [0.345524634000014, 5.86939003000003], [0.345507845000157, 5.87042363300003], [0.345529861000045, 5.87157014600012], [0.345588209000027, 5.87179876800019], [0.345665552000128, 5.87191434000016], [0.345894221000151, 5.87200750000005], [0.346125463000078, 5.87202623700011], [0.346354138000095, 5.87212215200014], [0.346412486000133, 5.87235077300016], [0.346454566000034, 5.87497454300018], [0.346644981000111, 5.87518355200012], [0.346722603000103, 5.87541488400007], [0.346762235000028, 5.87587231200013], [0.347045234000063, 5.87681148200016], [0.346993674000089, 5.87711754200012], [0.346994224000127, 5.8773463010001], [0.347281204000069, 5.87765154400006], [0.347378041000184, 5.87786077900006], [0.347379147000083, 5.878321056], [0.347518078000121, 5.87886644200006], [0.3475726530001, 5.87981443100006], [0.347611736000033, 5.88004309800004], [0.347791874000052, 5.88055531000015], [0.34884179200003, 5.88222025500016], [0.34914836900009, 5.8826605000001], [0.349793985000076, 5.88558873900013], [0.34889634700005, 5.89000903800007], [0.348951954000086, 5.8902404210001], [0.349087374000135, 5.89046885500017], [0.34920717100016, 5.89106665200018], [0.349159044000032, 5.89165383100016], [0.349077676000036, 5.89215289300006], [0.348976207000078, 5.89230748400013], [0.348902444000089, 5.89253642400007], [0.348964195000121, 5.89303238400009], [0.3487863040001, 5.89345450700011], [0.348462488000109, 5.89385769000017], [0.348024175000148, 5.89472005100004], [0.347273744000177, 5.89627220800008], [0.3471625090001, 5.8969422240001], [0.347106369000073, 5.89763140100001], [0.346883805000118, 5.89893284800013], [0.347043210000095, 5.90111534400006], [0.346890088, 5.90153740800002], [0.346700998000188, 5.90188238600012], [0.346547318000091, 5.90207293200007], [0.346281718000171, 5.90264961300011], [0.346283100000107, 5.9032228910001], [0.34605630600015, 5.90391248100013], [0.345828128999983, 5.90402879200008], [0.345484619, 5.90425838400006], [0.344907745000057, 5.90473659600002], [0.344668869000031, 5.90498247200014], [0.344622548000189, 5.90517827200017], [0.344642374000045, 5.90540974200013], [0.344585123000172, 5.90563864200004], [0.344269157000156, 5.90587643600003], [0.344057978000023, 5.90619390500007], [0.343995919000122, 5.90671221400009], [0.343750126000089, 5.90751485200002], [0.343712149000055, 5.90774646200003], [0.343426990000182, 5.9082046740001], [0.343196104000128, 5.90834028500007], [0.343119312000169, 5.90845622900002], [0.343045545000166, 5.90868516900014], [0.343223527000134, 5.90943992900009], [0.34339224100006, 5.90977577400008], [0.34339260600018, 5.90992736200019], [0.343373571000143, 5.91002387300006], [0.343236409000156, 5.91021713700007], [0.343047541000146, 5.91065582300013], [0.343048418000137, 5.91101963600011], [0.342991173000087, 5.91125129200009], [0.342343927, 5.91222853900007], [0.342151754000042, 5.91243847200013], [0.34202014300007, 5.91265101499999], [0.341905367000152, 5.91299581300012], [0.341828567, 5.91310900100007], [0.341639060000034, 5.91328309800002], [0.341180028999986, 5.91355155400004], [0.340952073000153, 5.91376157300004], [0.34049452000005, 5.91464465200005], [0.339808418000132, 5.91663626100006], [0.33983270300007, 5.91683275600008], [0.34038482, 5.91824171700006], [0.340349594000145, 5.91847332000009], [0.340026357000113, 5.91912455700009], [0.340007640000067, 5.91935336400007], [0.340043975000128, 5.91958203800016], [0.339912362000177, 5.91979458100008], [0.340059397000175, 5.92027104300007], [0.339972609000085, 5.92080870600006], [0.339896040999975, 5.92101835900007], [0.33972314000016, 5.92123100100008], [0.33951224600014, 5.92166974200006], [0.339454953000086, 5.92188210500012], [0.339436514000056, 5.92222667100003], [0.339398250000102, 5.92233976600011], [0.339399079000088, 5.92268428500006], [0.339438173000133, 5.92291571000015], [0.339593421000188, 5.92337285800011], [0.339745325000138, 5.92358471700015], [0.339822949000165, 5.92381329100004], [0.339842768000096, 5.92404200500016], [0.339823779000028, 5.92415781000005], [0.339672936999989, 5.92438693700012], [0.339557607000074, 5.92450297400018], [0.33932942000007, 5.92461928400007], [0.339252619000035, 5.92473247300006], [0.339156836000029, 5.92496422300007], [0.338960494000105, 5.92573091200018], [0.338872730000162, 5.92586342100003], [0.338834751000093, 5.92609503000011], [0.338681342000143, 5.92640133500015], [0.33845619300007, 5.92777996400008], [0.338407011000072, 5.927931672], [0.338283491000141, 5.92921910200016], [0.338037542000166, 5.92996110600006], [0.337886764000075, 5.93021779400016], [0.337887163000062, 5.93038316399998], [0.337810640000043, 5.93061211000014], [0.337811198000054, 5.93084362700017], [0.337933176000035, 5.93120163500015], [0.340756661000171, 5.93567695300004], [0.34104104100004, 5.94264047800004], [0.341574932000071, 5.94493583300016], [0.342610183000033, 5.94949676100009], [0.342591589999984, 5.94977517900003], [0.342919059000167, 5.95086582300019], [0.343881657000054, 5.95391179600006], [0.34797672600007, 5.95431011600016], [0.349683361000132, 5.95447610800005], [0.350902847000157, 5.95459471500016], [0.352496964000125, 5.95470656800012], [0.352656713000101, 5.95474338500003], [0.352816463000181, 5.95478020200017], [0.353257359000111, 5.954966539], [0.353698256000087, 5.95515287500018], [0.354326764000177, 5.95551238800016], [0.354759402000127, 5.95569874400013], [0.35593883700011, 5.95621124600007], [0.360999274, 5.95838010900019], [0.361754921000113, 5.95866725100018], [0.363862908000158, 5.95946826699998], [0.366419264000115, 5.96039607200009], [0.370253258000105, 5.96060129700015], [0.372329165000167, 5.96071240400016], [0.374649753000142, 5.96083659700008], [0.376509069000122, 5.96093609700011], [0.378420049000169, 5.96103835500003], [0.384141818000103, 5.96134449100015], [0.386588560000064, 5.96144332900019], [0.387649047000139, 5.96061796100008], [0.387941786000113, 5.96044772300002], [0.388215105000086, 5.9604058110001], [0.388654472000098, 5.96033843900005], [0.389356173000124, 5.96024020700008], [0.389573541000175, 5.96020107300006], [0.389790909000055, 5.96016194000009], [0.390525843000091, 5.96014355000017], [0.390938848000076, 5.96018109400006], [0.391327280000098, 5.96029862600005], [0.391831589000162, 5.96052059800013], [0.394135982000137, 5.9606608470001], [0.394593176000114, 5.96075615500013], [0.395885307000185, 5.96119110399997], [0.396596191000185, 5.96145940100007], [0.397568820000117, 5.96182074100011], [0.398288026000102, 5.96211381900002], [0.398767941000131, 5.96248467500016], [0.39911812400004, 5.96268505200015], [0.399338585000066, 5.96281120100002], [0.399920379000093, 5.96319282200005], [0.401863965000132, 5.96433717100012], [0.402332594000086, 5.96459780700002], [0.402994228000125, 5.96498197500006], [0.403713433000064, 5.9652722890001], [0.404195440000024, 5.96538130400012], [0.404688214000146, 5.96539382800012], [0.405263548000164, 5.9653978720001], [0.406246791000058, 5.96559931300015], [0.407015349000062, 5.96581232500017], [0.407838049000077, 5.96614615000016], [0.40860491, 5.96629333400011], [0.409257469000124, 5.96635505400002], [0.410439183000165, 5.96666346600017], [0.411307011000019, 5.96694236300004], [0.41192440500015, 5.96724670600008], [0.412359900000013, 5.96746607600011], [0.412883666000027, 5.96775687700011], [0.413570204000166, 5.96818781900009], [0.413992262000079, 5.96853400100014], [0.414425097000105, 5.96878920400019], [0.414758538000058, 5.96892890700013], [0.415488826000114, 5.96924397900005], [0.416073042000107, 5.96949052400015], [0.416772697, 5.96966786800004], [0.417276752000078, 5.96978508100005], [0.418433226, 5.96990888100004], [0.421228789000111, 5.97049973700007], [0.421536291000166, 5.97072080600014], [0.42184379300005, 5.97094187600015], [0.422287906000065, 5.97129901700009], [0.422563721000074, 5.97150776600006], [0.422643642000025, 5.97154338800016], [0.424490621000189, 5.97149726800006], [0.425380994000022, 5.97197451800014], [0.426111345000152, 5.97231162100002], [0.427726275, 5.97301298400009], [0.428767695000033, 5.97335203300014], [0.429727228000104, 5.97387302599998], [0.429963556000132, 5.9738904350001], [0.430632836000086, 5.97393973700008], [0.434314744000062, 5.97397700100015], [0.434440739000138, 5.97426330200017], [0.434728171000074, 5.97470352100004], [0.435054680000178, 5.97535034200018], [0.435130679000167, 5.97546452000006], [0.435206676000178, 5.97557869800011], [0.435226247000116, 5.97569440100017], [0.435457923000058, 5.97586467100001], [0.436109768000108, 5.97670632200015], [0.436309374000075, 5.97724598700012], [0.436474825000175, 5.97735579700014], [0.436798694000061, 5.97781672400015], [0.436910409000177, 5.97797571600017], [0.438412397000093, 5.98037411700011], [0.43847110500019, 5.98071847000011], [0.438681762000101, 5.98127188400008], [0.438874952000106, 5.98146154600011], [0.439219495000089, 5.98163151800014], [0.439564196000106, 5.98186212300016], [0.439889873000141, 5.98218648200003], [0.440118605000066, 5.9822823450001], [0.4409145300001, 5.98242357200013], [0.441019309000126, 5.98248944200009], [0.441113451000149, 5.98269865400016], [0.441036980000092, 5.98293036300004], [0.441077323000172, 5.98361926900003], [0.441039685000078, 5.98396387400004], [0.44096590900017, 5.98417352600018], [0.440966263, 5.98430857200015], [0.441195544999971, 5.98461389100009], [0.441585831000111, 5.98543141200014], [0.441897444000062, 5.98564005300005], [0.441930734000152, 5.98573780500016], [0.441964024000072, 5.98583555800019], [0.441964428000119, 5.98598989600015], [0.441640604000156, 5.98637383600015], [0.441621933000079, 5.98660263700015], [0.441699611000104, 5.98683118500003], [0.442005878000145, 5.98710047300011], [0.442006175000074, 5.98721347000014], [0.441891461000182, 5.98755827700018], [0.441623095000182, 5.98809641100013], [0.441585156000144, 5.98832526300004], [0.441393666000124, 5.98878602500014], [0.441413788000034, 5.98911118500007], [0.441394815000137, 5.98922423300019], [0.441263337000066, 5.98947537900017], [0.441148016000056, 5.98958868000005], [0.44109081400012, 5.98982033800019], [0.441265093000084, 5.99014509300014], [0.441285013000083, 5.99039308500005], [0.440979704000142, 5.99049034900014], [0.440776646000074, 5.99073892700005], [0.440597713000102, 5.99073939700014], [0.440297137000073, 5.99054175000003], [0.440176331000032, 5.99066333400015], [0.440176937000103, 5.99089484000012], [0.440254615000129, 5.99112338800018], [0.440139900000133, 5.99146819500004], [0.440140499999984, 5.99169694600005], [0.440257020000047, 5.99204114499997], [0.440408830000024, 5.99219508600004], [0.440409328000044, 5.99238525100003], [0.440356569000187, 5.99326181300012], [0.440527959000178, 5.99353421100005], [0.440913203999969, 5.99452537600013], [0.440949591000049, 5.99475403100013], [0.441046547000099, 5.99498528400017], [0.441487296000048, 5.99509712300005], [0.441603219000172, 5.99521257200013], [0.441601971000068, 5.99578583300001], [0.441679253000018, 5.99586279900018], [0.44181154000006, 5.99592032700014], [0.44204277800003, 5.99591971900009], [0.442274169000086, 5.99597698700006], [0.442963782, 5.99650984400017], [0.443192065000176, 5.99643207300005], [0.443422854000175, 5.99626059100007], [0.443516400000078, 5.99624105300006], [0.443632120000075, 5.99627933200009], [0.444151008000176, 5.99679334500007], [0.444380002000116, 5.99698566400008], [0.44466678200007, 5.99716956300011], [0.44484007300008, 5.99711674100018], [0.445048890000066, 5.99696460800016], [0.445399962000124, 5.99647310700004], [0.445600600000034, 5.996351312], [0.445831787000088, 5.99633141000015], [0.446060612999986, 5.99646034000017], [0.446195908000107, 5.99661432100004], [0.446406234000108, 5.99703544000016], [0.446560944999987, 5.99724449100012], [0.446635772000093, 5.99743445900003], [0.447019985000168, 5.99802874900018], [0.447175052000091, 5.99837284400013], [0.447346281000137, 5.9985818510001], [0.447520197000131, 5.99876604600013], [0.448113133, 5.99917237200003], [0.448229058000095, 5.99928781900007], [0.448457901000097, 5.99942225900003], [0.448667669000088, 5.99963116300006], [0.448803112000178, 5.99984026400006], [0.448841958000173, 5.999955914], [0.448842562000038, 6.00018466400013], [0.448765838000099, 6.00031991200012], [0.448785362000137, 6.00041632200009], [0.448863046000156, 6.00064486800017], [0.448948687000041, 6.00075901700012], [0.449034327000049, 6.00087316600008], [0.449397675000057, 6.00113603900007], [0.45006851800008, 6.00157872900007], [0.45125567700012, 6.00131238200015], [0.451386267000089, 6.00124726900003], [0.451512788000173, 6.00120559300012], [0.451639310000189, 6.00116391700004], [0.45194763000012, 6.00116309900017], [0.45222315500007, 6.00125331800007], [0.452787876000173, 6.00139788900003], [0.453016749000028, 6.00154335200011], [0.453305915000158, 6.00158668100005], [0.453567312000189, 6.0015391340001], [0.453853148, 6.00136474500016], [0.454052105000073, 6.00112857700015], [0.454251062000083, 6.00089240800003], [0.454660163000085, 6.00048618500011], [0.455058068000085, 6.00001109100003], [0.455351431000111, 5.99956107800006], [0.455488832000185, 5.99946976500019], [0.455832775000147, 5.99940821800016], [0.456419334000088, 5.99948382700012], [0.457003169000188, 5.99957046700018], [0.457311303999973, 5.99950074700013], [0.457564191000017, 5.99935951600003], [0.457825249000166, 5.99918519200003], [0.457973441000149, 5.99901116799998], [0.45800602200012, 5.99884020700017], [0.458040003000178, 5.99867889000006], [0.458073985000112, 5.99851757200003], [0.458219336000184, 5.99831048300001], [0.458516356000018, 5.99820220700013], [0.459557966000091, 5.99821489600004], [0.467427591999979, 5.99831069800013], [0.476518430000056, 5.99355972500007], [0.476699787000086, 5.99343797200004], [0.476957364000157, 5.99299631800005], [0.477177724000057, 5.99279109100007], [0.477262256000131, 5.99274745600007], [0.477493437000021, 5.99272754100014], [0.478394860000094, 5.99268377100003], [0.47945152200009, 5.99182530800016], [0.480033505000051, 5.99142261500015], [0.480428374000098, 5.99085381300017], [0.480711300000053, 5.99062705800014], [0.480995064000069, 5.99071172700013], [0.481701747000045, 5.99144291400017], [0.482240743000034, 5.99225998800006], [0.482665896000128, 5.99271357800012], [0.483175538000012, 5.99285275500017], [0.483711338000148, 5.99248475900009], [0.485290581000129, 5.99114933800018], [0.485740276000115, 5.9904977060001], [0.485857699000178, 5.99014737700014], [0.485975121000138, 5.98979704800001], [0.485807022000131, 5.98897094600005], [0.485639906000188, 5.98814967199996], [0.485231428000134, 5.98555483400003], [0.485368388000097, 5.98428395000008], [0.485661667000102, 5.98252684000016], [0.485680995000109, 5.98217301700009], [0.485700324000049, 5.98181919400002], [0.485674255000106, 5.98133972200014], [0.485559260000059, 5.98054906300018], [0.485238252000158, 5.97992156500015], [0.484982863000084, 5.97912852900009], [0.4844143790001, 5.97757843900007], [0.484100349000073, 5.97647413300018], [0.484747317000142, 5.97548298400017], [0.484850982000125, 5.97551985000018], [0.485916526000153, 5.9762487480001], [0.486965751000184, 5.97743374300018], [0.488099398000088, 5.97827952100016], [0.488551523000126, 5.97853184700011], [0.489144045000103, 5.97878654900001], [0.489484117000188, 5.978828346], [0.489824191000082, 5.97887014100019], [0.490589968000108, 5.97906374000013], [0.491521063000164, 5.97931476400015], [0.491976176000094, 5.97965251400018], [0.492324348000125, 5.98115909300003], [0.491874286000154, 5.98167017300005], [0.491536316000065, 5.98189708100017], [0.491198346000033, 5.98212399000005], [0.490522792000093, 5.98272111600005], [0.489958031000128, 5.98357149300017], [0.489791719000095, 5.98416448100005], [0.489763820000178, 5.98504371800004], [0.490049724000187, 5.98591934500007], [0.490540659000033, 5.98728498200001], [0.490572321000172, 5.98779475300017], [0.490552738000076, 5.98811458800009], [0.490516963000061, 5.98869886700004], [0.490631663000102, 5.98937652900014], [0.490777108000145, 5.99022497700003], [0.490808170000037, 5.99152847300002], [0.490738056000112, 5.99206608100013], [0.490667942000186, 5.99260369000007], [0.490641255000185, 5.99291381100011], [0.490614569000115, 5.99322393100016], [0.490306041000167, 5.99415904900007], [0.490219799000158, 5.99484001200005], [0.490477032, 5.99529129400008], [0.490843764000147, 5.99551628800003], [0.49120995800007, 5.99554285099998], [0.491778779000185, 5.99517200200012], [0.492427122000095, 5.99468793900013], [0.492652286000066, 5.99447431000016], [0.492904876000182, 5.99423465700011], [0.493253270000025, 5.993789994], [0.493618459000174, 5.99344725800006], [0.493928989000096, 5.9932507370001], [0.494523733999984, 5.99330423600014], [0.495296891000123, 5.9931670850001], [0.496136181999987, 5.99270353500009], [0.496506055000168, 5.99241140400017], [0.496870940000065, 5.9919584270001], [0.497888524000075, 5.99161390700016], [0.498339284000053, 5.99135912600013], [0.498564310000177, 5.99110220600005], [0.499001132999979, 5.99103693500007], [0.500037505000137, 5.99046365100003], [0.500379295000187, 5.99027458500001], [0.50125390900007, 5.98954082300008], [0.502130918000034, 5.98968469600015], [0.502787775000115, 5.98946348700008], [0.505533165000088, 5.98968584400006], [0.506173675000184, 5.98936439300002], [0.506311054000093, 5.98927031300008], [0.506541784000149, 5.98908778600014], [0.506953937000048, 5.98881105700008], [0.507044527000119, 5.9887198620001], [0.507181907000074, 5.98862578100005], [0.507777992000115, 5.98816665300006], [0.507868582000128, 5.98807545700015], [0.508096422000165, 5.98784333000003], [0.508434814000111, 5.9876510360001], [0.509149078000064, 5.98724514800011], [0.50928646400007, 5.98715382300009], [0.509563731000185, 5.98687746500013], [0.510112631000084, 5.98627791100012], [0.510293931000035, 5.98613961400014], [0.510751362000121, 5.98531156600018], [0.510888746000091, 5.98522024100015], [0.511484446, 5.98462331400009], [0.511621824000031, 5.98452923400009], [0.511986924000041, 5.98416168500017], [0.512261943000112, 5.984069981], [0.51249016700018, 5.98397840600018], [0.512764928000081, 5.98379300000011], [0.512858269000105, 5.98370179600005], [0.513039566999964, 5.98356349800014], [0.513361382000085, 5.98347166500008], [0.514139634000173, 5.98319392299999], [0.514505361000147, 5.98305511700005], [0.515018957000166, 5.98287952200019]]]]}, "properties": {"REGION": "Greater Accra", "DISTRICT": "Ada West"}}, {"type": "Feature", "geometry": {"type": "MultiPolygon", "coordinates": [[[[-0.097404166999979, 5.68392954200004], [-0.096585417999961, 5.68348373100002], [-0.094969877999972, 5.68260406500002], [-0.092473667999968, 5.68163782900001], [-0.091831389999925, 5.68145923100019], [-0.09049071599992, 5.68078509900016], [-0.089775554999903, 5.68087802900004], [-0.089493216999813, 5.68045631700016], [-0.088904799999966, 5.68093533400008], [-0.088265198999977, 5.68044558100013], [-0.087851658999966, 5.68026242400003], [-0.087320854999916, 5.67983315900011], [-0.087382562999949, 5.67937505800012], [-0.085766590999924, 5.679250319], [-0.084578060999831, 5.67879024100017], [-0.083816106999848, 5.6785446610001], [-0.08251841799995, 5.67759463900018], [-0.081348978999927, 5.67673850300002], [-0.080160458999956, 5.67627841700016], [-0.079459351999958, 5.67612456900002], [-0.07891187599995, 5.67523785000014], [-0.077853416999972, 5.67467307800013], [-0.077418986999874, 5.67444125000009], [-0.076992103999942, 5.67441003500011], [-0.076443541999936, 5.67422587300013], [-0.076157979999834, 5.67393124200004], [-0.075498907999929, 5.67379672500016], [-0.075174812999933, 5.67342037200018], [-0.074463397999978, 5.67300085900001], [-0.074311727999941, 5.67251186100009], [-0.074247513999921, 5.67241723000018], [-0.073855411999943, 5.67183911900003], [-0.073499753999897, 5.67143295000005], [-0.073185535999926, 5.67122713400011], [-0.072065869999903, 5.67070262000004], [-0.07126650999993, 5.66994111300016], [-0.071084071999962, 5.66960479100004], [-0.07069243899997, 5.66878106200005], [-0.070018917999903, 5.66828958500014], [-0.069287282999937, 5.66816622500005], [-0.068404532999921, 5.6672178610001], [-0.068405190999897, 5.66679021800013], [-0.067825680999931, 5.66688092800018], [-0.065661793999936, 5.66620542099997], [-0.065173932999869, 5.66617408700006], [-0.065102811999964, 5.66603053400019], [-0.064618625999856, 5.66505319800012], [-0.073347888999933, 5.66151291800014], [-0.075933116999977, 5.66038893600006], [-0.078751180999973, 5.65955938800016], [-0.081433192999953, 5.65913686700009], [-0.086006039999916, 5.65775053700014], [-0.108078205999902, 5.64889271099997], [-0.116786670999886, 5.64540625000006], [-0.117490164999936, 5.64512458300015], [-0.127845831999934, 5.64079954900006], [-0.140429949999941, 5.63554378100002], [-0.143674937999947, 5.64144910000005], [-0.14756942799994, 5.64259502900012], [-0.151661372999911, 5.64506352500007], [-0.151883687999941, 5.64841366700017], [-0.151958198999978, 5.65341898200012], [-0.153659269999935, 5.6561258480001], [-0.155340839999894, 5.65973095600015], [-0.154341684999906, 5.65973610300011], [-0.151692442999831, 5.65974974200009], [-0.151786117999961, 5.66574782400005], [-0.151814534999971, 5.666763989], [-0.151814218999959, 5.67071807200006], [-0.151810887999943, 5.67120611700005], [-0.151641427999948, 5.67455012700015], [-0.151907794999886, 5.68058479800004], [-0.151560322999899, 5.68592190600003], [-0.156595296999967, 5.68582486600019], [-0.160699312999952, 5.68592567999997], [-0.160867045999964, 5.68592979400017], [-0.162277330999871, 5.68594177700015], [-0.167778049999924, 5.68623418300018], [-0.171286602999942, 5.68633295400014], [-0.171429481999951, 5.68841167400018], [-0.171493884999961, 5.68955991200011], [-0.171573756999976, 5.69143730500014], [-0.171629292999967, 5.69397488100009], [-0.171517112999936, 5.69671759500005], [-0.17149496899998, 5.69937496600005], [-0.171106670999961, 5.70435842800009], [-0.171069889999956, 5.70505856400013], [-0.17101828999995, 5.70571597500009], [-0.170938135999961, 5.70673717300002], [-0.170912382999973, 5.70742354200007], [-0.170958489999975, 5.70789499500006], [-0.169017296999925, 5.71115065000009], [-0.166108907999899, 5.71587398600008], [-0.162705412999969, 5.7219488070001], [-0.161210980999954, 5.72482318100009], [-0.160734616999946, 5.7259389240001], [-0.159066620999965, 5.72985642000003], [-0.158554145999915, 5.73119539400017], [-0.157882829999892, 5.73293660200017], [-0.157363787999941, 5.73405503400016], [-0.156977271999949, 5.7348842130001], [-0.15431446499997, 5.74056722200004], [-0.153838316999895, 5.74151755700007], [-0.152700793999941, 5.74365224600001], [-0.152363191999882, 5.74428578800007], [-0.150867913999889, 5.74764390200011], [-0.149684418999925, 5.75011239200006], [-0.149030643999936, 5.75147599900015], [-0.147991202999833, 5.75364398800002], [-0.146101772999884, 5.75804318500013], [-0.144942589999914, 5.7607420920001], [-0.142661806999854, 5.76595209900012], [-0.141062118999912, 5.7694644550001], [-0.13893582399993, 5.77331878500019], [-0.13795373399995, 5.77509899300003], [-0.136717905999944, 5.77740713000014], [-0.135002831999941, 5.78028392600015], [-0.132060052999918, 5.78529444200012], [-0.130819570999961, 5.78783025800016], [-0.12958931299994, 5.7919161750001], [-0.12860419999987, 5.79483805600017], [-0.127684685999895, 5.79402631500005], [-0.125510167999948, 5.79210665700003], [-0.121977650999952, 5.78974014400006], [-0.118317243999968, 5.78540587000009], [-0.118070827999929, 5.78009117700009], [-0.117895572999885, 5.77631134300015], [-0.118108390999907, 5.77504163900011], [-0.118649910999977, 5.77181084300008], [-0.118910227999891, 5.77000570400003], [-0.121239892999938, 5.76227126400011], [-0.122022761999972, 5.75556616400007], [-0.123870245999967, 5.75056546500014], [-0.12211044299994, 5.74256909900004], [-0.122477297999978, 5.741989273], [-0.123062360999825, 5.74083283700008], [-0.123549590999971, 5.73986977300018], [-0.124067584999864, 5.73908976400003], [-0.12461774499991, 5.73829638900003], [-0.125198352999973, 5.7375336070001], [-0.125565619999975, 5.73667885700013], [-0.126039462999927, 5.73562095500017], [-0.126393266999912, 5.73483104600007], [-0.127214677999916, 5.73202716300017], [-0.127373136999893, 5.73125090600013], [-0.127643014999933, 5.72992883400002], [-0.128322675999925, 5.72855760100015], [-0.128506440999956, 5.7280385840001], [-0.128661422999926, 5.72638929000004], [-0.128113318999965, 5.72583861300006], [-0.127183279999883, 5.72388915500005], [-0.126289557999939, 5.72186474900008], [-0.12564513399991, 5.72042895000004], [-0.124946658999932, 5.71887271700012], [-0.125109161999887, 5.71801365200002], [-0.125078104999886, 5.7163339280001], [-0.12440988499992, 5.71456119300007], [-0.124384104999933, 5.71422243600006], [-0.12435165699992, 5.71291529800004], [-0.12432071399985, 5.71166883600011], [-0.124293930999954, 5.71058992800005], [-0.124508187999879, 5.71007095900018], [-0.124010661999932, 5.70931537200011], [-0.123930857999937, 5.70869547100006], [-0.122469951999904, 5.70679934200012], [-0.121556723999959, 5.70508210300005], [-0.121399100999952, 5.70478570800014], [-0.120827895999867, 5.70371160800005], [-0.120524850999914, 5.70245872500004], [-0.120350529999882, 5.70191596100011], [-0.120068445999891, 5.70178599900015], [-0.119732813999917, 5.70190767300011], [-0.119554674999961, 5.70166747400003], [-0.119065272999933, 5.69970728200002], [-0.11866953699996, 5.69924847500016], [-0.117848734999939, 5.69756714500016], [-0.116814147999946, 5.69609931500003], [-0.1163372769999, 5.69582831100018], [-0.115961367999887, 5.69539543200017], [-0.115657212999963, 5.6948756700001], [-0.115322751999827, 5.69423367500002], [-0.114957282999967, 5.69392764600002], [-0.114500003999979, 5.693835304], [-0.113737028999878, 5.69423124000008], [-0.113524594999888, 5.69355888500013], [-0.113204362999966, 5.69340837000004], [-0.111318990999905, 5.69309772100019], [-0.110226938999972, 5.69291778300004], [-0.10922701599992, 5.69214711400014], [-0.108808957999884, 5.69165085000009], [-0.107246944999872, 5.69079999800005], [-0.10730882799993, 5.69021970600016], [-0.105857944999968, 5.68932423800015], [-0.105419920999964, 5.68908655300015], [-0.105176531999916, 5.68871961600007], [-0.103906482999889, 5.68795865200013], [-0.103897707999977, 5.68746521700007], [-0.101907390999941, 5.68638151800002], [-0.100744352999925, 5.68574825700011], [-0.100134388999891, 5.68541613600013], [-0.099317564999978, 5.68497138099997], [-0.098193493999872, 5.68435932900013], [-0.097404166999979, 5.68392954200004]]]]}, "properties": {"REGION": "Greater Accra", "DISTRICT": "Adenta"}}, {"type": "Feature", "geometry": {"type": "MultiPolygon", "coordinates": [[[[-0.032367239999871, 5.67947012600018], [-0.040790250999976, 5.67623975900017], [-0.041865289999976, 5.67575968800014], [-0.041992870999877, 5.67617750000005], [-0.042056805999948, 5.67630610400005], [-0.042008169999917, 5.67662724800016], [-0.041366505999918, 5.67681891500013], [-0.041333941999824, 5.67712403100012], [-0.041365663999954, 5.67733287800007], [-0.041493392999939, 5.67767039800015], [-0.041669493999962, 5.67781522900015], [-0.042117453999879, 5.67841024500012], [-0.042117108999946, 5.67861904200009], [-0.042100598999923, 5.67890811000007], [-0.042244687999926, 5.67903685200002], [-0.042549141999928, 5.67914978600015], [-0.04278972599991, 5.67910200000011], [-0.043077937999954, 5.67934340199997], [-0.043221600999971, 5.67972911200013], [-0.043574115999888, 5.67987426200006], [-0.043894722999937, 5.67990690100015], [-0.044039204999933, 5.67981078100001], [-0.044855789999872, 5.68048670200011], [-0.045439312999861, 5.68092033900018], [-0.045609671999898, 5.68150156600007], [-0.045767478999835, 5.68172628400015], [-0.045846151999967, 5.68197727400013], [-0.045805941999902, 5.68237329100015], [-0.045857170999966, 5.6828835710001], [-0.046001493999938, 5.68368071300011], [-0.045948475999978, 5.68386546400006], [-0.04601404399989, 5.68406362200011], [-0.046884548999969, 5.68370857800005], [-0.048238898999955, 5.68567805000009], [-0.048936796999953, 5.68606210100018], [-0.049147741999832, 5.68603602800005], [-0.049213219999899, 5.68630021600006], [-0.049671581999917, 5.68808337600018], [-0.04980472099993, 5.68896640800006], [-0.049788983999974, 5.68988350000006], [-0.054212769999936, 5.69624556800017], [-0.054966578999881, 5.69732962100005], [-0.055246332999957, 5.69754203500003], [-0.055558307999888, 5.69758517100007], [-0.056834863999939, 5.69760148500018], [-0.057600552999872, 5.69773059400006], [-0.058708073999924, 5.69700779500005], [-0.059255765999865, 5.70037599000011], [-0.057865530999948, 5.70050159000004], [-0.053681109999957, 5.70059418800008], [-0.053298189999964, 5.70056514200013], [-0.053170302999945, 5.70070701200018], [-0.052673212999935, 5.70110401900007], [-0.052629286999945, 5.70194221800006], [-0.052572038999926, 5.70225470000014], [-0.052004330999921, 5.70246688500004], [-0.051862187999973, 5.70265135500017], [-0.051804752999942, 5.70307750000018], [-0.051662585999964, 5.70327617800012], [-0.051179794999939, 5.70360216600005], [-0.05079628999988, 5.70392831800007], [-0.050710648999939, 5.70425496000007], [-0.050937242999908, 5.70446845300006], [-0.051419452999937, 5.70449766400009], [-0.052001183999948, 5.70438495800016], [-0.052668111999878, 5.70421556000002], [-0.053021965999847, 5.7046707990001], [-0.053277324999897, 5.70464280200002], [-0.053248653999958, 5.70482745900011], [-0.053191615999935, 5.70501207000018], [-0.053063866999935, 5.70506869100018], [-0.053077863999931, 5.70518237800007], [-0.0531913129999, 5.70519677300013], [-0.053489270999876, 5.70514043000014], [-0.053673266999908, 5.70538226899998], [-0.053942740999901, 5.70539692000006], [-0.054099020999956, 5.70524088800011], [-0.054212168999925, 5.70543998700015], [-0.054353566999964, 5.70571017100013], [-0.054395443999965, 5.70612227100014], [-0.054252858999973, 5.70657669400015], [-0.054082136999966, 5.70688898900016], [-0.054280179999921, 5.70721609800012], [-0.054506821999951, 5.70740117500009], [-0.05496048099991, 5.7075440000001], [-0.055832957999883, 5.708467509], [-0.056602585999883, 5.70953581500015], [-0.056800118999888, 5.71017549900012], [-0.056770653999934, 5.71104979800009], [-0.05665920499996, 5.71143811500013], [-0.056297606999976, 5.71232552200013], [-0.056296061999944, 5.71326902000004], [-0.055851214999905, 5.71423953900012], [-0.055545838999933, 5.71462753800017], [-0.053817933999881, 5.71570263700005], [-0.052273112999956, 5.71686989700015], [-0.051330180999912, 5.71747884000018], [-0.051156631999959, 5.71772136600015], [-0.05091366399995, 5.71806090000018], [-0.05063456899984, 5.71930918700002], [-0.05085377599994, 5.72078029700003], [-0.05079690499997, 5.72166820200005], [-0.050297363999903, 5.72219462400011], [-0.049770896999974, 5.72224925300009], [-0.048523437999961, 5.72271893500005], [-0.046473066999965, 5.72288203100004], [-0.045724829999926, 5.72301953700003], [-0.04386861699993, 5.72304419700015], [-0.042262017999974, 5.72290276800004], [-0.039825134999944, 5.72226044900015], [-0.037832818999959, 5.72084187000007], [-0.036532734999923, 5.719646447], [-0.031214226999964, 5.71927675100017], [-0.023320206999813, 5.71909047500003], [-0.018581840999957, 5.71897780200004], [-0.01384789399998, 5.71897002000009], [-0.01412972199995, 5.71705570400013], [-0.014814864999948, 5.71298102200018], [-0.015159749999896, 5.70958506300013], [-0.014993684999922, 5.70754684900004], [-0.014156120999871, 5.70160145400007], [-0.013446301999977, 5.69616459700012], [-0.012982579999971, 5.69299175300011], [-0.012985384999922, 5.69134699], [-0.013222551999945, 5.68982011100007], [-0.013495125999896, 5.68918600699999], [-0.013929043999951, 5.68817655100014], [-0.015925826999933, 5.68546087900017], [-0.017527885999812, 5.68517209100008], [-0.018266259999962, 5.68524510300006], [-0.024028108999914, 5.68299831200005], [-0.025353965999955, 5.68240334400002], [-0.029530394999938, 5.68055235200018], [-0.032367239999871, 5.67947012600018]]]]}, "properties": {"REGION": "Greater Accra", "DISTRICT": "Ashaiman"}}, {"type": "Feature", "geometry": {"type": "MultiPolygon", "coordinates": [[[[-0.198978996999926, 5.57510423300005], [-0.201011006999977, 5.57480087200008], [-0.205462503999968, 5.57391478400012], [-0.211101065999969, 5.57243796500006], [-0.211397832999978, 5.57686840900016], [-0.207809647999966, 5.58037260700002], [-0.203282908999938, 5.58812338900009], [-0.20072281299997, 5.5872241190001], [-0.199066279999954, 5.58542557500016], [-0.196957965999843, 5.58422654300006], [-0.197409747999927, 5.58317738700009], [-0.198313310999879, 5.58152871100015], [-0.198313310999879, 5.57928050800018], [-0.199066279999954, 5.57763182100013], [-0.198978996999926, 5.57510423300005]]]]}, "properties": {"REGION": "Greater Accra", "DISTRICT": "Ayawaso Central"}}, {"type": "Feature", "geometry": {"type": "MultiPolygon", "coordinates": [[[[-0.179505849999941, 5.59726955600019], [-0.180554782999934, 5.59251955800011], [-0.181128989999934, 5.59025565000019], [-0.182058909999967, 5.58885044300018], [-0.183727658999942, 5.58656421400013], [-0.186640768999894, 5.57913046000004], [-0.190314758999875, 5.57200763400004], [-0.195075677999967, 5.57568696000004], [-0.198978996999926, 5.57510423300005], [-0.199066279999954, 5.57763182100013], [-0.198313310999879, 5.57928050800018], [-0.198313310999879, 5.58152871100015], [-0.197409747999927, 5.58317738700009], [-0.196957965999843, 5.58422654300006], [-0.199066279999954, 5.58542557500016], [-0.20072281299997, 5.5872241190001], [-0.203282908999938, 5.58812338900009], [-0.203132313999902, 5.59067131300003], [-0.202981720999958, 5.59306934800014], [-0.202529938999817, 5.59576712600006], [-0.202379345999873, 5.59711601100003], [-0.202078157999892, 5.59951402100018], [-0.20072281299997, 5.59951402100018], [-0.198915685999907, 5.60056314700012], [-0.198313310999879, 5.60221177], [-0.196957965999843, 5.60266139300018], [-0.196656777999976, 5.60386038700011], [-0.194548463999979, 5.60490950600013], [-0.19267809999991, 5.60729847500016], [-0.183555110999976, 5.601012771], [-0.18204917199995, 5.60086289700007], [-0.181145608999884, 5.59981377100013], [-0.179505849999941, 5.59726955600019]]]]}, "properties": {"REGION": "Greater Accra", "DISTRICT": "Ayawaso East"}}, {"type": "Feature", "geometry": {"type": "MultiPolygon", "coordinates": [[[[-0.21713754599989, 5.60550900100009], [-0.217739920999918, 5.60685786300013], [-0.217890513999862, 5.60805684900004], [-0.216535168999883, 5.60805684900004], [-0.215782200999968, 5.60670799000007], [-0.213673885999924, 5.60610849500011], [-0.214426855999875, 5.60790697600015], [-0.214728042999923, 5.60940570500009], [-0.214577448999933, 5.61075455800005], [-0.214125667999951, 5.61150392000002], [-0.211716165999974, 5.61060468600004], [-0.210210226999948, 5.60970545100002], [-0.207499536999933, 5.61000519600003], [-0.201475781999818, 5.61255302399996], [-0.199216873999944, 5.61180366400015], [-0.19267809999991, 5.60729847500016], [-0.194548463999979, 5.60490950600013], [-0.196656777999976, 5.60386038700011], [-0.196957965999843, 5.60266139300018], [-0.198313310999879, 5.60221177], [-0.198915685999907, 5.60056314700012], [-0.20072281299997, 5.59951402100018], [-0.202078157999892, 5.59951402100018], [-0.202379345999873, 5.59711601100003], [-0.202529938999817, 5.59576712600006], [-0.202981720999958, 5.59306934800014], [-0.203132313999902, 5.59067131300003], [-0.203282908999938, 5.58812338900009], [-0.207809647999966, 5.58037260700002], [-0.211397832999978, 5.57686840900016], [-0.211991365999893, 5.58188953700011], [-0.211101065999969, 5.58750133700011], [-0.213178431999893, 5.59311308200017], [-0.21555256299996, 5.59783872000003], [-0.215849329999969, 5.60315501800005], [-0.216384575999939, 5.60490950600013], [-0.21713754599989, 5.60550900100009]]]]}, "properties": {"REGION": "Greater Accra", "DISTRICT": "Ayawaso North"}}, {"type": "Feature", "geometry": {"type": "MultiPolygon", "coordinates": [[[[-0.155340839999894, 5.65973095600015], [-0.153659269999935, 5.6561258480001], [-0.151958198999978, 5.65341898200012], [-0.151883687999941, 5.64841366700017], [-0.151661372999911, 5.64506352500007], [-0.14756942799994, 5.64259502900012], [-0.143674937999947, 5.64144910000005], [-0.140429949999941, 5.63554378100002], [-0.140762817999928, 5.63451521000013], [-0.140698155999928, 5.63341966100012], [-0.140549470999872, 5.63313064100004], [-0.140422354999941, 5.6330454730001], [-0.14008308099983, 5.63302372700008], [-0.139871575999905, 5.632641003], [-0.139872418999971, 5.63206738499997], [-0.139639521999811, 5.63181209900017], [-0.139397827999971, 5.63081564300018], [-0.139726408999877, 5.6304100480001], [-0.139811610999914, 5.63015523200016], [-0.139854459999924, 5.62985786300015], [-0.139536705999831, 5.62962369800005], [-0.139006698999935, 5.62951669000006], [-0.138922341999887, 5.62919788800014], [-0.138774177999892, 5.62900646300005], [-0.138695883999958, 5.62866999199997], [-0.138054438999916, 5.6281343500001], [-0.138033607999887, 5.62787937700006], [-0.138182834999895, 5.62734846899997], [-0.138120059999949, 5.62677475800001], [-0.138524168999879, 5.62596803900016], [-0.137910246999979, 5.62524479699999], [-0.137740939999844, 5.62501085100018], [-0.137655751999887, 5.62463335900003], [-0.137785196999971, 5.62375745300005], [-0.137572839999962, 5.62290772400019], [-0.137384716999918, 5.622099741], [-0.137385467999934, 5.6215898590001], [-0.137343898999916, 5.62101617900009], [-0.137238085999968, 5.62086730600009], [-0.137026336999952, 5.62065454200007], [-0.137006006999968, 5.62005964800005], [-0.136922119999952, 5.61942217100017], [-0.136882751999963, 5.61927847700002], [-0.13643497399994, 5.61901779300013], [-0.136223005999909, 5.61895374400007], [-0.135947514999941, 5.61882586600012], [-0.135566618999974, 5.61827292900011], [-0.135248558999933, 5.61825121400017], [-0.135058111999911, 5.61797474500014], [-0.13482572199996, 5.61737953800002], [-0.134932064999873, 5.61716724400003], [-0.135186881999971, 5.61693392400008], [-0.134954712999956, 5.61619000100006], [-0.135018705999926, 5.61593515500016], [-0.13489813599989, 5.61480613600008], [-0.135020709999935, 5.61457547000015], [-0.134365079999952, 5.61338477200007], [-0.134368994999932, 5.61313018200013], [-0.13449306799987, 5.61287507800017], [-0.134478068999954, 5.61238555800014], [-0.134324609999965, 5.61206751400016], [-0.134409965999907, 5.61170647300003], [-0.134410467999942, 5.61147276300005], [-0.134347068999944, 5.61121774200018], [-0.134411468999872, 5.61068670899999], [-0.134348195999962, 5.61045292000011], [-0.134263998999927, 5.61002789200012], [-0.134073428999955, 5.60983640400008], [-0.133904251999979, 5.60951747700011], [-0.133544349999966, 5.60911328700001], [-0.133551133999902, 5.60873658300011], [-0.13357648899995, 5.60732852900014], [-0.133259222999925, 5.60618121100009], [-0.133517408999978, 5.60630233000006], [-0.134326349999924, 5.60635120400002], [-0.134991961999958, 5.60678128500018], [-0.136582583999939, 5.60923902400003], [-0.137319900999898, 5.60945466100003], [-0.137652290999881, 5.60995576400001], [-0.138247224999873, 5.60990896300012], [-0.139103586999966, 5.61007709500001], [-0.139769765999915, 5.61012575100017], [-0.140246515999934, 5.61033836400009], [-0.140696954999896, 5.61067540500017], [-0.142267750999849, 5.61043932200005], [-0.143338405999884, 5.61051240600005], [-0.144195013999877, 5.61051365999998], [-0.145122762999904, 5.61068188800004], [-0.146668793999936, 5.61111324300015], [-0.147287007999921, 5.61142404900011], [-0.148147119999919, 5.61208147100012], [-0.148356697999873, 5.61216460999998], [-0.148832074999859, 5.61252288400016], [-0.149444520999907, 5.61257379900019], [-0.149926289999883, 5.6127628640001], [-0.150403861999962, 5.61309208300008], [-0.150877323999964, 5.61328870000011], [-0.151447813999937, 5.61369478800015], [-0.152518237999857, 5.61393472800006], [-0.152609995999967, 5.61422189700011], [-0.152755428999853, 5.61445952700007], [-0.153872688999911, 5.61522398800003], [-0.154510808999873, 5.61591093400017], [-0.154870530999972, 5.61629817900013], [-0.155678633999969, 5.61694299700002], [-0.156320516999926, 5.61734918400015], [-0.157294982999929, 5.61813727300006], [-0.157769890999873, 5.61882928500012], [-0.157982574999892, 5.61985466400017], [-0.157719458999964, 5.62080783900007], [-0.157956793999972, 5.62123728100005], [-0.158122846999959, 5.62159510300017], [-0.158502577999911, 5.62228697800015], [-0.158407054999941, 5.62252522900008], [-0.159095372999957, 5.62374200400012], [-0.159499413999811, 5.62407633000004], [-0.158759328999963, 5.62576782500014], [-0.158520792999923, 5.62617274100006], [-0.158501531999946, 5.62643529700011], [-0.158709889999955, 5.62705505300005], [-0.158683548999875, 5.62726634500012], [-0.157971236999913, 5.62774531500014], [-0.157612933999928, 5.62869835300012], [-0.157517202999941, 5.62907963600014], [-0.176371869999969, 5.6230037840001], [-0.176023213999883, 5.61711506200015], [-0.175906848999944, 5.61525545700005], [-0.175932853999882, 5.61368212000014], [-0.176068595999936, 5.61269964200005], [-0.176173245999962, 5.61194221200009], [-0.176556169999969, 5.61036937800014], [-0.178184419999923, 5.60307692900011], [-0.17911806199993, 5.59902560500007], [-0.179505849999941, 5.59726955600019], [-0.181145608999884, 5.59981377100013], [-0.18204917199995, 5.60086289700007], [-0.183555110999976, 5.601012771], [-0.19267809999991, 5.60729847500016], [-0.199216873999944, 5.61180366400015], [-0.201475781999818, 5.61255302399996], [-0.207499536999933, 5.61000519600003], [-0.210210226999948, 5.60970545100002], [-0.211716165999974, 5.61060468600004], [-0.214125667999951, 5.61150392000002], [-0.214577448999933, 5.61075455800005], [-0.214728042999923, 5.60940570500009], [-0.214426855999875, 5.60790697600015], [-0.213673885999924, 5.60610849500011], [-0.215782200999968, 5.60670799000007], [-0.216535168999883, 5.60805684900004], [-0.217890513999862, 5.60805684900004], [-0.217739920999918, 5.60685786300013], [-0.21713754599989, 5.60550900100009], [-0.221278403999975, 5.60945071300006], [-0.221278403999975, 5.6116848800001], [-0.223273889999973, 5.61491199400012], [-0.22077953299987, 5.61590494800004], [-0.217786303999958, 5.6164014260001], [-0.205563956999924, 5.61938027700006], [-0.200824678999936, 5.61938027700006], [-0.199328063999928, 5.61938027700006], [-0.199078628999871, 5.62136616900005], [-0.196085400999948, 5.62235911300019], [-0.188602330999856, 5.62533793300008], [-0.188602330999856, 5.62757203900003], [-0.189600072999895, 5.63303315000007], [-0.19408991499995, 5.64196940300019], [-0.195835964999901, 5.64569280000018], [-0.19533709399991, 5.64966439900007], [-0.196833707999929, 5.65487708000018], [-0.19783144999991, 5.65909683500018], [-0.197692283999913, 5.66374349800014], [-0.196365402999845, 5.66410554100014], [-0.196139207999977, 5.66449943100008], [-0.196100366999929, 5.66472818000005], [-0.196138309999981, 5.66515000300006], [-0.196011195999915, 5.66553300400005], [-0.19578508099994, 5.66586900400011], [-0.19538569499997, 5.66613584700008], [-0.193270790999918, 5.66721487100006], [-0.18786266099994, 5.66705251000019], [-0.18451698299998, 5.66714204100003], [-0.182317115999922, 5.66720090000001], [-0.177359800999909, 5.66710210600019], [-0.177454048999891, 5.66659238100004], [-0.177896616999931, 5.66419871700003], [-0.178412510999976, 5.66148884900002], [-0.178515816999891, 5.66092098600018], [-0.178590860999975, 5.65959416900012], [-0.174070688999905, 5.65983998600012], [-0.169916353999895, 5.65963702400018], [-0.166791088999958, 5.65965453000001], [-0.164125793999972, 5.65929117700006], [-0.163180975999865, 5.65919085700011], [-0.160670520999872, 5.65894900699999], [-0.160576785999865, 5.65894331200013], [-0.160178737999956, 5.65896823800011], [-0.159720481999955, 5.65899693300008], [-0.159429866999915, 5.65901513100016], [-0.159139251999932, 5.65903332800013], [-0.156863724999937, 5.65948131400006], [-0.15598397299982, 5.65962553000014], [-0.155850912999824, 5.65964734200014], [-0.155340839999894, 5.65973095600015]]]]}, "properties": {"REGION": "Greater Accra", "DISTRICT": "Ayawaso West"}}, {"type": "Feature", "geometry": {"type": "MultiPolygon", "coordinates": [[[[-0.357091304999926, 5.60852850600008], [-0.356973693999976, 5.609109934], [-0.356640429999914, 5.60902959000015], [-0.356180733999906, 5.60918346400007], [-0.355894203999981, 5.60950844800016], [-0.354421406999904, 5.61044484100006], [-0.354018837999888, 5.61165035400006], [-0.350076127999898, 5.6145695190001], [-0.349415575999956, 5.61815011000016], [-0.347990576999848, 5.62030462500019], [-0.347843123999894, 5.62169313600003], [-0.346601797999938, 5.62267844000002], [-0.346562794999841, 5.62494413000007], [-0.346008884999947, 5.62663333300014], [-0.344699054999978, 5.62797520100014], [-0.344405556999959, 5.62947317800018], [-0.343016697999872, 5.63188352300006], [-0.342031756999916, 5.63191895700015], [-0.340061090999939, 5.63268415400012], [-0.338271899999938, 5.63425351900003], [-0.335681262999913, 5.63487182000011], [-0.333565543999953, 5.63486940500019], [-0.333270374999927, 5.63512128600019], [-0.332251837999934, 5.63530642800004], [-0.331886807999922, 5.63552527400003], [-0.331594650999932, 5.63581729000003], [-0.331484422999949, 5.63651149900016], [-0.330805926999972, 5.63722429299997], [-0.330423796999867, 5.63767507200009], [-0.330195043999936, 5.63833149400006], [-0.329281830999946, 5.63938684800013], [-0.328853967999919, 5.63970042200015], [-0.328368973999943, 5.64012813500011], [-0.327798511999902, 5.6405271970001], [-0.327541549999864, 5.64092662100006], [-0.327113718999897, 5.64121164100004], [-0.324605794999968, 5.642117509], [-0.323179009999933, 5.64266320400014], [-0.322008743999845, 5.64417506900008], [-0.321291920999954, 5.64788592100018], [-0.321575431999975, 5.64917106700011], [-0.321317929999964, 5.65002730900005], [-0.32049058199982, 5.65074012800017], [-0.31977630199998, 5.65225251900017], [-0.319886860999873, 5.65257088600015], [-0.320159500999978, 5.65335598000007], [-0.319887772999948, 5.65442255700015], [-0.31951576299997, 5.65570693600006], [-0.31686719299995, 5.65399074100009], [-0.315613160999931, 5.65398926400007], [-0.312935405999895, 5.65287259900015], [-0.307208744999912, 5.65120981900003], [-0.303802256999973, 5.646163194], [-0.303588153999897, 5.64584600400008], [-0.299819438999918, 5.64305708900014], [-0.298897226999941, 5.6423489440001], [-0.29829038299988, 5.64081049000015], [-0.297988827999973, 5.63934996000012], [-0.297590206999871, 5.63903541600018], [-0.296549212999878, 5.63866761900005], [-0.296138018999955, 5.63794871300007], [-0.295596968999973, 5.63757689200014], [-0.294115772999817, 5.6369184190001], [-0.293204125999978, 5.63663180100002], [-0.292008069999952, 5.63585946300003], [-0.290640014999894, 5.63591490200008], [-0.289614824999887, 5.63525697400019], [-0.289102697999965, 5.63454256800009], [-0.288961067999878, 5.63382861300005], [-0.288419748999956, 5.63368519600016], [-0.287536296999974, 5.63365556600002], [-0.286142128999813, 5.63316255800009], [-0.285114392999958, 5.6331957810001], [-0.284430089999887, 5.63345190300015], [-0.283432711999978, 5.63336502300007], [-0.282650815999943, 5.63575249600018], [-0.282488689999923, 5.63624753500017], [-0.281090485999812, 5.63764482100015], [-0.278494156999841, 5.63995425700011], [-0.276985221999951, 5.63869613399999], [-0.272510301999887, 5.63906172600008], [-0.271741348999967, 5.63899441000018], [-0.268947836999928, 5.63905726400003], [-0.26889626499991, 5.63471742600012], [-0.268041207999943, 5.63477345500007], [-0.266787266999927, 5.63474332700008], [-0.266588306999893, 5.63431481000003], [-0.266161172999944, 5.63402876100008], [-0.265391149999971, 5.63445605800018], [-0.264994038999873, 5.6338837240001], [-0.264736846999938, 5.63351304600013], [-0.264851310999973, 5.63314202599997], [-0.264874740999971, 5.63280403499999], [-0.264938387999905, 5.63188588700007], [-0.264914585999975, 5.62814566000014], [-0.265182503999938, 5.62717867200007], [-0.265345581999952, 5.62534819400014], [-0.265773496999884, 5.62500611800004], [-0.26566018099993, 5.62446350400012], [-0.265547115999937, 5.62372103300004], [-0.264720789999956, 5.62360578800002], [-0.262338776999911, 5.61680412800018], [-0.262132840999925, 5.61636014400005], [-0.265703366999958, 5.61501027900016], [-0.263971516999959, 5.60942382300016], [-0.26386787399997, 5.60908949700018], [-0.264169070999856, 5.60904401900018], [-0.265166933999978, 5.60798298200007], [-0.265491131999909, 5.60763825800012], [-0.266049963999933, 5.6076389590001], [-0.267117682999924, 5.60695318099999], [-0.26739766999998, 5.60649545500013], [-0.267459380999867, 5.60616666300012], [-0.267652603999977, 5.60575776100006], [-0.267653174999907, 5.60529968500015], [-0.267789147999963, 5.60453331900015], [-0.268239432999906, 5.60367169900013], [-0.268224223999823, 5.60323777500008], [-0.268418412999893, 5.60273032000009], [-0.268190371999935, 5.60227195800019], [-0.269487447999893, 5.60097569100014], [-0.269716721999941, 5.6004415540001], [-0.269691636999823, 5.60018703500009], [-0.269988072999922, 5.59998336300009], [-0.270714925999926, 5.59875602800008], [-0.270744561999891, 5.59823603100011], [-0.270863085999849, 5.59777086299999], [-0.271357881999847, 5.59731416000017], [-0.271823150999978, 5.59688470800012], [-0.273151664999943, 5.5957632520001], [-0.273177537999857, 5.59538155300004], [-0.272576612999956, 5.59481677200012], [-0.273817042999838, 5.59365221600001], [-0.274418320999928, 5.59320156900014], [-0.274832150999885, 5.59252499500013], [-0.275507684999923, 5.59275152400011], [-0.275809292999895, 5.59173626800015], [-0.276315377999936, 5.590793475], [-0.276674213999968, 5.59060885700018], [-0.277124937999872, 5.59045894900004], [-0.277763294999943, 5.59038450300011], [-0.278047114999879, 5.59017716400007], [-0.278252115999976, 5.58978324900011], [-0.278711054999917, 5.58978697200013], [-0.279296795999926, 5.58951398400012], [-0.279942281999922, 5.58925870100006], [-0.28006794699985, 5.58878231900007], [-0.2802736189999, 5.58857676100013], [-0.280625434999877, 5.58810798100006], [-0.281016561999934, 5.58740464500011], [-0.281524388999912, 5.58701425600003], [-0.281993663999913, 5.58623281200005], [-0.282501821999972, 5.58556871800016], [-0.282885212999872, 5.58425598300016], [-0.28247640699982, 5.58329476300003], [-0.282801733999918, 5.58276035400013], [-0.282859722999831, 5.58258950700014], [-0.282648627999947, 5.58195520100008], [-0.282536024999956, 5.58178414700012], [-0.282536653999898, 5.58126588200014], [-0.28245974999993, 5.58115276199999], [-0.282459929999959, 5.58100389900005], [-0.281979340999897, 5.58024521100015], [-0.28188645799986, 5.57969650900003], [-0.281849451999904, 5.57958205800008], [-0.281812445999947, 5.57946760900012], [-0.28452845399994, 5.57914559500011], [-0.285495435999962, 5.58485696000008], [-0.285720391999973, 5.58618562300012], [-0.29064263999993, 5.58553013700009], [-0.292518656999903, 5.5848697620001], [-0.293914293999933, 5.58472164200009], [-0.294280981999975, 5.58468272500016], [-0.296042253999872, 5.58537840500014], [-0.295977364999942, 5.58701767000014], [-0.299816616999976, 5.58670699800001], [-0.299874457999977, 5.59099458000003], [-0.302353257999869, 5.59099753100003], [-0.302517638999973, 5.59099772600013], [-0.303398401999857, 5.59125097800012], [-0.303398073999915, 5.59144016800013], [-0.303389545999835, 5.59636356700008], [-0.303832006999926, 5.59642765000018], [-0.303702040999951, 5.59680298100005], [-0.30337276399996, 5.59732003400012], [-0.303998236999917, 5.59779117900007], [-0.303747564999981, 5.5980104030001], [-0.303481316999978, 5.59816688799998], [-0.303277615999889, 5.59837048700007], [-0.304012700999976, 5.59879472299997], [-0.303683570999908, 5.59918633500007], [-0.305199882999943, 5.60072478500018], [-0.305622806999963, 5.60042736400015], [-0.306107353999892, 5.60096106200007], [-0.30643637299994, 5.60066352900009], [-0.30693670099987, 5.60108748300019], [-0.307437730999936, 5.60091559400007], [-0.307452864999959, 5.60135465600013], [-0.307812576999936, 5.60157460200003], [-0.30803222399993, 5.60112013800011], [-0.308672691999959, 5.60215578100008], [-0.309298855999828, 5.60204675900013], [-0.310284713999863, 5.6021733610001], [-0.310174514999972, 5.60272203600016], [-0.310878493999951, 5.60298942700013], [-0.311676835999947, 5.60286492300014], [-0.312412391999942, 5.60289714700014], [-0.312762171999964, 5.60261133900013], [-0.315279616999874, 5.60255123500013], [-0.31555866399998, 5.60252450700006], [-0.317547566999963, 5.60146057600002], [-0.319561702999977, 5.60034940500003], [-0.319811981999976, 5.60161073400019], [-0.320315892999929, 5.60123300700013], [-0.320445784999947, 5.60120502700011], [-0.327303326999868, 5.59972781900012], [-0.333343080999896, 5.60143712400003], [-0.333510997999952, 5.60152540100017], [-0.33573481499991, 5.60329828900012], [-0.336567931999923, 5.60280557300001], [-0.336891067999943, 5.60253357500011], [-0.337196904999928, 5.60253392100009], [-0.337295129999973, 5.60240302000005], [-0.337401103999923, 5.60226178800008], [-0.337401333999878, 5.60205751600006], [-0.337327072999926, 5.60194564300014], [-0.337231711999948, 5.60180198300014], [-0.337435968999898, 5.601478783], [-0.337656811999977, 5.60151307700005], [-0.337860952999961, 5.6012920120001], [-0.337878346999901, 5.60093455500009], [-0.337369729999921, 5.5999466610001], [-0.337574367999878, 5.59928300600018], [-0.337863499999912, 5.59902799100013], [-0.338220481999883, 5.59887519000017], [-0.338373667999861, 5.59863704399999], [-0.338611348999962, 5.59880753900018], [-0.33874738999998, 5.59870555599997], [-0.339256849999913, 5.5989444490001], [-0.339409461999935, 5.59921698500011], [-0.339579275999938, 5.59930229000014], [-0.339867567999931, 5.59979627399997], [-0.340105268999935, 5.59994974600011], [-0.340173079999886, 5.60008600500009], [-0.340648959999896, 5.59996738100006], [-0.340955101999839, 5.5996953610001], [-0.34114236399995, 5.59937213899997], [-0.341498887999876, 5.59962788100017], [-0.341549365999867, 5.60007052900005], [-0.341396199999906, 5.60029165300006], [-0.341463857999941, 5.60056409200013], [-0.341361664999908, 5.60078527400009], [-0.341326691999939, 5.60167041799997], [-0.341683121999949, 5.60201127300002], [-0.341852955999968, 5.60207955500016], [-0.342176012999971, 5.60187564400007], [-0.342328912999903, 5.60189283900019], [-0.342515927999841, 5.60179091200018], [-0.342652463999968, 5.60179486500004], [-0.34312758599998, 5.60180862100015], [-0.343365534999975, 5.60174079600012], [-0.343264443999942, 5.60097465900009], [-0.343673233999937, 5.60007291000016], [-0.34364132099995, 5.59821739400007], [-0.344287391999956, 5.59784361600009], [-0.345307109999965, 5.59760643700008], [-0.345749251999848, 5.59726647500003], [-0.345563013999879, 5.59667047000016], [-0.344714626999973, 5.59563113500008], [-0.344375624999884, 5.59489877700003], [-0.343680083999971, 5.59392770200009], [-0.343408875999899, 5.59334862500003], [-0.343546014999959, 5.59225932200007], [-0.343920341999933, 5.59178310300018], [-0.344803915999876, 5.59173302200003], [-0.345602403999976, 5.59180200300017], [-0.34645156199997, 5.59214340400007], [-0.346825282999873, 5.59221191100016], [-0.347505514999966, 5.59166793800017], [-0.346792527999924, 5.59110539400018], [-0.346793319999904, 5.59039043800016], [-0.346980650999967, 5.58999912300004], [-0.347507738999866, 5.58965925300015], [-0.348210095999889, 5.58951645700006], [-0.348340469999926, 5.58948995000009], [-0.348646545999941, 5.58926899300019], [-0.348477184999979, 5.58877514500017], [-0.34810386099997, 5.58834916100011], [-0.34530020099993, 5.58853329400017], [-0.344739301999937, 5.58871992000013], [-0.344179462999818, 5.58795327000013], [-0.34443582699987, 5.5868215160001], [-0.345201808999946, 5.58533290400004], [-0.345458071999929, 5.58449754000003], [-0.346102875999975, 5.5841625170001], [-0.34654091799996, 5.58431796200006], [-0.346849615999929, 5.58488648100013], [-0.346950816999879, 5.58625408000006], [-0.347307580999825, 5.58628852100014], [-0.348215326999878, 5.58532704200007], [-0.349272595999935, 5.58496664699999], [-0.350072658999977, 5.58408944000018], [-0.350692392999918, 5.58310872800018], [-0.351182159999951, 5.58310926800004], [-0.351694009999846, 5.58368888900014], [-0.351952923999931, 5.58543448000006], [-0.352494021999973, 5.58564168599997], [-0.353145182999924, 5.58518091000008], [-0.35356177299991, 5.58509230900012], [-0.354040859999941, 5.58546260500003], [-0.354838715999961, 5.58659983500013], [-0.356452761999947, 5.58771293900003], [-0.356432607999977, 5.58843723199999], [-0.355042193999964, 5.59121475800015], [-0.354719681999882, 5.59210031100014], [-0.354839510999966, 5.59278500900012], [-0.355321780999873, 5.59282580700011], [-0.356327260999933, 5.59222288200004], [-0.362752535999903, 5.59738427400009], [-0.361304111999971, 5.60006187500005], [-0.359848449999959, 5.60572391700009], [-0.359120963999828, 5.60646392500001], [-0.357091304999926, 5.60852850600008]]]]}, "properties": {"REGION": "Greater Accra", "DISTRICT": "Ga Central"}}, {"type": "Feature", "geometry": {"type": "MultiPolygon", "coordinates": [[[[-0.177299684999923, 5.78745258300006], [-0.177228242999945, 5.78293186000019], [-0.179213701999913, 5.78061867100001], [-0.181445006999979, 5.77962929200015], [-0.181229180999878, 5.77741805000016], [-0.18044614899992, 5.76939548799999], [-0.183209286999954, 5.75870453200008], [-0.185110744999974, 5.75730106800012], [-0.186929139999961, 5.75622834600017], [-0.193213277999973, 5.75077795400006], [-0.191734811999936, 5.74506840300006], [-0.192069571999923, 5.74192563600019], [-0.191742384999941, 5.73969181899997], [-0.191827412999885, 5.73795488499997], [-0.197946007999974, 5.73258688700008], [-0.197699547999832, 5.72894725800012], [-0.19853134199991, 5.72737653500013], [-0.197736280999948, 5.72402100000005], [-0.197547060999909, 5.72257757100004], [-0.197962150999956, 5.72100652800003], [-0.199533926999891, 5.71902351200009], [-0.199950270999977, 5.71654258000018], [-0.196835145999898, 5.71103453900014], [-0.193858008999939, 5.70321663100003], [-0.193862046999925, 5.70032154100016], [-0.193037548999939, 5.69941050000017], [-0.193038587999979, 5.69866604800006], [-0.191143952999937, 5.69535471400013], [-0.18907688399986, 5.69725430000011], [-0.18852997099998, 5.69664707600015], [-0.18858966099998, 5.69138071300006], [-0.190241170999911, 5.69138303300008], [-0.190163799999823, 5.68766066100011], [-0.188595106999969, 5.68749302400016], [-0.188596265999877, 5.68666585700004], [-0.194458966999946, 5.6867567810001], [-0.190759943999922, 5.67467492800006], [-0.18786266099994, 5.66705251000019], [-0.193270790999918, 5.66721487100006], [-0.19538569499997, 5.66613584700008], [-0.19578508099994, 5.66586900400011], [-0.196011195999915, 5.66553300400005], [-0.196138309999981, 5.66515000300006], [-0.196100366999929, 5.66472818000005], [-0.196139207999977, 5.66449943100008], [-0.196365402999845, 5.66410554100014], [-0.197692283999913, 5.66374349800014], [-0.199732079999933, 5.66207339400017], [-0.201510609999957, 5.66061718800012], [-0.201899269999956, 5.66014081800012], [-0.202816055999961, 5.65982506099999], [-0.203602496999906, 5.66031958700006], [-0.20547573999994, 5.66170869900009], [-0.20516711199997, 5.64582654100013], [-0.209381735999898, 5.64318532700008], [-0.210205412999926, 5.64467536100011], [-0.211196020999978, 5.64484214000015], [-0.213258247999931, 5.6463338480001], [-0.213981927999953, 5.64581062800016], [-0.214169519999928, 5.64410170600013], [-0.215823127999954, 5.64244958500012], [-0.218549457999927, 5.64129520500001], [-0.220448544999954, 5.64129775200013], [-0.221299053999871, 5.64052024200009], [-0.22145808099998, 5.6403743780001], [-0.222279669999921, 5.63919285700018], [-0.222885386999963, 5.63894005000009], [-0.22301359599993, 5.6387486320001], [-0.223141806999934, 5.63855721300013], [-0.223315849999949, 5.63804194400007], [-0.223382675999972, 5.63745210200011], [-0.223793778999891, 5.63662564200013], [-0.224025178999852, 5.63643298300008], [-0.224556562999965, 5.63620488500004], [-0.224829424999939, 5.63587168800007], [-0.225102285999981, 5.63553849100015], [-0.226063310999905, 5.63502702400018], [-0.226644715999953, 5.63442683700015], [-0.228196903999958, 5.63217116300007], [-0.228139424999938, 5.63193952500006], [-0.22804326499994, 5.63182637300014], [-0.227985936999914, 5.63147895400004], [-0.228108414999838, 5.63041503200014], [-0.228273882999929, 5.63013682500014], [-0.22873409399989, 5.62962193200008], [-0.228772918999937, 5.62939317700005], [-0.22877405599985, 5.62853033400017], [-0.228596394999954, 5.62762038900013], [-0.228570274999925, 5.62724711200002], [-0.228512668999883, 5.62642387300002], [-0.228563367999925, 5.62553628500012], [-0.228701562999959, 5.62507196400003], [-0.228839757999936, 5.62460764400015], [-0.229317436999963, 5.62335949200008], [-0.229317737999963, 5.62313068700007], [-0.229007550999881, 5.62255964200017], [-0.229291097999976, 5.62246353100011], [-0.230189906999954, 5.62216423700005], [-0.229662944999916, 5.62018448200007], [-0.230290550999825, 5.61990939200007], [-0.230815052999958, 5.6207191740001], [-0.232261221999977, 5.62260692000018], [-0.232531520999942, 5.62299124000015], [-0.232685379999907, 5.62321000300005], [-0.232814748999942, 5.62338216500007], [-0.232997272999967, 5.62362508200005], [-0.233673701999976, 5.62452512900018], [-0.233877623999945, 5.6247844610001], [-0.2340497859999, 5.62500345100011], [-0.234769581999956, 5.62612762900005], [-0.235489377999897, 5.62725180700016], [-0.237012577999906, 5.6295923940001], [-0.237164925999821, 5.62982633400009], [-0.23863995499994, 5.63209126200007], [-0.239515558999869, 5.63343577400013], [-0.240285207999875, 5.63461761700012], [-0.240357782999922, 5.63472780400014], [-0.240430357999912, 5.6348379910001], [-0.241673145999869, 5.63672485700005], [-0.242558954999879, 5.63806972600003], [-0.243140343999869, 5.63895237100013], [-0.243185114999847, 5.63902178100005], [-0.24466481099995, 5.64131526400018], [-0.245200915999931, 5.64214617700009], [-0.246477875999972, 5.64415580700012], [-0.246787297999902, 5.64459390600018], [-0.247154660999911, 5.64506874700015], [-0.247778210999911, 5.64580818000013], [-0.248305456999844, 5.6463305210001], [-0.24872524299991, 5.64672238500003], [-0.249134746999971, 5.64699508400008], [-0.249544488999959, 5.64722443600004], [-0.256930413999896, 5.65218157500016], [-0.25915857799987, 5.65317704100011], [-0.271528790999866, 5.6656004780001], [-0.259794739999961, 5.67236851700011], [-0.260003210999969, 5.6747869400001], [-0.26010290399995, 5.67558662700009], [-0.260100055999885, 5.67890018899999], [-0.26016722199995, 5.67910151400008], [-0.260766069999931, 5.67994583300003], [-0.260985658999971, 5.68038994400007], [-0.261144327999943, 5.68113170200019], [-0.261240375999932, 5.68134409100008], [-0.261338858999977, 5.68180458700016], [-0.261434909999934, 5.68201421999999], [-0.261796209999886, 5.68355292600012], [-0.26179529399991, 5.68427242600018], [-0.261372777999952, 5.6854214330001], [-0.261125980999964, 5.68689044400003], [-0.26093270399997, 5.68739053900015], [-0.259666387999971, 5.68986030600013], [-0.259414927999956, 5.69066494200007], [-0.25937885999997, 5.69089370200015], [-0.259493682999903, 5.692564414], [-0.259531801999856, 5.69288424100012], [-0.259549318999973, 5.69317371799997], [-0.259606842999915, 5.69338330200009], [-0.259606253999891, 5.69384367100008], [-0.259412275999978, 5.69488821400012], [-0.259105670999929, 5.69577134400015], [-0.258799065999881, 5.69665447500012], [-0.25870249899998, 5.69684732000019], [-0.258666427999913, 5.69707608100003], [-0.258434375999911, 5.69776495800011], [-0.258224655999868, 5.69820576200016], [-0.258050542999968, 5.69877893200015], [-0.257918027999892, 5.69910405400003], [-0.25770493899995, 5.70002451800002], [-0.258142242999895, 5.70237930900004], [-0.258064598999965, 5.70283682100006], [-0.258044766999831, 5.70327786900015], [-0.257953064999867, 5.70396692700012], [-0.25793320899993, 5.70442727100004], [-0.257951562999949, 5.7051357680001], [-0.25810233899989, 5.70559357500008], [-0.258102090999955, 5.70578654500008], [-0.258216791999928, 5.70647586900009], [-0.25813855499996, 5.70739375000011], [-0.25813833299992, 5.70756604400015], [-0.258407414999908, 5.71019215300009], [-0.256198272999882, 5.70744775800011], [-0.254852793999873, 5.70402770500004], [-0.252999394999904, 5.70181305000017], [-0.251279495999881, 5.69958891500011], [-0.250916770999879, 5.69916942500004], [-0.250705325999888, 5.69881353600016], [-0.248656226999913, 5.69518937200013], [-0.24812968599997, 5.69649730999998], [-0.247929522999925, 5.69804907100007], [-0.247785072999932, 5.69908264400004], [-0.247732110999834, 5.69960083500018], [-0.247640679999904, 5.70007211100011], [-0.247461033999969, 5.70065905299998], [-0.247165697999947, 5.70132578900012], [-0.24673486699993, 5.70248579600008], [-0.246542707999936, 5.70317058400008], [-0.246350546999906, 5.70385537200008], [-0.246117040999934, 5.70564278400013], [-0.24570450899995, 5.70927895300002], [-0.245231249999961, 5.71146703300002], [-0.244963790999918, 5.71296077000011], [-0.244031687999893, 5.71770473000004], [-0.243543294999881, 5.71867168700004], [-0.243407808999962, 5.71915393000006], [-0.242883648999964, 5.72010981200009], [-0.241682202999925, 5.72293488300016], [-0.241489184999921, 5.72467719100007], [-0.241988035999896, 5.72727052000016], [-0.241409897999972, 5.72949716300008], [-0.241529439999965, 5.73306887900003], [-0.24149410199982, 5.7332019860001], [-0.241364930999964, 5.73359539300009], [-0.241002531999925, 5.73437014400014], [-0.240792202999899, 5.73479792000018], [-0.240395512999953, 5.73547976800012], [-0.239696144999925, 5.7365541910001], [-0.239276871999948, 5.73712003700018], [-0.238240732999941, 5.7384477810001], [-0.237367699999879, 5.73954451100008], [-0.237076134999938, 5.74001824499999], [-0.236871857999972, 5.74039391300016], [-0.23666757999996, 5.7407695820001], [-0.236001631999954, 5.74209910400015], [-0.235124919999976, 5.74394911000007], [-0.234891929999947, 5.74428406200008], [-0.23475227799986, 5.74444566400012], [-0.234583812999972, 5.74458970600017], [-0.231663416999879, 5.74674379100014], [-0.230837387999941, 5.74957207200009], [-0.22976675599989, 5.75315655700012], [-0.22863400499989, 5.75278675199996], [-0.227353269999981, 5.75225165800015], [-0.226609379999957, 5.75194085900006], [-0.227584711999953, 5.74900783200013], [-0.227516329999958, 5.74716072300015], [-0.227400755999895, 5.7453165820001], [-0.227340525999978, 5.74435552500006], [-0.227304982999954, 5.74213635200005], [-0.227292230999979, 5.74212460900003], [-0.225056467999934, 5.7400658040001], [-0.223577153999884, 5.74108652500013], [-0.222519542999976, 5.74165029300002], [-0.221339915999977, 5.74288919200012], [-0.22116903899996, 5.74335650700016], [-0.221423542999958, 5.74432163000017], [-0.221423060999939, 5.74467724100003], [-0.221320812999977, 5.74498309300009], [-0.220445098999846, 5.74839053200003], [-0.218035105999945, 5.7507015540001], [-0.214505427999825, 5.74963129800005], [-0.212487606999844, 5.75094074000003], [-0.207248472999879, 5.75458073700003], [-0.206367559999819, 5.75670076800003], [-0.206165152999858, 5.75678387600016], [-0.205962744999965, 5.75686698300018], [-0.205447085999936, 5.75757472800018], [-0.204763678999882, 5.75818024300014], [-0.204307929999914, 5.75885232100012], [-0.204344400999844, 5.75887191000004], [-0.204065601999957, 5.75928304500007], [-0.203549406999969, 5.76037396200019], [-0.202669321999963, 5.76188338100008], [-0.201966943999935, 5.76310255000016], [-0.201940951999916, 5.76314766700006], [-0.204450308999981, 5.7636804550001], [-0.204519034999976, 5.76389447000014], [-0.204532505999964, 5.76394796500006], [-0.204512441999896, 5.76452132200012], [-0.204454163999969, 5.76486582300015], [-0.20445341899989, 5.76540061500015], [-0.204300226999919, 5.76670430000007], [-0.204333918999964, 5.76699595400009], [-0.204335580999896, 5.76701033800003], [-0.204439688999912, 5.76735506600011], [-0.204543797999975, 5.76769979400007], [-0.204697662999934, 5.76789021800016], [-0.204762205999941, 5.7680898910001], [-0.204853715999889, 5.7686419150001], [-0.204785805999961, 5.76898502500006], [-0.20471789599992, 5.76932813500002], [-0.20450810799997, 5.76976615100006], [-0.204221249999932, 5.77020681700009], [-0.204106800999966, 5.77036930100019], [-0.203779806999933, 5.7709725520001], [-0.203703796999946, 5.77120262800014], [-0.203501659999915, 5.77306033600019], [-0.203784044999907, 5.77582704400015], [-0.202769320999892, 5.77715157700004], [-0.202690451999956, 5.778441585], [-0.202690111999914, 5.77868417000013], [-0.20235330099996, 5.7794142140001], [-0.202485852999814, 5.78115458000008], [-0.202542491999964, 5.78189823200012], [-0.201892228999895, 5.78239627500005], [-0.201602690999835, 5.78277904400016], [-0.201412508999908, 5.78296898600007], [-0.20118384299991, 5.78312303800004], [-0.200569953999832, 5.78319660400007], [-0.200283569999954, 5.78329268400006], [-0.199919927999872, 5.78352373100006], [-0.199834443999976, 5.78363801300009], [-0.19974895799993, 5.78375229400007], [-0.199633221999932, 5.78384861300009], [-0.199404695999874, 5.78390342400013], [-0.199176083999873, 5.78401888200005], [-0.198944609999899, 5.78421152100015], [-0.198715974999971, 5.784343519], [-0.198369009999965, 5.78445880900017], [-0.198254757999848, 5.78447794400006], [-0.197460006999904, 5.78439967300005], [-0.196607671999971, 5.78431573000012], [-0.194163804999846, 5.78412619200009], [-0.191857184999947, 5.78614216500017], [-0.188958969999874, 5.78802358300004], [-0.185976108999967, 5.78941693300004], [-0.185867412999869, 5.79036161900007], [-0.185758716999942, 5.79130630500003], [-0.18324497999987, 5.791460347], [-0.182502029999966, 5.7912111280001], [-0.181263897999827, 5.79071304299998], [-0.179365767999968, 5.78971770200013], [-0.17821094899989, 5.78872343300003], [-0.177299684999923, 5.78745258300006]]]]}, "properties": {"REGION": "Greater Accra", "DISTRICT": "Ga East"}}, {"type": "Feature", "geometry": {"type": "MultiPolygon", "coordinates": [[[[-0.269275441999923, 5.80474282900013], [-0.269262107999964, 5.80468942700003], [-0.267465399999935, 5.80627496400018], [-0.265498698999977, 5.80762921100006], [-0.265128232999814, 5.80406896099998], [-0.265115925999964, 5.80402550800005], [-0.26511488999995, 5.80401555600014], [-0.264945008999916, 5.80341575300014], [-0.264793769999926, 5.80329977500014], [-0.26366613599987, 5.80344216800012], [-0.263796265999929, 5.80174471600014], [-0.263782920999972, 5.80169130600018], [-0.26241249799989, 5.79719058900002], [-0.261506100999952, 5.79624507200003], [-0.260736465999969, 5.79544221600003], [-0.260978848999969, 5.79449645900007], [-0.261018676999868, 5.79350134500015], [-0.261322323999934, 5.79282910800003], [-0.261270877999948, 5.79005305200019], [-0.261257612999941, 5.79000420800008], [-0.259920719999968, 5.78507716600006], [-0.256507468999928, 5.77785842999998], [-0.2508891519999, 5.78177602800014], [-0.244694071999902, 5.78517289500007], [-0.24151801499994, 5.78497982800019], [-0.236248531999934, 5.78400853300019], [-0.233406439999953, 5.784340278], [-0.233730308999952, 5.78351903500004], [-0.234412043999953, 5.78211404900014], [-0.23486724299994, 5.78133176600016], [-0.235151805999976, 5.78053822600003], [-0.235065881999958, 5.77893372400013], [-0.234890715999938, 5.77819745500005], [-0.234786846999953, 5.77765976400008], [-0.234756940999887, 5.77738405500008], [-0.234727033999889, 5.77710834700002], [-0.234987006999916, 5.77617694100007], [-0.234974044999888, 5.77558148000008], [-0.235083049999957, 5.77434112200012], [-0.235263139999915, 5.7734564700001], [-0.235409738999977, 5.77291635900008], [-0.235516596999958, 5.77265303600007], [-0.235638942999969, 5.77235154700008], [-0.235934197999939, 5.77178958100012], [-0.23665370599997, 5.77093597700002], [-0.236910067999872, 5.7706427330001], [-0.237166428999956, 5.77034949000006], [-0.237486209999929, 5.76996949800008], [-0.237839186999906, 5.76946274000005], [-0.238627358999963, 5.76871397800011], [-0.2388094289999, 5.76840271700019], [-0.238900715999932, 5.76805825300011], [-0.238956433999817, 5.76755385600006], [-0.239138719999971, 5.7670799500001], [-0.239251841999931, 5.76687335000003], [-0.239364961999968, 5.76666674900008], [-0.239662750999969, 5.76626467200015], [-0.239957895999964, 5.7657798890001], [-0.240471173999822, 5.76476887100011], [-0.240756475999888, 5.76444120700017], [-0.241041775999975, 5.76411354200013], [-0.241772001999891, 5.7634666940001], [-0.242160569999896, 5.76309781500004], [-0.242524561999971, 5.76258004200008], [-0.242997418999948, 5.76091149700017], [-0.242984028999899, 5.76085799600008], [-0.242901592999942, 5.76052943000008], [-0.242902402999903, 5.75991758600009], [-0.242982858999881, 5.75943527400011], [-0.243143070999906, 5.75899717400011], [-0.243686994999962, 5.7576967390001], [-0.243650147999972, 5.75769931800005], [-0.243673606999948, 5.75764322999999], [-0.242784529999938, 5.75770545500006], [-0.242280719999883, 5.7578095400001], [-0.240374983999857, 5.75763195600013], [-0.23920269499996, 5.75645191000018], [-0.236438360999898, 5.75619046700012], [-0.236128836999967, 5.75610873000005], [-0.235853666999958, 5.75606425400008], [-0.235567660999891, 5.75589020000007], [-0.235086499999966, 5.75552291600007], [-0.234576396999955, 5.75518867300002], [-0.232329423999943, 5.75498717400018], [-0.230688174999955, 5.75359835300009], [-0.22976675599989, 5.75315655700012], [-0.230837387999941, 5.74957207200009], [-0.231663416999879, 5.74674379100014], [-0.234583812999972, 5.74458970600017], [-0.23475227799986, 5.74444566400012], [-0.234891929999947, 5.74428406200008], [-0.235124919999976, 5.74394911000007], [-0.236001631999954, 5.74209910400015], [-0.23666757999996, 5.7407695820001], [-0.236871857999972, 5.74039391300016], [-0.237076134999938, 5.74001824499999], [-0.237367699999879, 5.73954451100008], [-0.238240732999941, 5.7384477810001], [-0.239276871999948, 5.73712003700018], [-0.239696144999925, 5.7365541910001], [-0.240395512999953, 5.73547976800012], [-0.240792202999899, 5.73479792000018], [-0.241002531999925, 5.73437014400014], [-0.241364930999964, 5.73359539300009], [-0.24149410199982, 5.7332019860001], [-0.241529439999965, 5.73306887900003], [-0.241409897999972, 5.72949716300008], [-0.241988035999896, 5.72727052000016], [-0.241489184999921, 5.72467719100007], [-0.241682202999925, 5.72293488300016], [-0.242883648999964, 5.72010981200009], [-0.243407808999962, 5.71915393000006], [-0.243543294999881, 5.71867168700004], [-0.244031687999893, 5.71770473000004], [-0.244963790999918, 5.71296077000011], [-0.245231249999961, 5.71146703300002], [-0.24570450899995, 5.70927895300002], [-0.246117040999934, 5.70564278400013], [-0.246350546999906, 5.70385537200008], [-0.246542707999936, 5.70317058400008], [-0.24673486699993, 5.70248579600008], [-0.247165697999947, 5.70132578900012], [-0.247461033999969, 5.70065905299998], [-0.247640679999904, 5.70007211100011], [-0.247732110999834, 5.69960083500018], [-0.247785072999932, 5.69908264400004], [-0.247929522999925, 5.69804907100007], [-0.24812968599997, 5.69649730999998], [-0.248656226999913, 5.69518937200013], [-0.250705325999888, 5.69881353600016], [-0.250916770999879, 5.69916942500004], [-0.251279495999881, 5.69958891500011], [-0.252999394999904, 5.70181305000017], [-0.254852793999873, 5.70402770500004], [-0.256198272999882, 5.70744775800011], [-0.258407414999908, 5.71019215300009], [-0.25813833299992, 5.70756604400015], [-0.25813855499996, 5.70739375000011], [-0.258216791999928, 5.70647586900009], [-0.258102090999955, 5.70578654500008], [-0.25810233899989, 5.70559357500008], [-0.257951562999949, 5.7051357680001], [-0.25793320899993, 5.70442727100004], [-0.257953064999867, 5.70396692700012], [-0.258044766999831, 5.70327786900015], [-0.258064598999965, 5.70283682100006], [-0.258142242999895, 5.70237930900004], [-0.25770493899995, 5.70002451800002], [-0.257918027999892, 5.69910405400003], [-0.258050542999968, 5.69877893200015], [-0.258224655999868, 5.69820576200016], [-0.258434375999911, 5.69776495800011], [-0.258666427999913, 5.69707608100003], [-0.25870249899998, 5.69684732000019], [-0.258799065999881, 5.69665447500012], [-0.259105670999929, 5.69577134400015], [-0.259412275999978, 5.69488821400012], [-0.259606253999891, 5.69384367100008], [-0.259606842999915, 5.69338330200009], [-0.259549318999973, 5.69317371799997], [-0.259531801999856, 5.69288424100012], [-0.259493682999903, 5.692564414], [-0.25937885999997, 5.69089370200015], [-0.259414927999956, 5.69066494200007], [-0.259666387999971, 5.68986030600013], [-0.26093270399997, 5.68739053900015], [-0.261125980999964, 5.68689044400003], [-0.261372777999952, 5.6854214330001], [-0.26179529399991, 5.68427242600018], [-0.261796209999886, 5.68355292600012], [-0.261434909999934, 5.68201421999999], [-0.261338858999977, 5.68180458700016], [-0.261240375999932, 5.68134409100008], [-0.261144327999943, 5.68113170200019], [-0.260985658999971, 5.68038994400007], [-0.260766069999931, 5.67994583300003], [-0.26016722199995, 5.67910151400008], [-0.260100055999885, 5.67890018899999], [-0.26010290399995, 5.67558662700009], [-0.260003210999969, 5.6747869400001], [-0.259794739999961, 5.67236851700011], [-0.271528790999866, 5.6656004780001], [-0.25915857799987, 5.65317704100011], [-0.256930413999896, 5.65218157500016], [-0.249544488999959, 5.64722443600004], [-0.249134746999971, 5.64699508400008], [-0.24872524299991, 5.64672238500003], [-0.248305456999844, 5.6463305210001], [-0.247778210999911, 5.64580818000013], [-0.247154660999911, 5.64506874700015], [-0.246787297999902, 5.64459390600018], [-0.246477875999972, 5.64415580700012], [-0.245200915999931, 5.64214617700009], [-0.24466481099995, 5.64131526400018], [-0.243185114999847, 5.63902178100005], [-0.243140343999869, 5.63895237100013], [-0.242558954999879, 5.63806972600003], [-0.241673145999869, 5.63672485700005], [-0.240430357999912, 5.6348379910001], [-0.240357782999922, 5.63472780400014], [-0.240285207999875, 5.63461761700012], [-0.239515558999869, 5.63343577400013], [-0.23863995499994, 5.63209126200007], [-0.237164925999821, 5.62982633400009], [-0.237012577999906, 5.6295923940001], [-0.235489377999897, 5.62725180700016], [-0.238273706999905, 5.62526766600001], [-0.24426312099996, 5.61938874900005], [-0.24793770499997, 5.61599935200019], [-0.25214881099987, 5.61923744800009], [-0.255845362999935, 5.62822997100011], [-0.259131184999944, 5.63640487000015], [-0.264059919999966, 5.64539712600003], [-0.271863749999966, 5.64866700300013], [-0.278435395999963, 5.65725034200005], [-0.287060681999947, 5.66542483300009], [-0.292810871999848, 5.66951203400009], [-0.296918149999954, 5.68054733400015], [-0.305954164999946, 5.70098251500013], [-0.316633088999936, 5.7120172110001], [-0.32279400699997, 5.72427773500004], [-0.327722741999935, 5.73449463700001], [-0.331419292999897, 5.74675467800006], [-0.335937298999966, 5.75370191800005], [-0.337990938999894, 5.76187503200003], [-0.340455305999967, 5.7688220870001], [-0.346570740999937, 5.77407163000004], [-0.344340706999901, 5.77649165700018], [-0.343872495999904, 5.77674749400012], [-0.343335338999964, 5.7771190360001], [-0.342891872999928, 5.77739695399998], [-0.342352120999976, 5.77763065300007], [-0.341630824999868, 5.77776214300013], [-0.341138064999882, 5.77782222000019], [-0.340703077999933, 5.77790717500005], [-0.340290072999949, 5.77802523600013], [-0.339788839999869, 5.77827000500002], [-0.33774670899993, 5.77810222400012], [-0.335391724999965, 5.77655585600007], [-0.3327353009999, 5.77740166500013], [-0.331956766999951, 5.77822639500016], [-0.331459208999831, 5.77886405300018], [-0.330591092999953, 5.77784586200005], [-0.329511764999893, 5.77627717899998], [-0.329145933999939, 5.77567386099997], [-0.327838695999958, 5.77389070300006], [-0.327417378999883, 5.77248865400014], [-0.324605361999943, 5.77439824800007], [-0.324439787999893, 5.77475918500016], [-0.324097559999927, 5.77554169100006], [-0.323768995999899, 5.77640416000008], [-0.323648802999912, 5.77679409500013], [-0.323528608999936, 5.77718403000017], [-0.323346332999961, 5.77770207900011], [-0.323097888999882, 5.77831102200014], [-0.322891006999839, 5.77868844900019], [-0.322502308999901, 5.77919522600013], [-0.322278585999868, 5.77935400000013], [-0.321998182999948, 5.77955300000008], [-0.321494156999904, 5.7798280720001], [-0.321058909999863, 5.78012803600001], [-0.32057962499988, 5.78042794800012], [-0.320075674999941, 5.7806368570001], [-0.319478253999819, 5.78075192400013], [-0.318768171999864, 5.78070696600014], [-0.318091281999898, 5.78052696599997], [-0.31749408099995, 5.78045733099998], [-0.316863886999954, 5.78035733100006], [-0.315564856999913, 5.78024825500012], [-0.315592308999896, 5.78030290700002], [-0.315578092999942, 5.78030171300009], [-0.315729116999933, 5.78060237900013], [-0.31629799399991, 5.78133635200015], [-0.316468523999902, 5.78172122800004], [-0.316476420999948, 5.78173905000011], [-0.316522513999928, 5.78204683100006], [-0.316561069999921, 5.78230428000012], [-0.316422946999978, 5.78272037900018], [-0.315919303999976, 5.78329724600007], [-0.310643016999848, 5.78934055500014], [-0.305651749999868, 5.79241510200006], [-0.30509807899989, 5.79275763500004], [-0.303765519999956, 5.79303994300017], [-0.303591851999954, 5.79325199800019], [-0.30344265399998, 5.79371218600011], [-0.29956210499995, 5.79554889100007], [-0.297464857999898, 5.79541121500006], [-0.295596588999956, 5.79707670800013], [-0.294431490999898, 5.7977065450001], [-0.29323392799995, 5.79787872600002], [-0.291465740999911, 5.79873385400009], [-0.282821025999908, 5.80232874500007], [-0.281808455999965, 5.80328165400016], [-0.274654434999945, 5.80800083600019], [-0.270702248999953, 5.8082567030001], [-0.270311856999967, 5.807889558], [-0.269907936999971, 5.80734045400004], [-0.269863562999944, 5.80724788600003], [-0.26979324399997, 5.80710119400015], [-0.269655379999847, 5.80681359900007], [-0.269644632999928, 5.80676559500017], [-0.269491171999846, 5.80608010600002], [-0.269362968999872, 5.80517298700005], [-0.269275441999923, 5.80474282900013]]]]}, "properties": {"REGION": "Greater Accra", "DISTRICT": "Ga North"}}, {"type": "Feature", "geometry": {"type": "MultiPolygon", "coordinates": [[[[-0.425960410999892, 5.60433120300013], [-0.426111060999915, 5.60456135900017], [-0.426322641999946, 5.60486757200005], [-0.426341770999841, 5.60500267399999], [-0.426509497999859, 5.60513240700016], [-0.426583343999937, 5.6055928670001], [-0.426492376999931, 5.60575887600004], [-0.426492293999956, 5.60584364700003], [-0.426607789999821, 5.60592095100003], [-0.426932431999944, 5.60597916100005], [-0.427064455999925, 5.60603718400017], [-0.42710275699983, 5.60626603600008], [-0.427028234999966, 5.60649753500013], [-0.427102194999975, 5.60684220800016], [-0.427064878999886, 5.607014472], [-0.426986482999894, 5.60980841900016], [-0.427041293999878, 5.610037288], [-0.427024689999939, 5.61013376000017], [-0.426909042999966, 5.61021083700007], [-0.426680613999963, 5.61024920800014], [-0.426449488999936, 5.6102296840001], [-0.426336650999929, 5.61024887100001], [-0.426143920999891, 5.61036171200004], [-0.426086021999879, 5.61047744100011], [-0.425876854999899, 5.61051583000017], [-0.425761320999925, 5.61047712200002], [-0.425609825999913, 5.61063135500007], [-0.425532440999916, 5.61097587900014], [-0.425474599999916, 5.61103233700004], [-0.425416758999972, 5.61108879500006], [-0.425387780999927, 5.61117560500014], [-0.42539724299985, 5.61134791500018], [-0.425416121999888, 5.61173940100008], [-0.426065403999871, 5.61327282100012], [-0.427065438999932, 5.61349434700014], [-0.427367930999935, 5.61369589000003], [-0.427442117999931, 5.61380899200014], [-0.42748041599998, 5.61404060000012], [-0.427403257999913, 5.6141535540001], [-0.427367258999936, 5.61438509000004], [-0.427441332999933, 5.61461397800014], [-0.427653011999951, 5.61482370300018], [-0.427784886999973, 5.6150361060001], [-0.42769112499991, 5.61524553100008], [-0.427671525999926, 5.61559011200012], [-0.427536483999916, 5.61580225400007], [-0.427497736999896, 5.61603103100009], [-0.427555186999939, 5.61637568800006], [-0.427744870999845, 5.61656609400001], [-0.427898741999968, 5.61679781600003], [-0.427917780999962, 5.61702665000013], [-0.42785977199992, 5.61725540800006], [-0.427694414999849, 5.61751438600015], [-0.427981081999917, 5.61842716900009], [-0.428433192999933, 5.61899275700017], [-0.428805884999974, 5.61916680000007], [-0.429178577999892, 5.61934084400008], [-0.429715112999872, 5.61939926000014], [-0.430210592999913, 5.61922882100015], [-0.430326147999892, 5.61924823200007], [-0.430441702999872, 5.61926764200007], [-0.430573695999954, 5.61936150200006], [-0.430878693999944, 5.61982218600014], [-0.431032344999892, 5.62028272300012], [-0.431032009999967, 5.62062732300006], [-0.431310605999897, 5.62135745900008], [-0.432408069999951, 5.62186233400018], [-0.432560857999874, 5.62179494000014], [-0.432715122999923, 5.62162416800004], [-0.432943517999945, 5.62162439000002], [-0.433115467999926, 5.62166177300003], [-0.433287416999974, 5.62169915700008], [-0.433403053999939, 5.62163310500011], [-0.433518692999826, 5.62156705400008], [-0.433631495999919, 5.62158646099999], [-0.433747032999975, 5.62162516900003], [-0.433900947999916, 5.62181553800002], [-0.434244749999948, 5.62198955000008], [-0.434376613999916, 5.6222184930001], [-0.434472832999973, 5.62231507500007], [-0.434588424999959, 5.6222958890001], [-0.434778408999932, 5.622180286], [-0.434893780999914, 5.62238991500004], [-0.43630814099987, 5.62244090500019], [-0.436396141999978, 5.62249888299999], [-0.436957345999929, 5.6226620760001], [-0.437061858999868, 5.6227186910001], [-0.437166371999922, 5.62277530700015], [-0.437339547999954, 5.62296845000003], [-0.437413626999955, 5.62319733700008], [-0.437949633999892, 5.62380986500011], [-0.438180709999926, 5.62388727900014], [-0.438799679999875, 5.62404625800008], [-0.4390156689999, 5.62410173400002], [-0.439212295999823, 5.62423287100012], [-0.439440270999967, 5.62467418000011], [-0.440127703999963, 5.6252096610001], [-0.440452122999886, 5.62551597800018], [-0.440625281999928, 5.62572841900004], [-0.440853535999906, 5.62588026200012], [-0.441483491999975, 5.62609314000014], [-0.441752930999883, 5.62634151000009], [-0.441981254999973, 5.62641892000011], [-0.442325165999875, 5.62648541200008], [-0.442669076999948, 5.62655190400005], [-0.442877991999978, 5.62678367500013], [-0.443216202999906, 5.627056923], [-0.444152501999838, 5.62778010100016], [-0.444162023999979, 5.62789589500017], [-0.444200459999877, 5.62798966300011], [-0.444390113999873, 5.62822141700008], [-0.44456304299996, 5.62867921300011], [-0.444656530999964, 5.62875649200004], [-0.444887645999927, 5.62879530800006], [-0.444981133999931, 5.62887258700016], [-0.444980699999974, 5.62933021800006], [-0.445076685999936, 5.62967491000018], [-0.44524972399995, 5.63001967700001], [-0.446476189999885, 5.63090853600011], [-0.446968544999947, 5.63114057600012], [-0.447518772999899, 5.63128445200016], [-0.448038945999883, 5.6311994830001], [-0.448443381999937, 5.63128532700011], [-0.450133577999907, 5.63066664000019], [-0.450238120999927, 5.63069430600018], [-0.450447310999948, 5.63063936700013], [-0.450849056999971, 5.63065904400008], [-0.451080120999961, 5.6307529930001], [-0.451443143999882, 5.63098490700014], [-0.451555934999931, 5.63102085100007], [-0.451632876999952, 5.63113670999996], [-0.451957463999918, 5.63127209900011], [-0.452185668999959, 5.63148183200013], [-0.452416676999974, 5.63163643100006], [-0.452760511999941, 5.63178837900017], [-0.452988750999964, 5.63196227200007], [-0.453235968999934, 5.63243943300006], [-0.453351473999874, 5.63251673300005], [-0.453392642999916, 5.63263255700002], [-0.453755676999947, 5.63285344299999], [-0.454165373999899, 5.63320256300011], [-0.454575070999965, 5.63355168500004], [-0.455378210999868, 5.63397422900005], [-0.455606435999925, 5.63416466300015], [-0.45594998699994, 5.63462537200019], [-0.456257907999941, 5.63493166600011], [-0.456485988999873, 5.63527648100012], [-0.456645152999897, 5.63575355899997], [-0.457080945999905, 5.6361564610001], [-0.457516738999971, 5.63655936200013], [-0.457747732999906, 5.63673325700006], [-0.458322583999973, 5.6370397980001], [-0.458666431999973, 5.63718347300016], [-0.459010280999848, 5.63732714600008], [-0.460729638999908, 5.63792145700012], [-0.461186254999859, 5.63812864100004], [-0.461469724999972, 5.63809719900007], [-0.461753195999961, 5.63806575900014], [-0.462601690999975, 5.63839392600005], [-0.463367959999971, 5.63869029000006], [-0.463596310999947, 5.63874839300013], [-0.464749283999879, 5.63881010500012], [-0.465315994999969, 5.63899808800011], [-0.465890782999907, 5.63938181400005], [-0.466806766999923, 5.63980444800006], [-0.467035136999925, 5.63984325200005], [-0.468584138999915, 5.64016997300018], [-0.468784570999958, 5.64026681200011], [-0.469058628999903, 5.64039922300014], [-0.469304746999853, 5.64058966800019], [-0.469808163999915, 5.64078310400004], [-0.470286658999896, 5.64114744000017], [-0.470630537999966, 5.64126354000018], [-0.471051192999937, 5.6416857160001], [-0.471394969999949, 5.64191484500014], [-0.471635556999956, 5.64213698800012], [-0.471876145999886, 5.64235913100015], [-0.472402249999902, 5.64249883900015], [-0.473199369999975, 5.64283588200004], [-0.473303803999954, 5.6429889800001], [-0.473532020999926, 5.64319870500015], [-0.474010631999931, 5.64343898100014], [-0.474307513999975, 5.643796259], [-0.474604395999961, 5.64415353599998], [-0.474816117999978, 5.64434670500009], [-0.475635716999932, 5.64486297100018], [-0.47664122599997, 5.64520572200018], [-0.476799395999933, 5.64527754200009], [-0.4771845329999, 5.64542124300016], [-0.477528449999852, 5.64549874300019], [-0.47798523299997, 5.64553499200008], [-0.478100777999941, 5.64557369200008], [-0.478216322999913, 5.64561239099999], [-0.479121110999927, 5.64626932700003], [-0.479357672999924, 5.64638256900014], [-0.479594235999969, 5.64649580999998], [-0.480606659999978, 5.64680548000007], [-0.482229707999977, 5.64745478200012], [-0.482640938999907, 5.64765639600012], [-0.48433049199997, 5.64623261600008], [-0.490244947999884, 5.64552932500004], [-0.494568903999891, 5.64470053500003], [-0.496205129999908, 5.64603901800007], [-0.497133392999956, 5.64662564900016], [-0.497425175999979, 5.64812975400002], [-0.497656836999965, 5.64895697400004], [-0.496406724999872, 5.65159697000018], [-0.493668967999952, 5.65428801500002], [-0.494402862999834, 5.65529489900018], [-0.494479718999969, 5.65552378300009], [-0.494762268999978, 5.65656335400007], [-0.494922816999974, 5.65865868700013], [-0.494968064999966, 5.65884343400006], [-0.495013311999969, 5.65902818100017], [-0.495127276999881, 5.65930672100012], [-0.495241241999906, 5.65958526000014], [-0.495700223999961, 5.66027486700011], [-0.496044022999911, 5.66050398300007], [-0.496558426999911, 5.6607525440001], [-0.497287037999968, 5.66151957500006], [-0.497574487999884, 5.66167282900011], [-0.498321997999938, 5.66258936200001], [-0.498387869999931, 5.66267012800012], [-0.49841380099997, 5.66291826600008], [-0.498317230999874, 5.66360739100014], [-0.498317032999864, 5.66383620700009], [-0.498431822999919, 5.66475708900009], [-0.498450348999881, 5.66521473900008], [-0.498508039999933, 5.66533057599997], [-0.498507843999903, 5.66555939400013], [-0.498565207999945, 5.66565593200011], [-0.498625413999889, 5.6658489620001], [-0.498685618999957, 5.66604199200009], [-0.499486391999881, 5.66731082800004], [-0.499726399999929, 5.66823181800004], [-0.50050312999997, 5.66906229500012], [-0.500801369999976, 5.66947469900015], [-0.501099610999972, 5.66988710200008], [-0.501327864999951, 5.67007752000018], [-0.502615491999961, 5.67045079999997], [-0.503376976999903, 5.67141634600011], [-0.503945613999974, 5.67262708400011], [-0.504500776999919, 5.67350423200003], [-0.505189919999907, 5.67540428200004], [-0.504821246999938, 5.67689817000019], [-0.507043225999951, 5.6800467860001], [-0.509187654999948, 5.6830854750001], [-0.512400684999932, 5.68481030800007], [-0.516002899999933, 5.68674403400018], [-0.518462195999916, 5.68639872800003], [-0.51848314699987, 5.6869717990001], [-0.518505036999898, 5.68757055300011], [-0.518526442999928, 5.68815605800012], [-0.518546546999971, 5.68870594800018], [-0.518558503999884, 5.68903299600004], [-0.518649215999858, 5.6915141990001], [-0.519413964999956, 5.69358522200014], [-0.519448328999886, 5.69464435400016], [-0.519469807999883, 5.69530638100014], [-0.51953136599991, 5.69720367000002], [-0.518976627999962, 5.69824529300013], [-0.519002644999944, 5.69839969700013], [-0.518954858999905, 5.69960164000003], [-0.519201936999934, 5.70034343499998], [-0.51957039399997, 5.7007462410001], [-0.520205699999963, 5.70128435400017], [-0.520384243999956, 5.70170216300016], [-0.520562789999929, 5.70211997300009], [-0.520562100999939, 5.70294978100003], [-0.520355172999871, 5.70356851900004], [-0.520148244999973, 5.70418725700006], [-0.520103545999916, 5.70498670200004], [-0.519950509999944, 5.70533531500001], [-0.515949771999942, 5.70677168900005], [-0.514352593999888, 5.70854784700009], [-0.511586848999912, 5.70990600200014], [-0.510678748999851, 5.71093319900012], [-0.508279625999933, 5.71364696400002], [-0.50842950099991, 5.71379044800017], [-0.508613606999972, 5.71413520900018], [-0.508764480999901, 5.71471978600016], [-0.508929204999959, 5.71520237300018], [-0.509044495999888, 5.71555810300015], [-0.509113155999898, 5.71572908399997], [-0.509286380999924, 5.71592496800002], [-0.509415383999965, 5.71633860200018], [-0.509479812999928, 5.71663088200017], [-0.509544241999947, 5.71692316100012], [-0.509579512999949, 5.71752142400015], [-0.509606466999855, 5.71818860100018], [-0.509567700999924, 5.71846425100006], [-0.509528934999935, 5.71873990100016], [-0.509393691999946, 5.71918914900004], [-0.509189554999978, 5.71974034200008], [-0.509054310999886, 5.72018958900003], [-0.509043130999942, 5.72039082800006], [-0.509031949999837, 5.72059206800003], [-0.509045436999884, 5.72091462800006], [-0.509058922999941, 5.72123718900002], [-0.509083312999906, 5.72168381700004], [-0.509165576999976, 5.72203951900013], [-0.50932762799988, 5.72243112700005], [-0.509693456999969, 5.72269333900005], [-0.50996017499989, 5.72299130499999], [-0.51017997699995, 5.72343809900002], [-0.510457419999909, 5.72406965000016], [-0.510701906999884, 5.72461846900018], [-0.510851656999932, 5.72491219900013], [-0.511001406999981, 5.72520592900014], [-0.511254248999933, 5.72563896800017], [-0.51156766899993, 5.72604173200006], [-0.511762908999913, 5.72624590400011], [-0.511823102999927, 5.72666499400015], [-0.51160555499996, 5.72680265000014], [-0.511239253999861, 5.72709180600009], [-0.510963838999885, 5.7273093610001], [-0.510860491999949, 5.72747054700011], [-0.510757142999921, 5.72763173300012], [-0.510632906999945, 5.72808099100013], [-0.510450619999972, 5.72882793700012], [-0.51024343399996, 5.7297237300001], [-0.510050017999959, 5.7306085080001], [-0.509889947999966, 5.73111976300004], [-0.509213662999969, 5.73281305100016], [-0.511320077999869, 5.73421109600014], [-0.51033151199988, 5.73618030400013], [-0.509682180999903, 5.73592060700008], [-0.509236464999958, 5.73573000300013], [-0.508804472999941, 5.73558352100008], [-0.508333026999935, 5.73651492500005], [-0.508230967999907, 5.73677398000007], [-0.507864131999952, 5.73767790400007], [-0.506459675999906, 5.73867572900014], [-0.505670545999976, 5.73923637900015], [-0.50507319399992, 5.73951575600006], [-0.503697666999813, 5.74018302100012], [-0.502529857999889, 5.74111657100013], [-0.502075264999974, 5.74163997300008], [-0.501518362999889, 5.74270362300012], [-0.501281414999823, 5.74298461300015], [-0.49964093899996, 5.74384744500009], [-0.499554845999967, 5.74393972400003], [-0.499210698999889, 5.74405520900007], [-0.498979467999959, 5.74409084500019], [-0.4986352869999, 5.74424492600002], [-0.498406704999979, 5.74439910700011], [-0.498300646999837, 5.74450377300008], [-0.498194588999922, 5.74460844000009], [-0.497756408999919, 5.74523936800006], [-0.497315624999942, 5.74569937100006], [-0.49697132599988, 5.7459857770001], [-0.496684909999885, 5.74617712500014], [-0.496398493999948, 5.74636847200009], [-0.495404076999876, 5.74728561699999], [-0.494757372999857, 5.74716374500008], [-0.494201544999953, 5.74698957400011], [-0.49367596799982, 5.74684299700016], [-0.493220843999893, 5.74682493000017], [-0.492184228999918, 5.74678378000016], [-0.492408189999878, 5.74778379500003], [-0.492552280999917, 5.74842717300015], [-0.4903376339999, 5.74804476000003], [-0.488327694999953, 5.74728208199997], [-0.486415729999976, 5.74930111600008], [-0.482977319999918, 5.74956812800013], [-0.480942630999891, 5.74774408100012], [-0.480668131999948, 5.74644434700002], [-0.480457539999975, 5.74544721100011], [-0.476645112999961, 5.74475020800008], [-0.474380911999901, 5.74422511500012], [-0.472116710999899, 5.74370002000006], [-0.471659908999925, 5.74360311000004], [-0.467454164999936, 5.74227042500019], [-0.466789584999958, 5.74214850600015], [-0.465688824999972, 5.74195450200006], [-0.46390140799997, 5.74170609300006], [-0.462113989999978, 5.74145768400018], [-0.457702531999928, 5.74087458800005], [-0.456890402999932, 5.74078300100007], [-0.452377327999841, 5.74027404600014], [-0.448108888999968, 5.73982472100016], [-0.447720925999931, 5.73970442600006], [-0.446989121999877, 5.73937565900013], [-0.443675220999978, 5.73947720600012], [-0.442208403999928, 5.74014128700009], [-0.439164610999967, 5.73996998199999], [-0.436322795999843, 5.74045694500006], [-0.436190908999947, 5.7402280010001], [-0.43595982699992, 5.74011198700015], [-0.435615843999869, 5.74005375600018], [-0.435271989999933, 5.73986319700015], [-0.434976325999969, 5.73964925300004], [-0.434878624999897, 5.73964226500016], [-0.434336485999893, 5.73957280900009], [-0.433443176999958, 5.73975525200018], [-0.432955601999936, 5.73738668100003], [-0.431843624999942, 5.73603888399998], [-0.431326474999878, 5.73575166300014], [-0.431051613999955, 5.73537922300005], [-0.430936358999929, 5.73503450800001], [-0.430708089999882, 5.73486060300013], [-0.430562251999902, 5.73482737700004], [-0.430391862999898, 5.73457082500011], [-0.430266432999929, 5.73338527900006], [-0.430614638999884, 5.73195484700005], [-0.430615074999935, 5.73151376000004], [-0.430516353999906, 5.73114976500005], [-0.430401137999979, 5.73076645600003], [-0.429925468999954, 5.7302863000001], [-0.429848509999886, 5.73018146600015], [-0.429297336999866, 5.729517907], [-0.429199664999942, 5.72948335000007], [-0.428627288999849, 5.72938629200007], [-0.428396193999902, 5.72928957400006], [-0.428275274999919, 5.72910750400007], [-0.428144354999858, 5.72791092500012], [-0.427864060999923, 5.72747231500006], [-0.427635794999958, 5.72729840800014], [-0.426947958999904, 5.72706890700005], [-0.426832363999949, 5.72706879200013], [-0.426026202999935, 5.7268171180001], [-0.425569363999955, 5.72678082200014], [-0.42513443799993, 5.72684930600013], [-0.424650399999962, 5.72649043700017], [-0.42361882199998, 5.72597388200018], [-0.423203838999882, 5.72536697000004], [-0.422422897999866, 5.72467147200001], [-0.4221315449999, 5.72428798400011], [-0.421977765999884, 5.72394322999997], [-0.421821081999894, 5.72375009700011], [-0.421631636999962, 5.72329227800014], [-0.421345962999908, 5.72273511800006], [-0.421269130999974, 5.72250622700005], [-0.421172918999901, 5.72239034400013], [-0.420675100999915, 5.72205627], [-0.420109109999885, 5.72109357800014], [-0.419798421999872, 5.72078174700016], [-0.419493369999941, 5.72034035100006], [-0.419380759999967, 5.72011142400004], [-0.419175070999813, 5.71938893600014], [-0.418916703999912, 5.71904958900018], [-0.41879014999995, 5.71900259600011], [-0.418070037999939, 5.71804250300016], [-0.416973436999967, 5.71652791200017], [-0.416974385999879, 5.71559060500016], [-0.416897535999908, 5.71538101100003], [-0.416573105999817, 5.71505537900009], [-0.416441075999899, 5.71498081200008], [-0.414708849999954, 5.71334703100018], [-0.414450784999872, 5.71271546200006], [-0.41429689499995, 5.7124864920001], [-0.413972408999939, 5.71221875300006], [-0.412940868999954, 5.71169942400019], [-0.41271245799993, 5.71167989300005], [-0.412550069999838, 5.71168937600004], [-0.412387680999814, 5.71169885900002], [-0.412252863999925, 5.71166012600014], [-0.412140080999848, 5.71160487500009], [-0.411928379999893, 5.71139238600017], [-0.41170010399992, 5.71124052800002], [-0.41147177199997, 5.71114380800003], [-0.410976802999869, 5.71072978200004], [-0.410680051999918, 5.71025531000004], [-0.410361086999899, 5.70997379200003], [-0.410259412999949, 5.70982206400009], [-0.41032304499987, 5.70949682800017], [-0.410149855999919, 5.70930367500011], [-0.410208002999923, 5.70895913600009], [-0.410131175999879, 5.7087302430001], [-0.409941474999926, 5.70853707400016], [-0.409713199999942, 5.70838521700011], [-0.409425726999871, 5.70826086600005], [-0.407820380999908, 5.70773267000004], [-0.407916943999908, 5.70750119899998], [-0.408087792999936, 5.70729185800019], [-0.407898069999931, 5.70712074200003], [-0.407772847999979, 5.70711923499999], [-0.40728711099996, 5.70710081599998], [-0.407056088999923, 5.70694619800003], [-0.406637781999962, 5.70692646900005], [-0.406406679999918, 5.70684904100005], [-0.40613728399984, 5.70654275999999], [-0.405908991999979, 5.70641019800007], [-0.405639598999869, 5.70610116000006], [-0.405592930999831, 5.7059867050001], [-0.405546261999973, 5.70587225000014], [-0.405585146999897, 5.70552769200003], [-0.405775633999951, 5.70495447700011], [-0.406043045999922, 5.70451366700007], [-0.406081810999979, 5.70428489299996], [-0.406053047999876, 5.70415460600015], [-0.40630279099986, 5.70215826000015], [-0.406213387999912, 5.70211819400004], [-0.406086840999933, 5.70206844100011], [-0.406086939999852, 5.70197195399999], [-0.406213701999945, 5.70181219100004], [-0.406343167999978, 5.70169929700012], [-0.406376375999969, 5.70152289600014], [-0.406230543999925, 5.70149242100001], [-0.405974595999965, 5.70149215700019], [-0.405831354999918, 5.70161882100018], [-0.405718336999882, 5.70179513900001], [-0.405588918999854, 5.70186116900015], [-0.405462354999941, 5.70182795700009], [-0.405396450999831, 5.70168453600002], [-0.405526116999965, 5.70137866600015], [-0.405493404999959, 5.70107262900012], [-0.405543025999975, 5.70099273300008], [-0.405653144999917, 5.70095976499999], [-0.405845676999945, 5.70107299200004], [-0.40599160499994, 5.70100973600017], [-0.4060082499999, 5.70088018500019], [-0.405895560999909, 5.70073671600011], [-0.405691046999948, 5.70070498300009], [-0.405573613999934, 5.70068676200009], [-0.405367286999876, 5.70060660199999], [-0.405271027999845, 5.70054309699998], [-0.4052783489999, 5.70044189900017], [-0.405284986999845, 5.70035013500001], [-0.405477816999962, 5.7001739000001], [-0.405560564999973, 5.69999479500012], [-0.405464435999932, 5.69980447700016], [-0.405335154999818, 5.69973818100004], [-0.405109679999896, 5.69954497200013], [-0.404420789999904, 5.6977082410001], [-0.404236358999924, 5.69774664500011], [-0.404013178999946, 5.69799728200013], [-0.403790111999967, 5.69814040400007], [-0.403619559999868, 5.69806303800004], [-0.403594995999811, 5.69786452400018], [-0.404079894999938, 5.69735226300014], [-0.404316683999923, 5.69724775000009], [-0.40464442799987, 5.69701100500015], [-0.404721673999973, 5.69682913600013], [-0.40461720199994, 5.69672427100005], [-0.404289716999926, 5.69671014800002], [-0.403791585999898, 5.69670963400017], [-0.403634567999973, 5.69685282400013], [-0.403634337999961, 5.69707612400009], [-0.403543353999964, 5.69723592300011], [-0.403397588999894, 5.69714204200005], [-0.403306985999961, 5.69693243200015], [-0.403213766999954, 5.69659049400008], [-0.40293881599996, 5.69633934100017], [-0.402795936999951, 5.69611589400006], [-0.402677838999864, 5.69588144400001], [-0.402810035999948, 5.69578785100003], [-0.403005392999944, 5.6958294050001], [-0.40329428299998, 5.69590689400019], [-0.403451288999975, 5.69577473099997], [-0.403399201999946, 5.69557894500014], [-0.403151597999965, 5.69549598500004], [-0.402601300999947, 5.69537687400003], [-0.40245561699993, 5.69520580200009], [-0.402403542999821, 5.69499623200016], [-0.402431430999968, 5.69464063600003], [-0.402219682999885, 5.69448327900005], [-0.40206313799996, 5.6941688440001], [-0.401854035999918, 5.69411349100005], [-0.401642435999975, 5.69381278200012], [-0.401378250999869, 5.6937987230001], [-0.401196626999877, 5.69378475100018], [-0.40101234499997, 5.69367980200013], [-0.401235574999816, 5.69337954400015], [-0.401681751999945, 5.69305195000004], [-0.401904821999949, 5.69290607100015], [-0.401905012999975, 5.69272136700016], [-0.401654937999979, 5.69236823800014], [-0.401184890999957, 5.69182742000015], [-0.400739065999858, 5.69181593000008], [-0.400634638999918, 5.69166971300018], [-0.400634977999857, 5.69134165600013], [-0.400805769999977, 5.69118469600011], [-0.401199466999913, 5.69103899500004], [-0.40143650999994, 5.69068637300018], [-0.401656837999951, 5.69052946400006], [-0.401750712999956, 5.6902345850001], [-0.401723383999922, 5.69004985200019], [-0.401580395999929, 5.68993391800018], [-0.401462206999895, 5.68978768600016], [-0.40144859499992, 5.68964432000018], [-0.401671541999917, 5.68961698300012], [-0.401921871999946, 5.68972200100012], [-0.402221425999926, 5.69013031500015], [-0.402458103999891, 5.69013056000011], [-0.402997469999946, 5.69016971300005], [-0.403102058999877, 5.69015879400013], [-0.403102278999881, 5.68994652200013], [-0.402942927999959, 5.68968446300005], [-0.402720363999833, 5.68934239100014], [-0.402511245999847, 5.68930357900012], [-0.40231597199994, 5.68918483500011], [-0.402274880999926, 5.68900008800017], [-0.402445846999854, 5.68867220700014], [-0.402382671999931, 5.68855359999998], [-0.402275396999869, 5.68850111000012], [-0.402052370999968, 5.68860563700014], [-0.401699847999964, 5.68885613900005], [-0.40157457499987, 5.68890838800002], [-0.401449301999889, 5.68896063800008], [-0.401226492999967, 5.68885564800013], [-0.401083575999849, 5.68867079500018], [-0.401188316999878, 5.68851376700019], [-0.401411302999975, 5.68844783500003], [-0.401568360999818, 5.68826329300003], [-0.40160721399991, 5.68794906100015], [-0.401568862999966, 5.68777810000012], [-0.401373383999953, 5.68785784400018], [-0.401174978999961, 5.68810574900016], [-0.400913450999894, 5.68818542499997], [-0.400704376999897, 5.68810526000004], [-0.400691334999976, 5.68741053700018], [-0.40084851599994, 5.68710745300018], [-0.400928433999979, 5.68700277800014], [-0.400901035999937, 5.68688420900014], [-0.400612015999911, 5.68693628800014], [-0.400298144999965, 5.6870682870001], [-0.399783510999839, 5.68706775300006], [-0.399692584999968, 5.68717241600012], [-0.399494396999899, 5.68721080500018], [-0.399455947999911, 5.68713357500019], [-0.399494830999913, 5.68679177400008], [-0.399428958999977, 5.68662078400013], [-0.399247351999975, 5.68659302800012], [-0.399101615999882, 5.68647433500018], [-0.39910177899992, 5.68631719800004], [-0.399247732999925, 5.68622637599998], [-0.399338686999897, 5.68609414400009], [-0.399247991999914, 5.68597550800018], [-0.398868209999932, 5.6859751130001], [-0.398683821999953, 5.68597492200013], [-0.398631450999972, 5.68605481399999], [-0.398656083999924, 5.68618440800009], [-0.398721967999847, 5.68634437100008], [-0.398669474999963, 5.68654004800004], [-0.398578494999867, 5.68669709000005], [-0.398261980999962, 5.68672432799997], [-0.39788214299989, 5.68677631100013], [-0.397645589999968, 5.68665752200013], [-0.397620983999957, 5.68650036000008], [-0.397805454999968, 5.68642060600007], [-0.397962470999971, 5.68627741600011], [-0.397948916999837, 5.68607891400006], [-0.397805835999975, 5.6860539540001], [-0.397646081999824, 5.68618335600019], [-0.397450549999974, 5.68631547700016], [-0.397175343999947, 5.68631519000007], [-0.397109103999981, 5.68649982600004], [-0.397161296999968, 5.68659085400014], [-0.397306825999976, 5.68690803600009], [-0.3972788989999, 5.68729947100007], [-0.39725096799998, 5.68769366099997], [-0.397330653999916, 5.68781228600011], [-0.397487532999946, 5.687801423], [-0.397672126999851, 5.68760312700016], [-0.397919920999925, 5.68749862800013], [-0.398156502999939, 5.68758984800019], [-0.398170166999932, 5.68768359300003], [-0.398103981999952, 5.6878130930001], [-0.397974526999974, 5.68791771600013], [-0.397723937999956, 5.68806356500005], [-0.39745400399994, 5.6882865820001], [-0.397269561999849, 5.68833876800016], [-0.397178851999968, 5.68823391600017], [-0.397060719999956, 5.6880353040001], [-0.396890092999968, 5.6880351260001], [-0.396812788999966, 5.68827212900004], [-0.396680566999976, 5.68839053300007], [-0.396551219999935, 5.68839039700009], [-0.396485402999872, 5.68816702900006], [-0.396562925999888, 5.68772051100007], [-0.394905534999907, 5.68834456600013], [-0.394144089999884, 5.68750708400012], [-0.394229569999936, 5.68734865900007], [-0.394216028999949, 5.68713912800018], [-0.394045550999977, 5.68699559700013], [-0.393759297999907, 5.68703389200004], [-0.393390303999865, 5.68724301900016], [-0.393038135999859, 5.68715167600016], [-0.391814106999902, 5.68654665300011], [-0.391305546999945, 5.68600578700011], [-0.39115738199996, 5.68558108700017], [-0.39130076299989, 5.68531934400011], [-0.3913146619999, 5.68518703300009], [-0.391157890999978, 5.68509589400009], [-0.390868927999975, 5.68509558900013], [-0.390712185999973, 5.68497688200017], [-0.390600768999889, 5.68493817000018], [-0.389522227999919, 5.6846916770001], [-0.390600142999915, 5.68422416300018], [-0.390737871999931, 5.68410301000017], [-0.391002313999877, 5.68386896200019], [-0.390950942999893, 5.68299500800015], [-0.390898987999947, 5.68267792300014], [-0.390728442999887, 5.68260055400003], [-0.390571481999871, 5.68269136200007], [-0.390334711999969, 5.68278208700002], [-0.39011187899996, 5.682704661], [-0.389979725999922, 5.68275690100006], [-0.38993183499997, 5.68287369500013], [-0.389861083999961, 5.68304623800014], [-0.389665330999946, 5.68338787200014], [-0.389428599999974, 5.68344000100012], [-0.389073588999906, 5.68343962500006], [-0.388850563999938, 5.68354414700002], [-0.388795574999904, 5.68361213000003], [-0.388745849999964, 5.68367360500008], [-0.38857497399988, 5.68391050700012], [-0.388365833999956, 5.68389650200015], [-0.388275138999916, 5.68378062100004], [-0.388170730999889, 5.68362061700014], [-0.387840457999857, 5.6836478350001], [-0.387314679999974, 5.68377960400005], [-0.387209854999981, 5.6840138180001], [-0.387235859999919, 5.68414617200017], [-0.387349290999964, 5.68488235200016], [-0.387159385999894, 5.68489593500016], [-0.38680171999988, 5.68480182400009], [-0.38649931499998, 5.68450101400003], [-0.386265475999835, 5.68442081900008], [-0.386147041999891, 5.68451166700015], [-0.38605322199993, 5.68474865100001], [-0.386000474999946, 5.68518140900011], [-0.385881885999879, 5.68541836500003], [-0.385790997999834, 5.68548443099996], [-0.385647891999895, 5.68548428000008], [-0.385425102999932, 5.68536550100009], [-0.384979521999924, 5.68513070100005], [-0.384624575999965, 5.68506691700009], [-0.383686105999914, 5.6850907270001], [-0.382282552999868, 5.68510301200013], [-0.38212579799989, 5.68504608200004], [-0.38195518699996, 5.68498412000008], [-0.381896157999961, 5.68485311100017], [-0.381998106999959, 5.68344588500008], [-0.381722845999946, 5.68350072600009], [-0.381262962999926, 5.683775911], [-0.380882876999976, 5.6840622090001], [-0.380802772999914, 5.68433780100014], [-0.380645821999906, 5.68441757900018], [-0.380304834999947, 5.68416910400015], [-0.380065788999957, 5.68381322300007], [-0.379818344999933, 5.68358965800013], [-0.37958161499995, 5.6836417830001], [-0.379276041999901, 5.68373242800004], [-0.379000880999968, 5.68369353800006], [-0.378725875999862, 5.68350853800018], [-0.378530803999979, 5.68320784000002], [-0.37829420199995, 5.68314142300011], [-0.378175695999971, 5.68329843200002], [-0.378227688999857, 5.68357416500004], [-0.378398172999937, 5.68370667400006], [-0.378384172999915, 5.68392995700015], [-0.378147554999885, 5.68387732400015], [-0.377913886999977, 5.68363999000007], [-0.377163047999943, 5.68320636700014], [-0.376846580999882, 5.68319224200013], [-0.376623482999889, 5.68336292100014], [-0.376557110999897, 5.68366333900013], [-0.376556811999876, 5.68394177200014], [-0.376479630999881, 5.68405747400016], [-0.376336580999975, 5.68400494000002], [-0.376138619999949, 5.68383380699998], [-0.375772513999948, 5.6839133580001], [-0.375574409999956, 5.68387454900017], [-0.375536008999973, 5.68375596600004], [-0.375456357999951, 5.68360977100014], [-0.375338032999935, 5.68359861599998], [-0.375157773999945, 5.68370816200019], [-0.37501040199993, 5.68372783000001], [-0.374749042999952, 5.68365035700009], [-0.374077120999971, 5.68404660600009], [-0.374028431999932, 5.68326087200012], [-0.373990010999876, 5.68316158699997], [-0.373778105999918, 5.68316135800006], [-0.373161467999978, 5.68333160900005], [-0.373068125999964, 5.6831219930001], [-0.372806939999975, 5.68288462699996], [-0.372529021999981, 5.68285124400018], [-0.371634731999961, 5.68274275800007], [-0.371544156999903, 5.68251936100012], [-0.371415138999907, 5.68221873200002], [-0.371178464999957, 5.68221847500013], [-0.370994222999968, 5.6820859500001], [-0.370851515999902, 5.68171914300018], [-0.370667259999948, 5.68160040200007], [-0.37031224999987, 5.68160001500013], [-0.370064625999873, 5.68154736700018], [-0.369525645999886, 5.68116634400019], [-0.368875869999954, 5.68144269100003], [-0.369160808999879, 5.6800797790001], [-0.369081273999882, 5.67982882600018], [-0.368699132999893, 5.67947278500014], [-0.368462700999942, 5.67925198500018], [-0.368424630999925, 5.67883015800015], [-0.36833943399995, 5.67872530700009], [-0.368254235999927, 5.67862045800007], [-0.368254436999962, 5.67843575400002], [-0.368596121999872, 5.67803363900009], [-0.368624028999875, 5.67767804600004], [-0.368701198999872, 5.6775733720001], [-0.368805773999838, 5.67757348700019], [-0.368885353999929, 5.67778308800001], [-0.368989729999953, 5.67796790500012], [-0.369264943999895, 5.67795442100009], [-0.369501827999954, 5.67775895000017], [-0.369592957999942, 5.67746958800001], [-0.369645574999936, 5.67716639999998], [-0.369816452999885, 5.67693226100005], [-0.370185461999938, 5.67670936400003], [-0.370237949999932, 5.676524718], [-0.370067666999887, 5.67621026099999], [-0.369855881999968, 5.67610251600007], [-0.369461976999958, 5.6764439260001], [-0.36924161599984, 5.67662839000008], [-0.369081986999959, 5.67664200000013], [-0.368977610999934, 5.67645718200009], [-0.369057688999874, 5.67620915900011], [-0.369110377999903, 5.67583981000018], [-0.36894005399995, 5.67556394700017], [-0.368992497999898, 5.67542065200013], [-0.369110919999969, 5.67534083400011], [-0.369358454999826, 5.67547342899996], [-0.369608714999913, 5.67563083800013], [-0.369856422999817, 5.6756035410001], [-0.369845599999962, 5.67543260900015], [-0.369767367999884, 5.67524919900006], [-0.369689134999931, 5.67506578700016], [-0.369191712999964, 5.67443394500015], [-0.368955183999958, 5.67430411900006], [-0.368691137999917, 5.67417150600016], [-0.368743724999945, 5.67389588700019], [-0.368837378999956, 5.67381604200006], [-0.369018993999873, 5.67383002400015], [-0.369217222999964, 5.67375029400011], [-0.369297227999823, 5.67356843400017], [-0.36916526199991, 5.67344974900004], [-0.368994654999938, 5.67343577900016], [-0.368799150999905, 5.67354032300011], [-0.368614695999838, 5.67360628400013], [-0.368482700999948, 5.67351516700012], [-0.368482886999857, 5.67334424700005], [-0.368667568999967, 5.67306877100015], [-0.368744808999963, 5.67289793600014], [-0.368431617999875, 5.67240688900011], [-0.368407335999905, 5.67196026599999], [-0.368357277999962, 5.67185970100013], [-0.368170882999948, 5.67176152000008], [-0.367961732999902, 5.67176129100017], [-0.367868280999971, 5.67165643200008], [-0.367865713999947, 5.67148551000014], [-0.36800061799994, 5.67143327800011], [-0.368066763999877, 5.67134237700014], [-0.368064140999934, 5.67122383300011], [-0.367998180999962, 5.67114381500005], [-0.367813840999929, 5.67110501900004], [-0.367486372999906, 5.6710908770001], [-0.367421901999819, 5.67090748200013], [-0.367500417999906, 5.67082899900009], [-0.367723367999872, 5.67079064800004], [-0.368089379999958, 5.67079104800007], [-0.368260144999965, 5.67065890900005], [-0.368235520999974, 5.67052655700013], [-0.367998951999937, 5.67043532500003], [-0.367567109999925, 5.67023636599998], [-0.367421453999953, 5.67005426100013], [-0.367526186999896, 5.66990826600005], [-0.367724411999973, 5.66983129300013], [-0.367829145999963, 5.66968529800005], [-0.367790773999957, 5.66954190500019], [-0.367589754999926, 5.66944094500019], [-0.367510227999844, 5.66940100300008], [-0.367053759999976, 5.66907244800018], [-0.366723826999873, 5.66879641100013], [-0.366267230999938, 5.66858639700018], [-0.365964489999953, 5.66861087600017], [-0.365661717999842, 5.66866292400005], [-0.365414301999976, 5.668425571], [-0.365362285999936, 5.66817740400018], [-0.365335081999888, 5.66788791300013], [-0.365153567999812, 5.66778295800003], [-0.364983134999932, 5.66761185100017], [-0.364826631999847, 5.66728362400011], [-0.364576370999941, 5.66713172700008], [-0.364444142999901, 5.66725563700004], [-0.364367042999902, 5.66729690400018], [-0.364248765999889, 5.66724439500018], [-0.364169176999894, 5.6670458210001], [-0.364023538999902, 5.66684993100006], [-0.363762233999978, 5.66673110200009], [-0.363550249999946, 5.66680805900012], [-0.363420878999875, 5.66683548500009], [-0.363275197999826, 5.66667818900004], [-0.363079928999923, 5.66657046000012], [-0.362818521999941, 5.66654536200014], [-0.362653260999878, 5.66667750500017], [-0.362350114999913, 5.66707139000016], [-0.362245211999948, 5.66737176200013], [-0.36220643899992, 5.66759501800016], [-0.362008284999888, 5.66760858300012], [-0.361747007999952, 5.66746494400019], [-0.361433346999945, 5.66740946200008], [-0.361196852999967, 5.66725206600017], [-0.361026232999905, 5.66725187800017], [-0.360959997999942, 5.66742272400006], [-0.360921179999934, 5.66768733100002], [-0.360775081999975, 5.66791046800012], [-0.360579607999966, 5.66798744200008], [-0.360265668999944, 5.66818558300008], [-0.360081042999923, 5.66840867700006], [-0.36008079699991, 5.66863197500004], [-0.359989824999957, 5.66877522699997], [-0.359857688999853, 5.66881367500014], [-0.359634881999966, 5.66872245600018], [-0.359478120999881, 5.66863130900015], [-0.359359744999949, 5.66866977200004], [-0.359307241999943, 5.66886544500016], [-0.359202564999919, 5.66895905900009], [-0.359032046999914, 5.66886514100014], [-0.358900185999858, 5.6686554800001], [-0.358625075999896, 5.66857798600012], [-0.358430064999936, 5.66823593100014], [-0.358284211999944, 5.66823577000002], [-0.358193281999888, 5.66834042600016], [-0.358140720999813, 5.66858847700018], [-0.358152907999909, 5.66876630200005], [-0.358165095999937, 5.66894412700009], [-0.35843995599987, 5.66924767600011], [-0.358571875999871, 5.66940495800014], [-0.358557958999938, 5.66954829400009], [-0.35837627199993, 5.66960047200013], [-0.358216658999879, 5.66960029500007], [-0.358059681999919, 5.66970487800006], [-0.357954903999882, 5.66988946500015], [-0.357902428999978, 5.67006032600017], [-0.35781150999992, 5.67015395500005], [-0.357613500999889, 5.67003519500014], [-0.357440230999941, 5.66994127300018], [-0.357244827999921, 5.66995484000017], [-0.357164874999967, 5.67008707500003], [-0.35717853999995, 5.67017255000007], [-0.356602656999826, 5.67082664300011], [-0.355572398999925, 5.66927068200005], [-0.355421333999971, 5.66900724300018], [-0.35514410299993, 5.6683618510001], [-0.354922302999967, 5.66736365600002], [-0.354845786999931, 5.66687838000018], [-0.354675386999872, 5.66667970300017], [-0.354411317999961, 5.66657465200007], [-0.354348224999967, 5.66639263500002], [-0.354360871999972, 5.66615556800002], [-0.354373518999864, 5.66591850000015], [-0.354255344999956, 5.6657750170001], [-0.354126034999979, 5.66574730500008], [-0.353955283999881, 5.66586565600005], [-0.353743167999937, 5.66606114900014], [-0.353534005999961, 5.66607469900003], [-0.353338734999966, 5.66596972500002], [-0.353257773999928, 5.6657711470001], [-0.353176812999948, 5.66557257000011], [-0.352981689999979, 5.66533527100012], [-0.352494614999898, 5.66532094299998], [-0.35231330899984, 5.66503128000011], [-0.351892308999822, 5.66499221400005], [-0.351513113999886, 5.66447903300013], [-0.349789764999855, 5.66505602300009], [-0.34934902699996, 5.66297968599997], [-0.349060430999884, 5.66266233500011], [-0.348785266999869, 5.66263721500019], [-0.348537477999969, 5.66274169400003], [-0.348391391999883, 5.66295104300002], [-0.348220741999967, 5.66297841900018], [-0.348077818999968, 5.66282112300013], [-0.348031352999953, 5.66253850300018], [-0.347984887999928, 5.66225588300006], [-0.348013304999938, 5.66145369700013], [-0.348079603999906, 5.66122771700009], [-0.34827521099993, 5.66102945000011], [-0.348341447999928, 5.6608586050001], [-0.34822329199983, 5.66070133700003], [-0.348066742999947, 5.66042548500013], [-0.34811917699983, 5.66029321900004], [-0.348171610999884, 5.66016095300012], [-0.348446945999967, 5.66003169500004], [-0.34855169399998, 5.65987467800011], [-0.348561902999961, 5.65965120800013], [-0.348579903999848, 5.65925719500012], [-0.348750801999927, 5.65900652000005], [-0.348696379999978, 5.65845510700018], [-0.348591940999938, 5.65833645000004], [-0.348407564999889, 5.65833624200019], [-0.348329186999877, 5.65829066800018], [-0.348250808999978, 5.658245093], [-0.348341796999932, 5.65808806000007], [-0.348683104999964, 5.65802228000018], [-0.349316085999931, 5.65798163900007], [-0.349643646999937, 5.65790481700014], [-0.349800694999942, 5.65773407400013], [-0.34979278499992, 5.65742530800014], [-0.349784872999976, 5.65711654100011], [-0.349681356999952, 5.65617085500003], [-0.349709365999956, 5.65573256200008], [-0.349591283999928, 5.65550913100014], [-0.34949788299997, 5.65536291800004], [-0.349550445999967, 5.65511486900004], [-0.349955342999976, 5.654813198], [-0.350037974999964, 5.65471430500008], [-0.350142685999913, 5.65458899000015], [-0.35012926099995, 5.65428848700003], [-0.349945165999941, 5.65403741700004], [-0.349868537999953, 5.65365689700019], [-0.35009202599997, 5.65313060500017], [-0.350327763999871, 5.65272424700009], [-0.350563501999943, 5.65231788800014], [-0.350748124999939, 5.65209479599997], [-0.350905011999942, 5.65206740400004], [-0.351089328999819, 5.65211998800009], [-0.351221300999896, 5.65222489200011], [-0.351273307999918, 5.65247581600005], [-0.351154829999928, 5.65260800900006], [-0.351008981999939, 5.65260784599997], [-0.351008805999925, 5.65276498100013], [-0.351113290999933, 5.65284228700011], [-0.351259078999931, 5.65289758500006], [-0.351363525999943, 5.65300935000016], [-0.351467971999966, 5.65312111600002], [-0.351624785999888, 5.65315988600003], [-0.351756918999968, 5.65312143900013], [-0.35188930299995, 5.65285693700008], [-0.351994280999975, 5.65249040400005], [-0.352124056999969, 5.6520963320001], [-0.352322410999875, 5.65189806600006], [-0.352785063999875, 5.65159258000017], [-0.353060452999841, 5.65140956200014], [-0.353249894999976, 5.65056344600009], [-0.353138509999894, 5.65050405199997], [-0.352943610999944, 5.65006826600018], [-0.352811695999947, 5.64991098400014], [-0.352550588999918, 5.64962398900008], [-0.352498756999978, 5.64921593100007], [-0.352290025999935, 5.64884629100004], [-0.352356244999839, 5.64868923000012], [-0.35249936799994, 5.64866457800002], [-0.352774598999815, 5.64862353300009], [-0.353140827999937, 5.64841442700003], [-0.35334450099981, 5.64838157200006], [-0.353548173999968, 5.64834871800002], [-0.35386198499998, 5.64825809300004], [-0.353994365999938, 5.64799359000011], [-0.354034528999875, 5.64775793200016], [-0.354074691999926, 5.64752227300011], [-0.354231777999928, 5.64731293300002], [-0.354298158999939, 5.6470097620001], [-0.354204784999922, 5.64683873900003], [-0.35390512999993, 5.64657100000016], [-0.353443433999928, 5.64601775500017], [-0.353355984999951, 5.64546768400004], [-0.353276749999964, 5.64495483600007], [-0.352988228999891, 5.64457408200013], [-0.352947388999894, 5.64417981900016], [-0.353170649999811, 5.64385201200008], [-0.353407468999933, 5.643706167], [-0.353525723999951, 5.64377246100003], [-0.353643747999968, 5.64404826800018], [-0.353841774999921, 5.64414221800013], [-0.354012403999889, 5.64412862400007], [-0.354221788999894, 5.64390555800009], [-0.354307357999971, 5.64366857100009], [-0.354392925999946, 5.64343158500003], [-0.354354647999969, 5.64320824400011], [-0.354286357999911, 5.64275054500018], [-0.35444354699996, 5.64244747500015], [-0.354589567999881, 5.6422905010001], [-0.354606388999855, 5.64200933000006], [-0.354730364999966, 5.64187852100014], [-0.354854340999964, 5.6417477120001], [-0.3548820339999, 5.64159060600002], [-0.355000464999932, 5.641497007], [-0.355209645999935, 5.64145864500006], [-0.355605876999959, 5.64148665200014], [-0.35582893499992, 5.64134079000013], [-0.356062981999912, 5.64121148000009], [-0.355780628999923, 5.64022838000011], [-0.355970637999917, 5.64010591400012], [-0.356336729999953, 5.6400153460001], [-0.356521330999954, 5.63980603599998], [-0.356876677999935, 5.63947561600003], [-0.357061091999924, 5.63943722500011], [-0.357140690999927, 5.63962201600003], [-0.357126686999948, 5.63984529900011], [-0.357244970999943, 5.63988402400008], [-0.357356469999957, 5.63983866100011], [-0.357467967999924, 5.6397932970001], [-0.35748211899994, 5.63943769000008], [-0.357454944999915, 5.63912338800003], [-0.357733162999921, 5.63886455800008], [-0.357835339999951, 5.63853661600012], [-0.358061117999966, 5.6384183240001], [-0.358179472999893, 5.63839364300009], [-0.358361006999928, 5.63847103200004], [-0.358388133999938, 5.63882668600013], [-0.358492457999944, 5.63905009999996], [-0.358701594999957, 5.6390503290001], [-0.358910847999937, 5.63894580300013], [-0.359015430999875, 5.63893213400019], [-0.3592272059999, 5.63903712400014], [-0.359356596999874, 5.6389848880001], [-0.359464203999892, 5.63872311400013], [-0.359607902999869, 5.63817191700008], [-0.359699188999969, 5.63773644800017], [-0.359647046999896, 5.63760682200012], [-0.359385568999869, 5.63765891400016], [-0.359176373999958, 5.63771106200005], [-0.359030643999972, 5.63760614400007], [-0.359030818999827, 5.63744625200013], [-0.359319899999946, 5.63731700200009], [-0.359529138999847, 5.63722350200004], [-0.359713941999928, 5.63682948700017], [-0.359884694999948, 5.63670010700014], [-0.360016910999946, 5.63658171100013], [-0.35996478699991, 5.6364355450001], [-0.359818983999958, 5.63639678900012], [-0.359579519999841, 5.63644890500012], [-0.359502641999939, 5.63629168400018], [-0.359579894999968, 5.63610706600002], [-0.359954941999888, 5.63537279900009], [-0.360723915999927, 5.63425301500018], [-0.359492427999896, 5.63305522500002], [-0.359520132999876, 5.63288433500009], [-0.359688132999963, 5.63275495200014], [-0.359795596999959, 5.63262274500011], [-0.359702265999942, 5.63241312800011], [-0.359413401999973, 5.63234664800007], [-0.359047330999942, 5.63242343500013], [-0.358758162999891, 5.63263538799998], [-0.358482854999977, 5.63275362700011], [-0.358235209999975, 5.63273957100017], [-0.358130805999963, 5.63259059000001], [-0.358169484999962, 5.63245003700001], [-0.358312634999891, 5.63239781600004], [-0.358312764999937, 5.63227927500009], [-0.358194552999976, 5.63217438800007], [-0.357919463999963, 5.63209413800018], [-0.357790418999969, 5.63183210300008], [-0.35764240899988, 5.63129712700004], [-0.357664333999935, 5.63102480000015], [-0.357681466999907, 5.63081197900004], [-0.357643202999952, 5.63057485400003], [-0.357497430999956, 5.63050853200008], [-0.357340465999926, 5.63061311600018], [-0.35719731699993, 5.63066533700015], [-0.356933261999927, 5.63056028800008], [-0.356735567999976, 5.63016585200012], [-0.35686820199993, 5.62966702300014], [-0.357196078999891, 5.62928695100015], [-0.357248764999895, 5.62892035800013], [-0.357183097999894, 5.62857844600006], [-0.356894438999973, 5.62832726200008], [-0.356619493999972, 5.62811744400011], [-0.356320188999973, 5.62753819300008], [-0.35603154699993, 5.62727322400008], [-0.355847485999959, 5.62699458800012], [-0.355847773999869, 5.62673269500004], [-0.356057281999824, 5.62639108600007], [-0.356046562999893, 5.62612918200011], [-0.356137645999979, 5.62587841600015], [-0.356347008999876, 5.62566913300014], [-0.356702098999961, 5.62556476700018], [-0.356963425999936, 5.62564500100007], [-0.357147849999819, 5.62559282600012], [-0.357200392999971, 5.62535580100013], [-0.357096186999968, 5.62502763099997], [-0.356925795999928, 5.62483033400008], [-0.356755404999944, 5.62463303800013], [-0.356689637999921, 5.62438209900006], [-0.356769855999971, 5.62400175300019], [-0.356717917999958, 5.62368742400002], [-0.356743131999906, 5.62327945000004], [-0.356638680999879, 5.62317457700016], [-0.356481689999953, 5.62330397300002], [-0.356376906999969, 5.62350234399997], [-0.356219899999928, 5.6236455240001], [-0.355983335999895, 5.62356807300017], [-0.355813092999938, 5.62323707300015], [-0.355549617999827, 5.62260823900016], [-0.355195126999888, 5.62216952200004], [-0.354854577999959, 5.62156541300004], [-0.354489539999975, 5.62071041200011], [-0.354401979999977, 5.62046233100006], [-0.354338665999819, 5.62028294500016], [-0.354187791999948, 5.61985548000007], [-0.354226834999963, 5.61938411500006], [-0.35458501599993, 5.61896823900008], [-0.355149506999851, 5.61861323800014], [-0.355609156999947, 5.61850898800003], [-0.35612094399994, 5.61853712100014], [-0.356302659999869, 5.61844359000014], [-0.356382776999908, 5.61815421800014], [-0.356264553999893, 5.61806311400005], [-0.355950759999871, 5.61815374200012], [-0.35575263699991, 5.61815352299999], [-0.355675891999965, 5.61787776200003], [-0.356136188999869, 5.61718356300003], [-0.356413415999953, 5.61719007100004], [-0.356515547999891, 5.61752582000003], [-0.356473912999832, 5.61785383000017], [-0.356553554999948, 5.61799727000016], [-0.356947148999893, 5.61790673000013], [-0.357090137999933, 5.61799786100011], [-0.357260513999904, 5.61820756200012], [-0.357431104999876, 5.61822153400004], [-0.357577189999972, 5.61799839600008], [-0.357588757999963, 5.61748564900017], [-0.357556052999939, 5.61719753000006], [-0.357523347999972, 5.61690941199998], [-0.35736684799997, 5.61659221100012], [-0.357471569999973, 5.61644897400009], [-0.357617467999944, 5.61639675700013], [-0.357774198999948, 5.61650168600005], [-0.358024229999955, 5.61684380000008], [-0.358271867999918, 5.61685785600002], [-0.358310551999921, 5.61671179000018], [-0.358115711999972, 5.61622638400019], [-0.357906883999931, 5.61595047700018], [-0.357788568999979, 5.61594345600002], [-0.35767025399997, 5.61593643300006], [-0.357524642999977, 5.6157267590001], [-0.357461685999851, 5.61542344500009], [-0.35742059699993, 5.61525248000004], [-0.357197782999947, 5.61518607200009], [-0.356859267999937, 5.61523807899999], [-0.356688940999959, 5.61498426900016], [-0.356656200999907, 5.61472785300009], [-0.356623461999959, 5.61447143800007], [-0.35670072399995, 5.61427579200006], [-0.356951184999957, 5.61422368800004], [-0.357028388999879, 5.61408042100015], [-0.356912947999831, 5.61396175300013], [-0.356676390999951, 5.61388154600013], [-0.356558198999949, 5.61376287600007], [-0.356583150999882, 5.61359198300005], [-0.356781355999942, 5.61351501200016], [-0.357004429999961, 5.61334433700017], [-0.357056898999929, 5.61317347500005], [-0.357189024999911, 5.61313226800013], [-0.357293501999948, 5.61321233000018], [-0.357436401999962, 5.61338340700001], [-0.357711470999902, 5.61347468200006], [-0.358000481999909, 5.61339781000009], [-0.358132894999869, 5.61309471000004], [-0.358040964999816, 5.61286441900006], [-0.357949035999923, 5.61263412800014], [-0.357792505999953, 5.61234449500006], [-0.357949478999956, 5.61222888200018], [-0.358119982999938, 5.61232004400006], [-0.358252105999952, 5.61228159299998], [-0.358238533999895, 5.61211065900005], [-0.358081874999925, 5.61193956700009], [-0.357831617999977, 5.61180696700018], [-0.357790685999873, 5.61149265000017], [-0.357620398999927, 5.61120300200002], [-0.35762087199987, 5.6107701900001], [-0.357593587999929, 5.61055788800013], [-0.357464316999881, 5.61050536800019], [-0.357377147999955, 5.61035110100016], [-0.357435798999916, 5.61026317200003], [-0.357590020999965, 5.61015750500013], [-0.357685173999869, 5.61001485100019], [-0.357321646999878, 5.60944341900017], [-0.357005167999887, 5.60928445100018], [-0.356973693999976, 5.609109934], [-0.357091304999926, 5.60852850600008], [-0.366741889999957, 5.60493087700019], [-0.370027713999946, 5.60656593200002], [-0.375367175999941, 5.60697469500019], [-0.389742651999939, 5.60697469500019], [-0.397546482999928, 5.61269734500013], [-0.411921957999937, 5.60820098100004], [-0.418493603999934, 5.60738345700008], [-0.425960410999892, 5.60433120300013]]]]}, "properties": {"REGION": "Greater Accra", "DISTRICT": "Ga South"}}, {"type": "Feature", "geometry": {"type": "MultiPolygon", "coordinates": [[[[-0.428261856999882, 5.79275873300014], [-0.428029342999935, 5.79267993100001], [-0.424320770999941, 5.79353077999997], [-0.424308204999875, 5.79347725200017], [-0.424191954999969, 5.79298204900016], [-0.424118296999893, 5.79232861800017], [-0.424055535999855, 5.79178822400007], [-0.423926708999943, 5.79125052200015], [-0.423913703999915, 5.79119708900009], [-0.423788448999971, 5.79084200500017], [-0.423782979999942, 5.79084306600004], [-0.423773006999909, 5.79081479400014], [-0.423239563999914, 5.79026840899996], [-0.422871127999827, 5.78986830100007], [-0.422362330999931, 5.78944875300004], [-0.421831435999934, 5.78910637200005], [-0.421394077999935, 5.78881370700003], [-0.418085944999916, 5.78774270100007], [-0.415695072999824, 5.78759511100014], [-0.415401059999908, 5.78683646800016], [-0.415396878999843, 5.78680584200009], [-0.415316367999935, 5.78621610600015], [-0.415275832999953, 5.78548276100014], [-0.415248815999917, 5.7849892700001], [-0.415257544999861, 5.78452889800019], [-0.415252605999967, 5.78397753700011], [-0.41522558399987, 5.78348680200008], [-0.415176463999899, 5.78307323500007], [-0.415105240999935, 5.7827395920001], [-0.415092216999938, 5.78268614000012], [-0.414869605999911, 5.78228183600004], [-0.415213601999938, 5.78175277600019], [-0.415541531999907, 5.78138094900004], [-0.415880702999971, 5.78078307700014], [-0.415999367999973, 5.78048408900008], [-0.416118030999826, 5.78018510000015], [-0.416228768999929, 5.77956218200012], [-0.416336881999882, 5.7788152060001], [-0.41628296499988, 5.77770830300011], [-0.416222803999972, 5.77732367100009], [-0.416214034999939, 5.77729739700004], [-0.415929187999893, 5.77644395700014], [-0.415613414999882, 5.77569930300012], [-0.414104765999866, 5.77329935200009], [-0.41337343999993, 5.77249086300009], [-0.412818017999882, 5.77193066500007], [-0.412092058999974, 5.77126001800008], [-0.411445700999934, 5.77080448200007], [-0.410936811999932, 5.77049795300019], [-0.410317718999977, 5.77029606700017], [-0.409660136999889, 5.77005003300008], [-0.408889658999954, 5.76984798900008], [-0.408743022999943, 5.76980763500012], [-0.408075164999957, 5.76962384400008], [-0.407211139999959, 5.76938861900004], [-0.406534245999978, 5.76918942500009], [-0.405923497999936, 5.76890484100016], [-0.405370621999907, 5.76855415300014], [-0.404941607999945, 5.7682008380001], [-0.404562090999889, 5.76789443900009], [-0.404111119999868, 5.76748320800004], [-0.403524940999944, 5.76739713400002], [-0.402779157999873, 5.76727505500014], [-0.402663722999932, 5.76711504100007], [-0.402545580999913, 5.76691091600014], [-0.402349350999941, 5.76636762500004], [-0.400497328999904, 5.76470885900011], [-0.399933583999825, 5.76423134400011], [-0.399551330999884, 5.76391391200013], [-0.399169104999885, 5.76357167099997], [-0.39850092599994, 5.76294517800011], [-0.397874096999942, 5.76226083700004], [-0.397137111999882, 5.7616342710001], [-0.39601773399994, 5.76082810900016], [-0.395353593999857, 5.76029396900003], [-0.394689454999877, 5.75975983100005], [-0.393949723999867, 5.75913325800019], [-0.39323463199986, 5.75863352300013], [-0.392706401999931, 5.75841793300009], [-0.392095620999953, 5.7581829560001], [-0.391278377999924, 5.75798084000007], [-0.391014201999894, 5.75793093599998], [-0.390097624999896, 5.75796166000003], [-0.38970162399994, 5.76022040800007], [-0.389555318999896, 5.76062274000014], [-0.389318120999974, 5.76108286600004], [-0.389160901999958, 5.76139421100009], [-0.389083377999953, 5.76182142700014], [-0.389068013999974, 5.76203368199998], [-0.389052647999961, 5.76224593700005], [-0.388769409999952, 5.76586388900012], [-0.388784240999939, 5.76615198700011], [-0.388868855999931, 5.76681645900004], [-0.388884646999941, 5.76749188400009], [-0.3887383739999, 5.76786113300017], [-0.38859217299995, 5.76816146400006], [-0.388354944999946, 5.76864640000002], [-0.388117656999952, 5.76918647100001], [-0.387960200999885, 5.76971560100014], [-0.387910378999948, 5.76997468300004], [-0.387860557999829, 5.7702337660001], [-0.387658987999941, 5.77083176700012], [-0.387421795999956, 5.77128086500011], [-0.387071504999824, 5.77196140900014], [-0.38672123799995, 5.77261714100001], [-0.386412699999937, 5.77286216100003], [-0.386115310999912, 5.77297762400008], [-0.385828927999967, 5.77309585600011], [-0.385454110999945, 5.77354480300005], [-0.385101297999881, 5.77400755900015], [-0.384819999999877, 5.77451449900019], [-0.384593801999813, 5.77497463400016], [-0.384572778999939, 5.77525733699997], [-0.384571457999925, 5.77527509600014], [-0.38464780399994, 5.77546429700004], [-0.384714606999921, 5.77582828700014], [-0.384738846999824, 5.77632177400005], [-0.382157092999876, 5.77625832700005], [-0.381841023999925, 5.77582792800001], [-0.378971612999919, 5.77452636400017], [-0.378891731999886, 5.77422146300006], [-0.378936156999941, 5.77367280700014], [-0.379002929999956, 5.77301677100007], [-0.378954072999932, 5.77238541900005], [-0.378850027999931, 5.77188081800011], [-0.378844700999935, 5.77186504800005], [-0.378836926999895, 5.77182734200017], [-0.378761477999944, 5.77160396200014], [-0.378468426999973, 5.77092959800012], [-0.37870844899993, 5.7704581750001], [-0.378679751999869, 5.77043532800008], [-0.378695347999894, 5.77040469500014], [-0.378535843999941, 5.77027771000019], [-0.378438268999957, 5.77015217100018], [-0.376939903999869, 5.76984039600006], [-0.375407216999974, 5.76945414900018], [-0.375126524999928, 5.76940284000011], [-0.374656044999938, 5.76923140500003], [-0.374403110999936, 5.76896647600006], [-0.374010038999927, 5.76848636800008], [-0.373717106999948, 5.76830272100011], [-0.373424173999979, 5.76811907299998], [-0.37289593099996, 5.76791449200005], [-0.372356767999918, 5.76762995100006], [-0.371897451999928, 5.76732068700005], [-0.371506732999933, 5.76720722800013], [-0.370902498999953, 5.76727685900011], [-0.369081323999978, 5.76518659700002], [-0.368021294999949, 5.76301309300015], [-0.36739967099993, 5.76263472700009], [-0.366882445999863, 5.76243015200015], [-0.366378833999931, 5.76236067400004], [-0.365759516999958, 5.76238479600011], [-0.36511805299989, 5.76252467700004], [-0.364734026999827, 5.76258351900009], [-0.364350002999913, 5.76264236100019], [-0.36356825799993, 5.76269938100012], [-0.362904773999901, 5.76283923400007], [-0.362285302999965, 5.76300119100006], [-0.362056749999908, 5.76309328600013], [-0.361828197999898, 5.76318538200007], [-0.361415002999934, 5.76348540600003], [-0.361106321999955, 5.76385446500012], [-0.360648883999943, 5.76433638500004], [-0.360304549999967, 5.76458962100003], [-0.359880496999949, 5.76475179300013], [-0.359263723999902, 5.76496061300014], [-0.358622075999847, 5.76526037800016], [-0.357933534999972, 5.76565106100009], [-0.357670555999903, 5.76576103500014], [-0.35740757699989, 5.76587100899997], [-0.35694763999993, 5.76612411200006], [-0.356479534999949, 5.76629725900005], [-0.355769188999943, 5.76649494200018], [-0.355069724999908, 5.76680566400012], [-0.354667623999944, 5.76702574900014], [-0.352301411999917, 5.76626219900004], [-0.35215205399993, 5.76690435300003], [-0.352022323999904, 5.76722674500007], [-0.351892595999914, 5.76754913799999], [-0.351815121999834, 5.76790742800017], [-0.35166022899989, 5.76857438600013], [-0.351535900999977, 5.7689877570001], [-0.351298590999818, 5.76951678300003], [-0.351203356999918, 5.76975926800009], [-0.35110812299996, 5.77000175500018], [-0.350950801999886, 5.77038200700002], [-0.350691471999937, 5.77091100800016], [-0.350549445999889, 5.77115344000015], [-0.349300435999965, 5.77304590100016], [-0.34915839699994, 5.77329936000007], [-0.348805637999874, 5.77369041500003], [-0.348406162999936, 5.77401525400018], [-0.348173355999961, 5.7742120960001], [-0.346570740999937, 5.77407163000004], [-0.340455305999967, 5.7688220870001], [-0.337990938999894, 5.76187503200003], [-0.335937298999966, 5.75370191800005], [-0.331419292999897, 5.74675467800006], [-0.327722741999935, 5.73449463700001], [-0.32279400699997, 5.72427773500004], [-0.316633088999936, 5.7120172110001], [-0.305954164999946, 5.70098251500013], [-0.296918149999954, 5.68054733400015], [-0.292810871999848, 5.66951203400009], [-0.287060681999947, 5.66542483300009], [-0.278435395999963, 5.65725034200005], [-0.271863749999966, 5.64866700300013], [-0.264059919999966, 5.64539712600003], [-0.259131184999944, 5.63640487000015], [-0.255845362999935, 5.62822997100011], [-0.25214881099987, 5.61923744800009], [-0.24793770499997, 5.61599935200019], [-0.263311464999958, 5.60933085599999], [-0.263521370999911, 5.60923980300004], [-0.26386787399997, 5.60908949700018], [-0.263971516999959, 5.60942382300016], [-0.265703366999958, 5.61501027900016], [-0.262132840999925, 5.61636014400005], [-0.262338776999911, 5.61680412800018], [-0.264720789999956, 5.62360578800002], [-0.265547115999937, 5.62372103300004], [-0.26566018099993, 5.62446350400012], [-0.265773496999884, 5.62500611800004], [-0.265345581999952, 5.62534819400014], [-0.265182503999938, 5.62717867200007], [-0.264914585999975, 5.62814566000014], [-0.264938387999905, 5.63188588700007], [-0.264874740999971, 5.63280403499999], [-0.264851310999973, 5.63314202599997], [-0.264736846999938, 5.63351304600013], [-0.264994038999873, 5.6338837240001], [-0.265391149999971, 5.63445605800018], [-0.266161172999944, 5.63402876100008], [-0.266588306999893, 5.63431481000003], [-0.266787266999927, 5.63474332700008], [-0.268041207999943, 5.63477345500007], [-0.26889626499991, 5.63471742600012], [-0.268947836999928, 5.63905726400003], [-0.271741348999967, 5.63899441000018], [-0.272510301999887, 5.63906172600008], [-0.276985221999951, 5.63869613399999], [-0.278494156999841, 5.63995425700011], [-0.281090485999812, 5.63764482100015], [-0.282488689999923, 5.63624753500017], [-0.282650815999943, 5.63575249600018], [-0.283432711999978, 5.63336502300007], [-0.284430089999887, 5.63345190300015], [-0.285114392999958, 5.6331957810001], [-0.286142128999813, 5.63316255800009], [-0.287536296999974, 5.63365556600002], [-0.288419748999956, 5.63368519600016], [-0.288961067999878, 5.63382861300005], [-0.289102697999965, 5.63454256800009], [-0.289614824999887, 5.63525697400019], [-0.290640014999894, 5.63591490200008], [-0.292008069999952, 5.63585946300003], [-0.293204125999978, 5.63663180100002], [-0.294115772999817, 5.6369184190001], [-0.295596968999973, 5.63757689200014], [-0.296138018999955, 5.63794871300007], [-0.296549212999878, 5.63866761900005], [-0.297590206999871, 5.63903541600018], [-0.297988827999973, 5.63934996000012], [-0.29829038299988, 5.64081049000015], [-0.298897226999941, 5.6423489440001], [-0.299819438999918, 5.64305708900014], [-0.303588153999897, 5.64584600400008], [-0.303802256999973, 5.646163194], [-0.307208744999912, 5.65120981900003], [-0.312935405999895, 5.65287259900015], [-0.315613160999931, 5.65398926400007], [-0.31686719299995, 5.65399074100009], [-0.31951576299997, 5.65570693600006], [-0.319887772999948, 5.65442255700015], [-0.320159500999978, 5.65335598000007], [-0.319886860999873, 5.65257088600015], [-0.31977630199998, 5.65225251900017], [-0.32049058199982, 5.65074012800017], [-0.321317929999964, 5.65002730900005], [-0.321575431999975, 5.64917106700011], [-0.321291920999954, 5.64788592100018], [-0.322008743999845, 5.64417506900008], [-0.323179009999933, 5.64266320400014], [-0.324605794999968, 5.642117509], [-0.327113718999897, 5.64121164100004], [-0.327541549999864, 5.64092662100006], [-0.327798511999902, 5.6405271970001], [-0.328368973999943, 5.64012813500011], [-0.328853967999919, 5.63970042200015], [-0.329281830999946, 5.63938684800013], [-0.330195043999936, 5.63833149400006], [-0.330423796999867, 5.63767507200009], [-0.330805926999972, 5.63722429299997], [-0.331484422999949, 5.63651149900016], [-0.331594650999932, 5.63581729000003], [-0.331886807999922, 5.63552527400003], [-0.332251837999934, 5.63530642800004], [-0.333270374999927, 5.63512128600019], [-0.333565543999953, 5.63486940500019], [-0.335681262999913, 5.63487182000011], [-0.338271899999938, 5.63425351900003], [-0.340061090999939, 5.63268415400012], [-0.342031756999916, 5.63191895700015], [-0.343016697999872, 5.63188352300006], [-0.344405556999959, 5.62947317800018], [-0.344699054999978, 5.62797520100014], [-0.346008884999947, 5.62663333300014], [-0.346562794999841, 5.62494413000007], [-0.346601797999938, 5.62267844000002], [-0.347843123999894, 5.62169313600003], [-0.347990576999848, 5.62030462500019], [-0.349415575999956, 5.61815011000016], [-0.350076127999898, 5.6145695190001], [-0.354018837999888, 5.61165035400006], [-0.354421406999904, 5.61044484100006], [-0.355894203999981, 5.60950844800016], [-0.356180733999906, 5.60918346400007], [-0.356640429999914, 5.60902959000015], [-0.356973693999976, 5.609109934], [-0.357005167999887, 5.60928445100018], [-0.357321646999878, 5.60944341900017], [-0.357685173999869, 5.61001485100019], [-0.357590020999965, 5.61015750500013], [-0.357435798999916, 5.61026317200003], [-0.357377147999955, 5.61035110100016], [-0.357464316999881, 5.61050536800019], [-0.357593587999929, 5.61055788800013], [-0.35762087199987, 5.6107701900001], [-0.357620398999927, 5.61120300200002], [-0.357790685999873, 5.61149265000017], [-0.357831617999977, 5.61180696700018], [-0.358081874999925, 5.61193956700009], [-0.358238533999895, 5.61211065900005], [-0.358252105999952, 5.61228159299998], [-0.358119982999938, 5.61232004400006], [-0.357949478999956, 5.61222888200018], [-0.357792505999953, 5.61234449500006], [-0.357949035999923, 5.61263412800014], [-0.358040964999816, 5.61286441900006], [-0.358132894999869, 5.61309471000004], [-0.358000481999909, 5.61339781000009], [-0.357711470999902, 5.61347468200006], [-0.357436401999962, 5.61338340700001], [-0.357293501999948, 5.61321233000018], [-0.357189024999911, 5.61313226800013], [-0.357056898999929, 5.61317347500005], [-0.357004429999961, 5.61334433700017], [-0.356781355999942, 5.61351501200016], [-0.356583150999882, 5.61359198300005], [-0.356558198999949, 5.61376287600007], [-0.356676390999951, 5.61388154600013], [-0.356912947999831, 5.61396175300013], [-0.357028388999879, 5.61408042100015], [-0.356951184999957, 5.61422368800004], [-0.35670072399995, 5.61427579200006], [-0.356623461999959, 5.61447143800007], [-0.356656200999907, 5.61472785300009], [-0.356688940999959, 5.61498426900016], [-0.356859267999937, 5.61523807899999], [-0.357197782999947, 5.61518607200009], [-0.35742059699993, 5.61525248000004], [-0.357461685999851, 5.61542344500009], [-0.357524642999977, 5.6157267590001], [-0.35767025399997, 5.61593643300006], [-0.357788568999979, 5.61594345600002], [-0.357906883999931, 5.61595047700018], [-0.358115711999972, 5.61622638400019], [-0.358310551999921, 5.61671179000018], [-0.358271867999918, 5.61685785600002], [-0.358024229999955, 5.61684380000008], [-0.357774198999948, 5.61650168600005], [-0.357617467999944, 5.61639675700013], [-0.357471569999973, 5.61644897400009], [-0.35736684799997, 5.61659221100012], [-0.357523347999972, 5.61690941199998], [-0.357556052999939, 5.61719753000006], [-0.357588757999963, 5.61748564900017], [-0.357577189999972, 5.61799839600008], [-0.357431104999876, 5.61822153400004], [-0.357260513999904, 5.61820756200012], [-0.357090137999933, 5.61799786100011], [-0.356947148999893, 5.61790673000013], [-0.356553554999948, 5.61799727000016], [-0.356473912999832, 5.61785383000017], [-0.356515547999891, 5.61752582000003], [-0.356413415999953, 5.61719007100004], [-0.356136188999869, 5.61718356300003], [-0.355675891999965, 5.61787776200003], [-0.35575263699991, 5.61815352299999], [-0.355950759999871, 5.61815374200012], [-0.356264553999893, 5.61806311400005], [-0.356382776999908, 5.61815421800014], [-0.356302659999869, 5.61844359000014], [-0.35612094399994, 5.61853712100014], [-0.355609156999947, 5.61850898800003], [-0.355149506999851, 5.61861323800014], [-0.35458501599993, 5.61896823900008], [-0.354226834999963, 5.61938411500006], [-0.354187791999948, 5.61985548000007], [-0.354338665999819, 5.62028294500016], [-0.354401979999977, 5.62046233100006], [-0.354489539999975, 5.62071041200011], [-0.354854577999959, 5.62156541300004], [-0.355195126999888, 5.62216952200004], [-0.355549617999827, 5.62260823900016], [-0.355813092999938, 5.62323707300015], [-0.355983335999895, 5.62356807300017], [-0.356219899999928, 5.6236455240001], [-0.356376906999969, 5.62350234399997], [-0.356481689999953, 5.62330397300002], [-0.356638680999879, 5.62317457700016], [-0.356743131999906, 5.62327945000004], [-0.356717917999958, 5.62368742400002], [-0.356769855999971, 5.62400175300019], [-0.356689637999921, 5.62438209900006], [-0.356755404999944, 5.62463303800013], [-0.356925795999928, 5.62483033400008], [-0.357096186999968, 5.62502763099997], [-0.357200392999971, 5.62535580100013], [-0.357147849999819, 5.62559282600012], [-0.356963425999936, 5.62564500100007], [-0.356702098999961, 5.62556476700018], [-0.356347008999876, 5.62566913300014], [-0.356137645999979, 5.62587841600015], [-0.356046562999893, 5.62612918200011], [-0.356057281999824, 5.62639108600007], [-0.355847773999869, 5.62673269500004], [-0.355847485999959, 5.62699458800012], [-0.35603154699993, 5.62727322400008], [-0.356320188999973, 5.62753819300008], [-0.356619493999972, 5.62811744400011], [-0.356894438999973, 5.62832726200008], [-0.357183097999894, 5.62857844600006], [-0.357248764999895, 5.62892035800013], [-0.357196078999891, 5.62928695100015], [-0.35686820199993, 5.62966702300014], [-0.356735567999976, 5.63016585200012], [-0.356933261999927, 5.63056028800008], [-0.35719731699993, 5.63066533700015], [-0.357340465999926, 5.63061311600018], [-0.357497430999956, 5.63050853200008], [-0.357643202999952, 5.63057485400003], [-0.357681466999907, 5.63081197900004], [-0.357664333999935, 5.63102480000015], [-0.35764240899988, 5.63129712700004], [-0.357790418999969, 5.63183210300008], [-0.357919463999963, 5.63209413800018], [-0.358194552999976, 5.63217438800007], [-0.358312764999937, 5.63227927500009], [-0.358312634999891, 5.63239781600004], [-0.358169484999962, 5.63245003700001], [-0.358130805999963, 5.63259059000001], [-0.358235209999975, 5.63273957100017], [-0.358482854999977, 5.63275362700011], [-0.358758162999891, 5.63263538799998], [-0.359047330999942, 5.63242343500013], [-0.359413401999973, 5.63234664800007], [-0.359702265999942, 5.63241312800011], [-0.359795596999959, 5.63262274500011], [-0.359688132999963, 5.63275495200014], [-0.359520132999876, 5.63288433500009], [-0.359492427999896, 5.63305522500002], [-0.360723915999927, 5.63425301500018], [-0.359954941999888, 5.63537279900009], [-0.359579894999968, 5.63610706600002], [-0.359502641999939, 5.63629168400018], [-0.359579519999841, 5.63644890500012], [-0.359818983999958, 5.63639678900012], [-0.35996478699991, 5.6364355450001], [-0.360016910999946, 5.63658171100013], [-0.359884694999948, 5.63670010700014], [-0.359713941999928, 5.63682948700017], [-0.359529138999847, 5.63722350200004], [-0.359319899999946, 5.63731700200009], [-0.359030818999827, 5.63744625200013], [-0.359030643999972, 5.63760614400007], [-0.359176373999958, 5.63771106200005], [-0.359385568999869, 5.63765891400016], [-0.359647046999896, 5.63760682200012], [-0.359699188999969, 5.63773644800017], [-0.359607902999869, 5.63817191700008], [-0.359464203999892, 5.63872311400013], [-0.359356596999874, 5.6389848880001], [-0.3592272059999, 5.63903712400014], [-0.359015430999875, 5.63893213400019], [-0.358910847999937, 5.63894580300013], [-0.358701594999957, 5.6390503290001], [-0.358492457999944, 5.63905009999996], [-0.358388133999938, 5.63882668600013], [-0.358361006999928, 5.63847103200004], [-0.358179472999893, 5.63839364300009], [-0.358061117999966, 5.6384183240001], [-0.357835339999951, 5.63853661600012], [-0.357733162999921, 5.63886455800008], [-0.357454944999915, 5.63912338800003], [-0.35748211899994, 5.63943769000008], [-0.357467967999924, 5.6397932970001], [-0.357356469999957, 5.63983866100011], [-0.357244970999943, 5.63988402400008], [-0.357126686999948, 5.63984529900011], [-0.357140690999927, 5.63962201600003], [-0.357061091999924, 5.63943722500011], [-0.356876677999935, 5.63947561600003], [-0.356521330999954, 5.63980603599998], [-0.356336729999953, 5.6400153460001], [-0.355970637999917, 5.64010591400012], [-0.355780628999923, 5.64022838000011], [-0.356062981999912, 5.64121148000009], [-0.35582893499992, 5.64134079000013], [-0.355605876999959, 5.64148665200014], [-0.355209645999935, 5.64145864500006], [-0.355000464999932, 5.641497007], [-0.3548820339999, 5.64159060600002], [-0.354854340999964, 5.6417477120001], [-0.354730364999966, 5.64187852100014], [-0.354606388999855, 5.64200933000006], [-0.354589567999881, 5.6422905010001], [-0.35444354699996, 5.64244747500015], [-0.354286357999911, 5.64275054500018], [-0.354354647999969, 5.64320824400011], [-0.354392925999946, 5.64343158500003], [-0.354307357999971, 5.64366857100009], [-0.354221788999894, 5.64390555800009], [-0.354012403999889, 5.64412862400007], [-0.353841774999921, 5.64414221800013], [-0.353643747999968, 5.64404826800018], [-0.353525723999951, 5.64377246100003], [-0.353407468999933, 5.643706167], [-0.353170649999811, 5.64385201200008], [-0.352947388999894, 5.64417981900016], [-0.352988228999891, 5.64457408200013], [-0.353276749999964, 5.64495483600007], [-0.353355984999951, 5.64546768400004], [-0.353443433999928, 5.64601775500017], [-0.35390512999993, 5.64657100000016], [-0.354204784999922, 5.64683873900003], [-0.354298158999939, 5.6470097620001], [-0.354231777999928, 5.64731293300002], [-0.354074691999926, 5.64752227300011], [-0.354034528999875, 5.64775793200016], [-0.353994365999938, 5.64799359000011], [-0.35386198499998, 5.64825809300004], [-0.353548173999968, 5.64834871800002], [-0.35334450099981, 5.64838157200006], [-0.353140827999937, 5.64841442700003], [-0.352774598999815, 5.64862353300009], [-0.35249936799994, 5.64866457800002], [-0.352356244999839, 5.64868923000012], [-0.352290025999935, 5.64884629100004], [-0.352498756999978, 5.64921593100007], [-0.352550588999918, 5.64962398900008], [-0.352811695999947, 5.64991098400014], [-0.352943610999944, 5.65006826600018], [-0.353138509999894, 5.65050405199997], [-0.353249894999976, 5.65056344600009], [-0.353060452999841, 5.65140956200014], [-0.352785063999875, 5.65159258000017], [-0.352322410999875, 5.65189806600006], [-0.352124056999969, 5.6520963320001], [-0.351994280999975, 5.65249040400005], [-0.35188930299995, 5.65285693700008], [-0.351756918999968, 5.65312143900013], [-0.351624785999888, 5.65315988600003], [-0.351467971999966, 5.65312111600002], [-0.351363525999943, 5.65300935000016], [-0.351259078999931, 5.65289758500006], [-0.351113290999933, 5.65284228700011], [-0.351008805999925, 5.65276498100013], [-0.351008981999939, 5.65260784599997], [-0.351154829999928, 5.65260800900006], [-0.351273307999918, 5.65247581600005], [-0.351221300999896, 5.65222489200011], [-0.351089328999819, 5.65211998800009], [-0.350905011999942, 5.65206740400004], [-0.350748124999939, 5.65209479599997], [-0.350563501999943, 5.65231788800014], [-0.350327763999871, 5.65272424700009], [-0.35009202599997, 5.65313060500017], [-0.349868537999953, 5.65365689700019], [-0.349945165999941, 5.65403741700004], [-0.35012926099995, 5.65428848700003], [-0.350142685999913, 5.65458899000015], [-0.350037974999964, 5.65471430500008], [-0.349955342999976, 5.654813198], [-0.349550445999967, 5.65511486900004], [-0.34949788299997, 5.65536291800004], [-0.349591283999928, 5.65550913100014], [-0.349709365999956, 5.65573256200008], [-0.349681356999952, 5.65617085500003], [-0.349784872999976, 5.65711654100011], [-0.34979278499992, 5.65742530800014], [-0.349800694999942, 5.65773407400013], [-0.349643646999937, 5.65790481700014], [-0.349316085999931, 5.65798163900007], [-0.348683104999964, 5.65802228000018], [-0.348341796999932, 5.65808806000007], [-0.348250808999978, 5.658245093], [-0.348329186999877, 5.65829066800018], [-0.348407564999889, 5.65833624200019], [-0.348591940999938, 5.65833645000004], [-0.348696379999978, 5.65845510700018], [-0.348750801999927, 5.65900652000005], [-0.348579903999848, 5.65925719500012], [-0.348561902999961, 5.65965120800013], [-0.34855169399998, 5.65987467800011], [-0.348446945999967, 5.66003169500004], [-0.348171610999884, 5.66016095300012], [-0.34811917699983, 5.66029321900004], [-0.348066742999947, 5.66042548500013], [-0.34822329199983, 5.66070133700003], [-0.348341447999928, 5.6608586050001], [-0.34827521099993, 5.66102945000011], [-0.348079603999906, 5.66122771700009], [-0.348013304999938, 5.66145369700013], [-0.347984887999928, 5.66225588300006], [-0.348031352999953, 5.66253850300018], [-0.348077818999968, 5.66282112300013], [-0.348220741999967, 5.66297841900018], [-0.348391391999883, 5.66295104300002], [-0.348537477999969, 5.66274169400003], [-0.348785266999869, 5.66263721500019], [-0.349060430999884, 5.66266233500011], [-0.34934902699996, 5.66297968599997], [-0.349789764999855, 5.66505602300009], [-0.351513113999886, 5.66447903300013], [-0.351892308999822, 5.66499221400005], [-0.35231330899984, 5.66503128000011], [-0.352494614999898, 5.66532094299998], [-0.352981689999979, 5.66533527100012], [-0.353176812999948, 5.66557257000011], [-0.353257773999928, 5.6657711470001], [-0.353338734999966, 5.66596972500002], [-0.353534005999961, 5.66607469900003], [-0.353743167999937, 5.66606114900014], [-0.353955283999881, 5.66586565600005], [-0.354126034999979, 5.66574730500008], [-0.354255344999956, 5.6657750170001], [-0.354373518999864, 5.66591850000015], [-0.354360871999972, 5.66615556800002], [-0.354348224999967, 5.66639263500002], [-0.354411317999961, 5.66657465200007], [-0.354675386999872, 5.66667970300017], [-0.354845786999931, 5.66687838000018], [-0.354922302999967, 5.66736365600002], [-0.35514410299993, 5.6683618510001], [-0.355421333999971, 5.66900724300018], [-0.355572398999925, 5.66927068200005], [-0.356602656999826, 5.67082664300011], [-0.35717853999995, 5.67017255000007], [-0.357164874999967, 5.67008707500003], [-0.357244827999921, 5.66995484000017], [-0.357440230999941, 5.66994127300018], [-0.357613500999889, 5.67003519500014], [-0.35781150999992, 5.67015395500005], [-0.357902428999978, 5.67006032600017], [-0.357954903999882, 5.66988946500015], [-0.358059681999919, 5.66970487800006], [-0.358216658999879, 5.66960029500007], [-0.35837627199993, 5.66960047200013], [-0.358557958999938, 5.66954829400009], [-0.358571875999871, 5.66940495800014], [-0.35843995599987, 5.66924767600011], [-0.358165095999937, 5.66894412700009], [-0.358152907999909, 5.66876630200005], [-0.358140720999813, 5.66858847700018], [-0.358193281999888, 5.66834042600016], [-0.358284211999944, 5.66823577000002], [-0.358430064999936, 5.66823593100014], [-0.358625075999896, 5.66857798600012], [-0.358900185999858, 5.6686554800001], [-0.359032046999914, 5.66886514100014], [-0.359202564999919, 5.66895905900009], [-0.359307241999943, 5.66886544500016], [-0.359359744999949, 5.66866977200004], [-0.359478120999881, 5.66863130900015], [-0.359634881999966, 5.66872245600018], [-0.359857688999853, 5.66881367500014], [-0.359989824999957, 5.66877522699997], [-0.36008079699991, 5.66863197500004], [-0.360081042999923, 5.66840867700006], [-0.360265668999944, 5.66818558300008], [-0.360579607999966, 5.66798744200008], [-0.360775081999975, 5.66791046800012], [-0.360921179999934, 5.66768733100002], [-0.360959997999942, 5.66742272400006], [-0.361026232999905, 5.66725187800017], [-0.361196852999967, 5.66725206600017], [-0.361433346999945, 5.66740946200008], [-0.361747007999952, 5.66746494400019], [-0.362008284999888, 5.66760858300012], [-0.36220643899992, 5.66759501800016], [-0.362245211999948, 5.66737176200013], [-0.362350114999913, 5.66707139000016], [-0.362653260999878, 5.66667750500017], [-0.362818521999941, 5.66654536200014], [-0.363079928999923, 5.66657046000012], [-0.363275197999826, 5.66667818900004], [-0.363420878999875, 5.66683548500009], [-0.363550249999946, 5.66680805900012], [-0.363762233999978, 5.66673110200009], [-0.364023538999902, 5.66684993100006], [-0.364169176999894, 5.6670458210001], [-0.364248765999889, 5.66724439500018], [-0.364367042999902, 5.66729690400018], [-0.364444142999901, 5.66725563700004], [-0.364576370999941, 5.66713172700008], [-0.364826631999847, 5.66728362400011], [-0.364983134999932, 5.66761185100017], [-0.365153567999812, 5.66778295800003], [-0.365335081999888, 5.66788791300013], [-0.365362285999936, 5.66817740400018], [-0.365414301999976, 5.668425571], [-0.365661717999842, 5.66866292400005], [-0.365964489999953, 5.66861087600017], [-0.366267230999938, 5.66858639700018], [-0.366723826999873, 5.66879641100013], [-0.367053759999976, 5.66907244800018], [-0.367510227999844, 5.66940100300008], [-0.367589754999926, 5.66944094500019], [-0.367790773999957, 5.66954190500019], [-0.367829145999963, 5.66968529800005], [-0.367724411999973, 5.66983129300013], [-0.367526186999896, 5.66990826600005], [-0.367421453999953, 5.67005426100013], [-0.367567109999925, 5.67023636599998], [-0.367998951999937, 5.67043532500003], [-0.368235520999974, 5.67052655700013], [-0.368260144999965, 5.67065890900005], [-0.368089379999958, 5.67079104800007], [-0.367723367999872, 5.67079064800004], [-0.367500417999906, 5.67082899900009], [-0.367421901999819, 5.67090748200013], [-0.367486372999906, 5.6710908770001], [-0.367813840999929, 5.67110501900004], [-0.367998180999962, 5.67114381500005], [-0.368064140999934, 5.67122383300011], [-0.368066763999877, 5.67134237700014], [-0.36800061799994, 5.67143327800011], [-0.367865713999947, 5.67148551000014], [-0.367868280999971, 5.67165643200008], [-0.367961732999902, 5.67176129100017], [-0.368170882999948, 5.67176152000008], [-0.368357277999962, 5.67185970100013], [-0.368407335999905, 5.67196026599999], [-0.368431617999875, 5.67240688900011], [-0.368744808999963, 5.67289793600014], [-0.368667568999967, 5.67306877100015], [-0.368482886999857, 5.67334424700005], [-0.368482700999948, 5.67351516700012], [-0.368614695999838, 5.67360628400013], [-0.368799150999905, 5.67354032300011], [-0.368994654999938, 5.67343577900016], [-0.36916526199991, 5.67344974900004], [-0.369297227999823, 5.67356843400017], [-0.369217222999964, 5.67375029400011], [-0.369018993999873, 5.67383002400015], [-0.368837378999956, 5.67381604200006], [-0.368743724999945, 5.67389588700019], [-0.368691137999917, 5.67417150600016], [-0.368955183999958, 5.67430411900006], [-0.369191712999964, 5.67443394500015], [-0.369689134999931, 5.67506578700016], [-0.369767367999884, 5.67524919900006], [-0.369845599999962, 5.67543260900015], [-0.369856422999817, 5.6756035410001], [-0.369608714999913, 5.67563083800013], [-0.369358454999826, 5.67547342899996], [-0.369110919999969, 5.67534083400011], [-0.368992497999898, 5.67542065200013], [-0.36894005399995, 5.67556394700017], [-0.369110377999903, 5.67583981000018], [-0.369057688999874, 5.67620915900011], [-0.368977610999934, 5.67645718200009], [-0.369081986999959, 5.67664200000013], [-0.36924161599984, 5.67662839000008], [-0.369461976999958, 5.6764439260001], [-0.369855881999968, 5.67610251600007], [-0.370067666999887, 5.67621026099999], [-0.370237949999932, 5.676524718], [-0.370185461999938, 5.67670936400003], [-0.369816452999885, 5.67693226100005], [-0.369645574999936, 5.67716639999998], [-0.369592957999942, 5.67746958800001], [-0.369501827999954, 5.67775895000017], [-0.369264943999895, 5.67795442100009], [-0.368989729999953, 5.67796790500012], [-0.368885353999929, 5.67778308800001], [-0.368805773999838, 5.67757348700019], [-0.368701198999872, 5.6775733720001], [-0.368624028999875, 5.67767804600004], [-0.368596121999872, 5.67803363900009], [-0.368254436999962, 5.67843575400002], [-0.368254235999927, 5.67862045800007], [-0.36833943399995, 5.67872530700009], [-0.368424630999925, 5.67883015800015], [-0.368462700999942, 5.67925198500018], [-0.368699132999893, 5.67947278500014], [-0.369081273999882, 5.67982882600018], [-0.369160808999879, 5.6800797790001], [-0.368875869999954, 5.68144269100003], [-0.369525645999886, 5.68116634400019], [-0.370064625999873, 5.68154736700018], [-0.37031224999987, 5.68160001500013], [-0.370667259999948, 5.68160040200007], [-0.370851515999902, 5.68171914300018], [-0.370994222999968, 5.6820859500001], [-0.371178464999957, 5.68221847500013], [-0.371415138999907, 5.68221873200002], [-0.371544156999903, 5.68251936100012], [-0.371634731999961, 5.68274275800007], [-0.372529021999981, 5.68285124400018], [-0.372806939999975, 5.68288462699996], [-0.373068125999964, 5.6831219930001], [-0.373161467999978, 5.68333160900005], [-0.373778105999918, 5.68316135800006], [-0.373990010999876, 5.68316158699997], [-0.374028431999932, 5.68326087200012], [-0.374077120999971, 5.68404660600009], [-0.374749042999952, 5.68365035700009], [-0.37501040199993, 5.68372783000001], [-0.375157773999945, 5.68370816200019], [-0.375338032999935, 5.68359861599998], [-0.375456357999951, 5.68360977100014], [-0.375536008999973, 5.68375596600004], [-0.375574409999956, 5.68387454900017], [-0.375772513999948, 5.6839133580001], [-0.376138619999949, 5.68383380699998], [-0.376336580999975, 5.68400494000002], [-0.376479630999881, 5.68405747400016], [-0.376556811999876, 5.68394177200014], [-0.376557110999897, 5.68366333900013], [-0.376623482999889, 5.68336292100014], [-0.376846580999882, 5.68319224200013], [-0.377163047999943, 5.68320636700014], [-0.377913886999977, 5.68363999000007], [-0.378147554999885, 5.68387732400015], [-0.378384172999915, 5.68392995700015], [-0.378398172999937, 5.68370667400006], [-0.378227688999857, 5.68357416500004], [-0.378175695999971, 5.68329843200002], [-0.37829420199995, 5.68314142300011], [-0.378530803999979, 5.68320784000002], [-0.378725875999862, 5.68350853800018], [-0.379000880999968, 5.68369353800006], [-0.379276041999901, 5.68373242800004], [-0.37958161499995, 5.6836417830001], [-0.379818344999933, 5.68358965800013], [-0.380065788999957, 5.68381322300007], [-0.380304834999947, 5.68416910400015], [-0.380645821999906, 5.68441757900018], [-0.380802772999914, 5.68433780100014], [-0.380882876999976, 5.6840622090001], [-0.381262962999926, 5.683775911], [-0.381722845999946, 5.68350072600009], [-0.381998106999959, 5.68344588500008], [-0.381896157999961, 5.68485311100017], [-0.38195518699996, 5.68498412000008], [-0.38212579799989, 5.68504608200004], [-0.382282552999868, 5.68510301200013], [-0.383686105999914, 5.6850907270001], [-0.384624575999965, 5.68506691700009], [-0.384979521999924, 5.68513070100005], [-0.385425102999932, 5.68536550100009], [-0.385647891999895, 5.68548428000008], [-0.385790997999834, 5.68548443099996], [-0.385881885999879, 5.68541836500003], [-0.386000474999946, 5.68518140900011], [-0.38605322199993, 5.68474865100001], [-0.386147041999891, 5.68451166700015], [-0.386265475999835, 5.68442081900008], [-0.38649931499998, 5.68450101400003], [-0.38680171999988, 5.68480182400009], [-0.387159385999894, 5.68489593500016], [-0.387349290999964, 5.68488235200016], [-0.387235859999919, 5.68414617200017], [-0.387209854999981, 5.6840138180001], [-0.387314679999974, 5.68377960400005], [-0.387840457999857, 5.6836478350001], [-0.388170730999889, 5.68362061700014], [-0.388275138999916, 5.68378062100004], [-0.388365833999956, 5.68389650200015], [-0.38857497399988, 5.68391050700012], [-0.388745849999964, 5.68367360500008], [-0.388795574999904, 5.68361213000003], [-0.388850563999938, 5.68354414700002], [-0.389073588999906, 5.68343962500006], [-0.389428599999974, 5.68344000100012], [-0.389665330999946, 5.68338787200014], [-0.389861083999961, 5.68304623800014], [-0.38993183499997, 5.68287369500013], [-0.389979725999922, 5.68275690100006], [-0.39011187899996, 5.682704661], [-0.390334711999969, 5.68278208700002], [-0.390571481999871, 5.68269136200007], [-0.390728442999887, 5.68260055400003], [-0.390898987999947, 5.68267792300014], [-0.390950942999893, 5.68299500800015], [-0.391002313999877, 5.68386896200019], [-0.390737871999931, 5.68410301000017], [-0.390600142999915, 5.68422416300018], [-0.389522227999919, 5.6846916770001], [-0.390600768999889, 5.68493817000018], [-0.390712185999973, 5.68497688200017], [-0.390868927999975, 5.68509558900013], [-0.391157890999978, 5.68509589400009], [-0.3913146619999, 5.68518703300009], [-0.39130076299989, 5.68531934400011], [-0.39115738199996, 5.68558108700017], [-0.391305546999945, 5.68600578700011], [-0.391814106999902, 5.68654665300011], [-0.393038135999859, 5.68715167600016], [-0.393390303999865, 5.68724301900016], [-0.393759297999907, 5.68703389200004], [-0.394045550999977, 5.68699559700013], [-0.394216028999949, 5.68713912800018], [-0.394229569999936, 5.68734865900007], [-0.394144089999884, 5.68750708400012], [-0.394905534999907, 5.68834456600013], [-0.396562925999888, 5.68772051100007], [-0.396485402999872, 5.68816702900006], [-0.396551219999935, 5.68839039700009], [-0.396680566999976, 5.68839053300007], [-0.396812788999966, 5.68827212900004], [-0.396890092999968, 5.6880351260001], [-0.397060719999956, 5.6880353040001], [-0.397178851999968, 5.68823391600017], [-0.397269561999849, 5.68833876800016], [-0.39745400399994, 5.6882865820001], [-0.397723937999956, 5.68806356500005], [-0.397974526999974, 5.68791771600013], [-0.398103981999952, 5.6878130930001], [-0.398170166999932, 5.68768359300003], [-0.398156502999939, 5.68758984800019], [-0.397919920999925, 5.68749862800013], [-0.397672126999851, 5.68760312700016], [-0.397487532999946, 5.687801423], [-0.397330653999916, 5.68781228600011], [-0.39725096799998, 5.68769366099997], [-0.3972788989999, 5.68729947100007], [-0.397306825999976, 5.68690803600009], [-0.397161296999968, 5.68659085400014], [-0.397109103999981, 5.68649982600004], [-0.397175343999947, 5.68631519000007], [-0.397450549999974, 5.68631547700016], [-0.397646081999824, 5.68618335600019], [-0.397805835999975, 5.6860539540001], [-0.397948916999837, 5.68607891400006], [-0.397962470999971, 5.68627741600011], [-0.397805454999968, 5.68642060600007], [-0.397620983999957, 5.68650036000008], [-0.397645589999968, 5.68665752200013], [-0.39788214299989, 5.68677631100013], [-0.398261980999962, 5.68672432799997], [-0.398578494999867, 5.68669709000005], [-0.398669474999963, 5.68654004800004], [-0.398721967999847, 5.68634437100008], [-0.398656083999924, 5.68618440800009], [-0.398631450999972, 5.68605481399999], [-0.398683821999953, 5.68597492200013], [-0.398868209999932, 5.6859751130001], [-0.399247991999914, 5.68597550800018], [-0.399338686999897, 5.68609414400009], [-0.399247732999925, 5.68622637599998], [-0.39910177899992, 5.68631719800004], [-0.399101615999882, 5.68647433500018], [-0.399247351999975, 5.68659302800012], [-0.399428958999977, 5.68662078400013], [-0.399494830999913, 5.68679177400008], [-0.399455947999911, 5.68713357500019], [-0.399494396999899, 5.68721080500018], [-0.399692584999968, 5.68717241600012], [-0.399783510999839, 5.68706775300006], [-0.400298144999965, 5.6870682870001], [-0.400612015999911, 5.68693628800014], [-0.400901035999937, 5.68688420900014], [-0.400928433999979, 5.68700277800014], [-0.40084851599994, 5.68710745300018], [-0.400691334999976, 5.68741053700018], [-0.400704376999897, 5.68810526000004], [-0.400913450999894, 5.68818542499997], [-0.401174978999961, 5.68810574900016], [-0.401373383999953, 5.68785784400018], [-0.401568862999966, 5.68777810000012], [-0.40160721399991, 5.68794906100015], [-0.401568360999818, 5.68826329300003], [-0.401411302999975, 5.68844783500003], [-0.401188316999878, 5.68851376700019], [-0.401083575999849, 5.68867079500018], [-0.401226492999967, 5.68885564800013], [-0.401449301999889, 5.68896063800008], [-0.40157457499987, 5.68890838800002], [-0.401699847999964, 5.68885613900005], [-0.402052370999968, 5.68860563700014], [-0.402275396999869, 5.68850111000012], [-0.402382671999931, 5.68855359999998], [-0.402445846999854, 5.68867220700014], [-0.402274880999926, 5.68900008800017], [-0.40231597199994, 5.68918483500011], [-0.402511245999847, 5.68930357900012], [-0.402720363999833, 5.68934239100014], [-0.402942927999959, 5.68968446300005], [-0.403102278999881, 5.68994652200013], [-0.403102058999877, 5.69015879400013], [-0.402997469999946, 5.69016971300005], [-0.402458103999891, 5.69013056000011], [-0.402221425999926, 5.69013031500015], [-0.401921871999946, 5.68972200100012], [-0.401671541999917, 5.68961698300012], [-0.40144859499992, 5.68964432000018], [-0.401462206999895, 5.68978768600016], [-0.401580395999929, 5.68993391800018], [-0.401723383999922, 5.69004985200019], [-0.401750712999956, 5.6902345850001], [-0.401656837999951, 5.69052946400006], [-0.40143650999994, 5.69068637300018], [-0.401199466999913, 5.69103899500004], [-0.400805769999977, 5.69118469600011], [-0.400634977999857, 5.69134165600013], [-0.400634638999918, 5.69166971300018], [-0.400739065999858, 5.69181593000008], [-0.401184890999957, 5.69182742000015], [-0.401654937999979, 5.69236823800014], [-0.401905012999975, 5.69272136700016], [-0.401904821999949, 5.69290607100015], [-0.401681751999945, 5.69305195000004], [-0.401235574999816, 5.69337954400015], [-0.40101234499997, 5.69367980200013], [-0.401196626999877, 5.69378475100018], [-0.401378250999869, 5.6937987230001], [-0.401642435999975, 5.69381278200012], [-0.401854035999918, 5.69411349100005], [-0.40206313799996, 5.6941688440001], [-0.402219682999885, 5.69448327900005], [-0.402431430999968, 5.69464063600003], [-0.402403542999821, 5.69499623200016], [-0.40245561699993, 5.69520580200009], [-0.402601300999947, 5.69537687400003], [-0.403151597999965, 5.69549598500004], [-0.403399201999946, 5.69557894500014], [-0.403451288999975, 5.69577473099997], [-0.40329428299998, 5.69590689400019], [-0.403005392999944, 5.6958294050001], [-0.402810035999948, 5.69578785100003], [-0.402677838999864, 5.69588144400001], [-0.402795936999951, 5.69611589400006], [-0.40293881599996, 5.69633934100017], [-0.403213766999954, 5.69659049400008], [-0.403306985999961, 5.69693243200015], [-0.403397588999894, 5.69714204200005], [-0.403543353999964, 5.69723592300011], [-0.403634337999961, 5.69707612400009], [-0.403634567999973, 5.69685282400013], [-0.403791585999898, 5.69670963400017], [-0.404289716999926, 5.69671014800002], [-0.40461720199994, 5.69672427100005], [-0.404721673999973, 5.69682913600013], [-0.40464442799987, 5.69701100500015], [-0.404316683999923, 5.69724775000009], [-0.404079894999938, 5.69735226300014], [-0.403594995999811, 5.69786452400018], [-0.403619559999868, 5.69806303800004], [-0.403790111999967, 5.69814040400007], [-0.404013178999946, 5.69799728200013], [-0.404236358999924, 5.69774664500011], [-0.404420789999904, 5.6977082410001], [-0.405109679999896, 5.69954497200013], [-0.405335154999818, 5.69973818100004], [-0.405464435999932, 5.69980447700016], [-0.405560564999973, 5.69999479500012], [-0.405477816999962, 5.7001739000001], [-0.405284986999845, 5.70035013500001], [-0.4052783489999, 5.70044189900017], [-0.405271027999845, 5.70054309699998], [-0.405367286999876, 5.70060660199999], [-0.405573613999934, 5.70068676200009], [-0.405691046999948, 5.70070498300009], [-0.405895560999909, 5.70073671600011], [-0.4060082499999, 5.70088018500019], [-0.40599160499994, 5.70100973600017], [-0.405845676999945, 5.70107299200004], [-0.405653144999917, 5.70095976499999], [-0.405543025999975, 5.70099273300008], [-0.405493404999959, 5.70107262900012], [-0.405526116999965, 5.70137866600015], [-0.405396450999831, 5.70168453600002], [-0.405462354999941, 5.70182795700009], [-0.405588918999854, 5.70186116900015], [-0.405718336999882, 5.70179513900001], [-0.405831354999918, 5.70161882100018], [-0.405974595999965, 5.70149215700019], [-0.406230543999925, 5.70149242100001], [-0.406376375999969, 5.70152289600014], [-0.406343167999978, 5.70169929700012], [-0.406213701999945, 5.70181219100004], [-0.406086939999852, 5.70197195399999], [-0.406086840999933, 5.70206844100011], [-0.406213387999912, 5.70211819400004], [-0.40630279099986, 5.70215826000015], [-0.406053047999876, 5.70415460600015], [-0.406081810999979, 5.70428489299996], [-0.406043045999922, 5.70451366700007], [-0.405775633999951, 5.70495447700011], [-0.405585146999897, 5.70552769200003], [-0.405546261999973, 5.70587225000014], [-0.405592930999831, 5.7059867050001], [-0.405639598999869, 5.70610116000006], [-0.405908991999979, 5.70641019800007], [-0.40613728399984, 5.70654275999999], [-0.406406679999918, 5.70684904100005], [-0.406637781999962, 5.70692646900005], [-0.407056088999923, 5.70694619800003], [-0.40728711099996, 5.70710081599998], [-0.407772847999979, 5.70711923499999], [-0.407898069999931, 5.70712074200003], [-0.408087792999936, 5.70729185800019], [-0.407916943999908, 5.70750119899998], [-0.407820380999908, 5.70773267000004], [-0.409425726999871, 5.70826086600005], [-0.409713199999942, 5.70838521700011], [-0.409941474999926, 5.70853707400016], [-0.410131175999879, 5.7087302430001], [-0.410208002999923, 5.70895913600009], [-0.410149855999919, 5.70930367500011], [-0.41032304499987, 5.70949682800017], [-0.410259412999949, 5.70982206400009], [-0.410361086999899, 5.70997379200003], [-0.410680051999918, 5.71025531000004], [-0.410976802999869, 5.71072978200004], [-0.41147177199997, 5.71114380800003], [-0.41170010399992, 5.71124052800002], [-0.411928379999893, 5.71139238600017], [-0.412140080999848, 5.71160487500009], [-0.412252863999925, 5.71166012600014], [-0.412387680999814, 5.71169885900002], [-0.412550069999838, 5.71168937600004], [-0.41271245799993, 5.71167989300005], [-0.412940868999954, 5.71169942400019], [-0.413972408999939, 5.71221875300006], [-0.41429689499995, 5.7124864920001], [-0.414450784999872, 5.71271546200006], [-0.414708849999954, 5.71334703100018], [-0.416441075999899, 5.71498081200008], [-0.416573105999817, 5.71505537900009], [-0.416897535999908, 5.71538101100003], [-0.416974385999879, 5.71559060500016], [-0.416973436999967, 5.71652791200017], [-0.418070037999939, 5.71804250300016], [-0.41879014999995, 5.71900259600011], [-0.418916703999912, 5.71904958900018], [-0.419175070999813, 5.71938893600014], [-0.419380759999967, 5.72011142400004], [-0.419493369999941, 5.72034035100006], [-0.419798421999872, 5.72078174700016], [-0.420109109999885, 5.72109357800014], [-0.420675100999915, 5.72205627], [-0.421172918999901, 5.72239034400013], [-0.421269130999974, 5.72250622700005], [-0.421345962999908, 5.72273511800006], [-0.421631636999962, 5.72329227800014], [-0.421821081999894, 5.72375009700011], [-0.421977765999884, 5.72394322999997], [-0.4221315449999, 5.72428798400011], [-0.422422897999866, 5.72467147200001], [-0.423203838999882, 5.72536697000004], [-0.42361882199998, 5.72597388200018], [-0.424650399999962, 5.72649043700017], [-0.42513443799993, 5.72684930600013], [-0.425569363999955, 5.72678082200014], [-0.426026202999935, 5.7268171180001], [-0.426832363999949, 5.72706879200013], [-0.426947958999904, 5.72706890700005], [-0.427635794999958, 5.72729840800014], [-0.427864060999923, 5.72747231500006], [-0.428144354999858, 5.72791092500012], [-0.428275274999919, 5.72910750400007], [-0.428396193999902, 5.72928957400006], [-0.428627288999849, 5.72938629200007], [-0.429199664999942, 5.72948335000007], [-0.429297336999866, 5.729517907], [-0.429848509999886, 5.73018146600015], [-0.429925468999954, 5.7302863000001], [-0.430401137999979, 5.73076645600003], [-0.430516353999906, 5.73114976500005], [-0.430615074999935, 5.73151376000004], [-0.430614638999884, 5.73195484700005], [-0.430266432999929, 5.73338527900006], [-0.430391862999898, 5.73457082500011], [-0.430562251999902, 5.73482737700004], [-0.430708089999882, 5.73486060300013], [-0.430936358999929, 5.73503450800001], [-0.431051613999955, 5.73537922300005], [-0.431326474999878, 5.73575166300014], [-0.431843624999942, 5.73603888399998], [-0.432955601999936, 5.73738668100003], [-0.433443176999958, 5.73975525200018], [-0.434336485999893, 5.73957280900009], [-0.434878624999897, 5.73964226500016], [-0.434976325999969, 5.73964925300004], [-0.435271989999933, 5.73986319700015], [-0.435615843999869, 5.74005375600018], [-0.43595982699992, 5.74011198700015], [-0.436190908999947, 5.7402280010001], [-0.436322795999843, 5.74045694500006], [-0.439164610999967, 5.73996998199999], [-0.442208403999928, 5.74014128700009], [-0.443675220999978, 5.73947720600012], [-0.446989121999877, 5.73937565900013], [-0.447720925999931, 5.73970442600006], [-0.448108888999968, 5.73982472100016], [-0.452377327999841, 5.74027404600014], [-0.456890402999932, 5.74078300100007], [-0.457702531999928, 5.74087458800005], [-0.462113989999978, 5.74145768400018], [-0.46390140799997, 5.74170609300006], [-0.465688824999972, 5.74195450200006], [-0.466789584999958, 5.74214850600015], [-0.467454164999936, 5.74227042500019], [-0.471659908999925, 5.74360311000004], [-0.472116710999899, 5.74370002000006], [-0.474380911999901, 5.74422511500012], [-0.476645112999961, 5.74475020800008], [-0.480457539999975, 5.74544721100011], [-0.480668131999948, 5.74644434700002], [-0.480942630999891, 5.74774408100012], [-0.482977319999918, 5.74956812800013], [-0.486415729999976, 5.74930111600008], [-0.488327694999953, 5.74728208199997], [-0.4903376339999, 5.74804476000003], [-0.492552280999917, 5.74842717300015], [-0.492553747999978, 5.74910259600017], [-0.492553339999915, 5.74956298500013], [-0.492495336999923, 5.74979175000016], [-0.49251440099988, 5.75002058299998], [-0.492456090999951, 5.75059532800003], [-0.492397781999841, 5.75117007400019], [-0.492178668999941, 5.75150483300007], [-0.491959554999823, 5.75183959200012], [-0.491766718999941, 5.75202964100015], [-0.491221068999891, 5.75278607500019], [-0.49098381399989, 5.75340210000007], [-0.49088741199995, 5.75347920400009], [-0.490509690999943, 5.75419822600009], [-0.482724314999871, 5.75742488400005], [-0.479730492999977, 5.75954766700011], [-0.479500734999874, 5.75947026600016], [-0.47904391499992, 5.75937611800003], [-0.47855946899989, 5.75939497200017], [-0.478094133999946, 5.75958476800008], [-0.47691276099988, 5.76021499600017], [-0.476714523999931, 5.76028097700004], [-0.474333136999974, 5.76085220400012], [-0.474046735999877, 5.76101183500009], [-0.473187216999918, 5.76183257200006], [-0.472325392999949, 5.76216672700008], [-0.469807001999925, 5.76354279700007], [-0.469549497999935, 5.7637038310001], [-0.468690004999871, 5.76448596400007], [-0.468516405999821, 5.76469532000016], [-0.467866431999937, 5.76511650500009], [-0.467442317999939, 5.76536973500009], [-0.466296578999902, 5.76613505600005], [-0.46614239399986, 5.7661845340001], [-0.465798103999873, 5.76643232400016], [-0.46534094499998, 5.76669930600002], [-0.465109574999929, 5.76687276799998], [-0.464996687999928, 5.76691125700006], [-0.464652414999932, 5.76713974800009], [-0.464308141999879, 5.76736824000017], [-0.463501362999921, 5.76769278400019], [-0.462774549999892, 5.76786302100015], [-0.462202035999951, 5.76786248000019], [-0.461687286999904, 5.76790196800005], [-0.459598003999872, 5.76806677600001], [-0.459559195999873, 5.76835620300011], [-0.45957470399992, 5.76839046000015], [-0.459572125999955, 5.76840968700009], [-0.459668260999933, 5.76862205100008], [-0.459973477999938, 5.76894764300016], [-0.460087614999907, 5.76904286100006], [-0.460201752999922, 5.76913807800003], [-0.460439716999815, 5.76946255100012], [-0.460422154999947, 5.769751966], [-0.460317163999889, 5.77017090100014], [-0.460038707999956, 5.77065307800012], [-0.459829319999926, 5.77086239700014], [-0.4595401549999, 5.77102477400018], [-0.459250990999976, 5.77118715099999], [-0.458975530999908, 5.7714101900001], [-0.458755015999941, 5.77174355400012], [-0.45875482799994, 5.77194204400001], [-0.45492289799995, 5.7738695270001], [-0.451585739999871, 5.77474914700002], [-0.448495952999963, 5.77799991200015], [-0.448036410999919, 5.77786714000018], [-0.447425700999929, 5.77750816300005], [-0.446872681999935, 5.77726502600012], [-0.446570036999958, 5.77712964900019], [-0.446256261999906, 5.77711831600004], [-0.445209177999971, 5.77686504800005], [-0.444932560999973, 5.77685512900001], [-0.444698444999972, 5.77701203800012], [-0.444334793999928, 5.77733974200009], [-0.44402367999993, 5.77742214200015], [-0.443936961999952, 5.77743584100011], [-0.443767831999878, 5.77869415400005], [-0.443730502999927, 5.77886917400014], [-0.443787834999966, 5.7793516700001], [-0.443798367999932, 5.77938467999996], [-0.44380079799987, 5.77940512900017], [-0.444110904999945, 5.78037700900012], [-0.444124604999843, 5.78041994400019], [-0.444094957999937, 5.78084313100015], [-0.444093898999938, 5.78085824500016], [-0.444143313999973, 5.78099337600003], [-0.444221647999939, 5.78110786000008], [-0.444277436999869, 5.7811893920001], [-0.444286888999954, 5.78130397200016], [-0.44429667199995, 5.78131888200016], [-0.444299851999972, 5.78135742600011], [-0.444374059999973, 5.78147052700018], [-0.444682247999879, 5.78156731600012], [-0.444795332999888, 5.78174940000008], [-0.444814162999876, 5.78177971800011], [-0.444756136999956, 5.78200847500011], [-0.444681670999898, 5.782160025], [-0.444668247999971, 5.78226673300014], [-0.444662252999933, 5.78231438600011], [-0.444852119999894, 5.78237246600008], [-0.445080655999959, 5.78229549800011], [-0.445194853999908, 5.78232869200002], [-0.445309050999867, 5.782361885], [-0.445463802999882, 5.78289478000016], [-0.445699225999931, 5.78306524700014], [-0.445880467999814, 5.78350099700015], [-0.446207572999867, 5.78396170000013], [-0.446468368999945, 5.78422207500012], [-0.446746547999965, 5.78449980100015], [-0.44703216299996, 5.78516860100007], [-0.448290243999963, 5.78803972300017], [-0.447914669999818, 5.78987839700005], [-0.446142906999967, 5.79178850900018], [-0.445980299999974, 5.791999245], [-0.445787433999953, 5.79218927600004], [-0.444908270999917, 5.79330491900004], [-0.444200508999813, 5.79365985300012], [-0.443740678999973, 5.79381102600007], [-0.443052194999837, 5.79415494900002], [-0.442820825999945, 5.79430910300016], [-0.442729857999893, 5.79444409600006], [-0.442535267999972, 5.79498699300012], [-0.442340677999937, 5.79552989100011], [-0.442190833999973, 5.79675651700018], [-0.441964540999891, 5.7973462490001], [-0.441286761999947, 5.79799618500004], [-0.439758592999908, 5.79847435800013], [-0.43937591699995, 5.79853738600002], [-0.438533227999926, 5.79893352900018], [-0.438158468999916, 5.79934116300018], [-0.437802764999901, 5.79996384500015], [-0.437433079999948, 5.8008070570001], [-0.435379217999923, 5.79844795600008], [-0.430748210999923, 5.79611143400018], [-0.430742761999909, 5.79604593800008], [-0.430731510999976, 5.79601343700017], [-0.430589060999978, 5.7956019400001], [-0.42898328299998, 5.79387733700014], [-0.428261856999882, 5.79275873300014]]]]}, "properties": {"REGION": "Greater Accra", "DISTRICT": "Ga West"}}, {"type": "Feature", "geometry": {"type": "MultiPolygon", "coordinates": [[[[-0.190314758999875, 5.57200763400004], [-0.177380946999961, 5.56495720200007], [-0.177574369999888, 5.56274044100007], [-0.177598857999897, 5.56223985500003], [-0.178006312999855, 5.56009490900004], [-0.177991632999976, 5.55942664500014], [-0.177677874999858, 5.55673314600011], [-0.176942351999912, 5.55525410100006], [-0.175660198999879, 5.55334519100001], [-0.174948343999972, 5.55196153400004], [-0.174094797999942, 5.54981482900013], [-0.17566546099988, 5.54955479100011], [-0.175756480999951, 5.54935678200019], [-0.176251537999974, 5.54936920200015], [-0.176908915999832, 5.54932762600004], [-0.17788485199992, 5.54892532100007], [-0.179030151999939, 5.54871445700002], [-0.179574744999968, 5.54854994200002], [-0.180281617999924, 5.54839751100013], [-0.181304032999947, 5.54808789900005], [-0.181554608999875, 5.54784689200011], [-0.181512697999892, 5.54748566200004], [-0.181703648999871, 5.54740094400017], [-0.181908036999914, 5.54734046300007], [-0.182149337999817, 5.5471041240001], [-0.182467745999872, 5.54684961800018], [-0.182552969999904, 5.54655230000009], [-0.182701717999976, 5.54631880600016], [-0.182945414999949, 5.54624906500015], [-0.183486753999887, 5.54595871700013], [-0.184292612999968, 5.54587484700011], [-0.186286085999939, 5.54564389000006], [-0.189170695999962, 5.54498923800008], [-0.191355086999977, 5.54469478900018], [-0.192871511999954, 5.54424288100006], [-0.195003082999904, 5.54399865800002], [-0.195555081999942, 5.54383100500013], [-0.197491331999913, 5.54606639700012], [-0.200557400999855, 5.54996974200009], [-0.201698262999912, 5.55486662800007], [-0.202696516999936, 5.55855700800004], [-0.204265203999967, 5.55813119600015], [-0.205120850999947, 5.55813119600015], [-0.206760840999948, 5.55749247800009], [-0.209262752999905, 5.55720592200015], [-0.209947269999873, 5.55730054700007], [-0.210479672999952, 5.55733839700002], [-0.210802916999967, 5.55743302200011], [-0.211050104999913, 5.55769797200003], [-0.211316304999912, 5.55779259700012], [-0.21141137799998, 5.55796292200012], [-0.211202218999972, 5.55817109700018], [-0.211050104999913, 5.55837927200008], [-0.211014610999825, 5.55858921200007], [-0.213581551999937, 5.5584945870001], [-0.215255796999827, 5.55855569300019], [-0.213475198999845, 5.56298624100015], [-0.213771964999978, 5.56712138899996], [-0.214662263999912, 5.57125650800009], [-0.211101065999969, 5.57243796500006], [-0.205462503999968, 5.57391478400012], [-0.201011006999977, 5.57480087200008], [-0.198978996999926, 5.57510423300005], [-0.195075677999967, 5.57568696000004], [-0.190314758999875, 5.57200763400004]]]]}, "properties": {"REGION": "Greater Accra", "DISTRICT": "Korle-Klottey"}}, {"type": "Feature", "geometry": {"type": "MultiPolygon", "coordinates": [[[[-0.121822772999849, 5.87993350600004], [-0.121102042999894, 5.87960985100017], [-0.120771601999934, 5.87967548900008], [-0.120215230999975, 5.87986757500016], [-0.119964699999855, 5.87988372000018], [-0.119639893999874, 5.87986666900008], [-0.119048372999885, 5.87965347800014], [-0.11885594599994, 5.87948226700007], [-0.118705564999857, 5.87883147300005], [-0.118447620999916, 5.87831006900012], [-0.118153455999902, 5.87806426800012], [-0.11777148099992, 5.87764190700005], [-0.117784012999891, 5.87739973600003], [-0.117894092999961, 5.87527242900012], [-0.115405311999893, 5.87511037200011], [-0.1150232789999, 5.87472660100008], [-0.114429400999882, 5.87426806600007], [-0.113417738999942, 5.87340640700006], [-0.113228097999979, 5.87321590200003], [-0.113074308999956, 5.87298410500011], [-0.11265654999994, 5.87256444000013], [-0.112312881999912, 5.87229374900005], [-0.112081827999873, 5.87218036200017], [-0.111909963999892, 5.87206431200013], [-0.109018608999918, 5.87179232700009], [-0.102081798999905, 5.871690269], [-0.10187596499992, 5.87130126100016], [-0.101669988999959, 5.87100046200004], [-0.101442057999918, 5.87065828000016], [-0.101211232999901, 5.87040430400009], [-0.100892151999972, 5.87025493700008], [-0.100443656999914, 5.87012741300003], [-0.100215342999945, 5.87002505200019], [-0.100031146999868, 5.86987590100017], [-0.099904963999904, 5.86960003900009], [-0.099825522999936, 5.8693573330001], [-0.099655347999885, 5.86904832200003], [-0.099402426999916, 5.86884117099999], [-0.099149431999933, 5.86868088200015], [-0.098932132999892, 5.86857578200016], [-0.098679137999909, 5.86841549300016], [-0.098337851999929, 5.868381865], [-0.097900166999978, 5.86838116000007], [-0.097556185999906, 5.86831169100009], [-0.09712154999994, 5.86812630000009], [-0.096422851999932, 5.86781643600006], [-0.095931070999939, 5.86722022100003], [-0.095598639999935, 5.86681722300006], [-0.095312834999959, 5.86651905100007], [-0.094911527999955, 5.86615177700008], [-0.094579043999886, 5.86578185900004], [-0.094383755999957, 5.86568506300017], [-0.091747585999826, 5.86510191300005], [-0.091461544999959, 5.86495259400004], [-0.091128759999947, 5.86477012000006], [-0.090578939999943, 5.86432266200018], [-0.090133616999935, 5.86394153200007], [-0.089743289999888, 5.86359632600011], [-0.089342082999906, 5.86317116100003], [-0.089199248999932, 5.86298210400008], [-0.089056413999913, 5.86279304699997], [-0.088803817999974, 5.86239017600013], [-0.088554287999841, 5.86179435100013], [-0.08827753099996, 5.86101379000013], [-0.087117124999963, 5.86135085700005], [-0.085567738999828, 5.85954433500012], [-0.083086764999962, 5.85865065399997], [-0.082211012999892, 5.85727962700014], [-0.07982188099993, 5.85389354], [-0.079107580999903, 5.85304334600005], [-0.078931600999908, 5.85292728100012], [-0.078764103999902, 5.85267340200016], [-0.078582628999811, 5.85255181500014], [-0.078428858999871, 5.85232001100013], [-0.078046863999873, 5.85193897700003], [-0.077207995999913, 5.85151860100007], [-0.076342424999893, 5.85059648500015], [-0.07612049699992, 5.84996486600005], [-0.076080234999949, 5.84933906000015], [-0.076199831999929, 5.84858671300015], [-0.076371090999885, 5.84822312799997], [-0.076487234999888, 5.84789804500002], [-0.076487799999938, 5.8475534750001], [-0.076353453999843, 5.84722797899997], [-0.076183356999877, 5.84688312900005], [-0.075971716999959, 5.84669257700011], [-0.075743471999886, 5.84655713100005], [-0.074940242999958, 5.84623053400014], [-0.074252343999888, 5.84607503400008], [-0.073355241999934, 5.845921944], [-0.072648197999968, 5.84569198200018], [-0.072018358999969, 5.8453822080001], [-0.071902931999944, 5.84527175500011], [-0.071196143999884, 5.84488742500014], [-0.070376500999942, 5.84450290700011], [-0.069611701999975, 5.84424528200003], [-0.06915498199993, 5.84411634600002], [-0.066240339999922, 5.84521465700004], [-0.062530330999891, 5.84622606200014], [-0.061608335999892, 5.8459474170001], [-0.060634620999906, 5.84534443199999], [-0.06181399899998, 5.84264464400007], [-0.063168070999893, 5.83955295200008], [-0.065576398999951, 5.83421245000017], [-0.066357396999933, 5.83412822200012], [-0.069844108999916, 5.83355697600012], [-0.070142805999978, 5.83097055700006], [-0.070312378999972, 5.82995642100019], [-0.071258944999954, 5.8215439550001], [-0.071447912999929, 5.821055543], [-0.068767584999932, 5.81539453100004], [-0.067965260999927, 5.81431949000017], [-0.063936975999923, 5.80892187300009], [-0.064345075999938, 5.80609425300008], [-0.062469504999854, 5.80178136600017], [-0.061397919999933, 5.79922065800002], [-0.058310550999977, 5.79584852000011], [-0.054280330999973, 5.79341756100013], [-0.048370444999932, 5.78923258500009], [-0.046626579999952, 5.78667073500003], [-0.043941199999892, 5.78424197700014], [-0.038780085999974, 5.77676615400003], [-0.015670213999954, 5.75494058300012], [-0.001239264999811, 5.74131043100016], [0.02134381500008, 5.73397627800006], [0.028426931000126, 5.73263874600002], [0.03558409600015, 5.73215237800014], [0.040378237000084, 5.73194077500011], [0.044764371999975, 5.73017418000006], [0.049892538000108, 5.72800036300004], [0.054345634000128, 5.72596302700003], [0.057786412000098, 5.72426572300014], [0.063198296000053, 5.72151003200014], [0.064782040000182, 5.72077939100012], [0.065942118000066, 5.72011844400009], [0.066862497999978, 5.71930633500011], [0.06772478400012, 5.71833170200006], [0.067966474000059, 5.71807490200013], [0.070201784000062, 5.71553204300011], [0.070270303000143, 5.71538306600013], [0.070454340000026, 5.71520079800018], [0.07149618700015, 5.71460346100002], [0.071600650000164, 5.71454538099999], [0.072196909000013, 5.71406464600011], [0.07243575200016, 5.71375823300008], [0.072679518000086, 5.71314033200002], [0.072703525, 5.7127323310001], [0.072760863000155, 5.71248965600017], [0.072818421000136, 5.71236550900011], [0.072886981000124, 5.71223858400003], [0.072944452000172, 5.71206757600009], [0.073004567000055, 5.71183867800016], [0.073061992000135, 5.71164286300001], [0.07313055100002, 5.7115159380001], [0.073187934000032, 5.71129807000017], [0.073247690000187, 5.71087622100004], [0.073277171000086, 5.71045167200015], [0.072383992000141, 5.70811861900012], [0.072314986000151, 5.7080057340001], [0.072248640000169, 5.70784322600014], [0.072190683000031, 5.70775237100003], [0.07213532500009, 5.70757881700001], [0.072019127999965, 5.70724550299997], [0.07195462400017, 5.70659234300012], [0.071576556000139, 5.70601694700014], [0.071312929999976, 5.70631237900005], [0.071074685999974, 5.70633349600013], [0.070614082000077, 5.7063743220001], [0.070338992000075, 5.70642445000016], [0.070141091000096, 5.70654885800019], [0.069893198000102, 5.70642527900014], [0.069669974000135, 5.70624928000007], [0.069475978000071, 5.70614693700003], [0.069020471000101, 5.70612094700004], [0.068589659000168, 5.70640890000016], [0.068753996000169, 5.70689970900014], [0.068405507000023, 5.70679300900002], [0.067581825000104, 5.70651226500007], [0.067421644000092, 5.70620108200018], [0.067272389000095, 5.70584577500017], [0.06721430000016, 5.70568325200014], [0.067155794000087, 5.70529469900004], [0.067303676999984, 5.70497015000012], [0.067624978000026, 5.70486220700013], [0.068027313000186, 5.70485756200003], [0.068884328000138, 5.70494038000015], [0.069259757, 5.70512754000015], [0.069741756000042, 5.70499246100007], [0.069814722000046, 5.70417064100013], [0.069759278000049, 5.70395022700018], [0.069642850000037, 5.70349011400003], [0.069424564999963, 5.70300814000012], [0.069184372000109, 5.70258409100012], [0.068999232000067, 5.70216821000008], [0.068093541000167, 5.70049120500016], [0.06771542000007, 5.69988272800015], [0.06741424400002, 5.69921622200008], [0.067231965000133, 5.69885822000015], [0.067013511000141, 5.69828252400009], [0.067076192000115, 5.69795163200007], [0.066974015000085, 5.69775611300014], [0.066973699000073, 5.69758521200015], [0.06716989500012, 5.69653739400013], [0.067238562000057, 5.69646835500004], [0.067307016000029, 5.69628354499997], [0.067193730000042, 5.69603291700003], [0.067105404000188, 5.69588698700005], [0.067047469000102, 5.69580715800009], [0.067194708000159, 5.69364757900001], [0.06727636100004, 5.69309161800015], [0.064838437000105, 5.68955405100007], [0.063653413000111, 5.688514145], [0.062636082000097, 5.68762139200015], [0.061388580000084, 5.68617846700005], [0.061116756000104, 5.68523202400013], [0.058818773000155, 5.68401874200015], [0.057195033000085, 5.68226310600016], [0.056113326000059, 5.68152105500013], [0.05422074300003, 5.68044228800017], [0.052058079000119, 5.67936400400009], [0.049692245000131, 5.67794788400016], [0.047056579000014, 5.67666751900003], [0.046312744000033, 5.67606011300001], [0.045163173000049, 5.67511524299999], [0.044620324000164, 5.67362816200017], [0.043014975000119, 5.67165098900006], [0.042967259000079, 5.67101235299998], [0.043170144000101, 5.67083127000001], [0.043500703000177, 5.67076093400004], [0.043820706000076, 5.67084572200014], [0.044022835000021, 5.6707599930001], [0.044057049000173, 5.67042866800011], [0.044212248000122, 5.66962638399997], [0.043272945000126, 5.66675106700001], [0.043051473000105, 5.66557943900006], [0.043486401000052, 5.66345435800002], [0.042787945000157, 5.66303084100008], [0.038932290000105, 5.66052170200004], [0.038862453000093, 5.66014187400003], [0.038317637000148, 5.66003052400004], [0.036969434000014, 5.65924431700012], [0.036104851000175, 5.65875076200001], [0.034998632000054, 5.65820715700011], [0.033860920000052, 5.65796848800017], [0.033459757000173, 5.65756804000006], [0.032528688000127, 5.65643039600008], [0.031904930000053, 5.65697709700009], [0.03043245200007, 5.65763760900006], [0.030278840000165, 5.66136067100007], [0.029955586000028, 5.66266127300003], [0.029452783000124, 5.66524538900012], [0.029454495000039, 5.66622420800002], [0.028877877000127, 5.66679587300018], [0.02715189900016, 5.66850691300016], [0.026162722000095, 5.66929771800017], [0.022945710000045, 5.67230133600015], [0.022368402000041, 5.6719332940001], [0.012445567000157, 5.66773047400017], [0.003757555, 5.66427953100015], [-0.001664985999923, 5.67808900200015], [-0.001743948999888, 5.67874705100013], [-0.001999669999918, 5.67908447200006], [-0.003569269999957, 5.67923159900005], [-0.004160040999977, 5.68035588800012], [-0.004319562999854, 5.68075730700002], [-0.004655798999977, 5.68083813600003], [-0.004831531999912, 5.68112726400017], [-0.005344006999962, 5.68119234800002], [-0.005743324999969, 5.68186699500018], [-0.005726899999956, 5.6821237210001], [-0.005902798999955, 5.68228448200017], [-0.006302172999938, 5.68294307200011], [-0.006526049999877, 5.68316811699998], [-0.006908777999968, 5.68416367200001], [-0.007277571999907, 5.68395569900014], [-0.007773304999887, 5.68447003300008], [-0.008160858999872, 5.68615987200019], [-0.008820365999838, 5.68661891500005], [-0.009150253999962, 5.68677212900013], [-0.010267753999869, 5.68672315700013], [-0.010977143999924, 5.68771651500009], [-0.011206227999878, 5.68741163300012], [-0.011791089999974, 5.68698016900009], [-0.01235050199989, 5.68657407600017], [-0.013011745999961, 5.68601553100007], [-0.014460278999934, 5.68543289200005], [-0.014917156999957, 5.68558632100007], [-0.015925826999933, 5.68546087900017], [-0.013929043999951, 5.68817655100014], [-0.013495125999896, 5.68918600699999], [-0.013222551999945, 5.68982011100007], [-0.012985384999922, 5.69134699], [-0.012982579999971, 5.69299175300011], [-0.013446301999977, 5.69616459700012], [-0.014156120999871, 5.70160145400007], [-0.014993684999922, 5.70754684900004], [-0.015159749999896, 5.70958506300013], [-0.014814864999948, 5.71298102200018], [-0.01412972199995, 5.71705570400013], [-0.01384789399998, 5.71897002000009], [-0.018581840999957, 5.71897780200004], [-0.023320206999813, 5.71909047500003], [-0.031214226999964, 5.71927675100017], [-0.036532734999923, 5.719646447], [-0.037832818999959, 5.72084187000007], [-0.039825134999944, 5.72226044900015], [-0.042262017999974, 5.72290276800004], [-0.04386861699993, 5.72304419700015], [-0.045724829999926, 5.72301953700003], [-0.046473066999965, 5.72288203100004], [-0.048523437999961, 5.72271893500005], [-0.049770896999974, 5.72224925300009], [-0.050297363999903, 5.72219462400011], [-0.05079690499997, 5.72166820200005], [-0.05085377599994, 5.72078029700003], [-0.05063456899984, 5.71930918700002], [-0.05091366399995, 5.71806090000018], [-0.051156631999959, 5.71772136600015], [-0.051330180999912, 5.71747884000018], [-0.052273112999956, 5.71686989700015], [-0.053817933999881, 5.71570263700005], [-0.055545838999933, 5.71462753800017], [-0.055851214999905, 5.71423953900012], [-0.056296061999944, 5.71326902000004], [-0.056297606999976, 5.71232552200013], [-0.05665920499996, 5.71143811500013], [-0.056770653999934, 5.71104979800009], [-0.056800118999888, 5.71017549900012], [-0.056602585999883, 5.70953581500015], [-0.055832957999883, 5.708467509], [-0.05496048099991, 5.7075440000001], [-0.054506821999951, 5.70740117500009], [-0.054280179999921, 5.70721609800012], [-0.054082136999966, 5.70688898900016], [-0.054252858999973, 5.70657669400015], [-0.054395443999965, 5.70612227100014], [-0.054353566999964, 5.70571017100013], [-0.054212168999925, 5.70543998700015], [-0.054099020999956, 5.70524088800011], [-0.053942740999901, 5.70539692000006], [-0.053673266999908, 5.70538226899998], [-0.053489270999876, 5.70514043000014], [-0.0531913129999, 5.70519677300013], [-0.053077863999931, 5.70518237800007], [-0.053063866999935, 5.70506869100018], [-0.053191615999935, 5.70501207000018], [-0.053248653999958, 5.70482745900011], [-0.053277324999897, 5.70464280200002], [-0.053021965999847, 5.7046707990001], [-0.052668111999878, 5.70421556000002], [-0.052001183999948, 5.70438495800016], [-0.051419452999937, 5.70449766400009], [-0.050937242999908, 5.70446845300006], [-0.050710648999939, 5.70425496000007], [-0.05079628999988, 5.70392831800007], [-0.051179794999939, 5.70360216600005], [-0.051662585999964, 5.70327617800012], [-0.051804752999942, 5.70307750000018], [-0.051862187999973, 5.70265135500017], [-0.052004330999921, 5.70246688500004], [-0.052572038999926, 5.70225470000014], [-0.052629286999945, 5.70194221800006], [-0.052673212999935, 5.70110401900007], [-0.053170302999945, 5.70070701200018], [-0.053298189999964, 5.70056514200013], [-0.053681109999957, 5.70059418800008], [-0.057865530999948, 5.70050159000004], [-0.059255765999865, 5.70037599000011], [-0.058708073999924, 5.69700779500005], [-0.05894274699989, 5.69686637500007], [-0.059212100999957, 5.69676309100004], [-0.05939843099992, 5.69678414500004], [-0.059647011999971, 5.69672230800018], [-0.059998989999883, 5.69674363700005], [-0.060516692999897, 5.69674448000001], [-0.060830893999878, 5.69652691100003], [-0.061594531999845, 5.69608248500003], [-0.062816196999847, 5.69612594500012], [-0.063789307999969, 5.69621049600011], [-0.064625448999891, 5.696426712], [-0.065217197999914, 5.69679360800018], [-0.065755695999883, 5.69673225900016], [-0.066335742999911, 5.69656725100003], [-0.066750088999925, 5.69646420000009], [-0.066965965999941, 5.69654866500008], [-0.072385893999922, 5.69433679900004], [-0.072884810999881, 5.69411961300017], [-0.074576688999912, 5.69289975100014], [-0.075869559999944, 5.69131396200015], [-0.076470864999976, 5.69081709900013], [-0.078459769999938, 5.69019800300009], [-0.078770620999933, 5.69003255100006], [-0.078978088999918, 5.68978396900008], [-0.079123335999952, 5.68959751700015], [-0.079082764999896, 5.68907889500002], [-0.078794561999928, 5.6879998010001], [-0.078567574999965, 5.68750161300011], [-0.078775722999978, 5.68683819400019], [-0.078446504999931, 5.68551013000007], [-0.077889127999811, 5.68443061000011], [-0.077973140999916, 5.68368400000014], [-0.078097775999936, 5.68345601700003], [-0.078119391999962, 5.68287526100011], [-0.077851734999911, 5.68189993100003], [-0.077741398999933, 5.68158834000013], [-0.077749888999904, 5.68084187900007], [-0.077462147999938, 5.67949316600016], [-0.077588712999898, 5.67802061900005], [-0.077382567999905, 5.67743949400005], [-0.077923381999881, 5.67590539299999], [-0.077853416999972, 5.67467307800013], [-0.07891187599995, 5.67523785000014], [-0.079459351999958, 5.67612456900002], [-0.080160458999956, 5.67627841700016], [-0.081348978999927, 5.67673850300002], [-0.08251841799995, 5.67759463900018], [-0.083816106999848, 5.6785446610001], [-0.084578060999831, 5.67879024100017], [-0.085766590999924, 5.679250319], [-0.087382562999949, 5.67937505800012], [-0.087320854999916, 5.67983315900011], [-0.087851658999966, 5.68026242400003], [-0.088265198999977, 5.68044558100013], [-0.088904799999966, 5.68093533400008], [-0.089493216999813, 5.68045631700016], [-0.089775554999903, 5.68087802900004], [-0.09049071599992, 5.68078509900016], [-0.091831389999925, 5.68145923100019], [-0.092473667999968, 5.68163782900001], [-0.094969877999972, 5.68260406500002], [-0.096585417999961, 5.68348373100002], [-0.097404166999979, 5.68392954200004], [-0.098193493999872, 5.68435932900013], [-0.099317564999978, 5.68497138099997], [-0.100134388999891, 5.68541613600013], [-0.100744352999925, 5.68574825700011], [-0.101907390999941, 5.68638151800002], [-0.103897707999977, 5.68746521700007], [-0.103906482999889, 5.68795865200013], [-0.105176531999916, 5.68871961600007], [-0.105419920999964, 5.68908655300015], [-0.105857944999968, 5.68932423800015], [-0.10730882799993, 5.69021970600016], [-0.107246944999872, 5.69079999800005], [-0.108808957999884, 5.69165085000009], [-0.10922701599992, 5.69214711400014], [-0.110226938999972, 5.69291778300004], [-0.111318990999905, 5.69309772100019], [-0.113204362999966, 5.69340837000004], [-0.113524594999888, 5.69355888500013], [-0.113737028999878, 5.69423124000008], [-0.114500003999979, 5.693835304], [-0.114957282999967, 5.69392764600002], [-0.115322751999827, 5.69423367500002], [-0.115657212999963, 5.6948756700001], [-0.115961367999887, 5.69539543200017], [-0.1163372769999, 5.69582831100018], [-0.116814147999946, 5.69609931500003], [-0.117848734999939, 5.69756714500016], [-0.11866953699996, 5.69924847500016], [-0.119065272999933, 5.69970728200002], [-0.119554674999961, 5.70166747400003], [-0.119732813999917, 5.70190767300011], [-0.120068445999891, 5.70178599900015], [-0.120350529999882, 5.70191596100011], [-0.120524850999914, 5.70245872500004], [-0.120827895999867, 5.70371160800005], [-0.121399100999952, 5.70478570800014], [-0.121556723999959, 5.70508210300005], [-0.122469951999904, 5.70679934200012], [-0.123930857999937, 5.70869547100006], [-0.124010661999932, 5.70931537200011], [-0.124508187999879, 5.71007095900018], [-0.124293930999954, 5.71058992800005], [-0.12432071399985, 5.71166883600011], [-0.12435165699992, 5.71291529800004], [-0.124384104999933, 5.71422243600006], [-0.12440988499992, 5.71456119300007], [-0.125078104999886, 5.7163339280001], [-0.125109161999887, 5.71801365200002], [-0.124946658999932, 5.71887271700012], [-0.12564513399991, 5.72042895000004], [-0.126289557999939, 5.72186474900008], [-0.127183279999883, 5.72388915500005], [-0.128113318999965, 5.72583861300006], [-0.128661422999926, 5.72638929000004], [-0.128506440999956, 5.7280385840001], [-0.128322675999925, 5.72855760100015], [-0.127643014999933, 5.72992883400002], [-0.127373136999893, 5.73125090600013], [-0.127214677999916, 5.73202716300017], [-0.126393266999912, 5.73483104600007], [-0.126039462999927, 5.73562095500017], [-0.125565619999975, 5.73667885700013], [-0.125198352999973, 5.7375336070001], [-0.12461774499991, 5.73829638900003], [-0.124067584999864, 5.73908976400003], [-0.123549590999971, 5.73986977300018], [-0.123062360999825, 5.74083283700008], [-0.122477297999978, 5.741989273], [-0.12211044299994, 5.74256909900004], [-0.123870245999967, 5.75056546500014], [-0.122022761999972, 5.75556616400007], [-0.121239892999938, 5.76227126400011], [-0.118910227999891, 5.77000570400003], [-0.118649910999977, 5.77181084300008], [-0.118108390999907, 5.77504163900011], [-0.117895572999885, 5.77631134300015], [-0.118070827999929, 5.78009117700009], [-0.118317243999968, 5.78540587000009], [-0.121977650999952, 5.78974014400006], [-0.125510167999948, 5.79210665700003], [-0.127684685999895, 5.79402631500005], [-0.12860419999987, 5.79483805600017], [-0.122592159999897, 5.81176553100016], [-0.124282696999899, 5.81295642000003], [-0.124882784999897, 5.81416305100015], [-0.125371820999931, 5.81641079800005], [-0.124884535999968, 5.81966886600014], [-0.130885357999887, 5.82301973300002], [-0.130510156999947, 5.82009064600004], [-0.131496944999867, 5.81894126800017], [-0.131756757999938, 5.81835657800008], [-0.132519653999907, 5.81663972800015], [-0.139718779999953, 5.81018508400007], [-0.141520728999922, 5.81276365200006], [-0.143459032999829, 5.81280441500013], [-0.14836555099987, 5.8098145400001], [-0.150499574999969, 5.80992736100012], [-0.153988813999945, 5.81399885400015], [-0.155025153999873, 5.81467737400015], [-0.154887425999959, 5.81692394000004], [-0.154569131999892, 5.81741275000013], [-0.154312843999946, 5.81780633600005], [-0.154029513999944, 5.81824144900008], [-0.153775368999959, 5.81863174300003], [-0.153622767999934, 5.81886609400016], [-0.153259175999949, 5.81942446400018], [-0.153213801999925, 5.81998196900003], [-0.153200512999888, 5.82014525400012], [-0.153187222999975, 5.82030853800012], [-0.15316307799992, 5.82060520100009], [-0.153118605999964, 5.82115163900016], [-0.153090082999938, 5.82150209000014], [-0.153055916999847, 5.82192188700014], [-0.153004568999961, 5.82255278399998], [-0.15297311899991, 5.82325022700007], [-0.152949201999888, 5.82378062900005], [-0.15244638799993, 5.82432736600009], [-0.152379657999916, 5.82477383899999], [-0.152359339999919, 5.82547399100002], [-0.152383691999887, 5.82575520300003], [-0.152408043999969, 5.82603641500003], [-0.152418215999944, 5.82605040400006], [-0.15282182299984, 5.82660540700005], [-0.152820349999956, 5.8266380610001], [-0.15280724299987, 5.82692873800005], [-0.152298899999892, 5.82723262600013], [-0.15210312399995, 5.82746113200005], [-0.15189655599994, 5.82754352000012], [-0.151588056999969, 5.82768364300006], [-0.151304280999966, 5.82785688300004], [-0.15116627499998, 5.82810752800009], [-0.151019849999955, 5.82846566800004], [-0.150917453999909, 5.82883214500009], [-0.150872840999966, 5.82921249200018], [-0.150762061999956, 5.82966165400006], [-0.150566404999893, 5.82981021700016], [-0.150217854999937, 5.83004124700011], [-0.149869303999878, 5.83027227800011], [-0.149269026999946, 5.83041196000011], [-0.149258613999962, 5.83367164900011], [-0.149272312999869, 5.83369059400013], [-0.149807979999935, 5.83443141599997], [-0.150115643999925, 5.83485691200002], [-0.150381839999909, 5.83539485500006], [-0.150977811999951, 5.83572057900017], [-0.150976017999881, 5.83576550800007], [-0.150991396999927, 5.83577391300014], [-0.150944103999905, 5.83695881300014], [-0.150939475999962, 5.83707478200006], [-0.150934846999917, 5.83719075200003], [-0.150921681999932, 5.83752061500007], [-0.150912592999873, 5.83774832100005], [-0.150891040999966, 5.83828828900016], [-0.151314982999963, 5.83836442500007], [-0.152907697999922, 5.83976101800005], [-0.155055476999905, 5.83903617300007], [-0.155266274999917, 5.83907403000006], [-0.155801690999908, 5.83917018200003], [-0.156666506999954, 5.83879219800002], [-0.156895033999945, 5.83875394700016], [-0.157266894999907, 5.83858359400017], [-0.157638755999869, 5.83841324000014], [-0.158068293999975, 5.83832842700014], [-0.15877017899993, 5.83835428700013], [-0.16025617199989, 5.83864595300008], [-0.160699489999956, 5.83855013200008], [-0.161329846999934, 5.83854969400005], [-0.161960202999921, 5.83854925500009], [-0.163336901999969, 5.83829493700017], [-0.163970110999969, 5.83822696200014], [-0.164695117999827, 5.83936928500009], [-0.164688198999954, 5.83939035000014], [-0.163945768999895, 5.84165066200012], [-0.16136371999994, 5.84261163600002], [-0.159499374999882, 5.84481283100018], [-0.155796661999943, 5.84615383900012], [-0.154073518999951, 5.84947828600008], [-0.154113295999935, 5.84948104400013], [-0.153979912999887, 5.84973838000013], [-0.146550845999911, 5.85217914500004], [-0.143927606999966, 5.85491915900008], [-0.140637991999824, 5.85294979000008], [-0.137668077999933, 5.85117181400005], [-0.132354427999928, 5.85180453600003], [-0.131745408999905, 5.85224327300017], [-0.131180670999811, 5.85252633000005], [-0.13011232499997, 5.8527231490001], [-0.129883613999937, 5.85287716500005], [-0.129651915999887, 5.85318278800003], [-0.129596508999896, 5.85341150000011], [-0.12961658099988, 5.85780207500005], [-0.129616854999824, 5.85786191300002], [-0.129617075999931, 5.85791030100012], [-0.129969698999957, 5.85803909000003], [-0.129885519999959, 5.85879745600005], [-0.130011317999958, 5.85933243200009], [-0.129840380999951, 5.85950583300013], [-0.129495996999935, 5.85969550400011], [-0.128346389999933, 5.86080462900014], [-0.128197396999951, 5.86102768200004], [-0.127883554999926, 5.86282174200016], [-0.127935141999956, 5.86328217500011], [-0.127944021999951, 5.86329301800004], [-0.127948775999926, 5.86333544900009], [-0.128267489999928, 5.86372462600008], [-0.128432558999975, 5.86378552700006], [-0.128641437999931, 5.86399811000013], [-0.128717889999962, 5.86440069200006], [-0.128224384999896, 5.86489335500005], [-0.128232045999823, 5.86527791200012], [-0.12823970799991, 5.86566246900009], [-0.128087981999954, 5.86587173500016], [-0.127646947999892, 5.86625421500003], [-0.127533700999948, 5.86650213199999], [-0.127386720999937, 5.86719932200015], [-0.126829104999899, 5.86820185300007], [-0.126806454999894, 5.86860565900008], [-0.126096401999973, 5.87439478700014], [-0.1260926839999, 5.8744250960001], [-0.126847261999899, 5.87542255700009], [-0.12288026799996, 5.87967053300002], [-0.122156872999938, 5.880168341], [-0.121822772999849, 5.87993350600004]]]]}, "properties": {"REGION": "Greater Accra", "DISTRICT": "Kpone-Katamanso"}}, {"type": "Feature", "geometry": {"type": "MultiPolygon", "coordinates": [[[[-0.127845831999934, 5.64079954900006], [-0.117490164999936, 5.64512458300015], [-0.114848589999951, 5.64457155000014], [-0.114577260999965, 5.64399203400012], [-0.1130545339999, 5.64345883800007], [-0.10852638199998, 5.64129252600009], [-0.105430702999968, 5.63814963900018], [-0.104122179999877, 5.63687555600018], [-0.102203153999938, 5.63561177200006], [-0.101230960999942, 5.63516651400016], [-0.099687379999978, 5.63474524700007], [-0.099158707999891, 5.63394810700015], [-0.098297671999887, 5.6338804130001], [-0.09710682899987, 5.63294954200006], [-0.096113728999967, 5.63261620300011], [-0.093202104999932, 5.63075363600007], [-0.091150858999924, 5.62935689400018], [-0.08969692099987, 5.62875167400017], [-0.086980730999926, 5.62749231600009], [-0.085250821999978, 5.62678137900014], [-0.080294226999854, 5.62522559500019], [-0.078902702999926, 5.62555520800004], [-0.075459184999943, 5.62501889500015], [-0.074657017999812, 5.62454787399997], [-0.073011212999972, 5.62322332000002], [-0.071688458999972, 5.62196039900005], [-0.070497256999886, 5.62129492800011], [-0.073422265999966, 5.6145973130001], [-0.072892897999964, 5.61426467900014], [-0.07057462199981, 5.61426099900018], [-0.068533525999953, 5.61508742400008], [-0.065869107999958, 5.6159788440001], [-0.065273202999947, 5.61584516200008], [-0.064547746999949, 5.6138532380001], [-0.064155431999893, 5.61066739099999], [-0.061703829999828, 5.61119433400017], [-0.060445983999955, 5.61079416300004], [-0.059125511999923, 5.61101811700007], [-0.057567904999928, 5.61128228500007], [-0.056736352999962, 5.61105363000007], [-0.056347134999896, 5.61041180900003], [-0.055071849999877, 5.60824821100005], [-0.05740813299991, 5.60803257300017], [-0.057833653999978, 5.60768412800019], [-0.058197904999929, 5.60717085500011], [-0.05836581899996, 5.60704932600004], [-0.058694553999885, 5.60701075800006], [-0.059570679999979, 5.60692440400004], [-0.059924394999939, 5.60637070300015], [-0.06005410999984, 5.60590129400009], [-0.060595421999949, 5.60520006900009], [-0.060626840999873, 5.60381056000011], [-0.060875877999877, 5.60328438800013], [-0.061637183999892, 5.60195455500013], [-0.061594201999981, 5.60144254300008], [-0.061550821999958, 5.60117918900011], [-0.061697378999895, 5.60082837700003], [-0.062240083999939, 5.60027560000003], [-0.062268511999832, 5.59973226800003], [-0.062459145999981, 5.59920600300012], [-0.062678582999922, 5.59892844200016], [-0.063043873999959, 5.59873887500015], [-0.063466982999955, 5.5989150740001], [-0.063831995999976, 5.59890103100008], [-0.064519314999814, 5.59818540600014], [-0.064884420999931, 5.59811285400014], [-0.065248921999967, 5.59842060000005], [-0.065628580999942, 5.59837732500011], [-0.066695230999812, 5.59782319800019], [-0.067761995999945, 5.59719593500006], [-0.06822943599991, 5.5970357810001], [-0.06853653599984, 5.59671447500017], [-0.069223894999936, 5.59596958899999], [-0.069690956999978, 5.59569147100007], [-0.070159396999827, 5.59525435000006], [-0.070511007999869, 5.59447967700004], [-0.07071618599997, 5.59398268400003], [-0.070892301999891, 5.59339788300002], [-0.071155483999974, 5.59314964100008], [-0.071389583999917, 5.59282821700015], [-0.071565629999895, 5.59228729600005], [-0.071872586999973, 5.5920537500001], [-0.07226702499986, 5.59189347600017], [-0.072515560999818, 5.59167446400016], [-0.07314441799997, 5.59098798800005], [-0.073174007999853, 5.59073937500017], [-0.07356929499997, 5.59003790300005], [-0.076651420999895, 5.58898961000006], [-0.077016816999844, 5.58872689900011], [-0.077951886999927, 5.58827492900002], [-0.078448540999887, 5.58810018400004], [-0.07929603599996, 5.58763344700003], [-0.080274260999886, 5.58759109900006], [-0.080563466999934, 5.58749495000001], [-0.081004959999973, 5.58712417700002], [-0.081531083999948, 5.58677395000007], [-0.081969450999907, 5.58652597500009], [-0.082529695999881, 5.5863700590001], [-0.083166801999937, 5.58639620200006], [-0.08404278699993, 5.58638294000002], [-0.084276580999926, 5.586251662], [-0.084408246999885, 5.58607634099997], [-0.084513860999948, 5.58604340200003], [-0.084817051999948, 5.58606235100007], [-0.085040681999828, 5.58598864400011], [-0.08522610599988, 5.58588746300018], [-0.085518161999971, 5.58584403700013], [-0.085868975999972, 5.58556666900012], [-0.086248558999955, 5.58556725900013], [-0.086419623999973, 5.58551167499996], [-0.087080585999956, 5.58565631400012], [-0.087504011999897, 5.58562771699997], [-0.087913178999884, 5.58537969200017], [-0.08867261599994, 5.58520534500002], [-0.089000800999941, 5.58504406200012], [-0.089359281999918, 5.58488461300016], [-0.090688385999954, 5.58452099400017], [-0.092017915999975, 5.58387945700014], [-0.092543627999873, 5.583792507], [-0.093376170999932, 5.58354513000006], [-0.093858329999932, 5.58329721300009], [-0.094486683999946, 5.58291787700011], [-0.095451314999934, 5.58221726000016], [-0.095817238999928, 5.58160348400003], [-0.095978614999979, 5.58109178400014], [-0.096125032999907, 5.58081409400006], [-0.095979308999915, 5.58063834500018], [-0.095687256999895, 5.5806817780001], [-0.095512176999932, 5.58060837300019], [-0.095512378999842, 5.58047672900011], [-0.09867462699998, 5.58104592600006], [-0.09867462699998, 5.58307085899997], [-0.097318239999936, 5.58408332200003], [-0.095792303999929, 5.58526452800004], [-0.094605465999962, 5.58526452800004], [-0.093079529999898, 5.58644573000009], [-0.094435916999942, 5.58813315900017], [-0.093927271999974, 5.58948309800002], [-0.090875400999948, 5.59032680800004], [-0.09019720799995, 5.59083303500012], [-0.091553594999937, 5.59336415600018], [-0.091214497999943, 5.59657022900012], [-0.092909981999981, 5.5989325860001], [-0.095961852999892, 5.60196988900015], [-0.096470497999974, 5.60416348700011], [-0.096809594999968, 5.60585086500009], [-0.099691916999973, 5.60821318500018], [-0.100370110999961, 5.61057549600014], [-0.100709206999966, 5.61243159000009], [-0.100200561999941, 5.61496261900015], [-0.100031013999967, 5.61664996400003], [-0.102404689999901, 5.61968717500008], [-0.103591528999971, 5.62002464200003], [-0.105287012999895, 5.62069957600011], [-0.107152044999964, 5.62154324100015], [-0.107321592999938, 5.62255563800016], [-0.107321592999938, 5.62626774400019], [-0.107321592999938, 5.62795505700007], [-0.107321592999938, 5.62964236600016], [-0.109525721999944, 5.63183586000008], [-0.111729850999893, 5.63234204900016], [-0.113933979999956, 5.63436680400008], [-0.114781721999975, 5.63639155100003], [-0.116307656999936, 5.63959738700004], [-0.117324946999929, 5.63892247500019], [-0.119020430999967, 5.63807883500016], [-0.120376817999954, 5.63959738700004], [-0.122920043999954, 5.63841629100006], [-0.125293720999878, 5.6379101070001], [-0.125971914999866, 5.63942865900015], [-0.127845831999934, 5.64079954900006]]]]}, "properties": {"REGION": "Greater Accra", "DISTRICT": "Krowor"}}, {"type": "Feature", "geometry": {"type": "MultiPolygon", "coordinates": [[[[-0.133259222999925, 5.60618121100009], [-0.132892049999896, 5.60567061100011], [-0.132919725999898, 5.60481968700003], [-0.132851330999927, 5.60452331300007], [-0.132661232999908, 5.60401314900014], [-0.132111423999902, 5.60297132300008], [-0.131942375999927, 5.60256741600011], [-0.131921703999922, 5.60220621899998], [-0.131964364999817, 5.60203632100013], [-0.131990216999895, 5.60157033000007], [-0.13164738099988, 5.60129227200014], [-0.131732923999948, 5.60080376100012], [-0.131521746999965, 5.60020858400003], [-0.131882928999914, 5.5997417260001], [-0.131894491999958, 5.59954995200002], [-0.1316927069999, 5.59931654200011], [-0.131608386999915, 5.59897649600003], [-0.131757670999946, 5.59840309800018], [-0.131609984999955, 5.59789299699997], [-0.131626469999901, 5.59765608000004], [-0.131653147999884, 5.5973831770001], [-0.131700299999977, 5.59670365800008], [-0.131655058999968, 5.59608722700017], [-0.131804183999975, 5.59562005600014], [-0.131572523999978, 5.59453621100005], [-0.131807378999952, 5.59345305800008], [-0.131892793999953, 5.59304952600007], [-0.131851353999878, 5.59239086600013], [-0.131703605999974, 5.59192325500004], [-0.131576970999902, 5.5915194100001], [-0.131596418999834, 5.59128557000014], [-0.131896423999876, 5.5905850960001], [-0.131922139999972, 5.5902471010001], [-0.131748707999975, 5.59009624000015], [-0.131781424999929, 5.58969521400019], [-0.132855369999902, 5.58737849700009], [-0.133004959999937, 5.58659264799996], [-0.133196989999931, 5.58578561600018], [-0.133388583999874, 5.58527601500003], [-0.133665275999931, 5.58457533300015], [-0.133983691999902, 5.58434210600012], [-0.134111637999922, 5.5838536550001], [-0.134366500999874, 5.5835778440001], [-0.134536264999895, 5.58349311300015], [-0.134706151999922, 5.58332340200019], [-0.134703611999953, 5.58300474900005], [-0.134961357999885, 5.58281389400014], [-0.135131462999937, 5.58249546700017], [-0.135428391999881, 5.58245341300005], [-0.135789090999879, 5.58230522700006], [-0.135853109999971, 5.58202913400004], [-0.135641466999857, 5.58175263600009], [-0.135642181999913, 5.58126399800017], [-0.135875806999877, 5.58100940000003], [-0.135664381999959, 5.58058418600007], [-0.135647741999946, 5.58024190300006], [-0.135177854999938, 5.57977615500005], [-0.135687637999922, 5.5791820390001], [-0.135709402999964, 5.57879965900008], [-0.135963982999897, 5.57871505200012], [-0.136197077999896, 5.57882161900011], [-0.136324461999948, 5.57871558100004], [-0.136292889999936, 5.57833225700017], [-0.1363678969999, 5.57801455400005], [-0.136092887999894, 5.57756800200008], [-0.135923623999929, 5.57731281200006], [-0.13566954199996, 5.57705749700017], [-0.135500121999883, 5.576908532], [-0.135033931999942, 5.57669539500006], [-0.134397576999959, 5.57684317700006], [-0.133761283999888, 5.57694846600015], [-0.133125301999939, 5.57684130500007], [-0.132510461999971, 5.57677666300003], [-0.131959298999902, 5.57666962500008], [-0.131429466999975, 5.57647763700015], [-0.131175230999872, 5.57632854700012], [-0.130964246999952, 5.57560590000008], [-0.130710291999947, 5.57526560300005], [-0.130668570999887, 5.57479814900012], [-0.130626974999927, 5.57424571400014], [-0.130704819999949, 5.5738876310001], [-0.130755231999956, 5.57354481300018], [-0.130946664999897, 5.57314143800011], [-0.131350453999914, 5.57252592500004], [-0.131711303999907, 5.57227151500012], [-0.132094011999868, 5.57157098900007], [-0.132688668999947, 5.57093451000009], [-0.132837504999941, 5.57065854200016], [-0.132901895999851, 5.57012750900003], [-0.133284040999911, 5.56980939300018], [-0.13334212999996, 5.56916775500002], [-0.133418445999951, 5.56832477300009], [-0.133866068999964, 5.56330923000013], [-0.135339337999881, 5.56285347900018], [-0.136029723999911, 5.562738782], [-0.13664482799993, 5.5626122110001], [-0.137042338999947, 5.56248873100003], [-0.137493517999872, 5.56225228300002], [-0.138568974999941, 5.56191903200005], [-0.140060352999967, 5.5614699570001], [-0.141300434999835, 5.56116740700014], [-0.143963406999887, 5.56043461300004], [-0.145936088999974, 5.55994883000011], [-0.146556781999891, 5.55975483500015], [-0.147654165999938, 5.55956889800012], [-0.148481764999929, 5.55912394200004], [-0.150178477999873, 5.55859406100018], [-0.150942467999926, 5.55840514700003], [-0.151176198999906, 5.55806555800007], [-0.151536909999948, 5.55789611400007], [-0.15310068299982, 5.55741156100004], [-0.153297843999951, 5.5571975470001], [-0.153521392999892, 5.55712858800018], [-0.15404077099987, 5.55664623500013], [-0.154549606999979, 5.55668945300016], [-0.155037660999938, 5.55643520800015], [-0.15582247999987, 5.55624512200006], [-0.15668703599988, 5.55597981500006], [-0.157307784999944, 5.55552490300011], [-0.157604638999885, 5.55552532600001], [-0.158092751999959, 5.5552285870001], [-0.158368223999901, 5.55535645200007], [-0.158856063999963, 5.55525092000005], [-0.159216530999913, 5.55525143300002], [-0.159513657999923, 5.55506064700006], [-0.159641122999972, 5.55489086600011], [-0.159833496999909, 5.55483216900012], [-0.159980926999935, 5.55450893400013], [-0.161551038999903, 5.55378882200006], [-0.16219310699995, 5.55359617900018], [-0.162230133999969, 5.55338612400016], [-0.162166941999885, 5.55308860000002], [-0.162552658999914, 5.55297483200019], [-0.163100002999897, 5.55302618500008], [-0.163538163999931, 5.55289601900017], [-0.163524679999966, 5.55260188000005], [-0.164064345999861, 5.55244316800008], [-0.165196461999926, 5.55211021800005], [-0.165687824999964, 5.55196571000005], [-0.16585785399991, 5.55207404300018], [-0.166204505999929, 5.55197153100005], [-0.166409512999905, 5.55181987600002], [-0.166563364999945, 5.55177452300012], [-0.166748445999872, 5.55205405300012], [-0.167172434999884, 5.55211838600002], [-0.167533287999902, 5.55184270500007], [-0.167597554999873, 5.551375398], [-0.169633659999874, 5.55099584300018], [-0.1718540789999, 5.55033829500013], [-0.173578880999969, 5.55006657200011], [-0.174094797999942, 5.54981482900013], [-0.174948343999972, 5.55196153400004], [-0.175660198999879, 5.55334519100001], [-0.176942351999912, 5.55525410100006], [-0.177677874999858, 5.55673314600011], [-0.177991632999976, 5.55942664500014], [-0.178006312999855, 5.56009490900004], [-0.177598857999897, 5.56223985500003], [-0.177574369999888, 5.56274044100007], [-0.177380946999961, 5.56495720200007], [-0.190314758999875, 5.57200763400004], [-0.186640768999894, 5.57913046000004], [-0.183727658999942, 5.58656421400013], [-0.182058909999967, 5.58885044300018], [-0.181128989999934, 5.59025565000019], [-0.180554782999934, 5.59251955800011], [-0.179505849999941, 5.59726955600019], [-0.17911806199993, 5.59902560500007], [-0.178184419999923, 5.60307692900011], [-0.176556169999969, 5.61036937800014], [-0.176173245999962, 5.61194221200009], [-0.176068595999936, 5.61269964200005], [-0.175932853999882, 5.61368212000014], [-0.175906848999944, 5.61525545700005], [-0.176023213999883, 5.61711506200015], [-0.176371869999969, 5.6230037840001], [-0.157517202999941, 5.62907963600014], [-0.157612933999928, 5.62869835300012], [-0.157971236999913, 5.62774531500014], [-0.158683548999875, 5.62726634500012], [-0.158709889999955, 5.62705505300005], [-0.158501531999946, 5.62643529700011], [-0.158520792999923, 5.62617274100006], [-0.158759328999963, 5.62576782500014], [-0.159499413999811, 5.62407633000004], [-0.159095372999957, 5.62374200400012], [-0.158407054999941, 5.62252522900008], [-0.158502577999911, 5.62228697800015], [-0.158122846999959, 5.62159510300017], [-0.157956793999972, 5.62123728100005], [-0.157719458999964, 5.62080783900007], [-0.157982574999892, 5.61985466400017], [-0.157769890999873, 5.61882928500012], [-0.157294982999929, 5.61813727300006], [-0.156320516999926, 5.61734918400015], [-0.155678633999969, 5.61694299700002], [-0.154870530999972, 5.61629817900013], [-0.154510808999873, 5.61591093400017], [-0.153872688999911, 5.61522398800003], [-0.152755428999853, 5.61445952700007], [-0.152609995999967, 5.61422189700011], [-0.152518237999857, 5.61393472800006], [-0.151447813999937, 5.61369478800015], [-0.150877323999964, 5.61328870000011], [-0.150403861999962, 5.61309208300008], [-0.149926289999883, 5.6127628640001], [-0.149444520999907, 5.61257379900019], [-0.148832074999859, 5.61252288400016], [-0.148356697999873, 5.61216460999998], [-0.148147119999919, 5.61208147100012], [-0.147287007999921, 5.61142404900011], [-0.146668793999936, 5.61111324300015], [-0.145122762999904, 5.61068188800004], [-0.144195013999877, 5.61051365999998], [-0.143338405999884, 5.61051240600005], [-0.142267750999849, 5.61043932200005], [-0.140696954999896, 5.61067540500017], [-0.140246515999934, 5.61033836400009], [-0.139769765999915, 5.61012575100017], [-0.139103586999966, 5.61007709500001], [-0.138247224999873, 5.60990896300012], [-0.137652290999881, 5.60995576400001], [-0.137319900999898, 5.60945466100003], [-0.136582583999939, 5.60923902400003], [-0.134991961999958, 5.60678128500018], [-0.134326349999924, 5.60635120400002], [-0.133517408999978, 5.60630233000006], [-0.133259222999925, 5.60618121100009]]]]}, "properties": {"REGION": "Greater Accra", "DISTRICT": "La-Dade-Kotopon"}}, {"type": "Feature", "geometry": {"type": "MultiPolygon", "coordinates": [[[[-0.122592159999897, 5.81176553100016], [-0.12860419999987, 5.79483805600017], [-0.12958931299994, 5.7919161750001], [-0.130819570999961, 5.78783025800016], [-0.132060052999918, 5.78529444200012], [-0.135002831999941, 5.78028392600015], [-0.136717905999944, 5.77740713000014], [-0.13795373399995, 5.77509899300003], [-0.13893582399993, 5.77331878500019], [-0.141062118999912, 5.7694644550001], [-0.142661806999854, 5.76595209900012], [-0.144942589999914, 5.7607420920001], [-0.146101772999884, 5.75804318500013], [-0.147991202999833, 5.75364398800002], [-0.149030643999936, 5.75147599900015], [-0.149684418999925, 5.75011239200006], [-0.150867913999889, 5.74764390200011], [-0.152363191999882, 5.74428578800007], [-0.152700793999941, 5.74365224600001], [-0.153838316999895, 5.74151755700007], [-0.15431446499997, 5.74056722200004], [-0.156977271999949, 5.7348842130001], [-0.157363787999941, 5.73405503400016], [-0.157882829999892, 5.73293660200017], [-0.158554145999915, 5.73119539400017], [-0.159066620999965, 5.72985642000003], [-0.160734616999946, 5.7259389240001], [-0.161210980999954, 5.72482318100009], [-0.162705412999969, 5.7219488070001], [-0.166108907999899, 5.71587398600008], [-0.169017296999925, 5.71115065000009], [-0.170958489999975, 5.70789499500006], [-0.170912382999973, 5.70742354200007], [-0.170938135999961, 5.70673717300002], [-0.17101828999995, 5.70571597500009], [-0.171069889999956, 5.70505856400013], [-0.171106670999961, 5.70435842800009], [-0.17149496899998, 5.69937496600005], [-0.171517112999936, 5.69671759500005], [-0.171629292999967, 5.69397488100009], [-0.171573756999976, 5.69143730500014], [-0.171493884999961, 5.68955991200011], [-0.171429481999951, 5.68841167400018], [-0.171286602999942, 5.68633295400014], [-0.167778049999924, 5.68623418300018], [-0.162277330999871, 5.68594177700015], [-0.160867045999964, 5.68592979400017], [-0.160699312999952, 5.68592567999997], [-0.156595296999967, 5.68582486600019], [-0.151560322999899, 5.68592190600003], [-0.151907794999886, 5.68058479800004], [-0.151641427999948, 5.67455012700015], [-0.151810887999943, 5.67120611700005], [-0.151814218999959, 5.67071807200006], [-0.151814534999971, 5.666763989], [-0.151786117999961, 5.66574782400005], [-0.151692442999831, 5.65974974200009], [-0.154341684999906, 5.65973610300011], [-0.155340839999894, 5.65973095600015], [-0.155850912999824, 5.65964734200014], [-0.15598397299982, 5.65962553000014], [-0.156863724999937, 5.65948131400006], [-0.159139251999932, 5.65903332800013], [-0.159429866999915, 5.65901513100016], [-0.159720481999955, 5.65899693300008], [-0.160178737999956, 5.65896823800011], [-0.160576785999865, 5.65894331200013], [-0.160670520999872, 5.65894900699999], [-0.163180975999865, 5.65919085700011], [-0.164125793999972, 5.65929117700006], [-0.166791088999958, 5.65965453000001], [-0.169916353999895, 5.65963702400018], [-0.174070688999905, 5.65983998600012], [-0.178590860999975, 5.65959416900012], [-0.178515816999891, 5.66092098600018], [-0.178412510999976, 5.66148884900002], [-0.177896616999931, 5.66419871700003], [-0.177454048999891, 5.66659238100004], [-0.177359800999909, 5.66710210600019], [-0.182317115999922, 5.66720090000001], [-0.18451698299998, 5.66714204100003], [-0.18786266099994, 5.66705251000019], [-0.190759943999922, 5.67467492800006], [-0.194458966999946, 5.6867567810001], [-0.188596265999877, 5.68666585700004], [-0.188595106999969, 5.68749302400016], [-0.190163799999823, 5.68766066100011], [-0.190241170999911, 5.69138303300008], [-0.18858966099998, 5.69138071300006], [-0.18852997099998, 5.69664707600015], [-0.18907688399986, 5.69725430000011], [-0.191143952999937, 5.69535471400013], [-0.193038587999979, 5.69866604800006], [-0.193037548999939, 5.69941050000017], [-0.193862046999925, 5.70032154100016], [-0.193858008999939, 5.70321663100003], [-0.196835145999898, 5.71103453900014], [-0.199950270999977, 5.71654258000018], [-0.199533926999891, 5.71902351200009], [-0.197962150999956, 5.72100652800003], [-0.197547060999909, 5.72257757100004], [-0.197736280999948, 5.72402100000005], [-0.19853134199991, 5.72737653500013], [-0.197699547999832, 5.72894725800012], [-0.197946007999974, 5.73258688700008], [-0.191827412999885, 5.73795488499997], [-0.191742384999941, 5.73969181899997], [-0.192069571999923, 5.74192563600019], [-0.191734811999936, 5.74506840300006], [-0.193213277999973, 5.75077795400006], [-0.186929139999961, 5.75622834600017], [-0.185110744999974, 5.75730106800012], [-0.183209286999954, 5.75870453200008], [-0.18044614899992, 5.76939548799999], [-0.181229180999878, 5.77741805000016], [-0.181445006999979, 5.77962929200015], [-0.179213701999913, 5.78061867100001], [-0.177228242999945, 5.78293186000019], [-0.177299684999923, 5.78745258300006], [-0.17821094899989, 5.78872343300003], [-0.179365767999968, 5.78971770200013], [-0.181263897999827, 5.79071304299998], [-0.182502029999966, 5.7912111280001], [-0.18324497999987, 5.791460347], [-0.185758716999942, 5.79130630500003], [-0.185416498999871, 5.79194673500012], [-0.185180940999828, 5.79210352600001], [-0.184945382999956, 5.79226031600001], [-0.183477942999957, 5.79253387000011], [-0.18289000999988, 5.7927342590001], [-0.182302075999928, 5.79293464700015], [-0.181566598999893, 5.79333605500011], [-0.18056874499996, 5.79435733100007], [-0.179854846999945, 5.79556237100013], [-0.179622350999978, 5.79595481600018], [-0.179367566999929, 5.79703505200001], [-0.178900059999819, 5.79770286200005], [-0.178432553999926, 5.79837067000005], [-0.178313268999943, 5.79901279600006], [-0.177957037999931, 5.79981721900009], [-0.177121835999969, 5.80064851200007], [-0.176858381999978, 5.80105749100005], [-0.176594927999872, 5.80146646900016], [-0.176191456999959, 5.80162714600004], [-0.175787986999978, 5.8017878230001], [-0.174903154999868, 5.80267417200014], [-0.174203305999868, 5.80316796800014], [-0.173503456999867, 5.80366176500007], [-0.172613093999928, 5.80456188500011], [-0.172309620999954, 5.80504109700013], [-0.172154532999912, 5.80569143600002], [-0.172192649999943, 5.80597818300004], [-0.172230765999927, 5.80626492900018], [-0.17224143899989, 5.80629676400002], [-0.172244305999868, 5.80631833000007], [-0.172534950999932, 5.80718526600003], [-0.17254850899991, 5.80722570800015], [-0.172548167999878, 5.80746002100011], [-0.172547825999857, 5.80769433400019], [-0.172011372999975, 5.80844197500016], [-0.171479833999967, 5.80918276900019], [-0.171647691999965, 5.80962541600013], [-0.171810593999965, 5.81003632200003], [-0.172061398999915, 5.81198333000015], [-0.172315873999935, 5.81395883400018], [-0.172186504999956, 5.81395864500007], [-0.172057135999921, 5.81395845500009], [-0.171798398999954, 5.81395807600012], [-0.171275547999926, 5.81386909700012], [-0.170640101999936, 5.813603527], [-0.1698508959999, 5.81307860700008], [-0.169256774999951, 5.81278828700005], [-0.167977610999969, 5.81227091500006], [-0.167270382999902, 5.81215547200003], [-0.166563154999949, 5.81204003000005], [-0.165864016999819, 5.81203899800016], [-0.163152465999815, 5.81225689900015], [-0.161877054999877, 5.81386074700015], [-0.158049745999961, 5.81381095000006], [-0.157253413999968, 5.81403906900016], [-0.155025153999873, 5.81467737400015], [-0.153988813999945, 5.81399885400015], [-0.150499574999969, 5.80992736100012], [-0.14836555099987, 5.8098145400001], [-0.143459032999829, 5.81280441500013], [-0.141520728999922, 5.81276365200006], [-0.139718779999953, 5.81018508400007], [-0.132519653999907, 5.81663972800015], [-0.131756757999938, 5.81835657800008], [-0.131496944999867, 5.81894126800017], [-0.130510156999947, 5.82009064600004], [-0.130885357999887, 5.82301973300002], [-0.124884535999968, 5.81966886600014], [-0.125371820999931, 5.81641079800005], [-0.124882784999897, 5.81416305100015], [-0.124282696999899, 5.81295642000003], [-0.122592159999897, 5.81176553100016]]]]}, "properties": {"REGION": "Greater Accra", "DISTRICT": "La-Nkwantanang-Madina"}}, {"type": "Feature", "geometry": {"type": "MultiPolygon", "coordinates": [[[[-0.140429949999941, 5.63554378100002], [-0.127845831999934, 5.64079954900006], [-0.125971914999866, 5.63942865900015], [-0.125293720999878, 5.6379101070001], [-0.122920043999954, 5.63841629100006], [-0.120376817999954, 5.63959738700004], [-0.119020430999967, 5.63807883500016], [-0.117324946999929, 5.63892247500019], [-0.116307656999936, 5.63959738700004], [-0.114781721999975, 5.63639155100003], [-0.113933979999956, 5.63436680400008], [-0.111729850999893, 5.63234204900016], [-0.109525721999944, 5.63183586000008], [-0.107321592999938, 5.62964236600016], [-0.107321592999938, 5.62795505700007], [-0.107321592999938, 5.62626774400019], [-0.107321592999938, 5.62255563800016], [-0.107152044999964, 5.62154324100015], [-0.105287012999895, 5.62069957600011], [-0.103591528999971, 5.62002464200003], [-0.102404689999901, 5.61968717500008], [-0.100031013999967, 5.61664996400003], [-0.100200561999941, 5.61496261900015], [-0.100709206999966, 5.61243159000009], [-0.100370110999961, 5.61057549600014], [-0.099691916999973, 5.60821318500018], [-0.096809594999968, 5.60585086500009], [-0.096470497999974, 5.60416348700011], [-0.095961852999892, 5.60196988900015], [-0.092909981999981, 5.5989325860001], [-0.091214497999943, 5.59657022900012], [-0.091553594999937, 5.59336415600018], [-0.09019720799995, 5.59083303500012], [-0.090875400999948, 5.59032680800004], [-0.093927271999974, 5.58948309800002], [-0.094435916999942, 5.58813315900017], [-0.093079529999898, 5.58644573000009], [-0.094605465999962, 5.58526452800004], [-0.095792303999929, 5.58526452800004], [-0.097318239999936, 5.58408332200003], [-0.09867462699998, 5.58307085899997], [-0.09867462699998, 5.58104592600006], [-0.095512378999842, 5.58047672900011], [-0.095731748999867, 5.58022840600012], [-0.096053290999919, 5.57999486600011], [-0.096637595999937, 5.57977635700007], [-0.097046776999946, 5.57951369700004], [-0.09796717699993, 5.57909092300002], [-0.098873177999906, 5.57853648000008], [-0.099501969999892, 5.57786459500016], [-0.099984322999944, 5.57748502800013], [-0.10039330099994, 5.57735400900003], [-0.100760687999923, 5.57704974800015], [-0.100919962999967, 5.57663808500013], [-0.101242190999926, 5.57595110200003], [-0.102251065999894, 5.57494336900004], [-0.102872992999835, 5.5747882600001], [-0.104252124999903, 5.57430282200011], [-0.105523157999926, 5.5737050410001], [-0.106034635999947, 5.57336939300001], [-0.106502206999892, 5.57310681400008], [-0.10730568799994, 5.57275698000007], [-0.107846780999978, 5.57214345900019], [-0.10847476399988, 5.57199813900007], [-0.109029926999881, 5.57173569000014], [-0.110285998999814, 5.57137190800006], [-0.111468569999943, 5.5713444380001], [-0.112169501999972, 5.57122847800008], [-0.112578539999959, 5.57105356800002], [-0.113265354999953, 5.57061578600019], [-0.113893202999918, 5.57055822200005], [-0.114243646999967, 5.5705148670001], [-0.114448121999942, 5.57045666500011], [-0.114725679999879, 5.57034006600014], [-0.115339562999964, 5.56985829000007], [-0.11569007199995, 5.56977105300018], [-0.116055638999967, 5.56937666700009], [-0.116201301999865, 5.56930288500018], [-0.116420768999888, 5.5692748240001], [-0.116646767999953, 5.56915778500007], [-0.116742209999927, 5.56909978000016], [-0.11700542899996, 5.56880763000015], [-0.117692, 5.56853074100007], [-0.118290930999933, 5.56828297500016], [-0.119167287999971, 5.56800636800011], [-0.120219353999971, 5.56737896900017], [-0.121314910999899, 5.56695641300018], [-0.122066656999948, 5.5665002070001], [-0.122191568999881, 5.56647502100014], [-0.122761731999901, 5.56593466200013], [-0.123127075999946, 5.56568654300008], [-0.123462873999927, 5.56567241500017], [-0.123886266999875, 5.56565841700007], [-0.124188901999958, 5.56557156000008], [-0.124455801999943, 5.56554224400014], [-0.124704178999934, 5.56541096800015], [-0.124996223999972, 5.56536751900018], [-0.125565995999921, 5.56509044700016], [-0.126004029999933, 5.56504721500016], [-0.126267027999859, 5.56490133200009], [-0.1265444739999, 5.56485786100012], [-0.126913185999854, 5.56475409900003], [-0.127260126999943, 5.56465413900014], [-0.12789528199994, 5.56447563900008], [-0.128242865999937, 5.5643779560001], [-0.128603706999911, 5.56433432600005], [-0.129260876999922, 5.56418902400009], [-0.129874120999887, 5.56413141900003], [-0.130969345999972, 5.56392825200004], [-0.131801701999962, 5.56378320499999], [-0.133866068999964, 5.56330923000013], [-0.133418445999951, 5.56832477300009], [-0.13334212999996, 5.56916775500002], [-0.133284040999911, 5.56980939300018], [-0.132901895999851, 5.57012750900003], [-0.132837504999941, 5.57065854200016], [-0.132688668999947, 5.57093451000009], [-0.132094011999868, 5.57157098900007], [-0.131711303999907, 5.57227151500012], [-0.131350453999914, 5.57252592500004], [-0.130946664999897, 5.57314143800011], [-0.130755231999956, 5.57354481300018], [-0.130704819999949, 5.5738876310001], [-0.130626974999927, 5.57424571400014], [-0.130668570999887, 5.57479814900012], [-0.130710291999947, 5.57526560300005], [-0.130964246999952, 5.57560590000008], [-0.131175230999872, 5.57632854700012], [-0.131429466999975, 5.57647763700015], [-0.131959298999902, 5.57666962500008], [-0.132510461999971, 5.57677666300003], [-0.133125301999939, 5.57684130500007], [-0.133761283999888, 5.57694846600015], [-0.134397576999959, 5.57684317700006], [-0.135033931999942, 5.57669539500006], [-0.135500121999883, 5.576908532], [-0.13566954199996, 5.57705749700017], [-0.135923623999929, 5.57731281200006], [-0.136092887999894, 5.57756800200008], [-0.1363678969999, 5.57801455400005], [-0.136292889999936, 5.57833225700017], [-0.136324461999948, 5.57871558100004], [-0.136197077999896, 5.57882161900011], [-0.135963982999897, 5.57871505200012], [-0.135709402999964, 5.57879965900008], [-0.135687637999922, 5.5791820390001], [-0.135177854999938, 5.57977615500005], [-0.135647741999946, 5.58024190300006], [-0.135664381999959, 5.58058418600007], [-0.135875806999877, 5.58100940000003], [-0.135642181999913, 5.58126399800017], [-0.135641466999857, 5.58175263600009], [-0.135853109999971, 5.58202913400004], [-0.135789090999879, 5.58230522700006], [-0.135428391999881, 5.58245341300005], [-0.135131462999937, 5.58249546700017], [-0.134961357999885, 5.58281389400014], [-0.134703611999953, 5.58300474900005], [-0.134706151999922, 5.58332340200019], [-0.134536264999895, 5.58349311300015], [-0.134366500999874, 5.5835778440001], [-0.134111637999922, 5.5838536550001], [-0.133983691999902, 5.58434210600012], [-0.133665275999931, 5.58457533300015], [-0.133388583999874, 5.58527601500003], [-0.133196989999931, 5.58578561600018], [-0.133004959999937, 5.58659264799996], [-0.132855369999902, 5.58737849700009], [-0.131781424999929, 5.58969521400019], [-0.131748707999975, 5.59009624000015], [-0.131922139999972, 5.5902471010001], [-0.131896423999876, 5.5905850960001], [-0.131596418999834, 5.59128557000014], [-0.131576970999902, 5.5915194100001], [-0.131703605999974, 5.59192325500004], [-0.131851353999878, 5.59239086600013], [-0.131892793999953, 5.59304952600007], [-0.131807378999952, 5.59345305800008], [-0.131572523999978, 5.59453621100005], [-0.131804183999975, 5.59562005600014], [-0.131655058999968, 5.59608722700017], [-0.131700299999977, 5.59670365800008], [-0.131653147999884, 5.5973831770001], [-0.131626469999901, 5.59765608000004], [-0.131609984999955, 5.59789299699997], [-0.131757670999946, 5.59840309800018], [-0.131608386999915, 5.59897649600003], [-0.1316927069999, 5.59931654200011], [-0.131894491999958, 5.59954995200002], [-0.131882928999914, 5.5997417260001], [-0.131521746999965, 5.60020858400003], [-0.131732923999948, 5.60080376100012], [-0.13164738099988, 5.60129227200014], [-0.131990216999895, 5.60157033000007], [-0.131964364999817, 5.60203632100013], [-0.131921703999922, 5.60220621899998], [-0.131942375999927, 5.60256741600011], [-0.132111423999902, 5.60297132300008], [-0.132661232999908, 5.60401314900014], [-0.132851330999927, 5.60452331300007], [-0.132919725999898, 5.60481968700003], [-0.132892049999896, 5.60567061100011], [-0.133259222999925, 5.60618121100009], [-0.13357648899995, 5.60732852900014], [-0.133551133999902, 5.60873658300011], [-0.133544349999966, 5.60911328700001], [-0.133904251999979, 5.60951747700011], [-0.134073428999955, 5.60983640400008], [-0.134263998999927, 5.61002789200012], [-0.134348195999962, 5.61045292000011], [-0.134411468999872, 5.61068670899999], [-0.134347068999944, 5.61121774200018], [-0.134410467999942, 5.61147276300005], [-0.134409965999907, 5.61170647300003], [-0.134324609999965, 5.61206751400016], [-0.134478068999954, 5.61238555800014], [-0.13449306799987, 5.61287507800017], [-0.134368994999932, 5.61313018200013], [-0.134365079999952, 5.61338477200007], [-0.135020709999935, 5.61457547000015], [-0.13489813599989, 5.61480613600008], [-0.135018705999926, 5.61593515500016], [-0.134954712999956, 5.61619000100006], [-0.135186881999971, 5.61693392400008], [-0.134932064999873, 5.61716724400003], [-0.13482572199996, 5.61737953800002], [-0.135058111999911, 5.61797474500014], [-0.135248558999933, 5.61825121400017], [-0.135566618999974, 5.61827292900011], [-0.135947514999941, 5.61882586600012], [-0.136223005999909, 5.61895374400007], [-0.13643497399994, 5.61901779300013], [-0.136882751999963, 5.61927847700002], [-0.136922119999952, 5.61942217100017], [-0.137006006999968, 5.62005964800005], [-0.137026336999952, 5.62065454200007], [-0.137238085999968, 5.62086730600009], [-0.137343898999916, 5.62101617900009], [-0.137385467999934, 5.6215898590001], [-0.137384716999918, 5.622099741], [-0.137572839999962, 5.62290772400019], [-0.137785196999971, 5.62375745300005], [-0.137655751999887, 5.62463335900003], [-0.137740939999844, 5.62501085100018], [-0.137910246999979, 5.62524479699999], [-0.138524168999879, 5.62596803900016], [-0.138120059999949, 5.62677475800001], [-0.138182834999895, 5.62734846899997], [-0.138033607999887, 5.62787937700006], [-0.138054438999916, 5.6281343500001], [-0.138695883999958, 5.62866999199997], [-0.138774177999892, 5.62900646300005], [-0.138922341999887, 5.62919788800014], [-0.139006698999935, 5.62951669000006], [-0.139536705999831, 5.62962369800005], [-0.139854459999924, 5.62985786300015], [-0.139811610999914, 5.63015523200016], [-0.139726408999877, 5.6304100480001], [-0.139397827999971, 5.63081564300018], [-0.139639521999811, 5.63181209900017], [-0.139872418999971, 5.63206738499997], [-0.139871575999905, 5.632641003], [-0.14008308099983, 5.63302372700008], [-0.140422354999941, 5.6330454730001], [-0.140549470999872, 5.63313064100004], [-0.140698155999928, 5.63341966100012], [-0.140762817999928, 5.63451521000013], [-0.140429949999941, 5.63554378100002]]]]}, "properties": {"REGION": "Greater Accra", "DISTRICT": "Ledzokuku"}}, {"type": "Feature", "geometry": {"type": "MultiPolygon", "coordinates": [[[[-0.060634620999906, 5.84534443199999], [-0.06024292099994, 5.84538735300009], [-0.058835108999972, 5.84404925600012], [-0.058635444999879, 5.84385947900017], [-0.058300863999818, 5.84380529400005], [-0.057547886999942, 5.84368335000005], [-0.057154947999948, 5.84329385600017], [-0.055591948999961, 5.84237276700009], [-0.05459273699995, 5.84141240200012], [-0.054306759999918, 5.84138869700018], [-0.052982947999965, 5.84127896400008], [-0.052029183999935, 5.84154179000018], [-0.051329500999941, 5.84123260000013], [-0.050633060999871, 5.84136215500013], [-0.049676758999908, 5.84076789800008], [-0.048460316999979, 5.83961542000009], [-0.047868414999925, 5.83968414000009], [-0.046999439999979, 5.83891572200014], [-0.046056599999929, 5.838623547], [-0.045113167999943, 5.83760522800003], [-0.044285971999898, 5.83786528300016], [-0.043590348999885, 5.83751548900017], [-0.041893256999913, 5.83755617800006], [-0.040981907999935, 5.83736984900003], [-0.040458502999968, 5.83685651000008], [-0.038804778999975, 5.83698441800004], [-0.037804494999932, 5.83667767300011], [-0.03697744599998, 5.83685056400014], [-0.036237349999908, 5.83706717900003], [-0.035672449999879, 5.83693316700015], [-0.035107348999929, 5.83628086700014], [-0.034934636999935, 5.83549619600018], [-0.034293107999815, 5.83538646500006], [-0.033890994999922, 5.83510221800009], [-0.033412127999952, 5.83523212500006], [-0.033101782999836, 5.83517910600006], [-0.032542688999911, 5.83475129199996], [-0.031890741999973, 5.83431440800007], [-0.03123759999994, 5.83457474200014], [-0.03019448699996, 5.8338757250001], [-0.029113345999974, 5.83505042300015], [-0.026500104999911, 5.83647521300009], [-0.023186611999961, 5.83679158400003], [-0.022914030999971, 5.83681760800005], [-0.019538816999841, 5.83600993700014], [-0.017245159999959, 5.83380969700016], [-0.017426061999913, 5.8298707240001], [-0.017290640999875, 5.82767424800011], [-0.013565587999949, 5.82776274000014], [-0.010845052999855, 5.82619463300017], [-0.010534681999843, 5.82532396100004], [-0.009621356999958, 5.82527773500016], [-0.009554170999877, 5.82547841700006], [-0.009820687999934, 5.82594741500014], [-0.008773380999969, 5.82607944000011], [-0.008328091999942, 5.82592248000009], [-0.008172027999933, 5.825989139], [-0.008277122999914, 5.82640347100005], [-0.00803290499988, 5.82671678800011], [-0.007480701999839, 5.82638952000002], [-0.007102717999828, 5.82596494600006], [-0.00659008599996, 5.82609790800007], [-0.006433588999869, 5.8264099860001], [-0.005609258999868, 5.82668441200008], [-0.005118904999904, 5.82656384400008], [-0.004227936999825, 5.82647302700008], [-0.003760528999976, 5.82622678100017], [-0.003272608999907, 5.82625915100016], [-0.002647174999936, 5.82591246100009], [-0.002269431999935, 5.82535401900003], [-0.001846935999879, 5.824907053], [-0.001691028999971, 5.82488446600019], [-0.001444260999961, 5.82500333400009], [-0.001270151999961, 5.82502100100004], [-0.001156316999868, 5.82490583000003], [-0.000911533999954, 5.82474922], [-0.000465578999922, 5.82497153900005], [1.746e-06, 5.82468066900014], [0.000290256000085, 5.82405545200015], [0.000690628000029, 5.82369776800005], [0.002093192000075, 5.82315981600016], [0.002426730000138, 5.82280224900012], [0.002491981000105, 5.82190969700002], [0.002714287, 5.82164157200009], [0.00320420200012, 5.82152914700015], [0.003538172000049, 5.82141699900006], [0.004006007000157, 5.821416167], [0.006901534000178, 5.82107634400006], [0.008862619000183, 5.8214298150001], [0.011782010000047, 5.82198235800007], [0.015289543999984, 5.82181170500007], [0.015372871000068, 5.82180765200019], [0.015591197000163, 5.82179702800016], [0.018642612000122, 5.82143455500011], [0.02015733900015, 5.82134257600006], [0.021721705000118, 5.82217453800013], [0.022364649000167, 5.8223425650001], [0.023992701000054, 5.82314180400004], [0.024817143000064, 5.82340903000016], [0.028779628000109, 5.82177313600016], [0.0323897130001, 5.8223689300001], [0.035330083000019, 5.82220736700009], [0.037089161000097, 5.82173561300016], [0.038048041000025, 5.82224699400012], [0.039852407000126, 5.82217673900004], [0.042525682000019, 5.82214949500013], [0.043833311000128, 5.82238173300016], [0.054336751000051, 5.82424704700014], [0.063250555000025, 5.82570280300013], [0.071874772000115, 5.82715896100018], [0.073147687000187, 5.82878519800016], [0.074246249000112, 5.83244200700017], [0.076724189000174, 5.83511451900011], [0.086534260000178, 5.83915614200009], [0.093013423000059, 5.84871468100005], [0.095958022000048, 5.85069455100012], [0.098900731000072, 5.84791192000017], [0.108727730000055, 5.84091918300004], [0.118406108000045, 5.83332025800007], [0.120670566, 5.83690616600012], [0.134085563000042, 5.83874097900014], [0.173958139000035, 5.85661090600013], [0.20322743600002, 5.88324282500002], [0.217756775, 5.90777430700012], [0.217924710000148, 5.90805915600015], [0.217680286000189, 5.90855133700012], [0.21818307, 5.90912881300011], [0.218840089000139, 5.90967255800007], [0.219310492000034, 5.91021707700008], [0.220529427000088, 5.91237290200019], [0.220776004000186, 5.91286400500007], [0.221128950000036, 5.91388163800013], [0.221690785000078, 5.91419646100019], [0.221971202000134, 5.91412560900017], [0.222498281000128, 5.91471417100018], [0.222604647000026, 5.91510750500004], [0.222869377000109, 5.91539941500002], [0.222921832000054, 5.91580915700018], [0.223341340000161, 5.91626409100019], [0.223800472000107, 5.91665004200007], [0.224221639000064, 5.91678958300014], [0.224452314000075, 5.91704522900017], [0.22495876000005, 5.91706889700015], [0.224988855000106, 5.91763985200004], [0.225118161000182, 5.91778315500011], [0.225555981000127, 5.91752410600009], [0.226013536000096, 5.91826056300016], [0.226786582000102, 5.91892608700016], [0.227910191999968, 5.91952059800008], [0.230226552000147, 5.92025293400008], [0.230998594000084, 5.92046192600014], [0.231771338000044, 5.92098697200009], [0.231983012000171, 5.92154838000016], [0.232544394000058, 5.92165248600008], [0.2328610510001, 5.92210830800013], [0.233065749000161, 5.92242802400011], [0.233668870000031, 5.92263327200004], [0.234162057000106, 5.92361546100005], [0.23440763800005, 5.92365003200013], [0.234654155000101, 5.92410600900013], [0.235531107000043, 5.9241742910001], [0.236725971000112, 5.92526026400014], [0.236833844000103, 5.92645401100009], [0.237114889000168, 5.92666408800011], [0.237010611000073, 5.92708572900011], [0.237227762000146, 5.92748730700009], [0.238170883000123, 5.928382478], [0.238479670000174, 5.92901791000003], [0.238770553000165, 5.9299262990001], [0.25680021300002, 5.93104455500008], [0.266270600000098, 5.93144439100013], [0.285422714000106, 5.932664477], [0.322112565000111, 5.93472018400018], [0.337668569000073, 5.93553819300013], [0.340756661000171, 5.93567695300004], [0.337933176000035, 5.93120163500015], [0.337811198000054, 5.93084362700017], [0.337810640000043, 5.93061211000014], [0.337887163000062, 5.93038316399998], [0.337886764000075, 5.93021779400016], [0.338037542000166, 5.92996110600006], [0.338283491000141, 5.92921910200016], [0.338407011000072, 5.927931672], [0.33845619300007, 5.92777996400008], [0.338681342000143, 5.92640133500015], [0.338834751000093, 5.92609503000011], [0.338872730000162, 5.92586342100003], [0.338960494000105, 5.92573091200018], [0.339156836000029, 5.92496422300007], [0.339252619000035, 5.92473247300006], [0.33932942000007, 5.92461928400007], [0.339557607000074, 5.92450297400018], [0.339672936999989, 5.92438693700012], [0.339823779000028, 5.92415781000005], [0.339842768000096, 5.92404200500016], [0.339822949000165, 5.92381329100004], [0.339745325000138, 5.92358471700015], [0.339593421000188, 5.92337285800011], [0.339438173000133, 5.92291571000015], [0.339399079000088, 5.92268428500006], [0.339398250000102, 5.92233976600011], [0.339436514000056, 5.92222667100003], [0.339454953000086, 5.92188210500012], [0.33951224600014, 5.92166974200006], [0.33972314000016, 5.92123100100008], [0.339896040999975, 5.92101835900007], [0.339972609000085, 5.92080870600006], [0.340059397000175, 5.92027104300007], [0.339912362000177, 5.91979458100008], [0.340043975000128, 5.91958203800016], [0.340007640000067, 5.91935336400007], [0.340026357000113, 5.91912455700009], [0.340349594000145, 5.91847332000009], [0.34038482, 5.91824171700006], [0.33983270300007, 5.91683275600008], [0.339808418000132, 5.91663626100006], [0.34049452000005, 5.91464465200005], [0.340952073000153, 5.91376157300004], [0.341180028999986, 5.91355155400004], [0.341639060000034, 5.91328309800002], [0.341828567, 5.91310900100007], [0.341905367000152, 5.91299581300012], [0.34202014300007, 5.91265101499999], [0.342151754000042, 5.91243847200013], [0.342343927, 5.91222853900007], [0.342991173000087, 5.91125129200009], [0.343048418000137, 5.91101963600011], [0.343047541000146, 5.91065582300013], [0.343236409000156, 5.91021713700007], [0.343373571000143, 5.91002387300006], [0.34339260600018, 5.90992736200019], [0.34339224100006, 5.90977577400008], [0.343223527000134, 5.90943992900009], [0.343045545000166, 5.90868516900014], [0.343119312000169, 5.90845622900002], [0.343196104000128, 5.90834028500007], [0.343426990000182, 5.9082046740001], [0.343712149000055, 5.90774646200003], [0.343750126000089, 5.90751485200002], [0.343995919000122, 5.90671221400009], [0.344057978000023, 5.90619390500007], [0.344269157000156, 5.90587643600003], [0.344585123000172, 5.90563864200004], [0.344642374000045, 5.90540974200013], [0.344622548000189, 5.90517827200017], [0.344668869000031, 5.90498247200014], [0.344907745000057, 5.90473659600002], [0.345484619, 5.90425838400006], [0.345828128999983, 5.90402879200008], [0.34605630600015, 5.90391248100013], [0.346283100000107, 5.9032228910001], [0.346281718000171, 5.90264961300011], [0.346547318000091, 5.90207293200007], [0.346700998000188, 5.90188238600012], [0.346890088, 5.90153740800002], [0.347043210000095, 5.90111534400006], [0.346883805000118, 5.89893284800013], [0.347106369000073, 5.89763140100001], [0.3471625090001, 5.8969422240001], [0.347273744000177, 5.89627220800008], [0.348024175000148, 5.89472005100004], [0.348462488000109, 5.89385769000017], [0.3487863040001, 5.89345450700011], [0.348964195000121, 5.89303238400009], [0.348902444000089, 5.89253642400007], [0.348976207000078, 5.89230748400013], [0.349077676000036, 5.89215289300006], [0.349159044000032, 5.89165383100016], [0.34920717100016, 5.89106665200018], [0.349087374000135, 5.89046885500017], [0.348951954000086, 5.8902404210001], [0.34889634700005, 5.89000903800007], [0.349793985000076, 5.88558873900013], [0.34914836900009, 5.8826605000001], [0.34884179200003, 5.88222025500016], [0.347791874000052, 5.88055531000015], [0.347611736000033, 5.88004309800004], [0.3475726530001, 5.87981443100006], [0.347518078000121, 5.87886644200006], [0.347379147000083, 5.878321056], [0.347378041000184, 5.87786077900006], [0.347281204000069, 5.87765154400006], [0.346994224000127, 5.8773463010001], [0.346993674000089, 5.87711754200012], [0.347045234000063, 5.87681148200016], [0.346762235000028, 5.87587231200013], [0.346722603000103, 5.87541488400007], [0.346644981000111, 5.87518355200012], [0.346454566000034, 5.87497454300018], [0.346412486000133, 5.87235077300016], [0.346354138000095, 5.87212215200014], [0.346125463000078, 5.87202623700011], [0.345894221000151, 5.87200750000005], [0.345665552000128, 5.87191434000016], [0.345588209000027, 5.87179876800019], [0.345529861000045, 5.87157014600012], [0.345507845000157, 5.87042363300003], [0.345524634000014, 5.86939003000003], [0.345485824000036, 5.86927436400003], [0.345485275000044, 5.86904560300007], [0.345655916000055, 5.86789587100014], [0.34578660700015, 5.86730298100008], [0.345804862000136, 5.86688124300002], [0.345691469000087, 5.86665275400003], [0.345377191000182, 5.86643852800006], [0.345171335000032, 5.86437740800005], [0.345247844000028, 5.86414570699998], [0.345247574000041, 5.86403270400012], [0.345169955000074, 5.86380137300011], [0.345169408000118, 5.8635726120001], [0.345245923000164, 5.86334366600016], [0.345303491000095, 5.86324706200014], [0.345531430000051, 5.86303704599999], [0.345855645000142, 5.86280474900008], [0.345932438000034, 5.86269156200001], [0.345912849000115, 5.86255655600007], [0.345703173000175, 5.86234759100006], [0.345741428000053, 5.86223174100007], [0.345834729000046, 5.86211575700008], [0.346065558000021, 5.86196361300011], [0.346084269000073, 5.86173205000006], [0.345948628000144, 5.86140714800018], [0.345966798, 5.86094958100006], [0.346004776000143, 5.86071797100004], [0.346100604000071, 5.86050827300011], [0.34610714500019, 5.86036631400003], [0.346192577000124, 5.85983830300012], [0.346134225000128, 5.85960692500015], [0.345712997000078, 5.85840349000017], [0.345692906000124, 5.85805901800006], [0.345884194000121, 5.8574852750001], [0.346150516000137, 5.85721453200017], [0.346149559000139, 5.85681489000018], [0.346093960000076, 5.85658350500012], [0.346148181000046, 5.85623885400008], [0.346347328000093, 5.85549972300015], [0.346759506000069, 5.85522311700015], [0.346872348000147, 5.85522284600006], [0.347782524000138, 5.854878896], [0.348232506000102, 5.85429901900011], [0.348449583, 5.85415242100004], [0.348589201000038, 5.85384063900017], [0.348646450000047, 5.85361173900009], [0.348857640000119, 5.85330529700013], [0.348992268000075, 5.85320850800002], [0.349220519000028, 5.85313078600018], [0.349335928000073, 5.85305333600013], [0.349564278000116, 5.85301695700008], [0.349888486000168, 5.85278465900001], [0.34998426500016, 5.85255566799998], [0.349963394000099, 5.85188597000018], [0.350001600999974, 5.85175082500012], [0.350229672000125, 5.85159868800002], [0.350688879000188, 5.85142394500008], [0.350765392000028, 5.85119499900014], [0.350745577999987, 5.85096628600013], [0.350764288000107, 5.85073472300007], [0.350878479000073, 5.85015014100003], [0.350838044, 5.84935646300005], [0.350876026000151, 5.84912761100014], [0.35112266800013, 5.84868603100017], [0.351218718000098, 5.84857004100019], [0.351449540000146, 5.84841789700005], [0.351600409000127, 5.84820806500005], [0.352282945000127, 5.84590778299997], [0.352377896000064, 5.84533427300016], [0.352512243999968, 5.84512172500013], [0.352849778, 5.84471024400011], [0.352700358999982, 5.84437710800012], [0.352738612000053, 5.84426125800007], [0.352854019000119, 5.84418380699998], [0.352872966000177, 5.84405146500006], [0.352833880000105, 5.84382004200017], [0.352921613000035, 5.84367926699997], [0.353292477000139, 5.84339448900005], [0.353346971000065, 5.84316559600006], [0.353194827000038, 5.84284349200004], [0.352430617000095, 5.84092428500014], [0.352189638000141, 5.84028267900015], [0.352028658000108, 5.83971805300018], [0.351870550000172, 5.83920303000008], [0.351764950000131, 5.83877883500008], [0.351743973999987, 5.83806503800008], [0.351880652000148, 5.83767609100016], [0.352074761000097, 5.83713541600008], [0.352235876, 5.83660860200018], [0.354465259, 5.83780768299999], [0.354484795000019, 5.83792063900012], [0.354752349000137, 5.83816804900016], [0.355592564000119, 5.83735571400018], [0.355725823000057, 5.83669115900017], [0.355802334999964, 5.83646221300006], [0.355935666999983, 5.83582797499997], [0.35620069800018, 5.83502529500004], [0.356428847000132, 5.83490898700018], [0.356486411000105, 5.83481238200005], [0.356809375000182, 5.83406744100017], [0.357153252000103, 5.83400873200003], [0.357629958000132, 5.83310632000013], [0.357858113000077, 5.83299276800017], [0.358433215000048, 5.83295279400005], [0.358702598000036, 5.83281709300007], [0.358705663000023, 5.83180281900019], [0.358448795000129, 5.83142033300015], [0.357990882000138, 5.83098045200012], [0.35760709900012, 5.83046597600014], [0.357568244000163, 5.83033101700011], [0.357397110000022, 5.83012196200013], [0.35691636200005, 5.829340371], [0.356416901000046, 5.82878758600003], [0.35560256500014, 5.82948409700003], [0.352373859000181, 5.82986945100009], [0.347971148000113, 5.82785972900007], [0.347879533000082, 5.82752645200014], [0.347798512000054, 5.82701951100017], [0.347789356000021, 5.82664193700003], [0.34791463900018, 5.82609040400013], [0.348040145000084, 5.8256325800001], [0.348269593000055, 5.82490715900019], [0.348441557000058, 5.82431141500012], [0.348509590000106, 5.82398878100008], [0.34845397700002, 5.82374912700016], [0.34828230300019, 5.82331130700015], [0.348074911000083, 5.82289837700012], [0.34792501000004, 5.82235852600007], [0.347810862000188, 5.82180756500009], [0.347765791000086, 5.82137219800001], [0.347753496000053, 5.82083201699999], [0.347330863000025, 5.81901946700015], [0.347078181000029, 5.81807745900016], [0.346825691000106, 5.81721538000016], [0.346540098000048, 5.81632030500009], [0.346379057000092, 5.81572260000013], [0.346287230999963, 5.81529836900012], [0.346253250000075, 5.81489604800009], [0.346205430000055, 5.81446068700006], [0.346242374000099, 5.81379360500011], [0.346367635000036, 5.81207345500007], [0.346539484000175, 5.81027051000018], [0.346997818000091, 5.80858264000017], [0.347123809000095, 5.8083287720001], [0.347158826000054, 5.80800897200015], [0.347203732000025, 5.80721784500014], [0.347157677000041, 5.80636629700018], [0.347183044000133, 5.80545945600005], [0.347217159000024, 5.80475930800003], [0.347399364000069, 5.80384106800005], [0.347559415999967, 5.80286500200015], [0.347686797000165, 5.80203784700018], [0.347857640000143, 5.80097080200005], [0.347996277000163, 5.80024835500006], [0.348099735, 5.79977680300016], [0.350807133000046, 5.79375088000006], [0.350921379000056, 5.79318834800006], [0.351013687999966, 5.79265894400015], [0.351034859000038, 5.79230334800002], [0.350862766000091, 5.79168362000013], [0.350633727000059, 5.79141957300004], [0.350484742999981, 5.79126007000008], [0.350525484000116, 5.78972734600006], [0.350552955000126, 5.78869391400002], [0.351086495000061, 5.7849710050001], [0.349549547000095, 5.78470706200017], [0.346476603000042, 5.78458055800019], [0.343336229000045, 5.78418659800008], [0.340329764000103, 5.78392610200007], [0.33618791400005, 5.78373516300013], [0.332379886000069, 5.78347651100006], [0.328437484000062, 5.78288364300005], [0.322176193000075, 5.78218169900003], [0.31975914700007, 5.78181798900016], [0.316403045000015, 5.78117531200019], [0.313856509000175, 5.78074572500009], [0.307820007000089, 5.77935773500013], [0.305596324000021, 5.77884643800002], [0.304158620000067, 5.77832605700007], [0.303266959000098, 5.77831156500008], [0.301807638000071, 5.77796486800008], [0.300237946000038, 5.77748887800016], [0.297339083000111, 5.77701867300004], [0.295662564, 5.77676065500003], [0.294811675000062, 5.77652280100006], [0.294420901000024, 5.77652369100014], [0.294008011000187, 5.77648053100012], [0.293027538000104, 5.77613547600009], [0.292503028000056, 5.77601815000014], [0.291978517000132, 5.77590082500012], [0.291435882000087, 5.77567880200013], [0.290898645000084, 5.77540991100017], [0.290290164000112, 5.77527623600002], [0.289650957000106, 5.77494142500012], [0.289297142, 5.77485678400018], [0.288943326000037, 5.77477214200007], [0.288068139000018, 5.77474105000016], [0.287091367000016, 5.77481492500016], [0.286012761000165, 5.77488351400007], [0.284614502000181, 5.77476264400002], [0.283047718000034, 5.77434998700005], [0.282045439000171, 5.77409591600008], [0.280694143000062, 5.77405486000004], [0.279433122000114, 5.77377380500019], [0.276492555000061, 5.77310788600005], [0.274967012000047, 5.77267581900009], [0.274077308000187, 5.77230571699999], [0.273187605000032, 5.77193561500013], [0.272339618000103, 5.7717611110001], [0.271513757000093, 5.77163616900003], [0.270618699000067, 5.77133222400005], [0.269159307000109, 5.77094409200009], [0.268941663000078, 5.77083570500008], [0.268724018000057, 5.77072731800007], [0.267088064000063, 5.77014112300014], [0.26599763500019, 5.76984311600012], [0.264667387000088, 5.76936372700015], [0.263446741000166, 5.76866910300004], [0.262882360000106, 5.76856286000003], [0.262009707000118, 5.76843249400008], [0.261486842000068, 5.7684336530001], [0.258873978000054, 5.76785510700017], [0.257156007000106, 5.76750885500013], [0.256620591000058, 5.76743424000011], [0.256085174000077, 5.76735962400016], [0.252772317000165, 5.7663222920001], [0.252097383000091, 5.76599853600015], [0.251485453999976, 5.76554233800005], [0.250831910000102, 5.76493188000018], [0.250296318000039, 5.76477620600008], [0.250171089000048, 5.76476821200015], [0.249894391000055, 5.76470956000009], [0.249617694000165, 5.76465090600004], [0.249262197000178, 5.76442291399997], [0.24873013600012, 5.76399401500009], [0.24806845500018, 5.76343593900015], [0.247409364000077, 5.76280335100017], [0.246774819000052, 5.76206872500018], [0.246396588000096, 5.7615100270001], [0.246216663000041, 5.761028071], [0.246039659000132, 5.76062328400019], [0.245708710000031, 5.76029325300016], [0.245277183000155, 5.75990142500007], [0.244845656000052, 5.75950959600004], [0.244363461000034, 5.75922950800015], [0.243933614000071, 5.75897686700011], [0.243729483000152, 5.75875129600018], [0.243451151000045, 5.75857274500009], [0.243197870000131, 5.75852368400018], [0.242848379000066, 5.75852444600008], [0.242619582000088, 5.75834578600006], [0.242366354000069, 5.75832153000016], [0.241807277000078, 5.75811878299999], [0.241071200000022, 5.75751124400011], [0.240287960000046, 5.75672740500016], [0.239499266000166, 5.75596562700002], [0.238689173000182, 5.75548779100012], [0.237702961000139, 5.75501033600011], [0.23674161800011, 5.75457968199999], [0.236003072000074, 5.75409893], [0.235041845000069, 5.75372064200019], [0.234584813000083, 5.75361964700005], [0.23430657300014, 5.75348105600006], [0.234028333000026, 5.75334246500006], [0.233598820000111, 5.7532414100001], [0.232786636000071, 5.75306676100013], [0.231912998000041, 5.75278767800006], [0.231538665000073, 5.75243274900009], [0.231307140000013, 5.75226235900004], [0.230965285000082, 5.75197368400006], [0.230747442000109, 5.75176743100013], [0.230356427000174, 5.751652509], [0.229957038000066, 5.75148247900017], [0.229452949000176, 5.75125203500011], [0.229119771000171, 5.75115903800014], [0.2288554430001, 5.75109069900009], [0.22859376700012, 5.75097549700013], [0.228524798000024, 5.75089571300009], [0.228042801000015, 5.75070105200007], [0.227640678000057, 5.75053929400002], [0.22719445600012, 5.75034455600007], [0.226874649000024, 5.75006961300016], [0.226794697000173, 5.75000087700016], [0.226494277000143, 5.74978377400004], [0.226425357000153, 5.74972603900017], [0.226036729000157, 5.74944021800019], [0.225590408000073, 5.74919862100001], [0.225061725000103, 5.74904815800011], [0.22444498800013, 5.74890063900006], [0.224048595000113, 5.74884360600004], [0.223652203000029, 5.74878657300002], [0.223274950000132, 5.74867161600002], [0.223137209000015, 5.74860300300014], [0.22283951300011, 5.74837211100004], [0.222770546000163, 5.74829232500002], [0.222302551999974, 5.74821063700017], [0.221944909000172, 5.74825826000011], [0.221600849000083, 5.74822316300015], [0.221328097000082, 5.74807490600006], [0.22085686500003, 5.74776445000009], [0.220765613000083, 5.74755792100018], [0.220776374000025, 5.74744213300016], [0.220673874000056, 5.74712262000014], [0.220640652000156, 5.74702897600002], [0.220524904000172, 5.74694929000015], [0.220136451000087, 5.7467433970001], [0.219607724000127, 5.74657087700001], [0.219538804000138, 5.74651314200014], [0.219161482000175, 5.74636510600016], [0.218773247000115, 5.74626119400006], [0.218233929000064, 5.74628439400004], [0.217672573000129, 5.74629661600017], [0.217064405000087, 5.74629515500015], [0.216513862000113, 5.7462163940001], [0.216111938999973, 5.74614558500002], [0.21582547600002, 5.74601940500003], [0.215632699000139, 5.74595090600013], [0.215060020000067, 5.74581430800004], [0.214589375000116, 5.74577947600017], [0.214061134000019, 5.74583572500012], [0.21361552400009, 5.74592762999998], [0.213156132000108, 5.74600853900006], [0.21273234500012, 5.74600943800004], [0.212022333, 5.74599716200009], [0.211414171000115, 5.74599845199998], [0.210783988000117, 5.74599703100017], [0.210324227, 5.74590428900012], [0.209845134999966, 5.74577851300018], [0.209443072000056, 5.74564154800015], [0.208859478000079, 5.74554906700001], [0.208377656000152, 5.74543432100012], [0.207689347000155, 5.74527315200004], [0.207185564000099, 5.74518325700012], [0.206681943000092, 5.74517053900018], [0.206326784000112, 5.74509135500017], [0.205993586999966, 5.7449873170001], [0.205627369000069, 5.74488335000012], [0.205214298000101, 5.74474640400013], [0.204743585000131, 5.74467848900014], [0.203562859000158, 5.74459828600015], [0.202762013000154, 5.74457516400003], [0.20244695800011, 5.74459236400003], [0.202131904000112, 5.74460956600018], [0.201523664999968, 5.74457501199998], [0.200711569000134, 5.74443614500012], [0.200034321000032, 5.74429975100003], [0.199472864000029, 5.74426509600011], [0.198900469000023, 5.74426354000019], [0.198245736000104, 5.74436689800018], [0.197879829000101, 5.74441176600016], [0.197329500000137, 5.74443496900005], [0.196710351000149, 5.74444729100003], [0.196011398000167, 5.74445977900012], [0.195381287000146, 5.74449417300013], [0.19477307, 5.74447063700018], [0.194360140000128, 5.74439983499997], [0.193870042000071, 5.74427406700005], [0.193181786000139, 5.74413768700015], [0.192551364000053, 5.74402323599998], [0.191623689000096, 5.74388459700015], [0.191348479000055, 5.74387414500018], [0.190773428, 5.74391944400014], [0.190418647000058, 5.74402216800007], [0.190041708000024, 5.74405602900015], [0.189697746000036, 5.74406777000013], [0.189031716000159, 5.74403332300005], [0.188481340000067, 5.74403446700012], [0.187851057000046, 5.74398616300005], [0.187438132000125, 5.74391811200019], [0.187066556000104, 5.74388442900016], [0.186694981000187, 5.74385074600013], [0.186246298000071, 5.74379103700005], [0.186075562000156, 5.74373350799999], [0.185937854000144, 5.74367866699998], [0.185767117000125, 5.74362113800015], [0.18556060700007, 5.7435636830001], [0.185343088000138, 5.74350625000005], [0.185089796000113, 5.74344889200006], [0.184825495000041, 5.74339155700005], [0.184654736000027, 5.74332300200012], [0.184563754000123, 5.74324050000007], [0.18448383000009, 5.74318278200008], [0.184425926000074, 5.74312777500006], [0.184288162000087, 5.74304537000012], [0.184172463000152, 5.74298772700001], [0.18407052900011, 5.74293281000018], [0.18399060500002, 5.74287509300012], [0.183885869000108, 5.74279537500013], [0.183794909000028, 5.74272389800012], [0.183668180000097, 5.74265525200013], [0.183613001000083, 5.74258645700007], [0.183480697000107, 5.74248336800014], [0.182151157000078, 5.74163302700003], [0.182466784000155, 5.74055739800013], [0.182628838000085, 5.74040822000001], [0.182824226999969, 5.74041057300013], [0.182917364000161, 5.74020365400014], [0.182815216000051, 5.74004399699999], [0.182630716000062, 5.73998373800009], [0.182402191000051, 5.73992632800014], [0.181257345, 5.73989561600007], [0.180786652000052, 5.73983594800012], [0.179388577000111, 5.73977819200013], [0.179171060000158, 5.73972075600017], [0.17895354400008, 5.73966332100014], [0.177671013000122, 5.73958878400009], [0.177464505000103, 5.73953132600013], [0.177293746999965, 5.73946276800012], [0.177189057000021, 5.7394051010001], [0.176996189000079, 5.73928973000005], [0.176869462000127, 5.73922108200003], [0.176640678000069, 5.73903687700016], [0.17611478200007, 5.7388973840001], [0.175988079000149, 5.73883976100018], [0.175806336000107, 5.73878225000016], [0.175643858000171, 5.73872470100008], [0.175393313000143, 5.73866457600019], [0.174980414000174, 5.73860754000009], [0.174429917000168, 5.73854803000012], [0.173948216000042, 5.73848837800017], [0.17377743600008, 5.73840879400018], [0.173653439000077, 5.73832911400012], [0.173559734000037, 5.73826039700003], [0.17349079100012, 5.73818887300018], [0.173388786000089, 5.73809812200005], [0.173308841000164, 5.73802937700009], [0.173239881000143, 5.73794958500008], [0.173148855000079, 5.73784502900014], [0.173011003, 5.73771851900017], [0.172908998000025, 5.73762776900008], [0.172795980000103, 5.73753428400011], [0.172635994000188, 5.73734993500005], [0.172487090000118, 5.73720139699998], [0.172371298000087, 5.73709689200012], [0.172236197000018, 5.73697037600016], [0.172142517000111, 5.73691268500011], [0.171970908000048, 5.73676350400007], [0.171902660000057, 5.73669542300007], [0.171833672000048, 5.73660184800002], [0.171767487000182, 5.73653307500012], [0.17169852700016, 5.73645328100008], [0.171618560000184, 5.73637351100007], [0.17156060200017, 5.73629093800008], [0.171378491000098, 5.73605150700007], [0.170783471000107, 5.73574952400003], [0.170678782000039, 5.73569185500014], [0.170543800000075, 5.73562322200007], [0.17041700700014, 5.73552149500011], [0.170315042000141, 5.73545003800012], [0.170166301, 5.73538143300004], [0.169879990000027, 5.7353241350001], [0.169662476000155, 5.73526669600005], [0.168812023000044, 5.73520503600008], [0.168619275000083, 5.73514754600012], [0.168470534000107, 5.73507894000016], [0.168343735, 5.73497445700013], [0.168183892000059, 5.73485901600009], [0.168024004000131, 5.73472152300013], [0.16789725700005, 5.73464184700015], [0.167773210000178, 5.734537359], [0.167588673000068, 5.73445780000009], [0.167428925000024, 5.734389217], [0.167164534000051, 5.73428501400002], [0.166935961999968, 5.73420278900005], [0.166685403000145, 5.73413439000018], [0.166525628000159, 5.73405202400011], [0.16635202599997, 5.73393661100005], [0.166192117000151, 5.73378809200011], [0.166068120000148, 5.73370841000008], [0.16570144200017, 5.73337287900011], [0.165610491000166, 5.7333041550001], [0.165425815000162, 5.73315568700008], [0.165334791000134, 5.73305113000004], [0.165221730999974, 5.73293559299998], [0.16513078100013, 5.73286686900002], [0.165050814000153, 5.73278709700014], [0.164992908000158, 5.73272933099997], [0.164821919000133, 5.73254500200011], [0.164662055000065, 5.73241853400015], [0.164488387000063, 5.73227004300003], [0.164375371000119, 5.73217655600018], [0.164226559000099, 5.73207211700014], [0.164124578000099, 5.73199238900014], [0.164008862000117, 5.73192371500011], [0.16387103500017, 5.73180822800009], [0.163791114, 5.73175050600008], [0.163667119000138, 5.73167082300017], [0.163587198000187, 5.73161310100016], [0.163138408000179, 5.73149548900005], [0.162830084000063, 5.73143823100008], [0.162579549000043, 5.73138085500017], [0.162395057000083, 5.73132334600012], [0.162246319000189, 5.73125473800013], [0.162119588999985, 5.73118333000008], [0.161937828000134, 5.73111479000005], [0.161764345000108, 5.73105725700003], [0.161546810000118, 5.73098878900004], [0.161307277000105, 5.73092863400012], [0.161020923000024, 5.73084928000014], [0.160814390000098, 5.7307780320001], [0.160632629000077, 5.73070949100003], [0.160459123000123, 5.73064093300002], [0.160324167000113, 5.73058332300008], [0.160117661000072, 5.73052585700009], [0.159911150000141, 5.73046563399998], [0.159726638000166, 5.73039709900013], [0.159544832000051, 5.73030650700008], [0.159385036000117, 5.73021311200006], [0.159167429000149, 5.73010881100004], [0.158993924000129, 5.73004025300008], [0.15883417900011, 5.72997166600015], [0.158641426999964, 5.72991141600016], [0.158572520000064, 5.72985642700013], [0.158456798000088, 5.7297849950001], [0.158376879000116, 5.72972727300009], [0.15806832300018, 5.72955424500003], [0.157106953000039, 5.7290710640001], [0.156980114000135, 5.72894452700018], [0.156190163000019, 5.72886067300016], [0.1560771770001, 5.72878096700015], [0.1558925490001, 5.72865454500015], [0.155823614000155, 5.72858577500017], [0.15575743200003, 5.72851699800009], [0.15567749000013, 5.72844825000004], [0.155550789000074, 5.72839062200012], [0.154136039000093, 5.72824187000003], [0.153935094000076, 5.72821195500012], [0.15372856800002, 5.72814346200005], [0.153453218000152, 5.72806132400001], [0.153109122000103, 5.72800413200008], [0.152800777999971, 5.72793584300001], [0.15233009100001, 5.72787614800018], [0.151906187000122, 5.72781636000019], [0.151540076000117, 5.72775921100015], [0.15120973900008, 5.72770199100006], [0.151036186000169, 5.72760862200005], [0.150956267000026, 5.72755089900016], [0.150818559000186, 5.72749329100003], [0.150669844000049, 5.72743570500006], [0.150397296000051, 5.72737836800019], [0.150042187000111, 5.72731844000003], [0.14942233000005, 5.72697237900007], [0.149240593, 5.72691485900009], [0.148563519000163, 5.72685557500017], [0.14838176000012, 5.72678703000008], [0.14823299700015, 5.72670463500015], [0.148015463000092, 5.72663616200003], [0.147646575000124, 5.72656523400008], [0.14751161900017, 5.72650762000006], [0.147384760000023, 5.72637005400009], [0.147304819000112, 5.72630130400006], [0.147166859000038, 5.72611690300016], [0.146962992000113, 5.72600154200012], [0.146731657000089, 5.7259110440001], [0.146527833000107, 5.72581773400003], [0.146412141000098, 5.72576008100015], [0.146310164000113, 5.72568035], [0.146150371000147, 5.725586953], [0.146034679000138, 5.72552930000012], [0.145863879000046, 5.72543592300013], [0.145657332000098, 5.72535640100011], [0.145371025000145, 5.7252990880001], [0.144911348000051, 5.72523936600015], [0.14468281000012, 5.72517091200012], [0.144591884000079, 5.72511320900009], [0.144443169999988, 5.72505562200018], [0.144236552000166, 5.72494026600009], [0.144065730000023, 5.72483586400011], [0.143927908000023, 5.7247203710001], [0.143710217000034, 5.72457195900006], [0.143470529000069, 5.72443186100003], [0.143195138000124, 5.72432766800017], [0.143002350000188, 5.72424811600018], [0.142828849000125, 5.72417955200018], [0.142680107000047, 5.72410818200012], [0.142360758, 5.72403990800018], [0.141821278000123, 5.72398034200006], [0.141534951000153, 5.72391200200008], [0.141295422000155, 5.72385183800009], [0.141055855000161, 5.72377237800009], [0.140918099000089, 5.7236899610001], [0.140802407000137, 5.72363230700012], [0.140653535000069, 5.72349478300009], [0.140562610000075, 5.72343707900012], [0.14041369500012, 5.72327750400018], [0.140358521000167, 5.72320870400017], [0.140231500000084, 5.72298844500011], [0.140129432000151, 5.72286185400003], [0.140038442000048, 5.72277107399998], [0.139947423000081, 5.72266651200005], [0.1398895210001, 5.72260874200009], [0.139729735, 5.72251809900013], [0.139614022000103, 5.7224494190001], [0.139445323000132, 5.7223739530001], [0.138308713000015, 5.72197515300013], [0.137922907000075, 5.72169752200017], [0.137633552000068, 5.72148861000011], [0.136754654000129, 5.72095009800017], [0.136674737000021, 5.7208923710001], [0.135919079000189, 5.72005316600018], [0.13560159900004, 5.71953559200017], [0.135590005000154, 5.71923792300015], [0.135452164000014, 5.71911140099996], [0.135317097000154, 5.7189959000001], [0.135008188000086, 5.7186381790001], [0.134950106000076, 5.71848944800013], [0.13487016800002, 5.71842069600012], [0.134710292000136, 5.71828319200011], [0.13456150900015, 5.71818976900011], [0.134434790000057, 5.71812110900009], [0.134286008000174, 5.71802768500004], [0.134126246000108, 5.71794806500003], [0.13386446100003, 5.71776390300005], [0.13380655900005, 5.71770613300004], [0.133613590000152, 5.71753286100011], [0.133486758000117, 5.71740631600005], [0.133326746000023, 5.71719990200017], [0.133246785999972, 5.71712012500006], [0.133133643000122, 5.71695772100014], [0.133006697000098, 5.71677329200008], [0.132940340000061, 5.71661355200018], [0.132849145000023, 5.71641802700009], [0.132791129000054, 5.71630237199997], [0.132689069000094, 5.71617853600003], [0.132620111999984, 5.71609598000015], [0.132482364000168, 5.71601631600015], [0.132366674000025, 5.71595865900008], [0.132253694000042, 5.71587894600015], [0.132151693000083, 5.71578543000004], [0.132071663000033, 5.71566981900014], [0.132013584000106, 5.71552108700013], [0.131958320000138, 5.71540542700012], [0.13190019700005, 5.71523464400013], [0.131831153000178, 5.71510798700001], [0.131762131000187, 5.71499235400012], [0.131637938000097, 5.71480791900007], [0.131557865000161, 5.71467025700002], [0.131502536000085, 5.71452152000006], [0.131386577000171, 5.71432604299997], [0.131331071000034, 5.71408634600016], [0.13127520300003, 5.71366197000003], [0.131216874000074, 5.71338644400015], [0.131128254000032, 5.71309995300015], [0.131070105000106, 5.71291538900016], [0.13101470600003, 5.71273081900017], [0.130934478000142, 5.71251322100011], [0.130854271000032, 5.71230664800015], [0.130787822000116, 5.71210004800008], [0.130696565000108, 5.71187144700014], [0.130627409000056, 5.71168690400003], [0.130547245000173, 5.71150238300015], [0.130491896000137, 5.71134261900005], [0.130422853000027, 5.71121596100005], [0.130364861000032, 5.7111113310001], [0.130295910000086, 5.71103153100006], [0.130204809000077, 5.7108828640001], [0.130124689000013, 5.71072039400002], [0.130033681000157, 5.71061858700017], [0.129978461000178, 5.71052497700009], [0.129705161000118, 5.71007897600003], [0.128982949999966, 5.70944366500015], [0.128687906000096, 5.70913552700006], [0.128252807000081, 5.70897375200008], [0.12788650400006, 5.70881184300009], [0.127600045000065, 5.70867182800015], [0.127360195000108, 5.7084435160001], [0.127291287000105, 5.70838576699998], [0.127038006000021, 5.70832562200007], [0.126900374000172, 5.70830384100014], [0.126809410000078, 5.70822408200002], [0.126707298000156, 5.7080726800001], [0.126489795, 5.70801522199997], [0.126319094, 5.70796869700013], [0.126239115000089, 5.70787789200017], [0.126159131000179, 5.70778433100014], [0.126065345000086, 5.70766874500003], [0.125985388000117, 5.70758896600006], [0.125930218000178, 5.70752016400007], [0.125872318000177, 5.70746239300018], [0.12574562400016, 5.70740475600013], [0.125415207000117, 5.70730065900011], [0.125186677000045, 5.70723219500013], [0.125002173000041, 5.70716364600003], [0.124784602000091, 5.70707035400017], [0.12465788600008, 5.70700169100007], [0.124465037000164, 5.70688629800003], [0.124280529000032, 5.70681499200015], [0.124073991000159, 5.70673546000017], [0.123834426000144, 5.70665323600008], [0.123605917000134, 5.70659579700003], [0.123366401000055, 5.70653837999998], [0.123135139999988, 5.70648094700016], [0.122848774000147, 5.70638778800014], [0.12255144400001, 5.70631670100005], [0.12235870700016, 5.70625919200018], [0.122072368000033, 5.7061798150001], [0.121761215000106, 5.7060756780001], [0.121395070000119, 5.70599370000008], [0.120902386000182, 5.70593401800011], [0.120203300000071, 5.70586371200017], [0.119677595000041, 5.70580409400003], [0.119402305000165, 5.70574674500017], [0.118978416000175, 5.70568692800009], [0.118612318999965, 5.70562975500007], [0.118257229000108, 5.70557256100011], [0.11762695699997, 5.70551314400007], [0.117282848, 5.70544214500018], [0.117087360000028, 5.70538464000009], [0.116894603000162, 5.70531610300003], [0.116652288000068, 5.70523388000009], [0.116401654000128, 5.70511859800013], [0.116241896000076, 5.70503897100002], [0.116013297000052, 5.7049346710001], [0.115806777000046, 5.70486340400015], [0.115487348000158, 5.70474825400004], [0.11522297700003, 5.70464402200014], [0.114994405000118, 5.70455350300017], [0.114820905000158, 5.70448217200004], [0.114512596000168, 5.7044248840001], [0.114215293000143, 5.70436757500005], [0.11389322000008, 5.70430755700011], [0.113664601000039, 5.70419222900011], [0.113504797000132, 5.70408779500002], [0.113254163000022, 5.70397251000014], [0.11308069100005, 5.70391496100012], [0.11298977000007, 5.70385725200003], [0.11281902800016, 5.70378867100015], [0.112579471000174, 5.70370919800007], [0.112235363000082, 5.70363819600004], [0.11201786200013, 5.70358073100016], [0.111775595999973, 5.70352331400011], [0.111271865000163, 5.70344159400008], [0.111134095000125, 5.70334814100011], [0.111032201000057, 5.70330699199997], [0.108610563000013, 5.70254950800017], [0.108157520000134, 5.70235329500002], [0.108008767000172, 5.70227088900015], [0.107873798000071, 5.70220223800004], [0.107689187000176, 5.70207579800007], [0.107609275000129, 5.70201806600011], [0.107496342000104, 5.70196039900003], [0.107415110000147, 5.70193161300011], [0.10733387800002, 5.70190282700008], [0.106373397000027, 5.70184403000007], [0.1043112750001, 5.70129670200009], [0.102054706, 5.70123487100005], [0.101859193999985, 5.70116357699999], [0.101710489000027, 5.70110597700005], [0.101572770000132, 5.70103732900003], [0.101333209000074, 5.70095509400005], [0.100735940000163, 5.70088456800011], [0.100290045000122, 5.70082753600019], [0.09993493200011, 5.70075654600015], [0.099546823000082, 5.70069940300016], [0.09930453200019, 5.700628198], [0.098710037000103, 5.70056869000007], [0.098319087000107, 5.70046469100009], [0.098068525000144, 5.70038523199997], [0.097862007000117, 5.70031395900003], [0.097586721000084, 5.70025659800018], [0.09740499600008, 5.70019905900011], [0.097093915000187, 5.70013074000008], [0.096727817000044, 5.70007079600009], [0.096463516000142, 5.70000238800014], [0.096212971000114, 5.69993119800012], [0.095926657000064, 5.69986283100019], [0.095538523000073, 5.69979190200013], [0.095010049000052, 5.69972124000014], [0.0946081620001, 5.69965309300011], [0.094288822000124, 5.69958203200014], [0.093944716000124, 5.69951101800012], [0.093773998000188, 5.69945345700006], [0.093462872000032, 5.69936032800013], [0.093201344000079, 5.69930294000017], [0.092868252000187, 5.69923466000017], [0.092628713000181, 5.69916344700005], [0.092422222000096, 5.699105954], [0.092078142000048, 5.69904872100017], [0.091780838000091, 5.69898864300018], [0.090990969000018, 5.69892949700005], [0.090693669000132, 5.69887217400003], [0.088274264000063, 5.69855424500014], [0.087712791000058, 5.69849466300013], [0.087426499000173, 5.69843731800012], [0.086831984000071, 5.69836677200016], [0.08637232600006, 5.69830699700009], [0.086086033000129, 5.69824965100014], [0.085813433000112, 5.69815644600016], [0.085571107000135, 5.69806593900006], [0.085298528000067, 5.69798376000006], [0.08494341700009, 5.69791276100017], [0.084530596000093, 5.69788321600009], [0.084117774000049, 5.69785367200012], [0.083820476000142, 5.69779634600019], [0.083429612000145, 5.69773643900015], [0.082741558000066, 5.69767709000013], [0.082067263000113, 5.69761771500009], [0.081813951000129, 5.69753825300006], [0.08160746100009, 5.69748075500013], [0.081403676000036, 5.69739844400016], [0.08118615800015, 5.69732994100008], [0.081001656000126, 5.69725862000013], [0.080715302999977, 5.69716819400008], [0.080486794000024, 5.69710798100016], [0.08015368100007, 5.69702866800009], [0.079903157000103, 5.69696849500002], [0.079537065000011, 5.69691129500006], [0.078895791999969, 5.69685185400004], [0.078631515000041, 5.69679446300017], [0.078436032000127, 5.69673694300019], [0.078323077000107, 5.69666548700013], [0.077898981000033, 5.69649262400014], [0.07769243000007, 5.69640204700005], [0.077463860000023, 5.69630875500013], [0.077155508000089, 5.69622663800016], [0.076869197000065, 5.69615826100011], [0.076456238000105, 5.69605428700004], [0.076147908000166, 5.695983195], [0.075836805000108, 5.69590108100016], [0.075517452000042, 5.69582174000004], [0.075310937000097, 5.69575045800002], [0.075093400000128, 5.69567092600005], [0.07479610200005, 5.69561359500017], [0.074451999000132, 5.69554256800006], [0.074039082000127, 5.69546064400004], [0.073741764000033, 5.69539228600007], [0.073477462000028, 5.69532111000001], [0.07327370400003, 5.69525257800007], [0.07308918300015, 5.69517022800017], [0.072849652000116, 5.69510176199998], [0.072665177000033, 5.69504422000006], [0.072400901000037, 5.6949868260001], [0.072092592000047, 5.69492675700019], [0.071897109000076, 5.69486923500006], [0.071291274000146, 5.69462779200006], [0.071131539000021, 5.69455642100007], [0.070892028000173, 5.69449898000005], [0.070649727000102, 5.69441949300011], [0.07043218400014, 5.69433720300009], [0.070308207999972, 5.69425749600015], [0.0701237130001, 5.69418892700008], [0.06995498200007, 5.69408931900017], [0.069895036999981, 5.69403774600005], [0.069782087000078, 5.69396904400008], [0.069633340000109, 5.69388662600016], [0.069495584000094, 5.69379591800015], [0.069426662000069, 5.69372713400014], [0.069219899000075, 5.693520783], [0.069026996000048, 5.6933695350001], [0.068878233000078, 5.69327884800015], [0.06877351300011, 5.69319634900017], [0.06868257900004, 5.69312760499997], [0.06727636100004, 5.69309161800015], [0.067194708000159, 5.69364757900001], [0.067047469000102, 5.69580715800009], [0.067105404000188, 5.69588698700005], [0.067193730000042, 5.69603291700003], [0.067307016000029, 5.69628354499997], [0.067238562000057, 5.69646835500004], [0.06716989500012, 5.69653739400013], [0.066973699000073, 5.69758521200015], [0.066974015000085, 5.69775611300014], [0.067076192000115, 5.69795163200007], [0.067013511000141, 5.69828252400009], [0.067231965000133, 5.69885822000015], [0.06741424400002, 5.69921622200008], [0.06771542000007, 5.69988272800015], [0.068093541000167, 5.70049120500016], [0.068999232000067, 5.70216821000008], [0.069184372000109, 5.70258409100012], [0.069424564999963, 5.70300814000012], [0.069642850000037, 5.70349011400003], [0.069759278000049, 5.70395022700018], [0.069814722000046, 5.70417064100013], [0.069741756000042, 5.70499246100007], [0.069259757, 5.70512754000015], [0.068884328000138, 5.70494038000015], [0.068027313000186, 5.70485756200003], [0.067624978000026, 5.70486220700013], [0.067303676999984, 5.70497015000012], [0.067155794000087, 5.70529469900004], [0.06721430000016, 5.70568325200014], [0.067272389000095, 5.70584577500017], [0.067421644000092, 5.70620108200018], [0.067581825000104, 5.70651226500007], [0.068405507000023, 5.70679300900002], [0.068753996000169, 5.70689970900014], [0.068589659000168, 5.70640890000016], [0.069020471000101, 5.70612094700004], [0.069475978000071, 5.70614693700003], [0.069669974000135, 5.70624928000007], [0.069893198000102, 5.70642527900014], [0.070141091000096, 5.70654885800019], [0.070338992000075, 5.70642445000016], [0.070614082000077, 5.7063743220001], [0.071074685999974, 5.70633349600013], [0.071312929999976, 5.70631237900005], [0.071576556000139, 5.70601694700014], [0.07195462400017, 5.70659234300012], [0.072019127999965, 5.70724550299997], [0.07213532500009, 5.70757881700001], [0.072190683000031, 5.70775237100003], [0.072248640000169, 5.70784322600014], [0.072314986000151, 5.7080057340001], [0.072383992000141, 5.70811861900012], [0.073277171000086, 5.71045167200015], [0.073247690000187, 5.71087622100004], [0.073187934000032, 5.71129807000017], [0.07313055100002, 5.7115159380001], [0.073061992000135, 5.71164286300001], [0.073004567000055, 5.71183867800016], [0.072944452000172, 5.71206757600009], [0.072886981000124, 5.71223858400003], [0.072818421000136, 5.71236550900011], [0.072760863000155, 5.71248965600017], [0.072703525, 5.7127323310001], [0.072679518000086, 5.71314033200002], [0.07243575200016, 5.71375823300008], [0.072196909000013, 5.71406464600011], [0.071600650000164, 5.71454538099999], [0.07149618700015, 5.71460346100002], [0.070454340000026, 5.71520079800018], [0.070270303000143, 5.71538306600013], [0.070201784000062, 5.71553204300011], [0.067966474000059, 5.71807490200013], [0.06772478400012, 5.71833170200006], [0.066862497999978, 5.71930633500011], [0.065942118000066, 5.72011844400009], [0.064782040000182, 5.72077939100012], [0.063198296000053, 5.72151003200014], [0.057786412000098, 5.72426572300014], [0.054345634000128, 5.72596302700003], [0.049892538000108, 5.72800036300004], [0.044764371999975, 5.73017418000006], [0.040378237000084, 5.73194077500011], [0.03558409600015, 5.73215237800014], [0.028426931000126, 5.73263874600002], [0.02134381500008, 5.73397627800006], [-0.001239264999811, 5.74131043100016], [-0.015670213999954, 5.75494058300012], [-0.038780085999974, 5.77676615400003], [-0.043941199999892, 5.78424197700014], [-0.046626579999952, 5.78667073500003], [-0.048370444999932, 5.78923258500009], [-0.054280330999973, 5.79341756100013], [-0.058310550999977, 5.79584852000011], [-0.061397919999933, 5.79922065800002], [-0.062469504999854, 5.80178136600017], [-0.064345075999938, 5.80609425300008], [-0.063936975999923, 5.80892187300009], [-0.067965260999927, 5.81431949000017], [-0.068767584999932, 5.81539453100004], [-0.071447912999929, 5.821055543], [-0.071258944999954, 5.8215439550001], [-0.070312378999972, 5.82995642100019], [-0.070142805999978, 5.83097055700006], [-0.069844108999916, 5.83355697600012], [-0.066357396999933, 5.83412822200012], [-0.065576398999951, 5.83421245000017], [-0.063168070999893, 5.83955295200008], [-0.06181399899998, 5.84264464400007], [-0.060634620999906, 5.84534443199999]]]]}, "properties": {"REGION": "Greater Accra", "DISTRICT": "Ningo-Prampram"}}, {"type": "Feature", "geometry": {"type": "MultiPolygon", "coordinates": [[[[-0.235489377999897, 5.62725180700016], [-0.234769581999956, 5.62612762900005], [-0.2340497859999, 5.62500345100011], [-0.233877623999945, 5.6247844610001], [-0.233673701999976, 5.62452512900018], [-0.232997272999967, 5.62362508200005], [-0.232814748999942, 5.62338216500007], [-0.232685379999907, 5.62321000300005], [-0.232531520999942, 5.62299124000015], [-0.232261221999977, 5.62260692000018], [-0.230815052999958, 5.6207191740001], [-0.230290550999825, 5.61990939200007], [-0.229662944999916, 5.62018448200007], [-0.230189906999954, 5.62216423700005], [-0.229291097999976, 5.62246353100011], [-0.229007550999881, 5.62255964200017], [-0.229317737999963, 5.62313068700007], [-0.229317436999963, 5.62335949200008], [-0.228839757999936, 5.62460764400015], [-0.228701562999959, 5.62507196400003], [-0.228563367999925, 5.62553628500012], [-0.228512668999883, 5.62642387300002], [-0.228570274999925, 5.62724711200002], [-0.228596394999954, 5.62762038900013], [-0.22877405599985, 5.62853033400017], [-0.228772918999937, 5.62939317700005], [-0.22873409399989, 5.62962193200008], [-0.228273882999929, 5.63013682500014], [-0.228108414999838, 5.63041503200014], [-0.227985936999914, 5.63147895400004], [-0.22804326499994, 5.63182637300014], [-0.228139424999938, 5.63193952500006], [-0.228196903999958, 5.63217116300007], [-0.226644715999953, 5.63442683700015], [-0.226063310999905, 5.63502702400018], [-0.225102285999981, 5.63553849100015], [-0.224829424999939, 5.63587168800007], [-0.224556562999965, 5.63620488500004], [-0.224025178999852, 5.63643298300008], [-0.223793778999891, 5.63662564200013], [-0.223382675999972, 5.63745210200011], [-0.223315849999949, 5.63804194400007], [-0.223141806999934, 5.63855721300013], [-0.22301359599993, 5.6387486320001], [-0.222885386999963, 5.63894005000009], [-0.222279669999921, 5.63919285700018], [-0.22145808099998, 5.6403743780001], [-0.221299053999871, 5.64052024200009], [-0.220448544999954, 5.64129775200013], [-0.218549457999927, 5.64129520500001], [-0.215823127999954, 5.64244958500012], [-0.214169519999928, 5.64410170600013], [-0.213981927999953, 5.64581062800016], [-0.213258247999931, 5.6463338480001], [-0.211196020999978, 5.64484214000015], [-0.210205412999926, 5.64467536100011], [-0.209381735999898, 5.64318532700008], [-0.20516711199997, 5.64582654100013], [-0.20547573999994, 5.66170869900009], [-0.203602496999906, 5.66031958700006], [-0.202816055999961, 5.65982506099999], [-0.201899269999956, 5.66014081800012], [-0.201510609999957, 5.66061718800012], [-0.199732079999933, 5.66207339400017], [-0.197692283999913, 5.66374349800014], [-0.19783144999991, 5.65909683500018], [-0.196833707999929, 5.65487708000018], [-0.19533709399991, 5.64966439900007], [-0.195835964999901, 5.64569280000018], [-0.19408991499995, 5.64196940300019], [-0.189600072999895, 5.63303315000007], [-0.188602330999856, 5.62757203900003], [-0.188602330999856, 5.62533793300008], [-0.196085400999948, 5.62235911300019], [-0.199078628999871, 5.62136616900005], [-0.199328063999928, 5.61938027700006], [-0.200824678999936, 5.61938027700006], [-0.205563956999924, 5.61938027700006], [-0.217786303999958, 5.6164014260001], [-0.22077953299987, 5.61590494800004], [-0.223273889999973, 5.61491199400012], [-0.221278403999975, 5.6116848800001], [-0.221278403999975, 5.60945071300006], [-0.21713754599989, 5.60550900100009], [-0.216384575999939, 5.60490950600013], [-0.215849329999969, 5.60315501800005], [-0.219410527999969, 5.60345036600017], [-0.22386202499996, 5.60020152500005], [-0.230094119999933, 5.59518055400002], [-0.236919748999981, 5.59399914200014], [-0.238403581999876, 5.59606661000015], [-0.245229209999934, 5.595475905], [-0.247603341999934, 5.60315501800005], [-0.256209568999964, 5.60020152500005], [-0.258286933999955, 5.60374571400013], [-0.259474, 5.60758522900011], [-0.263521370999911, 5.60923980300004], [-0.263311464999958, 5.60933085599999], [-0.24793770499997, 5.61599935200019], [-0.24426312099996, 5.61938874900005], [-0.238273706999905, 5.62526766600001], [-0.235489377999897, 5.62725180700016]]]]}, "properties": {"REGION": "Greater Accra", "DISTRICT": "Okaikwei North"}}, {"type": "Feature", "geometry": {"type": "MultiPolygon", "coordinates": [[[[0.233364612000116, 6.11005633000008], [0.233670065000069, 6.10996742999998], [0.233983931000068, 6.10994465900018], [0.234278401000097, 6.10986956500017], [0.234572889000162, 6.10980273900014], [0.234856262000051, 6.10969183800012], [0.235202773000026, 6.109495348], [0.235356478000028, 6.10927725099998], [0.235507454000128, 6.10907018400019], [0.235647543000084, 6.10891826800008], [0.235950241000069, 6.10882937300005], [0.236417962000132, 6.10865465400008], [0.236970943000131, 6.10843563700018], [0.237645129000157, 6.10823563700018], [0.238267127000086, 6.10809363700014], [0.238539363000086, 6.10793039100014], [0.238675617000126, 6.10790802800011], [0.238811871000053, 6.10788566300016], [0.239447561000077, 6.10771055500004], [0.240014359000043, 6.10751355600019], [0.240482127000064, 6.10736088300007], [0.240820848000112, 6.10737112800012], [0.241123545000164, 6.10728223000007], [0.24161344200013, 6.10717360500001], [0.241984851000041, 6.10702942300003], [0.242392235000182, 6.10696233300013], [0.247750601000121, 6.10568206199997], [0.254121574000123, 6.09995907800004], [0.254283199000099, 6.0998953080001], [0.254444825000178, 6.09983153800016], [0.255223336000029, 6.09950724500004], [0.256142471000089, 6.09926531000002], [0.258321036000154, 6.09829003100003], [0.259803636000072, 6.09761404500006], [0.260689317000072, 6.09719853900015], [0.261228453000115, 6.09695748600001], [0.261574731000167, 6.09667002700013], [0.261910439000076, 6.09657277200017], [0.262185794000175, 6.0965721280001], [0.262615348, 6.0965711230001], [0.263083258, 6.09648733900013], [0.263418991000151, 6.09640111000016], [0.264005477000183, 6.09639146600011], [0.264506590000167, 6.09637651000008], [0.264627611000151, 6.09631834500016], [0.264734573000112, 6.09613618200012], [0.264687291000143, 6.09593508800015], [0.264673014000095, 6.09571738000011], [0.264815837000128, 6.09556269500018], [0.264994785000169, 6.09554849500006], [0.265234543000133, 6.09563337500015], [0.265445386000067, 6.09571694600004], [0.265656229000172, 6.09580051600005], [0.265788257000111, 6.09573956900005], [0.266013543000099, 6.09552405400007], [0.266192549000152, 6.09553465900018], [0.266300104999971, 6.09560606700001], [0.266396228000019, 6.09549834900002], [0.266395775000092, 6.09530541400011], [0.266455791000055, 6.09506548100006], [0.266769306000185, 6.09489937100017], [0.266972279000186, 6.09456263300001], [0.267126309000162, 6.09449061000004], [0.267283287000168, 6.09450126600018], [0.267402141000048, 6.09469392200015], [0.267548078000118, 6.09469357900002], [0.267713258000128, 6.09467941000003], [0.267809237000165, 6.09451105400012], [0.267916263000131, 6.09435645400009], [0.268084202000068, 6.09434503400007], [0.268430888000182, 6.09423397000012], [0.268537972000161, 6.0941041750001], [0.268501950000029, 6.09400779200001], [0.268394530000023, 6.09399426300007], [0.268251521000138, 6.09406901800014], [0.268001001000016, 6.09409165600005], [0.267822442000067, 6.09427123100005], [0.267629695000039, 6.09427168400003], [0.267582717000039, 6.09420013300007], [0.267582329000049, 6.09403476000011], [0.267736016000072, 6.0938166570001], [0.267975127, 6.09362591400009], [0.268189843000187, 6.09360060300003], [0.268357951000098, 6.09366084500004], [0.268550951000066, 6.09376788499998], [0.268740944000058, 6.09376743700011], [0.273730409000166, 6.09028283600003], [0.274065460000088, 6.08990995400006], [0.274554512000066, 6.08945402300009], [0.274971998000126, 6.08900928500009], [0.276411506000045, 6.08759745400005], [0.277582123000172, 6.08659142100004], [0.278466758000093, 6.08574868000005], [0.279220278000082, 6.08535275700007], [0.279627284000185, 6.08513680700014], [0.280034289000184, 6.08492085800009], [0.280362792000119, 6.08469269100016], [0.280691293000189, 6.084464524], [0.281449782000152, 6.08384257800009], [0.282298754000067, 6.08306055400004], [0.282762927000022, 6.08256884500008], [0.283480330000145, 6.08204070500011], [0.283982592000143, 6.08135597100011], [0.284137933000125, 6.08125913399999], [0.284293273000173, 6.08116229800015], [0.284782419000123, 6.08075321600006], [0.285099461000073, 6.08033902900019], [0.285416502000089, 6.07992484400012], [0.28579809200005, 6.07944435500002], [0.28621482200009, 6.07868816200011], [0.286675532000174, 6.07790154600002], [0.286996178000095, 6.07726685400007], [0.287370844000179, 6.07619104000008], [0.287833093000131, 6.07489452099998], [0.287940948000085, 6.07449165600013], [0.288201537000077, 6.07351829400011], [0.288449817000185, 6.07255854200008], [0.288431150000122, 6.07223473200008], [0.288412484, 6.07191092100004], [0.288532383000074, 6.07138420000007], [0.288603526000031, 6.07119660800004], [0.288638011000103, 6.07064528400002], [0.288587226000061, 6.07012999400007], [0.288751542000171, 6.06859715000007], [0.288867463000088, 6.06755502600015], [0.289080747000128, 6.06693161500016], [0.289126219000025, 6.06636924000009], [0.28917430100006, 6.06574622200009], [0.289375601000017, 6.06471491999997], [0.28944664900007, 6.06448736400017], [0.289517696000132, 6.06425980799997], [0.289813638000112, 6.06366100600019], [0.290219059000037, 6.06278632300001], [0.290528766000136, 6.06218748800012], [0.290683731000115, 6.06193492599999], [0.290838696000037, 6.06168236400009], [0.291024080999989, 6.06148623199999], [0.291116774000102, 6.06138816500015], [0.292750037000189, 6.05958309300019], [0.29337143000015, 6.05922054900003], [0.293824876000031, 6.05886116000005], [0.294178951999982, 6.05839727300014], [0.295049982000137, 6.05765101900005], [0.295470384999987, 6.05729170800004], [0.29617445800011, 6.05696479500011], [0.296677683000098, 6.05669899700013], [0.297467054000094, 6.05634982800012], [0.297763727000074, 6.05606247400016], [0.298159914000053, 6.05594025400018], [0.298542366000106, 6.05583184600005], [0.298729288000118, 6.05570461400004], [0.299086783000121, 6.05552184900006], [0.299350790000176, 6.05539167600006], [0.299758219000068, 6.05536589400003], [0.300069052000083, 6.05524387700018], [0.30036575000014, 6.05496754600011], [0.300492230000145, 6.05489558300013], [0.300618710000094, 6.05482361800011], [0.300915868000175, 6.05474022000016], [0.301945417000184, 6.05465034399998], [0.302461371000049, 6.05460530300007], [0.303567533000091, 6.05450873500013], [0.304026603000068, 6.05446865800008], [0.304520970000056, 6.05442549900016], [0.304856492000113, 6.05439620700002], [0.305638111000178, 6.05432796900004], [0.306266439000126, 6.05427311300014], [0.306989736000048, 6.05420996400017], [0.307814757000187, 6.05413793400004], [0.308812519000128, 6.05405082000016], [0.309602744000017, 6.05398182500005], [0.310359716000164, 6.05391573300005], [0.311667431000103, 6.05380155000012], [0.312960082000188, 6.05368867999999], [0.313917213000082, 6.05360510500014], [0.314773588000151, 6.05353032700015], [0.316011791000165, 6.05342220400019], [0.316903236000144, 6.05339483600005], [0.319131032000087, 6.05332643600008], [0.319899073000101, 6.05327495800009], [0.320352988000081, 6.05311950800018], [0.321010757000067, 6.05301041800004], [0.321453885000153, 6.05294870400007], [0.322221489000071, 6.05271807200018], [0.322914963000073, 6.05257306200008], [0.323525952000068, 6.05247510600014], [0.325008937000121, 6.05205255200002], [0.325773670000103, 6.05177506800015], [0.326084499000103, 6.05165579300012], [0.326312959, 6.05163043000005], [0.32663476700003, 6.05149734800005], [0.327556110000103, 6.05108718300016], [0.328334545000132, 6.05078485700017], [0.328931596000075, 6.05061802700004], [0.329206860000113, 6.05059254800017], [0.32941053900015, 6.05056724400004], [0.330021092000152, 6.05029288800006], [0.330702965000171, 6.04991086700016], [0.331206221000059, 6.04966984800001], [0.331492443000116, 6.04962229100011], [0.331649054000025, 6.04948961100013], [0.331984740000109, 6.04940334800017], [0.33253500800015, 6.04924765200008], [0.333371079000131, 6.04887351900015], [0.333801521000055, 6.04869331200007], [0.334231962000047, 6.04851310400005], [0.334660993000114, 6.0483191190001], [0.335040796000158, 6.04826030700002], [0.335226449000174, 6.0481826780001], [0.335412101999964, 6.04810504900013], [0.335816387000136, 6.04792490500017], [0.336858917000029, 6.04753923400011], [0.337480494000033, 6.04727311400012], [0.337849215000119, 6.0471867660001], [0.336781324000128, 6.04172392700008], [0.336472146000119, 6.04138981299997], [0.33616296800011, 6.04105569900008], [0.335442914000055, 6.04045662300007], [0.335036125000045, 6.04017373700009], [0.334629335000159, 6.03989085100011], [0.333498805000033, 6.03918804500006], [0.333137515000146, 6.0389339840001], [0.332776226000021, 6.03867992400006], [0.332263091000129, 6.03825397500003], [0.331986757000152, 6.03783847000005], [0.331902152000168, 6.03757959700005], [0.331817548000117, 6.03732072500009], [0.331819292000091, 6.03690729600009], [0.331878489000076, 6.03634489300003], [0.332039472000019, 6.03574916700012], [0.332110469000099, 6.03550920600009], [0.332076866000079, 6.03527777000011], [0.331985453000073, 6.03504923200018], [0.33176655300008, 6.03391147100012], [0.332012684000063, 6.03379786600004], [0.332505452000021, 6.03377736700003], [0.333069545000058, 6.03365196000004], [0.333561834000022, 6.03343577300018], [0.334114436000107, 6.03311470500012], [0.334493481000095, 6.03274996300013], [0.334894882000185, 6.032520218], [0.335136953000017, 6.03243556100006], [0.336379157000124, 6.03152711700017], [0.3367691790001, 6.03114856500014], [0.337263737000171, 6.03073668400009], [0.337736216000053, 6.03030280600007], [0.338208323000174, 6.02971734100004], [0.338796492000029, 6.02930798500006], [0.339462302000072, 6.02912444300017], [0.340356741999983, 6.02898994900005], [0.34082157600011, 6.02880827700011], [0.34128641000018, 6.02862660500017], [0.342240259000164, 6.02802065900016], [0.342907640000021, 6.02735753800005], [0.343219977000047, 6.02673938900017], [0.343600856000023, 6.02600531400009], [0.34411742900005, 6.0255933740001], [0.344750168000076, 6.02539888300009], [0.345196122, 6.02537849100003], [0.345530260000146, 6.02523021200011], [0.34586439800006, 6.02508193299997], [0.346116699000106, 6.02468166900007], [0.346473243000105, 6.02412955800014], [0.348383438000155, 6.02282669400017], [0.348659860999987, 6.02216177800005], [0.348206959000038, 6.02215462900006], [0.347754058000135, 6.02214748000011], [0.347250380000162, 6.02220384600014], [0.346812437000096, 6.02212224300007], [0.346297462000052, 6.02206287800004], [0.345771195999987, 6.02189053900008], [0.345267206000074, 6.02182012100013], [0.344600779000075, 6.02174734800002], [0.344096396000168, 6.0215170730001], [0.343467983000153, 6.02122922399997], [0.342872520000128, 6.02090546300013], [0.34238142300012, 6.02047946700003], [0.341934546000175, 6.02012226600004], [0.341339112000128, 6.01980952700001], [0.340870407000125, 6.01953230700019], [0.340490111000122, 6.01938165200005], [0.340158080000094, 6.01926533000005], [0.339826047000088, 6.0191490090001], [0.339574587000016, 6.018769276], [0.33867395700014, 6.01749262600009], [0.33762433000004, 6.01607853000013], [0.336676289000025, 6.0145484250001], [0.335822000000121, 6.01307596500016], [0.334921195000106, 6.01171937700013], [0.333984405000081, 6.01028018900007], [0.333608784000148, 6.00978499500013], [0.332786163000037, 6.00887470900017], [0.332385828000042, 6.00840437900013], [0.332117498000059, 6.00787584900013], [0.331849169000122, 6.00734731800014], [0.331408111999963, 6.00597857400004], [0.330943731, 6.00407243400008], [0.330709367000168, 6.00279026500016], [0.329717139000138, 5.99663650600019], [0.329800414000033, 5.9963510390001], [0.329883689000042, 5.99606557400017], [0.330149259000166, 5.99545857100014], [0.330415548000076, 5.99514923300012], [0.330786571000147, 5.99488925200018], [0.331245934000037, 5.99473103500014], [0.331760524000174, 5.99464158800015], [0.332255622000105, 5.99446123400014], [0.332923715000049, 5.99409855100004], [0.333718221000083, 5.99364460700014], [0.334490394999989, 5.99306393300009], [0.335010045000047, 5.99279256300002], [0.335573729000146, 5.99251557400009], [0.336137413000017, 5.99223858400006], [0.337206878000131, 5.99164891400017], [0.338070059000074, 5.99113691800005], [0.338833885000042, 5.99052318499997], [0.339167656000029, 5.99023159600011], [0.339501429000052, 5.98994000600015], [0.340284777000022, 5.98943095900006], [0.340859445000149, 5.98914566900004], [0.341871592000132, 5.98876284500017], [0.342528994000133, 5.98853798800013], [0.343514194000136, 5.98839501200001], [0.34523688400003, 5.98813171300003], [0.347017631000028, 5.98797024300012], [0.348322624000104, 5.98801389300019], [0.349275352000063, 5.98810250400015], [0.349768274000155, 5.98816330500011], [0.350261196000076, 5.98822410600008], [0.350707147000094, 5.98821474000005], [0.350885991000155, 5.98817571300009], [0.351064834000113, 5.98813668700006], [0.351386538000099, 5.98797879400007], [0.351548648000175, 5.98785161199999], [0.351633965000076, 5.98784175499998], [0.351719280000111, 5.98783189900007], [0.352189837000026, 5.98775356700014], [0.352787148000175, 5.98772453400017], [0.353121280000096, 5.98758314600019], [0.353340475000039, 5.98660141700003], [0.353283779000151, 5.98649544500017], [0.353227084000139, 5.98638947400002], [0.353053279000051, 5.9862383140001], [0.352947890000166, 5.98592161600004], [0.353012617000104, 5.98537574000017], [0.353069865, 5.98514683800005], [0.352992222000069, 5.98491826900005], [0.352705177000075, 5.98461580000014], [0.352569716000119, 5.9843846170001], [0.352514096000164, 5.9841559940001], [0.352429858000107, 5.98348370100018], [0.352344885999969, 5.98307324500013], [0.352259914000058, 5.98266278700009], [0.35210481200005, 5.98228006400018], [0.351322367000023, 5.98090391400018], [0.351170493000097, 5.98071411299998], [0.350841212000091, 5.98002588599996], [0.35043547700019, 5.97846965700012], [0.350367503000086, 5.97769258900013], [0.350182249, 5.97623779600008], [0.35009911700007, 5.97601475200008], [0.350005881000186, 5.97560018000007], [0.349912644000028, 5.97518560800006], [0.34990925000011, 5.97379927100019], [0.349544446000095, 5.97209135100013], [0.349428620000083, 5.97088168400012], [0.349370062000048, 5.97057589400004], [0.349292801000161, 5.97050166700001], [0.349041062000026, 5.96999790799998], [0.348934144000054, 5.96905281000016], [0.348402639000028, 5.96671413600006], [0.348400674000118, 5.96590934300002], [0.348302589000127, 5.96407122800008], [0.348175562000165, 5.96334391400012], [0.348048534000156, 5.96261660000016], [0.348047976000089, 5.96238784000008], [0.347879222000188, 5.96204648900016], [0.347705287000053, 5.96183744700011], [0.34759185900009, 5.96160620700016], [0.347502906000102, 5.96125225900016], [0.347413954000046, 5.96089831000012], [0.347035130000108, 5.96020468400008], [0.346699964000095, 5.95935109400017], [0.346095307999974, 5.95861391900019], [0.345862378999982, 5.95791718100008], [0.345213388000047, 5.95705884200004], [0.344978425000022, 5.95665701600018], [0.344729276000123, 5.95608158599998], [0.344411383000022, 5.95553664100009], [0.344247283000129, 5.95484248800017], [0.344153181000138, 5.95463324900015], [0.343881657000054, 5.95391179600006], [0.342919059000167, 5.95086582300019], [0.342591589999984, 5.94977517900003], [0.342610183000033, 5.94949676100009], [0.341574932000071, 5.94493583300016], [0.34104104100004, 5.94264047800004], [0.340756661000171, 5.93567695300004], [0.337668569000073, 5.93553819300013], [0.322112565000111, 5.93472018400018], [0.285422714000106, 5.932664477], [0.266270600000098, 5.93144439100013], [0.25680021300002, 5.93104455500008], [0.238770553000165, 5.9299262990001], [0.238479670000174, 5.92901791000003], [0.238170883000123, 5.928382478], [0.237227762000146, 5.92748730700009], [0.237010611000073, 5.92708572900011], [0.237114889000168, 5.92666408800011], [0.236833844000103, 5.92645401100009], [0.236725971000112, 5.92526026400014], [0.235531107000043, 5.9241742910001], [0.234654155000101, 5.92410600900013], [0.23440763800005, 5.92365003200013], [0.234162057000106, 5.92361546100005], [0.233668870000031, 5.92263327200004], [0.233065749000161, 5.92242802400011], [0.2328610510001, 5.92210830800013], [0.232544394000058, 5.92165248600008], [0.231983012000171, 5.92154838000016], [0.231771338000044, 5.92098697200009], [0.230998594000084, 5.92046192600014], [0.230226552000147, 5.92025293400008], [0.227910191999968, 5.91952059800008], [0.226786582000102, 5.91892608700016], [0.226013536000096, 5.91826056300016], [0.225555981000127, 5.91752410600009], [0.225118161000182, 5.91778315500011], [0.224988855000106, 5.91763985200004], [0.22495876000005, 5.91706889700015], [0.224452314000075, 5.91704522900017], [0.224221639000064, 5.91678958300014], [0.223800472000107, 5.91665004200007], [0.223341340000161, 5.91626409100019], [0.222921832000054, 5.91580915700018], [0.222869377000109, 5.91539941500002], [0.222604647000026, 5.91510750500004], [0.222498281000128, 5.91471417100018], [0.221971202000134, 5.91412560900017], [0.221690785000078, 5.91419646100019], [0.221128950000036, 5.91388163800013], [0.220776004000186, 5.91286400500007], [0.220529427000088, 5.91237290200019], [0.219310492000034, 5.91021707700008], [0.218840089000139, 5.90967255800007], [0.21818307, 5.90912881300011], [0.217680286000189, 5.90855133700012], [0.217924710000148, 5.90805915600015], [0.217756775, 5.90777430700012], [0.20322743600002, 5.88324282500002], [0.173958139000035, 5.85661090600013], [0.134085563000042, 5.83874097900014], [0.120670566, 5.83690616600012], [0.118406108000045, 5.83332025800007], [0.108727730000055, 5.84091918300004], [0.098900731000072, 5.84791192000017], [0.095958022000048, 5.85069455100012], [0.093013423000059, 5.84871468100005], [0.086534260000178, 5.83915614200009], [0.076724189000174, 5.83511451900011], [0.074246249000112, 5.83244200700017], [0.073147687000187, 5.82878519800016], [0.071874772000115, 5.82715896100018], [0.063250555000025, 5.82570280300013], [0.054336751000051, 5.82424704700014], [0.043833311000128, 5.82238173300016], [0.042525682000019, 5.82214949500013], [0.039852407000126, 5.82217673900004], [0.038048041000025, 5.82224699400012], [0.037089161000097, 5.82173561300016], [0.035330083000019, 5.82220736700009], [0.0323897130001, 5.8223689300001], [0.028779628000109, 5.82177313600016], [0.024817143000064, 5.82340903000016], [0.023992701000054, 5.82314180400004], [0.022364649000167, 5.8223425650001], [0.021721705000118, 5.82217453800013], [0.02015733900015, 5.82134257600006], [0.018642612000122, 5.82143455500011], [0.015591197000163, 5.82179702800016], [0.015372871000068, 5.82180765200019], [0.015289543999984, 5.82181170500007], [0.011782010000047, 5.82198235800007], [0.008862619000183, 5.8214298150001], [0.006901534000178, 5.82107634400006], [0.004006007000157, 5.821416167], [0.003538172000049, 5.82141699900006], [0.00320420200012, 5.82152914700015], [0.002714287, 5.82164157200009], [0.002491981000105, 5.82190969700002], [0.002426730000138, 5.82280224900012], [0.002093192000075, 5.82315981600016], [0.000690628000029, 5.82369776800005], [0.000290256000085, 5.82405545200015], [1.746e-06, 5.82468066900014], [-0.000465578999922, 5.82497153900005], [-0.000911533999954, 5.82474922], [-0.001156316999868, 5.82490583000003], [-0.001270151999961, 5.82502100100004], [-0.001444260999961, 5.82500333400009], [-0.001691028999971, 5.82488446600019], [-0.001846935999879, 5.824907053], [-0.002269431999935, 5.82535401900003], [-0.002647174999936, 5.82591246100009], [-0.003272608999907, 5.82625915100016], [-0.003760528999976, 5.82622678100017], [-0.004227936999825, 5.82647302700008], [-0.005118904999904, 5.82656384400008], [-0.005609258999868, 5.82668441200008], [-0.006433588999869, 5.8264099860001], [-0.00659008599996, 5.82609790800007], [-0.007102717999828, 5.82596494600006], [-0.007480701999839, 5.82638952000002], [-0.00803290499988, 5.82671678800011], [-0.008277122999914, 5.82640347100005], [-0.008172027999933, 5.825989139], [-0.008328091999942, 5.82592248000009], [-0.008773380999969, 5.82607944000011], [-0.009820687999934, 5.82594741500014], [-0.009554170999877, 5.82547841700006], [-0.009621356999958, 5.82527773500016], [-0.010534681999843, 5.82532396100004], [-0.010845052999855, 5.82619463300017], [-0.013565587999949, 5.82776274000014], [-0.017290640999875, 5.82767424800011], [-0.017426061999913, 5.8298707240001], [-0.017245159999959, 5.83380969700016], [-0.019538816999841, 5.83600993700014], [-0.022914030999971, 5.83681760800005], [-0.023186611999961, 5.83679158400003], [-0.026500104999911, 5.83647521300009], [-0.029113345999974, 5.83505042300015], [-0.03019448699996, 5.8338757250001], [-0.03123759999994, 5.83457474200014], [-0.031890741999973, 5.83431440800007], [-0.032542688999911, 5.83475129199996], [-0.033101782999836, 5.83517910600006], [-0.033412127999952, 5.83523212500006], [-0.033890994999922, 5.83510221800009], [-0.034293107999815, 5.83538646500006], [-0.034934636999935, 5.83549619600018], [-0.035107348999929, 5.83628086700014], [-0.035672449999879, 5.83693316700015], [-0.036237349999908, 5.83706717900003], [-0.03697744599998, 5.83685056400014], [-0.037804494999932, 5.83667767300011], [-0.038804778999975, 5.83698441800004], [-0.040458502999968, 5.83685651000008], [-0.040981907999935, 5.83736984900003], [-0.041893256999913, 5.83755617800006], [-0.043590348999885, 5.83751548900017], [-0.044285971999898, 5.83786528300016], [-0.045113167999943, 5.83760522800003], [-0.046056599999929, 5.838623547], [-0.046999439999979, 5.83891572200014], [-0.047868414999925, 5.83968414000009], [-0.048460316999979, 5.83961542000009], [-0.049676758999908, 5.84076789800008], [-0.050633060999871, 5.84136215500013], [-0.051329500999941, 5.84123260000013], [-0.052029183999935, 5.84154179000018], [-0.052982947999965, 5.84127896400008], [-0.054306759999918, 5.84138869700018], [-0.05459273699995, 5.84141240200012], [-0.055591948999961, 5.84237276700009], [-0.057154947999948, 5.84329385600017], [-0.057547886999942, 5.84368335000005], [-0.058300863999818, 5.84380529400005], [-0.058635444999879, 5.84385947900017], [-0.058835108999972, 5.84404925600012], [-0.06024292099994, 5.84538735300009], [-0.060634620999906, 5.84534443199999], [-0.061608335999892, 5.8459474170001], [-0.062530330999891, 5.84622606200014], [-0.066240339999922, 5.84521465700004], [-0.06915498199993, 5.84411634600002], [-0.069611701999975, 5.84424528200003], [-0.070376500999942, 5.84450290700011], [-0.071196143999884, 5.84488742500014], [-0.071902931999944, 5.84527175500011], [-0.072018358999969, 5.8453822080001], [-0.072648197999968, 5.84569198200018], [-0.073355241999934, 5.845921944], [-0.074252343999888, 5.84607503400008], [-0.074940242999958, 5.84623053400014], [-0.075743471999886, 5.84655713100005], [-0.075971716999959, 5.84669257700011], [-0.076183356999877, 5.84688312900005], [-0.076353453999843, 5.84722797899997], [-0.076487799999938, 5.8475534750001], [-0.076487234999888, 5.84789804500002], [-0.076371090999885, 5.84822312799997], [-0.076199831999929, 5.84858671300015], [-0.076080234999949, 5.84933906000015], [-0.07612049699992, 5.84996486600005], [-0.076342424999893, 5.85059648500015], [-0.077207995999913, 5.85151860100007], [-0.078046863999873, 5.85193897700003], [-0.078428858999871, 5.85232001100013], [-0.078582628999811, 5.85255181500014], [-0.078764103999902, 5.85267340200016], [-0.078931600999908, 5.85292728100012], [-0.079107580999903, 5.85304334600005], [-0.07982188099993, 5.85389354], [-0.082211012999892, 5.85727962700014], [-0.083086764999962, 5.85865065399997], [-0.085567738999828, 5.85954433500012], [-0.087117124999963, 5.86135085700005], [-0.08827753099996, 5.86101379000013], [-0.088554287999841, 5.86179435100013], [-0.088803817999974, 5.86239017600013], [-0.089056413999913, 5.86279304699997], [-0.089199248999932, 5.86298210400008], [-0.089342082999906, 5.86317116100003], [-0.089743289999888, 5.86359632600011], [-0.090133616999935, 5.86394153200007], [-0.090578939999943, 5.86432266200018], [-0.091128759999947, 5.86477012000006], [-0.091461544999959, 5.86495259400004], [-0.091747585999826, 5.86510191300005], [-0.094383755999957, 5.86568506300017], [-0.094579043999886, 5.86578185900004], [-0.094911527999955, 5.86615177700008], [-0.095312834999959, 5.86651905100007], [-0.095598639999935, 5.86681722300006], [-0.095931070999939, 5.86722022100003], [-0.096422851999932, 5.86781643600006], [-0.09712154999994, 5.86812630000009], [-0.097556185999906, 5.86831169100009], [-0.097900166999978, 5.86838116000007], [-0.098337851999929, 5.868381865], [-0.098679137999909, 5.86841549300016], [-0.098932132999892, 5.86857578200016], [-0.099149431999933, 5.86868088200015], [-0.099402426999916, 5.86884117099999], [-0.099655347999885, 5.86904832200003], [-0.099825522999936, 5.8693573330001], [-0.099904963999904, 5.86960003900009], [-0.100031146999868, 5.86987590100017], [-0.100215342999945, 5.87002505200019], [-0.100443656999914, 5.87012741300003], [-0.100892151999972, 5.87025493700008], [-0.101211232999901, 5.87040430400009], [-0.101442057999918, 5.87065828000016], [-0.101669988999959, 5.87100046200004], [-0.10187596499992, 5.87130126100016], [-0.102081798999905, 5.871690269], [-0.109018608999918, 5.87179232700009], [-0.111909963999892, 5.87206431200013], [-0.112081827999873, 5.87218036200017], [-0.112312881999912, 5.87229374900005], [-0.11265654999994, 5.87256444000013], [-0.113074308999956, 5.87298410500011], [-0.113228097999979, 5.87321590200003], [-0.113417738999942, 5.87340640700006], [-0.114429400999882, 5.87426806600007], [-0.1150232789999, 5.87472660100008], [-0.115405311999893, 5.87511037200011], [-0.117894092999961, 5.87527242900012], [-0.117784012999891, 5.87739973600003], [-0.11777148099992, 5.87764190700005], [-0.118153455999902, 5.87806426800012], [-0.118447620999916, 5.87831006900012], [-0.118705564999857, 5.87883147300005], [-0.11885594599994, 5.87948226700007], [-0.119048372999885, 5.87965347800014], [-0.119639893999874, 5.87986666900008], [-0.119964699999855, 5.87988372000018], [-0.120215230999975, 5.87986757500016], [-0.120771601999934, 5.87967548900008], [-0.121102042999894, 5.87960985100017], [-0.121822772999849, 5.87993350600004], [-0.122156872999938, 5.880168341], [-0.121941558999879, 5.88035603100008], [-0.116398488999835, 5.88518786600014], [-0.115478976999952, 5.88598937900008], [-0.110305242999971, 5.89017117000014], [-0.101134331999958, 5.89601833500012], [-0.099959381999895, 5.89654294500002], [-0.097705865999956, 5.89884103600002], [-0.095452349999846, 5.90113912700002], [-0.090399340999909, 5.90370829000005], [-0.083708222999974, 5.90696238000015], [-0.083262565999974, 5.90740442900005], [-0.078979677999882, 5.91240437900007], [-0.074542756999961, 5.91605341900015], [-0.074358383999879, 5.91631689700012], [-0.071011914999929, 5.92109907500003], [-0.070106949999911, 5.92228701199997], [-0.063945195999906, 5.92753063200007], [-0.060932537999975, 5.93292836699999], [-0.052863178999928, 5.93839075300008], [-0.052844561999905, 5.93846579800015], [-0.046506424999961, 5.94275626900014], [-0.045954539999968, 5.94290360700006], [-0.040905997999914, 5.94395256000007], [-0.033607841999867, 5.95033307100016], [-0.03289206099987, 5.95091396200019], [-0.026438219999932, 5.95612678100008], [-0.024000667999871, 5.95809556000017], [-0.020373422999967, 5.96120535800009], [-0.020191749999867, 5.96106655200015], [-0.019571553999867, 5.96059269200003], [-0.019306651999898, 5.96039029200017], [-0.019134564999945, 5.96039963500016], [-0.01867455799993, 5.96053112800007], [-0.018476111999917, 5.96065481700009], [-0.017739425999821, 5.96155488100015], [-0.016877441999895, 5.96169668300018], [-0.016417261999948, 5.96192465200011], [-0.0161689709999, 5.96221088400017], [-0.016072198999893, 5.96244225800012], [-0.016108900999825, 5.96347601200006], [-0.015964794999888, 5.96364905500008], [-0.015810924999926, 5.96383382400018], [-0.013386165999975, 5.96509310900018], [-0.013118601999849, 5.96523206600006], [-0.012765066999975, 5.9658654270001], [-0.012695862999976, 5.96607479700003], [-0.012575579999861, 5.96713583200017], [-0.012382513999967, 5.96732844200011], [-0.012189447999958, 5.96752105000007], [-0.01147330799995, 5.96769893700014], [-0.011147852999954, 5.96802362000005], [-0.006304881999881, 5.97116970500008], [-0.00438759799988, 5.97633879500017], [-0.004639918999885, 5.98563801799997], [-0.008138198999973, 5.99337597800002], [-0.012617044999899, 5.99591799900014], [-0.014798527999915, 5.99715612500006], [-0.01478827699998, 5.99719540600006], [-0.014812401999905, 5.99720909900003], [-0.013733939999952, 6.00134190200009], [-0.012260813999944, 6.00445270700004], [-0.011780966999936, 6.00524451300015], [-0.011301116999903, 6.00603631800004], [-0.010924216999911, 6.00665824400016], [-0.01017141899996, 6.00728536200018], [-0.00997547299994, 6.00753860500009], [-0.00970856899994, 6.00820519299998], [-0.00957511699994, 6.00853848700007], [-0.009333971999979, 6.00874687700008], [-0.0095005579999, 6.00940931500014], [-0.009559452999952, 6.00994685000012], [-0.00960689599998, 6.01037988000007], [-0.005471460999956, 6.00879015000015], [-0.000811984999871, 6.00771214000014], [-0.000664081999901, 6.0078964540001], [0.003795914000079, 6.00930522000016], [0.005770143000063, 6.01205189100011], [0.00630632900004, 6.01412961000017], [0.007066893000115, 6.01529178700014], [0.007413471000177, 6.01585071300002], [0.007626692000144, 6.01626344800019], [0.00798822400003, 6.01696326900009], [0.008504228999982, 6.018318502], [0.008584779000103, 6.0198928960001], [0.008638475999987, 6.02094241900016], [0.008678898000142, 6.0212124790001], [0.008770839000022, 6.02179668100013], [0.008815889, 6.02233686600016], [0.008817074000035, 6.02297912300008], [0.00876520800017, 6.02329172800012], [0.008384565000028, 6.02421430900017], [0.008370641000113, 6.02426722200016], [0.008955195000169, 6.02471544700006], [0.009335952000185, 6.02513923900011], [0.009576304000177, 6.02557431600013], [0.009783641000183, 6.02602323800016], [0.009932941999978, 6.02635649500013], [0.010121785000081, 6.02648156600009], [0.010310627000081, 6.02660663500001], [0.010597472000086, 6.0268707240001], [0.010840519000055, 6.02727271900005], [0.011044977000097, 6.02765273400018], [0.011194360000104, 6.02803009300004], [0.011448340000129, 6.02838796300017], [0.011746176000088, 6.0286382490001], [0.012537246000022, 6.02908608500019], [0.013055599000154, 6.02946551500014], [0.013331346000143, 6.02968276300015], [0.013524620000169, 6.02996907700003], [0.01361179200012, 6.03021010900011], [0.013698965000117, 6.03045114100013], [0.013891515000068, 6.03098353900015], [0.014042172000188, 6.03140010000004], [0.014100197000118, 6.03150887300012], [0.014398062000112, 6.03177294000017], [0.014822861000027, 6.03218561900013], [0.015178934000062, 6.03265631200009], [0.015364035000061, 6.03298949800012], [0.015499528000134, 6.03329797100014], [0.015546999000094, 6.03365346700008], [0.015558742000053, 6.03404486300013], [0.015593427000169, 6.03418813399998], [0.01567277700002, 6.03474198100008], [0.015725628000041, 6.03511085600013], [0.01575565100012, 6.03532041000005], [0.015996542000039, 6.03700173600009], [0.01760941800012, 6.03812060500002], [0.017959733000055, 6.03845348300007], [0.018178031000161, 6.03886654400003], [0.01816486000007, 6.03918631900012], [0.018215549000047, 6.04055913899998], [0.019002688000114, 6.06187487800003], [0.026903661000063, 6.05828232000016], [0.027092972000162, 6.05811604600007], [0.027287514000079, 6.05797608200004], [0.029924284000117, 6.05607905300019], [0.033692545000065, 6.05336792900005], [0.033790099000157, 6.05326437700018], [0.034213275000184, 6.05280599999998], [0.03457879900003, 6.05243869600014], [0.035015758000043, 6.05198856200002], [0.035417075000112, 6.05162118900012], [0.035818483000128, 6.05130067700003], [0.036346485000081, 6.05094408700006], [0.036758790000022, 6.05056291000005], [0.037193217000151, 6.05023130700005], [0.037594707000153, 6.04995489599997], [0.038295803000096, 6.04940226700018], [0.038878786999987, 6.04900146700004], [0.039681809, 6.04847345000019], [0.040358079000043, 6.04789881400006], [0.062551107000047, 6.05973882400002], [0.067929379000077, 6.06072884100013], [0.068728739000164, 6.06114899900007], [0.069026280000173, 6.06122834900009], [0.070856376000052, 6.06070928700012], [0.071249168000065, 6.06071665500002], [0.073249308000186, 6.06075417200003], [0.073564761000057, 6.06084037500011], [0.073880213000052, 6.06092657700015], [0.074593976000017, 6.0612256120001], [0.075122658000112, 6.06122456400004], [0.076478327000075, 6.06168770900007], [0.07711450000005, 6.06173881700005], [0.077588422000019, 6.06189499099997], [0.078029673000174, 6.06223866400012], [0.078219839000099, 6.06232373500012], [0.078883666000081, 6.06243405000009], [0.079547493000177, 6.06254436200015], [0.080155088000083, 6.06246154700017], [0.082071823000149, 6.06220029100001], [0.084053090000054, 6.06293229300019], [0.084603806000132, 6.06293394900018], [0.085586167000145, 6.06260397100004], [0.086459239000078, 6.062701452], [0.087191313000062, 6.06251530500015], [0.088367075000178, 6.06251294500015], [0.08916316900013, 6.06267121799999], [0.089473148000138, 6.06277258300014], [0.089780787000109, 6.0628731810001], [0.089697265000098, 6.06313775500013], [0.090491167000096, 6.06345083600002], [0.091332885999975, 6.06378277200014], [0.092094951000092, 6.06481764500006], [0.092476301000033, 6.0654921950001], [0.092675866000093, 6.06614230500008], [0.093012644000055, 6.06656059900001], [0.093360792999988, 6.06715527800014], [0.09342211, 6.06752175700018], [0.093896640000025, 6.06797560500007], [0.094381791000103, 6.06823372700006], [0.095228600000098, 6.06895694900004], [0.096017604, 6.06968855500003], [0.096415183000147, 6.07021422200006], [0.096972331000075, 6.07067065600017], [0.097632384000065, 6.07163130100002], [0.098203637000154, 6.07225308900013], [0.099378924000121, 6.07336428700006], [0.099930431000189, 6.07375181800006], [0.100071250000042, 6.07394172300002], [0.100229156000125, 6.07440999000016], [0.100612980000108, 6.07493843700007], [0.101616607000096, 6.07558414700003], [0.101889768000035, 6.07585647400009], [0.10234879300009, 6.07612566500006], [0.102807818000144, 6.07639485600004], [0.103072809000139, 6.07671130100005], [0.104046073, 6.07731847800011], [0.104270931000144, 6.07753301700018], [0.104495788000179, 6.07774755600008], [0.1049314710001, 6.07804711300008], [0.105755363000071, 6.07832106900003], [0.106670593000104, 6.07882361600014], [0.107565636000174, 6.07887966700002], [0.10792948500017, 6.07906084200005], [0.108376315000044, 6.07942377000001], [0.108743350000111, 6.07981580300003], [0.109186322000141, 6.08008049900008], [0.109891865000179, 6.08050209300018], [0.110699964000162, 6.08056565800018], [0.111294131000022, 6.08134000500002], [0.111882846000185, 6.08169178600008], [0.112476070000014, 6.0820462580001], [0.112862326000027, 6.08227705900015], [0.113325148000115, 6.08237947100008], [0.113946091000059, 6.08237819100015], [0.114567033000128, 6.08237691100004], [0.114875945000108, 6.08262159100002], [0.115309535999984, 6.08323812500004], [0.115791750000085, 6.08339700000016], [0.117501350000168, 6.0831977630001], [0.117933748000041, 6.08323545900004], [0.118322670000111, 6.0835543930001], [0.11874092000005, 6.08382848900004], [0.11933950700012, 6.08422076800008], [0.119680466000148, 6.08500694900005], [0.121231137000109, 6.08651422600013], [0.122334966000039, 6.08757352600003], [0.122414810000123, 6.08765014900007], [0.127937791000079, 6.09067994000003], [0.133932660000085, 6.09396848900008], [0.137779715000136, 6.09650902100014], [0.141037133, 6.09866012200001], [0.141927137000096, 6.09936874600004], [0.141884922000088, 6.0993991900001], [0.14362008300003, 6.10078072900006], [0.14363597, 6.10087749200017], [0.144471606000081, 6.10596712800015], [0.146788720000131, 6.10913369800011], [0.146828779000145, 6.10911629200012], [0.146997995000106, 6.10905115700012], [0.147325572000113, 6.10899533200006], [0.147628435000058, 6.10897263500004], [0.14786793900015, 6.10893904800002], [0.148151298000073, 6.10880889500015], [0.148306795000053, 6.10876721700009], [0.148462292000033, 6.10872554100018], [0.148701608000124, 6.10860375000016], [0.148985037000045, 6.10850667300002], [0.149125430000026, 6.10848432300014], [0.149354036000091, 6.10850588500011], [0.149648543000012, 6.10843910400018], [0.149920862000101, 6.10829794800009], [0.150149116000136, 6.10815413100016], [0.150487499000178, 6.1080018080001], [0.150988353000059, 6.10784913800006], [0.151574430000153, 6.10763013300016], [0.152108322000061, 6.10747463600018], [0.152444111000079, 6.10739673800009], [0.152931195, 6.1072440960001], [0.153443014000175, 6.10706935000019], [0.153796586000112, 6.10693766600014], [0.154150158000107, 6.10680598100015], [0.154901549000158, 6.10663072000017], [0.155129918000171, 6.10654202700016], [0.155303260000096, 6.10647550300018], [0.155476673000123, 6.10644205500006], [0.156005089000189, 6.10630310300013], [0.156409530000133, 6.10613685500005], [0.156767162000051, 6.10597346200012], [0.157234967000136, 6.10582085800013], [0.157639478000135, 6.10568768299999], [0.158126629000037, 6.10556811300006], [0.15846512100012, 6.10546815700013], [0.158848971000111, 6.10533227000019], [0.159232822000149, 6.10519638300002], [0.159896091000064, 6.10502130500009], [0.160495833000141, 6.10475816100018], [0.161192144000097, 6.1045830110001], [0.161635156000159, 6.10442770000014], [0.163088006000123, 6.10391464200012], [0.163533658, 6.10370695500006], [0.164056412000093, 6.10349910000002], [0.164590300000043, 6.10334634700007], [0.164937145000067, 6.10329047000016], [0.165176548999966, 6.10321277500003], [0.165556158000015, 6.10302728000005], [0.165938681000171, 6.10291619800012], [0.166230434000056, 6.10285217100005], [0.166552400000057, 6.10275224500015], [0.166935043000024, 6.10269629000004], [0.16738097800004, 6.10262090300012], [0.167793934000088, 6.10257590600003], [0.168154498000092, 6.10249794700007], [0.168437912000115, 6.10239810500013], [0.168795657000089, 6.10228983200017], [0.169076461000088, 6.10225614600006], [0.169271971000114, 6.10225572200017], [0.169393276000108, 6.10232161100004], [0.169404524000129, 6.10242908300006], [0.169556048000061, 6.10246182999998], [0.169654899000136, 6.10233206800012], [0.169695822000051, 6.10215557400005], [0.169893662000106, 6.10195944400016], [0.170240344000035, 6.10182914400008], [0.170730234000018, 6.10170680200008], [0.1712367, 6.10160922900008], [0.171781543000066, 6.10143164000004], [0.17208158800014, 6.10138275100013], [0.172381633000157, 6.10133386300004], [0.172890797000036, 6.10121147500018], [0.173435927000185, 6.10116618700016], [0.17359813600018, 6.10104731200005], [0.173914759000183, 6.10102457099998], [0.174465281999971, 6.10092689999999], [0.174682611000151, 6.10082995600015], [0.175183705, 6.1007957870001], [0.175423081000133, 6.10070706200014], [0.175783691000106, 6.10065114900004], [0.176174644000014, 6.10061997600019], [0.176480204000086, 6.10057520800007], [0.176730667000129, 6.10051953400006], [0.177099345000045, 6.10037540000019], [0.177269837000154, 6.1002675310001], [0.17747627100016, 6.10022573500015], [0.177760017000026, 6.10028024200017], [0.178065553000067, 6.10022444700007], [0.178305048000084, 6.10019084700014], [0.178533602000186, 6.10019034800018], [0.178751141000134, 6.10018987200016], [0.178946650000057, 6.10018944400008], [0.179246588000183, 6.10009231700013], [0.17964838000006, 6.09998118400011], [0.180443733, 6.09977271900016], [0.180727263000051, 6.099727997], [0.180977658000074, 6.09964200200011], [0.181239158000039, 6.09959732800013], [0.18146751800009, 6.09950862500017], [0.181748154000047, 6.09940051400002], [0.182207603000109, 6.09921207600007], [0.182697323000127, 6.09901530300004], [0.18307431900007, 6.09889871000007], [0.18343468900008, 6.09873529600003], [0.183976510000036, 6.09843918100012], [0.184265392000157, 6.09832415900001], [0.184554273000117, 6.09820913700014], [0.184804448000136, 6.09802391400018], [0.185148175000052, 6.09780541000003], [0.185442548000026, 6.09768348500012], [0.185866274999967, 6.09753095600007], [0.186323209000136, 6.09745277400015], [0.186780142000032, 6.09737459100018], [0.187008554000101, 6.09731069300005], [0.187465177000092, 6.09709193900005], [0.187737642000172, 6.09702518700004], [0.187869621000175, 6.09693669400008], [0.188199960000077, 6.09689186500003], [0.188637811000149, 6.09690192600004], [0.188940710000054, 6.09690125800017], [0.189191200000039, 6.09685936000005], [0.189356344000032, 6.09682592000013], [0.189584944000103, 6.09684746600016], [0.189876852000111, 6.09685784700002], [0.190204412000185, 6.0968019980001], [0.190738615000043, 6.09680081900012], [0.19093412300009, 6.09680038600015], [0.191396871000165, 6.09686275900009], [0.191823878000093, 6.09695001700004], [0.192226223000034, 6.09709245500011], [0.19278282, 6.09725660300018], [0.19297291700002, 6.09730028300004], [0.193163015000096, 6.09734396300013], [0.193240354000011, 6.097451288], [0.193480042000147, 6.097505883], [0.193752748000122, 6.09754938000015], [0.193992551000179, 6.09765634500019], [0.194293129000187, 6.09785137600011], [0.203214152000157, 6.10191950600006], [0.204398235000156, 6.10245946700007], [0.204726107999988, 6.10254417800007], [0.204899711000053, 6.10259891600015], [0.205211088000169, 6.10269468899997], [0.205550229000096, 6.10289238299998], [0.205746082000189, 6.10304629700011], [0.20598588900009, 6.10315325599998], [0.206451692000144, 6.10334790900004], [0.2069201810001, 6.10351223700013], [0.207248154000126, 6.10364104700011], [0.207639417999985, 6.10375042200002], [0.207967342000131, 6.10385718100008], [0.208446822000042, 6.10401045800006], [0.20866460100018, 6.10411746400001], [0.211795507999966, 6.10319809700007], [0.211705536000181, 6.10329201300004], [0.211661701000025, 6.10339133800016], [0.211736142000063, 6.10343251500012], [0.211989310000035, 6.10335752600002], [0.212140444000113, 6.10321661400008], [0.212272247000101, 6.10305094100016], [0.212445286000104, 6.10285485500009], [0.212651418000121, 6.1026807450001], [0.212901974000033, 6.1026691560001], [0.213185890000091, 6.10279806100004], [0.213315806000026, 6.10301827100011], [0.21353361000007, 6.10313630100012], [0.21355615300007, 6.10336502200011], [0.213542751000034, 6.10352767299997], [0.213446770000189, 6.10370429200015], [0.213358994000032, 6.10385608500019], [0.213348277000136, 6.1039884110001], [0.213403543000084, 6.10407373100003], [0.21355499200007, 6.10407339000011], [0.213690169000188, 6.10418333700005], [0.213819590000128, 6.10418304500001], [0.213952006000056, 6.104290241], [0.214081577000059, 6.10435610000008], [0.214332132999971, 6.10434451000015], [0.214626723000038, 6.10432179500015], [0.214965371000176, 6.10429898100006], [0.215149765000149, 6.10425446400018], [0.215300997000043, 6.10415765300007], [0.215617566000049, 6.10411283800016], [0.215884495000182, 6.10403505900007], [0.216341406000083, 6.10394858299998], [0.21679848500014, 6.10393652500005], [0.217054644000086, 6.10396764300015], [0.217310804000135, 6.10399876200017], [0.217583563000062, 6.10406429500017], [0.2178674110001, 6.10416287900017], [0.218214443000022, 6.10419517000008], [0.218514639000034, 6.10421654100014], [0.21887540900002, 6.1042350190001], [0.219181312000046, 6.10434457700006], [0.219594538000081, 6.10442357300002], [0.22002953700013, 6.10438951200018], [0.2204233060001, 6.10438862000007], [0.220858280000016, 6.10434353400007], [0.221172294000098, 6.10438692200012], [0.221456093000029, 6.10446345400004], [0.221712499000091, 6.1046034420001], [0.222051490000183, 6.10473221800009], [0.22219202499997, 6.10477599900008], [0.222431766, 6.10485263100003], [0.22275949800013, 6.10487393699998], [0.22303225800016, 6.10493946800017], [0.223412309000082, 6.10496065500007], [0.223858566000104, 6.10503406000004], [0.224089872000093, 6.10503353400014], [0.224252386000046, 6.10505521500011], [0.224525296000024, 6.10518689500014], [0.228382939000085, 6.10645654300004], [0.228503707000129, 6.10649629000005], [0.228822923000109, 6.10660135000001], [0.22909748800015, 6.10669171500012], [0.229296826000166, 6.10675732100003], [0.229535894000037, 6.10683600200008], [0.229813928000112, 6.10692750800018], [0.229957080000077, 6.10697462200017], [0.230189507000034, 6.10705111800013], [0.230420184000025, 6.10712703700011], [0.230685639000058, 6.10721440200012], [0.23090066900005, 6.1072851720001], [0.231171269000072, 6.10737423], [0.231446895000147, 6.10746494200009], [0.231685964000121, 6.10754362199998], [0.231955696000057, 6.10763239500017], [0.232160868000165, 6.10769992000013], [0.233033570000032, 6.10798713500003], [0.232969030000049, 6.10806170200004], [0.232688260000089, 6.10810644600002], [0.232404735000159, 6.10815119500012], [0.232187293000095, 6.10819303699998], [0.23201118500009, 6.10824856500017], [0.231937064000078, 6.10834796000012], [0.2320776950001, 6.10843308300014], [0.232284470000081, 6.10854286000006], [0.232427912000048, 6.10865278200009], [0.232461226000112, 6.10877122500005], [0.232461453000042, 6.10887045100009], [0.232428655000035, 6.10897802000005], [0.232318736000082, 6.10907749700016], [0.232319259000178, 6.10930626600003], [0.232352549000097, 6.10941368400017], [0.232386021000025, 6.10960103300016], [0.232276146000117, 6.10971980500005], [0.232014355, 6.10963495900012], [0.23181859400006, 6.10952515700006], [0.231699959000139, 6.10942620400016], [0.231526479000138, 6.10942660000018], [0.231460248000076, 6.10936335800011], [0.231350076000012, 6.10935258500018], [0.231187612000099, 6.10935295700006], [0.231047226000044, 6.10937532800006], [0.230948120000164, 6.10938658000009], [0.230818446000114, 6.10927662600005], [0.230666838000161, 6.10920806600006], [0.230372299000067, 6.10925284000001], [0.230003512000167, 6.10934188400012], [0.229698202000122, 6.10949417600011], [0.229491980000148, 6.10962694900019], [0.229296641000019, 6.10970181400006], [0.229120683000019, 6.10982349199998], [0.228892181000163, 6.10984606500017], [0.228881387000115, 6.10994255800006], [0.228936735000104, 6.11006370800015], [0.229019344999983, 6.11006351900005], [0.22910195500009, 6.11006333100005], [0.229492798000024, 6.10998526200007], [0.229872581000109, 6.10988792400002], [0.230078979000098, 6.10983232700011], [0.230232882000166, 6.10969967400007], [0.230450420000182, 6.1096991770001], [0.230623831000059, 6.10966846100007], [0.230756006000092, 6.10966815900002], [0.230819711000095, 6.10983063300012], [0.23099604600003, 6.10987433000014], [0.231235613000081, 6.10987378100015], [0.231431122000174, 6.10987333400004], [0.231615913000098, 6.11000245600007], [0.231778378000115, 6.1100020830001], [0.231943622000131, 6.11001272999999], [0.232848801000159, 6.11027525800006], [0.232952038000064, 6.11026399600019], [0.233103262000157, 6.11016442400012], [0.233364612000116, 6.11005633000008]]]]}, "properties": {"REGION": "Greater Accra", "DISTRICT": "Shai Osudoku"}}, {"type": "Feature", "geometry": {"type": "MultiPolygon", "coordinates": [[[[-0.045277826999893, 5.61090231300011], [-0.044586737999907, 5.61728329800002], [-0.045537457999899, 5.62627168600017], [-0.045062097999903, 5.63857136200016], [-0.03935778399989, 5.64566721000017], [-0.032702751999921, 5.65370906500004], [-0.031082269999956, 5.66648226100017], [-0.032367239999871, 5.67947012600018], [-0.029530394999938, 5.68055235200018], [-0.025353965999955, 5.68240334400002], [-0.024028108999914, 5.68299831200005], [-0.018266259999962, 5.68524510300006], [-0.017527885999812, 5.68517209100008], [-0.015925826999933, 5.68546087900017], [-0.014917156999957, 5.68558632100007], [-0.014460278999934, 5.68543289200005], [-0.013011745999961, 5.68601553100007], [-0.01235050199989, 5.68657407600017], [-0.011791089999974, 5.68698016900009], [-0.011206227999878, 5.68741163300012], [-0.010977143999924, 5.68771651500009], [-0.010267753999869, 5.68672315700013], [-0.009150253999962, 5.68677212900013], [-0.008820365999838, 5.68661891500005], [-0.008160858999872, 5.68615987200019], [-0.007773304999887, 5.68447003300008], [-0.007277571999907, 5.68395569900014], [-0.006908777999968, 5.68416367200001], [-0.006526049999877, 5.68316811699998], [-0.006302172999938, 5.68294307200011], [-0.005902798999955, 5.68228448200017], [-0.005726899999956, 5.6821237210001], [-0.005743324999969, 5.68186699500018], [-0.005344006999962, 5.68119234800002], [-0.004831531999912, 5.68112726400017], [-0.004655798999977, 5.68083813600003], [-0.004319562999854, 5.68075730700002], [-0.004160040999977, 5.68035588800012], [-0.003569269999957, 5.67923159900005], [-0.001999669999918, 5.67908447200006], [-0.001743948999888, 5.67874705100013], [-0.001664985999923, 5.67808900200015], [0.003757555, 5.66427953100015], [0.012445567000157, 5.66773047400017], [0.022368402000041, 5.6719332940001], [0.022945710000045, 5.67230133600015], [0.026162722000095, 5.66929771800017], [0.02715189900016, 5.66850691300016], [0.028877877000127, 5.66679587300018], [0.029454495000039, 5.66622420800002], [0.029452783000124, 5.66524538900012], [0.029955586000028, 5.66266127300003], [0.030278840000165, 5.66136067100007], [0.03043245200007, 5.65763760900006], [0.031904930000053, 5.65697709700009], [0.032528688000127, 5.65643039600008], [0.032284048000122, 5.65548826500003], [0.032349526000075, 5.65474583800011], [0.031948022000051, 5.65415283200008], [0.031595293000066, 5.65396087800002], [0.029940427000099, 5.65315004200011], [0.02810947800009, 5.65154174000008], [0.02796104600003, 5.65029673900017], [0.027955150000082, 5.64692712900006], [0.027221059000169, 5.64531688900007], [0.026090234000151, 5.64526314700004], [0.025026081000135, 5.64451498000005], [0.023930558000131, 5.64451442100011], [0.022831385000075, 5.64393282300011], [0.021022894000112, 5.64357841700013], [0.017230530000177, 5.6423193980001], [0.010642510000082, 5.6316992990001], [0.00605632900016, 5.62630822900007], [0.004151971000113, 5.62440693100012], [0.000130817000127, 5.62463357100006], [-0.002454646999979, 5.62329080400008], [-0.003747237999903, 5.62302864700013], [-0.00557678399997, 5.62207947800005], [-0.007624380999914, 5.62193647300018], [-0.012599292999937, 5.62026009200014], [-0.014210154999944, 5.61894423900009], [-0.014796936999971, 5.61784643500016], [-0.015528993999965, 5.61733489900013], [-0.016626482999925, 5.61689722200009], [-0.018894237999973, 5.61624177100009], [-0.021028016999935, 5.61544097500013], [-0.02196008899989, 5.61538122300016], [-0.023016100999939, 5.61484705500015], [-0.023812372999942, 5.61481744100018], [-0.02447403799988, 5.61438500100013], [-0.024605548999943, 5.61434648800002], [-0.025484674999916, 5.61408903600005], [-0.026727124999979, 5.61372518200017], [-0.029973551999888, 5.61319970900013], [-0.033749143999842, 5.61313957200002], [-0.037260573999959, 5.61254816500002], [-0.040374639999925, 5.61195605800015], [-0.042627165999875, 5.61162792900006], [-0.045277826999893, 5.61090231300011]]]]}, "properties": {"REGION": "Greater Accra", "DISTRICT": "Tema"}}, {"type": "Feature", "geometry": {"type": "MultiPolygon", "coordinates": [[[[-0.117490164999936, 5.64512458300015], [-0.116786670999886, 5.64540625000006], [-0.108078205999902, 5.64889271099997], [-0.086006039999916, 5.65775053700014], [-0.081433192999953, 5.65913686700009], [-0.078751180999973, 5.65955938800016], [-0.075933116999977, 5.66038893600006], [-0.073347888999933, 5.66151291800014], [-0.064618625999856, 5.66505319800012], [-0.065102811999964, 5.66603053400019], [-0.065173932999869, 5.66617408700006], [-0.065661793999936, 5.66620542099997], [-0.067825680999931, 5.66688092800018], [-0.068405190999897, 5.66679021800013], [-0.068404532999921, 5.6672178610001], [-0.069287282999937, 5.66816622500005], [-0.070018917999903, 5.66828958500014], [-0.07069243899997, 5.66878106200005], [-0.071084071999962, 5.66960479100004], [-0.07126650999993, 5.66994111300016], [-0.072065869999903, 5.67070262000004], [-0.073185535999926, 5.67122713400011], [-0.073499753999897, 5.67143295000005], [-0.073855411999943, 5.67183911900003], [-0.074247513999921, 5.67241723000018], [-0.074311727999941, 5.67251186100009], [-0.074463397999978, 5.67300085900001], [-0.075174812999933, 5.67342037200018], [-0.075498907999929, 5.67379672500016], [-0.076157979999834, 5.67393124200004], [-0.076443541999936, 5.67422587300013], [-0.076992103999942, 5.67441003500011], [-0.077418986999874, 5.67444125000009], [-0.077853416999972, 5.67467307800013], [-0.077923381999881, 5.67590539299999], [-0.077382567999905, 5.67743949400005], [-0.077588712999898, 5.67802061900005], [-0.077462147999938, 5.67949316600016], [-0.077749888999904, 5.68084187900007], [-0.077741398999933, 5.68158834000013], [-0.077851734999911, 5.68189993100003], [-0.078119391999962, 5.68287526100011], [-0.078097775999936, 5.68345601700003], [-0.077973140999916, 5.68368400000014], [-0.077889127999811, 5.68443061000011], [-0.078446504999931, 5.68551013000007], [-0.078775722999978, 5.68683819400019], [-0.078567574999965, 5.68750161300011], [-0.078794561999928, 5.6879998010001], [-0.079082764999896, 5.68907889500002], [-0.079123335999952, 5.68959751700015], [-0.078978088999918, 5.68978396900008], [-0.078770620999933, 5.69003255100006], [-0.078459769999938, 5.69019800300009], [-0.076470864999976, 5.69081709900013], [-0.075869559999944, 5.69131396200015], [-0.074576688999912, 5.69289975100014], [-0.072884810999881, 5.69411961300017], [-0.072385893999922, 5.69433679900004], [-0.066965965999941, 5.69654866500008], [-0.066750088999925, 5.69646420000009], [-0.066335742999911, 5.69656725100003], [-0.065755695999883, 5.69673225900016], [-0.065217197999914, 5.69679360800018], [-0.064625448999891, 5.696426712], [-0.063789307999969, 5.69621049600011], [-0.062816196999847, 5.69612594500012], [-0.061594531999845, 5.69608248500003], [-0.060830893999878, 5.69652691100003], [-0.060516692999897, 5.69674448000001], [-0.059998989999883, 5.69674363700005], [-0.059647011999971, 5.69672230800018], [-0.05939843099992, 5.69678414500004], [-0.059212100999957, 5.69676309100004], [-0.05894274699989, 5.69686637500007], [-0.058708073999924, 5.69700779500005], [-0.057600552999872, 5.69773059400006], [-0.056834863999939, 5.69760148500018], [-0.055558307999888, 5.69758517100007], [-0.055246332999957, 5.69754203500003], [-0.054966578999881, 5.69732962100005], [-0.054212769999936, 5.69624556800017], [-0.049788983999974, 5.68988350000006], [-0.04980472099993, 5.68896640800006], [-0.049671581999917, 5.68808337600018], [-0.049213219999899, 5.68630021600006], [-0.049147741999832, 5.68603602800005], [-0.048936796999953, 5.68606210100018], [-0.048238898999955, 5.68567805000009], [-0.046884548999969, 5.68370857800005], [-0.04601404399989, 5.68406362200011], [-0.045948475999978, 5.68386546400006], [-0.046001493999938, 5.68368071300011], [-0.045857170999966, 5.6828835710001], [-0.045805941999902, 5.68237329100015], [-0.045846151999967, 5.68197727400013], [-0.045767478999835, 5.68172628400015], [-0.045609671999898, 5.68150156600007], [-0.045439312999861, 5.68092033900018], [-0.044855789999872, 5.68048670200011], [-0.044039204999933, 5.67981078100001], [-0.043894722999937, 5.67990690100015], [-0.043574115999888, 5.67987426200006], [-0.043221600999971, 5.67972911200013], [-0.043077937999954, 5.67934340199997], [-0.04278972599991, 5.67910200000011], [-0.042549141999928, 5.67914978600015], [-0.042244687999926, 5.67903685200002], [-0.042100598999923, 5.67890811000007], [-0.042117108999946, 5.67861904200009], [-0.042117453999879, 5.67841024500012], [-0.041669493999962, 5.67781522900015], [-0.041493392999939, 5.67767039800015], [-0.041365663999954, 5.67733287800007], [-0.041333941999824, 5.67712403100012], [-0.041366505999918, 5.67681891500013], [-0.042008169999917, 5.67662724800016], [-0.042056805999948, 5.67630610400005], [-0.041992870999877, 5.67617750000005], [-0.041865289999976, 5.67575968800014], [-0.040790250999976, 5.67623975900017], [-0.032367239999871, 5.67947012600018], [-0.031082269999956, 5.66648226100017], [-0.032702751999921, 5.65370906500004], [-0.03935778399989, 5.64566721000017], [-0.045062097999903, 5.63857136200016], [-0.045537457999899, 5.62627168600017], [-0.044586737999907, 5.61728329800002], [-0.045277826999893, 5.61090231300011], [-0.04716253499987, 5.61024692600012], [-0.048061060999885, 5.61002132800013], [-0.049069208999924, 5.60955490400005], [-0.05000457999995, 5.60894208600018], [-0.050457456999936, 5.60875270100007], [-0.051333524999961, 5.60871023599998], [-0.051523293999935, 5.60873978000012], [-0.05174239899992, 5.60865237000019], [-0.052225172999897, 5.60806808100006], [-0.052634889999979, 5.60786179400014], [-0.053787960999898, 5.60767569300009], [-0.054050647999873, 5.60772000900005], [-0.055071849999877, 5.60824821100005], [-0.056347134999896, 5.61041180900003], [-0.056736352999962, 5.61105363000007], [-0.057567904999928, 5.61128228500007], [-0.059125511999923, 5.61101811700007], [-0.060445983999955, 5.61079416300004], [-0.061703829999828, 5.61119433400017], [-0.064155431999893, 5.61066739099999], [-0.064547746999949, 5.6138532380001], [-0.065273202999947, 5.61584516200008], [-0.065869107999958, 5.6159788440001], [-0.068533525999953, 5.61508742400008], [-0.07057462199981, 5.61426099900018], [-0.072892897999964, 5.61426467900014], [-0.073422265999966, 5.6145973130001], [-0.070497256999886, 5.62129492800011], [-0.071688458999972, 5.62196039900005], [-0.073011212999972, 5.62322332000002], [-0.074657017999812, 5.62454787399997], [-0.075459184999943, 5.62501889500015], [-0.078902702999926, 5.62555520800004], [-0.080294226999854, 5.62522559500019], [-0.085250821999978, 5.62678137900014], [-0.086980730999926, 5.62749231600009], [-0.08969692099987, 5.62875167400017], [-0.091150858999924, 5.62935689400018], [-0.093202104999932, 5.63075363600007], [-0.096113728999967, 5.63261620300011], [-0.09710682899987, 5.63294954200006], [-0.098297671999887, 5.6338804130001], [-0.099158707999891, 5.63394810700015], [-0.099687379999978, 5.63474524700007], [-0.101230960999942, 5.63516651400016], [-0.102203153999938, 5.63561177200006], [-0.104122179999877, 5.63687555600018], [-0.105430702999968, 5.63814963900018], [-0.10852638199998, 5.64129252600009], [-0.1130545339999, 5.64345883800007], [-0.114577260999965, 5.64399203400012], [-0.114848589999951, 5.64457155000014], [-0.117490164999936, 5.64512458300015]]]]}, "properties": {"REGION": "Greater Accra", "DISTRICT": "Tema West"}}, {"type": "Feature", "geometry": {"type": "MultiPolygon", "coordinates": [[[[-0.414285889999917, 5.53070313400008], [-0.414450435999868, 5.53124638800006], [-0.414271335999956, 5.53151362200015], [-0.414290481999956, 5.53162942600011], [-0.414480266999931, 5.53168750600014], [-0.414422358999957, 5.53181977600008], [-0.41430947899994, 5.53189685600006], [-0.414270882999915, 5.53197400900012], [-0.414499149999813, 5.53207072100014], [-0.414708102999953, 5.53222255200018], [-0.414939119999872, 5.53231926800004], [-0.415109496999946, 5.53252895400016], [-0.415225033999832, 5.53254836500003], [-0.415291000999957, 5.53261459300001], [-0.415147506999972, 5.5330472710001], [-0.415089645999899, 5.53313198600011], [-0.414907915999947, 5.53327585000011], [-0.414745471999936, 5.53339147600008], [-0.414706728999931, 5.53362025199999], [-0.414822060999882, 5.5338491820001], [-0.414725535999878, 5.53408065800011], [-0.414783202999956, 5.53419374400005], [-0.415452731999949, 5.53602768200005], [-0.415614563999895, 5.53653509400016], [-0.415664014999891, 5.5366095760001], [-0.415562038999894, 5.53678866900009], [-0.416004255999894, 5.53755549700008], [-0.416004167999972, 5.53764509300004], [-0.415164234999963, 5.5384258200001], [-0.415023099999928, 5.53925410100015], [-0.414959228999976, 5.53985364400006], [-0.414991955999824, 5.54014865400018], [-0.414933951999899, 5.54037741200005], [-0.414818204999904, 5.54057027400006], [-0.414740940999934, 5.54079901300008], [-0.414798380999969, 5.54114367100016], [-0.414798152999936, 5.54137524200002], [-0.414665747999834, 5.54171971200014], [-0.414656005999916, 5.54183410999997], [-0.414646261999906, 5.54194850900012], [-0.414720324999905, 5.54217739600017], [-0.414912619999939, 5.54248359200011], [-0.414578037999945, 5.54277686100011], [-0.414731382999946, 5.54352135100004], [-0.414652725999929, 5.54376800800014], [-0.414302394999879, 5.54468567800001], [-0.413880675999962, 5.54545165200017], [-0.413420114999951, 5.54654289100012], [-0.413290306999954, 5.54704174400013], [-0.413361409999823, 5.54748014700004], [-0.413267295999958, 5.54805346900008], [-0.413132155999961, 5.54837863800003], [-0.412997126999869, 5.548590778], [-0.412946093999835, 5.54872443300013], [-0.412895060999972, 5.54885808800009], [-0.412996559999897, 5.54916419400001], [-0.412996257999964, 5.54947019900004], [-0.412176886999873, 5.55195923700012], [-0.410825063999937, 5.55534279], [-0.410640410999918, 5.55565136800016], [-0.410392076999813, 5.55635961900003], [-0.410008977999894, 5.55700984200013], [-0.409697636999908, 5.55743959200015], [-0.40779471399992, 5.55911106700017], [-0.407409316999917, 5.5593036570001], [-0.40681488599995, 5.55941884500004], [-0.406624861999944, 5.55959233300018], [-0.406452810999838, 5.55967762100011], [-0.406366783999886, 5.55972026500012], [-0.404487289999906, 5.56201961200003], [-0.403938246999871, 5.56221348700018], [-0.40384989699993, 5.56224468500005], [-0.403651520999972, 5.56231473500003], [-0.403219504999925, 5.562467287], [-0.402990633999877, 5.56254810400003], [-0.402095408999969, 5.56286422000011], [-0.401767909999876, 5.56293694300018], [-0.401236669999889, 5.56314040700011], [-0.400047115999882, 5.56404618599998], [-0.399978889999943, 5.56484972300012], [-0.399910663999947, 5.56565326000009], [-0.399968213999955, 5.56588213300012], [-0.400446815999942, 5.56603700000005], [-0.400504518999981, 5.56611425000006], [-0.400542807999955, 5.56634310300007], [-0.400636241999962, 5.56645898300008], [-0.400980062999963, 5.56657236100006], [-0.401057026999979, 5.56664963000014], [-0.401114631999917, 5.56682336600011], [-0.40101803999994, 5.56710997500011], [-0.401017925999838, 5.56722300400014], [-0.401123760999951, 5.56731959900003], [-0.401229594999961, 5.56741619500002], [-0.401284507999947, 5.5675320360001], [-0.401284412999928, 5.56762576700015], [-0.401190647999897, 5.56783794500012], [-0.401190415999963, 5.56806675900003], [-0.40139894999993, 5.56864038500009], [-0.401514395999868, 5.56875628799997], [-0.401745443999971, 5.56883371300012], [-0.402185632999817, 5.56888378100012], [-0.402281793999975, 5.56902447600015], [-0.402281676999962, 5.56914026100003], [-0.402355888999978, 5.56921752700003], [-0.402567660999978, 5.56931147300003], [-0.402680471999815, 5.56931158700019], [-0.402872901999842, 5.56948546000012], [-0.402930566999885, 5.56960130400012], [-0.402891931999818, 5.56971429400005], [-0.402949537999973, 5.56988803000019], [-0.403158440999903, 5.57009775800014], [-0.403023402999963, 5.57030989500004], [-0.403081089999944, 5.57040368500014], [-0.403425027999958, 5.57040403300016], [-0.403511670999933, 5.57043306700007], [-0.40392262599994, 5.57082632700013], [-0.404266467999946, 5.57092316200004], [-0.404494728999907, 5.57103642200002], [-0.404687121999928, 5.57124888900006], [-0.404799855999954, 5.57132619400016], [-0.405048820999923, 5.57137331100006], [-0.405191947999867, 5.57132521200009], [-0.406070561999911, 5.57181818700013], [-0.406119847999889, 5.57205807800017], [-0.406141569999932, 5.57234756400015], [-0.406207384999959, 5.57256817400008], [-0.40620729099993, 5.57266190500013], [-0.406207196999958, 5.57275563600012], [-0.406105254999943, 5.57289061700004], [-0.40568105299991, 5.57335608800008], [-0.405754766999962, 5.573929577], [-0.405850879999946, 5.57411989300016], [-0.40600441599986, 5.57466589400008], [-0.406078579999871, 5.57479278200015], [-0.406136132999904, 5.57502165400007], [-0.406135766999967, 5.57538555100007], [-0.406251024999904, 5.57569167200006], [-0.40628931599997, 5.57592052500007], [-0.406289198999957, 5.57603631100005], [-0.406178808999812, 5.576364259], [-0.406223931999818, 5.576639984], [-0.406269055999928, 5.57691570900016], [-0.406191798999885, 5.57712790500017], [-0.40604025399989, 5.57733726900005], [-0.405913080999937, 5.57793536600008], [-0.40595696999992, 5.57807049400009], [-0.406112386999894, 5.57811613700005], [-0.407139833999906, 5.57905655300004], [-0.407089364999933, 5.57930943900016], [-0.407317587999955, 5.57946405000007], [-0.407452203999924, 5.57967370200004], [-0.407663918999958, 5.57982829600019], [-0.407625051999901, 5.58017285700004], [-0.40764971099992, 5.58027764000008], [-0.407685320999917, 5.58043757000019], [-0.407784326999945, 5.58048729300009], [-0.407930089999923, 5.58055635800002], [-0.408158449999917, 5.58057588600008], [-0.408389502999853, 5.58065330900018], [-0.408482981999953, 5.5807278370001], [-0.408521270999927, 5.58095944600018], [-0.408378027999959, 5.58112195300004], [-0.408706922999897, 5.58241246700004], [-0.408767406999857, 5.58246214999997], [-0.408979249999959, 5.58248993100005], [-0.409075458999951, 5.58258651600016], [-0.409055851999938, 5.5829310960001], [-0.409127993999846, 5.58301800800018], [-0.409245575999876, 5.5830663700001], [-0.409476784999924, 5.58298941200007], [-0.409840011999961, 5.58297047800011], [-0.41022099099996, 5.58308389000013], [-0.410335292999889, 5.58297097500008], [-0.410563711999885, 5.58293260900012], [-0.410794766999913, 5.58301003100013], [-0.411023127999954, 5.58302955700015], [-0.411196267999912, 5.58323924800015], [-0.411295295999935, 5.58326829300017], [-0.411416280999902, 5.58335249700002], [-0.412171837999892, 5.58448354100017], [-0.412399817999926, 5.584886262], [-0.412534378999965, 5.58515380700004], [-0.412553524999964, 5.585269611], [-0.412534035999954, 5.5854984070001], [-0.412627473999919, 5.58561428600001], [-0.412742963999904, 5.58569159100011], [-0.413169316999927, 5.58583537100014], [-0.413279237999973, 5.58597883400017], [-0.413287378999826, 5.58609324900016], [-0.413295519999963, 5.58620766500019], [-0.413372333999916, 5.58643931299997], [-0.413658238999972, 5.586701495], [-0.413622062999877, 5.58710946500003], [-0.41365771999989, 5.58722253000008], [-0.413773248999973, 5.58726124000003], [-0.413869573999932, 5.58724203900016], [-0.414001630999962, 5.58726146800007], [-0.413946256999964, 5.58760601400019], [-0.414001173999907, 5.58772185400016], [-0.414097383999945, 5.58781843800017], [-0.414211535999925, 5.58785714700008], [-0.414688407999904, 5.58839244200004], [-0.41491954199995, 5.58839267300016], [-0.415032375999942, 5.58837348700018], [-0.415263624999909, 5.58825793099999], [-0.415343306999944, 5.58837379700003], [-0.415395430999979, 5.58853098600014], [-0.41568700199997, 5.58863052100008], [-0.415686799999946, 5.58883452400005], [-0.415799502999846, 5.58894766500003], [-0.415915106999819, 5.58891194200004], [-0.416030864999868, 5.58871908000009], [-0.416030979999903, 5.58860329400005], [-0.41608610399993, 5.58850961800016], [-0.416182466999828, 5.58845182200014], [-0.416278734999878, 5.58849051199996], [-0.416468387999942, 5.5887002180001], [-0.416699426999969, 5.588796935], [-0.417239720999817, 5.59058939400012], [-0.417250549999892, 5.59076859700008], [-0.417154014999937, 5.59100007200016], [-0.416944665999893, 5.59122868000003], [-0.41686739499994, 5.59145741700007], [-0.416867280999895, 5.59157320300005], [-0.416963360999944, 5.59180211300014], [-0.416943983999943, 5.59191788000004], [-0.416982299999916, 5.59212743500007], [-0.41717196999997, 5.59232059900006], [-0.417353459999902, 5.59243932200002], [-0.417363901999977, 5.59300999100009], [-0.417572559999826, 5.59348161100002], [-0.417763670999932, 5.5936099920001], [-0.418165634999866, 5.59477238400018], [-0.418872749999935, 5.59482822100006], [-0.418911043999969, 5.59505982900004], [-0.418872428999975, 5.59515352299996], [-0.418949264999867, 5.59536587300016], [-0.419122391999963, 5.59559485800003], [-0.419350643999962, 5.59573016799999], [-0.419427464999899, 5.59595905900005], [-0.41942712499997, 5.59630366000005], [-0.419578238999861, 5.59653262300003], [-0.419539487999941, 5.59676415600012], [-0.420608444999914, 5.59821942700017], [-0.421450427999957, 5.59824093499998], [-0.421543758999974, 5.59846984200004], [-0.421639970999934, 5.59856642500012], [-0.421873861999927, 5.59856665500013], [-0.421986643999901, 5.59860260500011], [-0.422082875999877, 5.59867989100007], [-0.422291981999933, 5.59869939399999], [-0.422368932999916, 5.59879595799998], [-0.422368819999917, 5.59891174400002], [-0.422291700999949, 5.59898610200008], [-0.422329996999906, 5.59921771100016], [-0.42250316399992, 5.59940810100011], [-0.422596663999855, 5.59946608700011], [-0.422712204999925, 5.59949514600015], [-0.42282774499995, 5.59952420700012], [-0.423036740999919, 5.59965673900007], [-0.423113468999873, 5.59998211700002], [-0.423198656999944, 5.60009798800007], [-0.423283843999968, 5.60021385699997], [-0.423514834999878, 5.60036570900013], [-0.423916228999872, 5.60072173100008], [-0.424009644999956, 5.60086517700006], [-0.423951765999959, 5.60096160800015], [-0.42372339699989, 5.60094208600015], [-0.423636617999932, 5.60104538100006], [-0.423970597999926, 5.6013999590001], [-0.424259090999897, 5.60184133100017], [-0.424468084999887, 5.60197662000007], [-0.424735053999939, 5.60191898900001], [-0.424850698999933, 5.60184191200017], [-0.425079105999885, 5.60182283800015], [-0.425310021999906, 5.60205188000009], [-0.425557364999861, 5.60236639800019], [-0.425653643999908, 5.60239681700011], [-0.425851655999963, 5.60272295400006], [-0.426119712999935, 5.60316445800015], [-0.425844480999899, 5.60335809100008], [-0.425869812999963, 5.60366068000019], [-0.425697504999903, 5.60384144200003], [-0.425656294999953, 5.60426995600011], [-0.425960410999892, 5.60433120300013], [-0.418493603999934, 5.60738345700008], [-0.411921957999937, 5.60820098100004], [-0.397546482999928, 5.61269734500013], [-0.389742651999939, 5.60697469500019], [-0.375367175999941, 5.60697469500019], [-0.370027713999946, 5.60656593200002], [-0.366741889999957, 5.60493087700019], [-0.357091304999926, 5.60852850600008], [-0.359120963999828, 5.60646392500001], [-0.359848449999959, 5.60572391700009], [-0.361304111999971, 5.60006187500005], [-0.362752535999903, 5.59738427400009], [-0.356327260999933, 5.59222288200004], [-0.355321780999873, 5.59282580700011], [-0.354839510999966, 5.59278500900012], [-0.354719681999882, 5.59210031100014], [-0.355042193999964, 5.59121475800015], [-0.356432607999977, 5.58843723199999], [-0.356452761999947, 5.58771293900003], [-0.354838715999961, 5.58659983500013], [-0.354040859999941, 5.58546260500003], [-0.35356177299991, 5.58509230900012], [-0.353145182999924, 5.58518091000008], [-0.352494021999973, 5.58564168599997], [-0.351952923999931, 5.58543448000006], [-0.351694009999846, 5.58368888900014], [-0.351182159999951, 5.58310926800004], [-0.350692392999918, 5.58310872800018], [-0.350072658999977, 5.58408944000018], [-0.349272595999935, 5.58496664699999], [-0.348215326999878, 5.58532704200007], [-0.347307580999825, 5.58628852100014], [-0.346950816999879, 5.58625408000006], [-0.346849615999929, 5.58488648100013], [-0.34654091799996, 5.58431796200006], [-0.346102875999975, 5.5841625170001], [-0.345458071999929, 5.58449754000003], [-0.345201808999946, 5.58533290400004], [-0.34443582699987, 5.5868215160001], [-0.344179462999818, 5.58795327000013], [-0.344739301999937, 5.58871992000013], [-0.34530020099993, 5.58853329400017], [-0.34810386099997, 5.58834916100011], [-0.348477184999979, 5.58877514500017], [-0.348646545999941, 5.58926899300019], [-0.348340469999926, 5.58948995000009], [-0.348210095999889, 5.58951645700006], [-0.347507738999866, 5.58965925300015], [-0.346980650999967, 5.58999912300004], [-0.346793319999904, 5.59039043800016], [-0.346792527999924, 5.59110539400018], [-0.347505514999966, 5.59166793800017], [-0.346825282999873, 5.59221191100016], [-0.34645156199997, 5.59214340400007], [-0.345602403999976, 5.59180200300017], [-0.344803915999876, 5.59173302200003], [-0.343920341999933, 5.59178310300018], [-0.343546014999959, 5.59225932200007], [-0.343408875999899, 5.59334862500003], [-0.343680083999971, 5.59392770200009], [-0.344375624999884, 5.59489877700003], [-0.344714626999973, 5.59563113500008], [-0.345563013999879, 5.59667047000016], [-0.345749251999848, 5.59726647500003], [-0.345307109999965, 5.59760643700008], [-0.344287391999956, 5.59784361600009], [-0.34364132099995, 5.59821739400007], [-0.343673233999937, 5.60007291000016], [-0.343264443999942, 5.60097465900009], [-0.343365534999975, 5.60174079600012], [-0.34312758599998, 5.60180862100015], [-0.342652463999968, 5.60179486500004], [-0.342515927999841, 5.60179091200018], [-0.342328912999903, 5.60189283900019], [-0.342176012999971, 5.60187564400007], [-0.341852955999968, 5.60207955500016], [-0.341683121999949, 5.60201127300002], [-0.341326691999939, 5.60167041799997], [-0.341361664999908, 5.60078527400009], [-0.341463857999941, 5.60056409200013], [-0.341396199999906, 5.60029165300006], [-0.341549365999867, 5.60007052900005], [-0.341498887999876, 5.59962788100017], [-0.34114236399995, 5.59937213899997], [-0.340955101999839, 5.5996953610001], [-0.340648959999896, 5.59996738100006], [-0.340173079999886, 5.60008600500009], [-0.340105268999935, 5.59994974600011], [-0.339867567999931, 5.59979627399997], [-0.339579275999938, 5.59930229000014], [-0.339409461999935, 5.59921698500011], [-0.339256849999913, 5.5989444490001], [-0.33874738999998, 5.59870555599997], [-0.338611348999962, 5.59880753900018], [-0.338373667999861, 5.59863704399999], [-0.338220481999883, 5.59887519000017], [-0.337863499999912, 5.59902799100013], [-0.337574367999878, 5.59928300600018], [-0.337369729999921, 5.5999466610001], [-0.337878346999901, 5.60093455500009], [-0.337860952999961, 5.6012920120001], [-0.337656811999977, 5.60151307700005], [-0.337435968999898, 5.601478783], [-0.337231711999948, 5.60180198300014], [-0.337327072999926, 5.60194564300014], [-0.337401333999878, 5.60205751600006], [-0.337401103999923, 5.60226178800008], [-0.337295129999973, 5.60240302000005], [-0.337196904999928, 5.60253392100009], [-0.336891067999943, 5.60253357500011], [-0.336567931999923, 5.60280557300001], [-0.33573481499991, 5.60329828900012], [-0.333510997999952, 5.60152540100017], [-0.333343080999896, 5.60143712400003], [-0.327303326999868, 5.59972781900012], [-0.320445784999947, 5.60120502700011], [-0.320315892999929, 5.60123300700013], [-0.319811981999976, 5.60161073400019], [-0.319561702999977, 5.60034940500003], [-0.317547566999963, 5.60146057600002], [-0.31555866399998, 5.60252450700006], [-0.315279616999874, 5.60255123500013], [-0.312762171999964, 5.60261133900013], [-0.312412391999942, 5.60289714700014], [-0.311676835999947, 5.60286492300014], [-0.310878493999951, 5.60298942700013], [-0.310174514999972, 5.60272203600016], [-0.310284713999863, 5.6021733610001], [-0.309298855999828, 5.60204675900013], [-0.308672691999959, 5.60215578100008], [-0.30803222399993, 5.60112013800011], [-0.307812576999936, 5.60157460200003], [-0.307452864999959, 5.60135465600013], [-0.307437730999936, 5.60091559400007], [-0.30693670099987, 5.60108748300019], [-0.30643637299994, 5.60066352900009], [-0.306107353999892, 5.60096106200007], [-0.305622806999963, 5.60042736400015], [-0.305199882999943, 5.60072478500018], [-0.303683570999908, 5.59918633500007], [-0.304012700999976, 5.59879472299997], [-0.303277615999889, 5.59837048700007], [-0.303481316999978, 5.59816688799998], [-0.303747564999981, 5.5980104030001], [-0.303998236999917, 5.59779117900007], [-0.30337276399996, 5.59732003400012], [-0.303702040999951, 5.59680298100005], [-0.303832006999926, 5.59642765000018], [-0.303389545999835, 5.59636356700008], [-0.303398073999915, 5.59144016800013], [-0.303398401999857, 5.59125097800012], [-0.302517638999973, 5.59099772600013], [-0.302353257999869, 5.59099753100003], [-0.299874457999977, 5.59099458000003], [-0.299816616999976, 5.58670699800001], [-0.295977364999942, 5.58701767000014], [-0.296042253999872, 5.58537840500014], [-0.294280981999975, 5.58468272500016], [-0.293914293999933, 5.58472164200009], [-0.292518656999903, 5.5848697620001], [-0.29064263999993, 5.58553013700009], [-0.285720391999973, 5.58618562300012], [-0.285495435999962, 5.58485696000008], [-0.28452845399994, 5.57914559500011], [-0.281812445999947, 5.57946760900012], [-0.281507406999935, 5.57915848200003], [-0.281276702999946, 5.57881360900018], [-0.281175269999892, 5.57850748900006], [-0.28123901999993, 5.57812438100018], [-0.281239439999979, 5.57777979000002], [-0.281239857999935, 5.57743519899998], [-0.281301754999959, 5.57724690500004], [-0.281353087999946, 5.57709074600018], [-0.281314844999883, 5.57686189000009], [-0.281488559999957, 5.57655610500007], [-0.281832747999943, 5.57634701300003], [-0.28190731899997, 5.57611553900006], [-0.280867191999903, 5.57504328000005], [-0.280876960999819, 5.57492888700011], [-0.281317961999889, 5.57429813300013], [-0.281433570999866, 5.57425968000007], [-0.281741991999979, 5.57404778800014], [-0.281819150999979, 5.57395001800001], [-0.281730882999966, 5.57300021600014], [-0.280808807999961, 5.57214588300008], [-0.280613295999956, 5.57227658900001], [-0.280131748999963, 5.57231183900012], [-0.279424966999954, 5.57203254500007], [-0.279015249999873, 5.57182804600012], [-0.278605741999911, 5.57145262900008], [-0.277695852999955, 5.57076508800009], [-0.277154427999903, 5.57026545700006], [-0.277005987999814, 5.57015362700008], [-0.276857546999963, 5.57004179700004], [-0.276186354999936, 5.56991140700006], [-0.275517847999936, 5.56983615399997], [-0.274849863999918, 5.56933360800014], [-0.274729417999936, 5.56883035699997], [-0.275037095999949, 5.56697683600004], [-0.27764042299998, 5.56432874400014], [-0.27781162999986, 5.56382102700013], [-0.277927444999932, 5.56361165600009], [-0.278040812999905, 5.56315142100016], [-0.278441142999895, 5.56202165100012], [-0.278479941999819, 5.56179288900017], [-0.278519440999958, 5.56098797300018], [-0.278574713999944, 5.56078679800015], [-0.278629985999885, 5.5605856250001], [-0.278731971999889, 5.56043412900004], [-0.278732391999938, 5.560089538], [-0.278636351999978, 5.55987715300012], [-0.278350508999949, 5.55962869700016], [-0.278234997999959, 5.55958996200008], [-0.277412960999925, 5.55907344800016], [-0.277242657999921, 5.55884167400018], [-0.277146613999889, 5.55863204500014], [-0.27706313099992, 5.55827632400008], [-0.276403700999879, 5.55640921000014], [-0.276921588999926, 5.55363519400015], [-0.277020815999947, 5.55236032700009], [-0.276909929999931, 5.55191360100008], [-0.276688000999968, 5.55114971600017], [-0.276411589999839, 5.54993917200005], [-0.276170331999936, 5.54923315400004], [-0.275928599999929, 5.54891583400007], [-0.275334606999877, 5.54867251500013], [-0.274477085999933, 5.54793817300009], [-0.273809671999913, 5.54698904000003], [-0.2732716189999, 5.54600147000002], [-0.272714969999868, 5.54447355800005], [-0.272232401999815, 5.54311389800017], [-0.27189511499995, 5.54219549300012], [-0.271543836999967, 5.54147004100014], [-0.271228213999962, 5.54083560500004], [-0.271209411999905, 5.54046342300018], [-0.271413759999916, 5.53984892400007], [-0.272122527999954, 5.53847143000013], [-0.273035136999965, 5.5368901870001], [-0.273221229999933, 5.53657752600009], [-0.273407322999958, 5.53626486500008], [-0.273724311999956, 5.53578006900011], [-0.27389282199988, 5.53522065900017], [-0.274097094999888, 5.53466405000006], [-0.27422749699997, 5.5337682710001], [-0.274395729999924, 5.53343491300006], [-0.274751004999928, 5.53313762000005], [-0.275326177999887, 5.53300875600002], [-0.275623541999892, 5.53282166200017], [-0.275846597999873, 5.53265377300005], [-0.276191035999886, 5.53221725200012], [-0.276535473999957, 5.5317807290001], [-0.276962604999937, 5.53121612000007], [-0.277298799999869, 5.53076993800005], [-0.277409211999952, 5.53047234500008], [-0.277428877999967, 5.53013604800003], [-0.278206730999955, 5.52962148500018], [-0.278321173999927, 5.52940108500007], [-0.27862723699991, 5.52884459700005], [-0.278930677999881, 5.52818059200007], [-0.279758905999927, 5.52606835000006], [-0.279298739999888, 5.52526579100004], [-0.279127062999976, 5.52503815300003], [-0.278563523999878, 5.52465428200014], [-0.27794731299997, 5.52460115600019], [-0.277474212999891, 5.52450960900018], [-0.277292611999883, 5.52452592800017], [-0.276945867999814, 5.52459993800011], [-0.276420319999943, 5.52465167700018], [-0.276092813999924, 5.52474225000014], [-0.275619315999904, 5.52497875200015], [-0.275181447999842, 5.52532556699998], [-0.274765594999963, 5.52566965000011], [-0.274564643999952, 5.5257603770001], [-0.274308889999929, 5.52566909299998], [-0.274091831999897, 5.52543174900006], [-0.273930082999925, 5.52496015000003], [-0.273911733999853, 5.52421305200005], [-0.273947965999923, 5.52382991100006], [-0.27405825999989, 5.5236288050001], [-0.274077913999918, 5.52330353400009], [-0.273909842999956, 5.52311906000011], [-0.273663033999981, 5.52284816600007], [-0.272296291999965, 5.51887436200013], [-0.281555333999904, 5.51672143300004], [-0.291739599999914, 5.51487862300019], [-0.30686272399987, 5.51118637500002], [-0.323220585999934, 5.50687677800005], [-0.337417433999974, 5.50349182500003], [-0.344515641999919, 5.50195380100013], [-0.352542125999946, 5.49794330500015], [-0.358404758999882, 5.49764046000018], [-0.36704819199997, 5.49363041300012], [-0.371633646999953, 5.48894433200013], [-0.380014898999946, 5.48591461800009], [-0.389367178999976, 5.47867456800003], [-0.399078242999906, 5.47483531000012], [-0.405390106999903, 5.47044704300004], [-0.406100755999944, 5.47234624400005], [-0.406244020999964, 5.47283183900004], [-0.406124936999959, 5.47293441300013], [-0.406100040999945, 5.47307222800009], [-0.406157723999911, 5.47316325999998], [-0.406317287999968, 5.47316066100007], [-0.406534572999931, 5.47321049900006], [-0.406465684999944, 5.47332346000013], [-0.406316991999972, 5.47346115300002], [-0.406215123999971, 5.47354099900008], [-0.40613527499994, 5.4736098410001], [-0.406088438999973, 5.47367871500012], [-0.406041602999892, 5.47374758800004], [-0.406066191999912, 5.47392129200017], [-0.406123862999948, 5.47402335100003], [-0.40618153499986, 5.47412541], [-0.406252936999977, 5.47425229400005], [-0.406321623999816, 5.47434333600012], [-0.406390275999968, 5.47447021800014], [-0.406458941999972, 5.47458331500019], [-0.40653022999993, 5.47482598500017], [-0.406463627999926, 5.47541036300004], [-0.406521253999813, 5.47555928700007], [-0.406567279999877, 5.47631194200011], [-0.406542327999944, 5.47650765000014], [-0.406589016999931, 5.47658764400018], [-0.406748521999873, 5.47664569500012], [-0.406863931999908, 5.47678365000007], [-0.406896775999883, 5.47695460500006], [-0.406835852999905, 5.47735979500004], [-0.406780537999964, 5.47765747500017], [-0.406722549999927, 5.47787520700007], [-0.406667334999895, 5.47807088500008], [-0.406609390999904, 5.47824450600012], [-0.406554246999974, 5.47836850900018], [-0.406496302999869, 5.47854213000005], [-0.406427367999925, 5.47870195700006], [-0.406314356999928, 5.47892239000009], [-0.406259209999973, 5.47904914800012], [-0.40619032099994, 5.47916210900013], [-0.406121439999936, 5.47926679900007], [-0.40601948099993, 5.47943762000011], [-0.405950622999853, 5.47952025600017], [-0.405892769999923, 5.4796001470001], [-0.405722134999962, 5.47966889700012], [-0.405345174999923, 5.47972917300012], [-0.405160794999972, 5.47978688300014], [-0.405034187999945, 5.47984465100012], [-0.404896575999942, 5.47990240700011], [-0.404783724999845, 5.47996018700007], [-0.404707329999894, 5.48001180200015], [-0.404582717999915, 5.48013918000004], [-0.404532828999947, 5.4805113000001], [-0.404477669999835, 5.48064908500004], [-0.404419807999943, 5.48074000300011], [-0.404361897999934, 5.48087778500013], [-0.404309436999938, 5.48107070900011], [-0.404251318999911, 5.48141800900009], [-0.404184529999895, 5.482187092], [-0.404126642999927, 5.48230282000003], [-0.404060514999969, 5.48240475600011], [-0.403939436999963, 5.48243496100002], [-0.40381835799991, 5.48246516500001], [-0.40281153199993, 5.48238697100015], [-0.402662903999953, 5.48245574300012], [-0.402478519999875, 5.48251620900015], [-0.402192346999925, 5.48257381700012], [-0.402079494999896, 5.48263159700014], [-0.401999654999884, 5.48268941000003], [-0.401930775999972, 5.48279134300003], [-0.401861894999854, 5.48289603300015], [-0.401804041999867, 5.48297592200009], [-0.401737877999892, 5.48311369700002], [-0.401654524999913, 5.48324662900001], [-0.401216330999887, 5.48401671800008], [-0.400792597999953, 5.48476959100009], [-0.401031886999931, 5.48482772300014], [-0.401158291999877, 5.48497396100015], [-0.401067274999832, 5.48520544100012], [-0.400954388999821, 5.48529630300015], [-0.400948609999944, 5.48557335600009], [-0.400830150999923, 5.48573451099998], [-0.400590665999914, 5.48587211099999], [-0.400406178999845, 5.48603457800004], [-0.40041983399982, 5.48613659400013], [-0.400543611999922, 5.48615877200018], [-0.400778883999863, 5.48610662800013], [-0.400865561999922, 5.48609017400003], [-0.400887479999881, 5.48618117000012], [-0.400821372999928, 5.48626105200015], [-0.400683747999892, 5.48632983400012], [-0.400614785999949, 5.48651447100008], [-0.400787979999905, 5.48664145700008], [-0.400958414999877, 5.48677671200016], [-0.400936245999901, 5.48693658400009], [-0.401018663999878, 5.48705245300016], [-0.401211289999935, 5.48700578000012], [-0.40142876599981, 5.48686815700017], [-0.401613104999967, 5.48685455700013], [-0.401819336999949, 5.48695676500006], [-0.402036628999838, 5.48700384800014], [-0.402174208999952, 5.48697917500016], [-0.40244944799997, 5.48685263700014], [-0.402719711999964, 5.48896186300004], [-0.402606846999959, 5.48903067100008], [-0.402502404999893, 5.48892856400005], [-0.402397963999874, 5.48882645900005], [-0.402260406999972, 5.48882632100003], [-0.402227209999978, 5.48901099400013], [-0.402229722999891, 5.48925083800009], [-0.402253990999952, 5.48974433100011], [-0.402289448999966, 5.4900531290001], [-0.402369129999897, 5.49015521000013], [-0.402404721999915, 5.4903289240001], [-0.402473283999882, 5.49054678000016], [-0.402542007999898, 5.49060198500001], [-0.40277296499994, 5.49074005600016], [-0.403196528999956, 5.49085350800016], [-0.403576108999914, 5.49093107800019], [-0.403815299999906, 5.49109121200013], [-0.403977458999918, 5.49125126800004], [-0.404057161999958, 5.49133129400008], [-0.404288099999974, 5.49149141900011], [-0.404414446999908, 5.49169830600005], [-0.404359023999973, 5.49210074500007], [-0.404301869999927, 5.49216960700005], [-0.404244714999834, 5.49223847100006], [-0.404130405999979, 5.49237619700011], [-0.403786374999925, 5.49251369500013], [-0.403524750999964, 5.49278084400009], [-0.403455916999917, 5.49283591100016], [-0.403227431999937, 5.49297628000011], [-0.403169599999956, 5.49303411500017], [-0.40299869699993, 5.49336751800013], [-0.403068794999967, 5.49342410300011], [-0.403138892999891, 5.49348068699999], [-0.403402844999903, 5.49364084500013], [-0.403597995999974, 5.49382298900008], [-0.403666615999953, 5.49398295300017], [-0.403666319999957, 5.49428068700013], [-0.403577950999932, 5.49461417300017], [-0.403588829999933, 5.49474099700018], [-0.40363543999996, 5.494900938], [-0.40364894399994, 5.49515457800004], [-0.403522299999906, 5.49524542500018], [-0.403362581999943, 5.4953968910001], [-0.403304738999964, 5.49546575300013], [-0.403169693999871, 5.49570546000012], [-0.403126283999939, 5.49578398600005], [-0.403045454999926, 5.49614366800017], [-0.40313595799995, 5.49643046699998], [-0.402864345999944, 5.49705599000015], [-0.402779495999937, 5.49713657100017], [-0.402938791999873, 5.49719566600015], [-0.40333210499989, 5.49786037100017], [-0.403358921999882, 5.49805586100018], [-0.403380034999941, 5.49820977200005], [-0.403463478999925, 5.49881807200012], [-0.403484496999909, 5.49897129700008], [-0.403532061999954, 5.49931803700002], [-0.403548006999927, 5.49943428000012], [-0.403640906999954, 5.50011150400019], [-0.403665841999896, 5.50029328100004], [-0.403770101999896, 5.50058009300017], [-0.403851062999934, 5.50078004200009], [-0.404036453999936, 5.50109588100003], [-0.404209586999968, 5.501289031], [-0.404300227999897, 5.50143798900007], [-0.404610920999914, 5.50163127500008], [-0.404806095999902, 5.5017913640001], [-0.40489944299992, 5.50198719100007], [-0.404986382999937, 5.50294052000015], [-0.404889195999942, 5.50307799500007], [-0.404815376999977, 5.50318241600007], [-0.404648279999833, 5.50341877900019], [-0.404489087999877, 5.50364396300017], [-0.404420596999898, 5.50374084600008], [-0.404342566999958, 5.5038512210001], [-0.403989477999858, 5.50435067900003], [-0.403905469999927, 5.50446950999998], [-0.4035759329999, 5.5049356510001], [-0.404186192999873, 5.50544627000016], [-0.404463586999896, 5.50592623099999], [-0.404732542999966, 5.50659364700016], [-0.404732177999847, 5.50696030100011], [-0.404674229999955, 5.50713392200004], [-0.404059926999821, 5.50791899800015], [-0.404004789999874, 5.50803197200008], [-0.403803750999941, 5.50823301700007], [-0.403602709999916, 5.50843406300004], [-0.403569598999923, 5.5085305180001], [-0.403604945999916, 5.5089509660001], [-0.40388929799991, 5.51042833299999], [-0.403960795999978, 5.51076805700006], [-0.404015477999963, 5.51111133400013], [-0.404114423999886, 5.51121067800017], [-0.404422484999884, 5.51128817599999], [-0.404730545999882, 5.51136567500009], [-0.404939726999942, 5.51127904500004], [-0.405148906999955, 5.51119241400011], [-0.405379894999953, 5.51130843099997], [-0.405511726999862, 5.51153737700014], [-0.405585557999927, 5.51199232300007], [-0.405521712999871, 5.51256291900006], [-0.405602630999908, 5.51280697600009], [-0.405683550999868, 5.5130510350001], [-0.405625604999955, 5.51322189900003], [-0.405501655999899, 5.51336512900002], [-0.405377707999946, 5.51350835900013], [-0.405338959999938, 5.51373989199999], [-0.405415767999898, 5.5139687840001], [-0.405605413999979, 5.51415919200008], [-0.405586020999976, 5.51429425600003], [-0.405415215999938, 5.51452290100002], [-0.405299567999975, 5.51461927300005], [-0.405232056999978, 5.51472534300012], [-0.405164544999934, 5.51483141299997], [-0.405106540999896, 5.51506016900009], [-0.405144926999981, 5.51519253400011], [-0.405260402999943, 5.51526984000014], [-0.405488945999934, 5.51507984900013], [-0.405565923999973, 5.51513781900013], [-0.405623471999945, 5.51536669100005], [-0.405738815999825, 5.51557632300018], [-0.405757732999973, 5.51592094300008], [-0.40617565499997, 5.5161915270001], [-0.406194458999948, 5.51664917500011], [-0.406348317999971, 5.51686160300011], [-0.406444557999862, 5.51691683500007], [-0.406518745999961, 5.51701339800013], [-0.406576292999944, 5.51724502600013], [-0.406691618999957, 5.51747395600006], [-0.406807022999942, 5.5176229380001], [-0.406922428999962, 5.51777192100013], [-0.407381693999866, 5.51797086900007], [-0.407610122999927, 5.5178966630001], [-0.407725601999971, 5.51797121199996], [-0.407876710999972, 5.51818363600017], [-0.408355354999969, 5.51826130300009], [-0.408564377999937, 5.51833594500005], [-0.40869897999994, 5.51854835200015], [-0.408698886999957, 5.51864208300015], [-0.408775694999918, 5.51887235300001], [-0.408852502999878, 5.51910262300009], [-0.408926691999966, 5.51919918500005], [-0.409138408999979, 5.51933172200012], [-0.409231836999822, 5.51944760100002], [-0.409289443999967, 5.51961995799996], [-0.409347049999951, 5.51979231600001], [-0.409384659999944, 5.52071036900003], [-0.409708986999931, 5.52103875200015], [-0.409823108999888, 5.52109538000019], [-0.409937230999901, 5.52115200700018], [-0.410033392999878, 5.52128718600011], [-0.410148605999893, 5.52163190100009], [-0.410225565999951, 5.52170916800003], [-0.410338313999887, 5.52176441700004], [-0.410596998999893, 5.52169988800011], [-0.410826589999942, 5.52184346900003], [-0.411028676999877, 5.52197737500006], [-0.411138568999945, 5.52214013500003], [-0.411449360999882, 5.52224520200014], [-0.412078443999974, 5.52322173400012], [-0.412155270999961, 5.52343408400009], [-0.412155159999941, 5.52354711300012], [-0.41230627199991, 5.5237595370001], [-0.412461458999871, 5.52392577800009], [-0.413325890999886, 5.52489186900016], [-0.413243240999975, 5.52500378300005], [-0.41305052499996, 5.52513040600013], [-0.412802936999867, 5.52509983600004], [-0.412706416999811, 5.52532855600015], [-0.412744576999955, 5.52569249300018], [-0.41263143399982, 5.52603698200016], [-0.412631339999905, 5.52613346900006], [-0.41266836899996, 5.52624791400018], [-0.41270539899989, 5.52636235800009], [-0.412820877999934, 5.52643966300019], [-0.4130491599999, 5.52651707899997], [-0.413068308999925, 5.52663012700009], [-0.412878315999819, 5.52678432100009], [-0.412820424999893, 5.52690004900006], [-0.413010077999957, 5.52709045600011], [-0.413009852999949, 5.527319272], [-0.412877599999945, 5.52751211700007], [-0.412877488999925, 5.5276251460001], [-0.41308643699989, 5.52777973400009], [-0.413243016999957, 5.52802800100011], [-0.413336241999957, 5.52835339600017], [-0.413403544999937, 5.52845960000008], [-0.413470846999928, 5.52856580400015], [-0.413586345999875, 5.52862381100005], [-0.413814800999944, 5.52852754800017], [-0.413930317999927, 5.52856625700008], [-0.414007242999958, 5.52867936300004], [-0.414196932999857, 5.52883393100001], [-0.414177578999954, 5.52893040000009], [-0.414006790999906, 5.52913974900008], [-0.413890782999943, 5.52960002100002], [-0.413929075999874, 5.52982887400003], [-0.414285889999917, 5.53070313400008]]]]}, "properties": {"REGION": "Greater Accra", "DISTRICT": "Weija Gbawe"}}]}