{"type": "FeatureCollection", "features": [{"type": "Feature", "geometry": {"type": "MultiPolygon", "coordinates": [[[[-2.90829121699994, 6.0415873980001], [-2.90824542299987, 6.04128295900006], [-2.90819959899989, 6.04084664800007], [-2.90823399399989, 6.04053654600017], [-2.90836031699996, 6.04013467600015], [-2.90842831599997, 6.03980802300003], [-2.90847506499995, 6.03958345300009], [-2.90849798399989, 6.03889426500012], [-2.90865859999997, 6.03806734100004], [-2.90873910299996, 6.0375620480001], [-2.90880806299998, 6.03712559200005], [-2.90879644099988, 6.03664318099999], [-2.90878514299993, 6.03624145000009], [-2.90885405999995, 6.03580508100009], [-2.9089803789999, 6.03524219200017], [-2.90900351899995, 6.03503372700004], [-2.90903774699996, 6.03472535500015], [-2.90906067099991, 6.03419710100013], [-2.90910671199981, 6.03374918800012], [-2.90917563599993, 6.03346212700006], [-2.90927887699991, 6.03300273300005], [-2.90937069499989, 6.0326582460001], [-2.90938215599994, 6.03239394600007], [-2.90935928999994, 6.03199199700009], [-2.90927888199991, 6.03158999100003], [-2.90904389899993, 6.03114592800017], [-2.90889797899996, 6.03085630999999], [-2.90870863899983, 6.0305813490001], [-2.90862506299993, 6.03037263300007], [-2.90849890599998, 6.03010842800012], [-2.90836145799994, 6.02976388200005], [-2.90830541999992, 6.02961113399999], [-2.90815499999991, 6.02920112700014], [-2.90807475099996, 6.02868425400004], [-2.90805191699991, 6.02782301500014], [-2.90793705399994, 6.02721915100005], [-2.90791426499993, 6.02709934400002], [-2.90776517099994, 6.02673176200017], [-2.90744401399991, 6.02635289900019], [-2.90721464599994, 6.02608866700018], [-2.90710004299996, 6.02589343400007], [-2.90692797399993, 6.02557191300002], [-2.90679027199997, 6.02522745400006], [-2.90669849899996, 6.02488274700005], [-2.90665263199998, 6.02455544500015], [-2.90660676399989, 6.02422814400012], [-2.90651497399995, 6.02395232200007], [-2.90656092399985, 6.0237114090001], [-2.90668424499984, 6.02350924800015], [-2.90679059899992, 6.02327490800013], [-2.90703154799996, 6.02314856600015], [-2.90727249599991, 6.02302222399999], [-2.90784609899987, 6.02287306300002], [-2.90809849599998, 6.02271236700005], [-2.90847715599995, 6.02237936100005], [-2.90867786499996, 6.02228166000003], [-2.90887857399991, 6.02218396000012], [-2.90940624399997, 6.02203470000018], [-2.90968171699996, 6.02194306600006], [-2.91000273999987, 6.02181657200009], [-2.91009464299992, 6.02173057400006], [-2.90934937799989, 6.01954264400007], [-2.90899008999992, 6.01807810400004], [-2.90759238599992, 6.01238062100015], [-2.90756562399991, 6.01193251700005], [-2.90763420999991, 6.01158099300005], [-2.90757590699997, 6.01123815200003], [-2.90706744499994, 6.01077958600013], [-2.90665957999994, 6.01049808699997], [-2.90623002599989, 6.01010192300009], [-2.90577128999996, 6.00964233700006], [-2.90566805799995, 6.00948150500011], [-2.90556482599993, 6.00932067500008], [-2.90553042299985, 6.00883859900017], [-2.90551905299998, 6.00857412100015], [-2.90538143699996, 6.00826401500007], [-2.90527836499996, 6.00790815200003], [-2.90534720899996, 6.00696633899997], [-2.90549655699988, 6.00586959899999], [-2.90570223299994, 6.00520317500013], [-2.90588113399991, 6.00462350700013], [-2.90537043999984, 6.00454314000012], [-2.90509517299989, 6.00453144200003], [-2.90484276399997, 6.0046004300001], [-2.90446430899993, 6.00483010200008], [-2.90422328599988, 6.00493349300018], [-2.90386770599991, 6.00501377600017], [-2.90345478599988, 6.00515160600003], [-2.9031448749999, 6.00539266300018], [-2.9028809379999, 6.00578295400004], [-2.90232446699997, 6.00623664700004], [-2.90219250599989, 6.00632265300004], [-2.90190579299997, 6.00649500200018], [-2.90138470199992, 6.00676532300008], [-2.90114879599997, 6.00662111000014], [-2.90084964899989, 6.00665906100016], [-2.90049469299993, 6.00649474000016], [-2.90000143999987, 6.00616167200013], [-2.89942799099992, 6.00580546000015], [-2.89911255899995, 6.00563886200018], [-2.89879712599998, 6.00547226499998], [-2.89831544099991, 6.00530008700014], [-2.89783365299991, 6.00518517000012], [-2.89738624999995, 6.00513910400008], [-2.89692725899988, 6.00516187799997], [-2.89650279299985, 6.00505864400014], [-2.89596014199998, 6.00473210200016], [-2.89547422699991, 6.00459085000017], [-2.89055126499983, 6.00123458200011], [-2.88708844399991, 5.99898813000004], [-2.88725809699991, 5.99850156000014], [-2.8875852029999, 5.99817150200016], [-2.88816936899991, 5.99778373600003], [-2.88838881299995, 5.99735497600011], [-2.88871570999993, 5.99685571900011], [-2.88884770099992, 5.99653425700012], [-2.88885899199994, 5.99645370800016], [-2.88895070699994, 5.99607512200009], [-2.88909997399992, 5.99578804300006], [-2.8892029729999, 5.99548949900003], [-2.88916862199983, 5.99517937400003], [-2.88893933799994, 5.99500743300013], [-2.88867510599994, 5.99465463300004], [-2.88845765999997, 5.99428407100015], [-2.88850361899995, 5.99404281300008], [-2.88864113199998, 5.99352629800006], [-2.88895224599997, 5.99334082200016], [-2.88905385699991, 5.99318182500008], [-2.88899665399981, 5.99279152700007], [-2.88879017099987, 5.99244703400012], [-2.88873286299992, 5.99211408300016], [-2.88882472199987, 5.99168943000012], [-2.88904218199991, 5.99144560100012], [-2.88909977599997, 5.99083981100006], [-2.88892775099987, 5.99059878700001], [-2.88885898099994, 5.99020852700005], [-2.88862966099992, 5.98987539300003], [-2.88849221599997, 5.98976065500011], [-2.88830875899993, 5.98963427900014], [-2.88807916799993, 5.98962292800019], [-2.88797617699993, 5.98976079500017], [-2.88782695099991, 5.98990984400012], [-2.88764355299992, 5.98987543000015], [-2.88725366299991, 5.98966873700016], [-2.88713663899983, 5.98961856200003], [-2.88701279099996, 5.98956546200009], [-2.8868522969999, 5.98931303000012], [-2.88678354199993, 5.98901456100003], [-2.88681788899993, 5.98850942400009], [-2.8868178699999, 5.98842891300006], [-2.8868293889999, 5.98796970600017], [-2.88671468399991, 5.98754511800007], [-2.88668022399997, 5.98745318900018], [-2.88663449499995, 5.98695952000008], [-2.88663435899991, 5.98684465300011], [-2.88660011199994, 5.98648880400003], [-2.88658851999998, 5.98615569400005], [-2.88658854599987, 5.98607552900006], [-2.88648853999996, 5.98593883400002], [-2.88640525299996, 5.98584573600016], [-2.88613495499982, 5.98546981600009], [-2.88625599799997, 5.98500782100018], [-2.88623268999993, 5.98457612600009], [-2.88621012599998, 5.98415818600012], [-2.88622167599988, 5.98407772200005], [-2.88628339399992, 5.98379990600017], [-2.88626765799995, 5.9836358340001], [-2.88621014099982, 5.98343488500007], [-2.88606103399991, 5.98321685600007], [-2.88565666099993, 5.98335381999999], [-2.88540985299994, 5.98339336400011], [-2.88514383599988, 5.98332006300012], [-2.88486866199992, 5.98318237400002], [-2.88460494999987, 5.98323976600017], [-2.88430663599996, 5.98325129500012], [-2.88422640699991, 5.98320524500008], [-2.88403148799995, 5.9830331820001], [-2.88372180699997, 5.98268869500015], [-2.88359571399997, 5.98251652500011], [-2.8834696209999, 5.98234435600017], [-2.88305695999998, 5.98222944000008], [-2.88272426999987, 5.98216057500014], [-2.88256375299994, 5.98198839300011], [-2.88257519499996, 5.98171281000015], [-2.88279140499992, 5.98116904100016], [-2.88284002499995, 5.98077339400004], [-2.8826957899999, 5.98047994300015], [-2.88234605199995, 5.98020886600005], [-2.88228293599997, 5.98010562500008], [-2.88221982199997, 5.98000238300011], [-2.88195601699982, 5.97955440800007], [-2.88191011399994, 5.97948567900016], [-2.88171166299992, 5.97929788300007], [-2.88164641199995, 5.97899198100015], [-2.88138267699998, 5.97872775900015], [-2.88125668699996, 5.97857862100005], [-2.88123689899993, 5.97845382600013], [-2.88125343799993, 5.97819049999998], [-2.8812795959999, 5.97795856800019], [-2.8813483809999, 5.9776256990001], [-2.88135989399996, 5.97753395500013], [-2.88134826999988, 5.97744194600006], [-2.8813024879999, 5.97700588200007], [-2.88113633999995, 5.97670735600002], [-2.88093572799994, 5.97646629500008], [-2.88079810299985, 5.97638573899997], [-2.88060302399987, 5.97631700300013], [-2.88017312599993, 5.97645486900018], [-2.88002982699987, 5.97650082300009], [-2.87961707099993, 5.97668435200006], [-2.87915813699993, 5.97671872900003], [-2.87876827599996, 5.97659245000011], [-2.87843588699997, 5.97621359300013], [-2.87829589299992, 5.97608581700001], [-2.87812632499993, 5.97598405400004], [-2.87795434899994, 5.97575430300014], [-2.87675095499992, 5.97468490300014], [-2.87454884499988, 5.97446194600008], [-2.86591613099995, 5.97365539800012], [-2.86508635799987, 5.97357786600008], [-2.86292854999994, 5.97337623800013], [-2.86019889599987, 5.97311206699999], [-2.85536596999992, 5.9727074330001], [-2.85373938999993, 5.97257123900005], [-2.85129682899998, 5.97225044200002], [-2.83514524399993, 5.97092684500006], [-2.82803261599992, 5.97029765800011], [-2.81742596299995, 5.96929610000001], [-2.81470680499996, 5.96911859200009], [-2.81258253399994, 5.96887130500016], [-2.80258727599994, 5.96815528900004], [-2.80137195499998, 5.96806821700011], [-2.79280047499998, 5.96720033200017], [-2.79039229899996, 5.96695647400009], [-2.78956959799984, 5.96694100800005], [-2.7889350449999, 5.96688807700002], [-2.78283051199992, 5.96637883400007], [-2.77753921199991, 5.96593737300003], [-2.77568509699989, 5.96579033800003], [-2.76651161099988, 5.96502438300018], [-2.76215483099992, 5.96466055000019], [-2.75498858699996, 5.96406217300012], [-2.75390459799996, 5.963971652], [-2.75348868199984, 5.96393691900005], [-2.74979535899996, 5.96360730900017], [-2.73854565099987, 5.97471938000007], [-2.73309379199998, 5.98010433899998], [-2.73178349099993, 5.98139854000004], [-2.72442760299998, 5.98924482400002], [-2.72247014699991, 5.98876451200005], [-2.72165358999996, 5.98856414600016], [-2.71713804299998, 5.98762695200008], [-2.71691565699996, 5.98761052600014], [-2.70641212599998, 5.98525381100012], [-2.69651112099996, 5.98296367500012], [-2.69413796899994, 5.98241472600012], [-2.68875902399998, 5.98122129000012], [-2.68362053599998, 5.98008114800012], [-2.67430036799993, 5.97774494200007], [-2.67135451899992, 5.97705459200017], [-2.66838164499995, 5.97635788900016], [-2.66443205199994, 5.97543226100015], [-2.66496050699988, 5.97522673500004], [-2.66502967699989, 5.97508899499996], [-2.66508740599988, 5.97495129100014], [-2.66520286799994, 5.97473349500007], [-2.66537573399995, 5.97446953800016], [-2.66577767699988, 5.97429832400019], [-2.66613333299995, 5.97432204900014], [-2.66627099199997, 5.97433403300005], [-2.66643178799995, 5.97434594600003], [-2.66660366499985, 5.97438090700018], [-2.66678752799987, 5.974312317], [-2.66699420399993, 5.97427836200012], [-2.66717787899995, 5.97423285300005], [-2.66733879499992, 5.97419877900006], [-2.66757968599995, 5.97413053200017], [-2.66774056699995, 5.97408509100006], [-2.66798180199993, 5.97401658500007], [-2.66822313899991, 5.97392543000007], [-2.66842971099993, 5.97385702800011], [-2.66856764199997, 5.97378831899999], [-2.66880896099997, 5.97366271700008], [-2.66900433099988, 5.97355964400003], [-2.66923407299987, 5.97344535800016], [-2.6693202059999, 5.97339962700016], [-2.66940633999991, 5.97335389500012], [-2.66962474399998, 5.97321656400004], [-2.66985475999991, 5.97307945600005], [-2.67002709699995, 5.97301090100018], [-2.67016511299994, 5.97294236300019], [-2.67032600699991, 5.97281622900005], [-2.67046378499992, 5.97278222500006], [-2.67068211799989, 5.97262198600004], [-2.67096431699997, 5.97255898300006], [-2.67100436899989, 5.97232390400006], [-2.67113104599997, 5.97217496600018], [-2.67122305899989, 5.97202587600009], [-2.67131529699998, 5.97192260000008], [-2.67148800499996, 5.97169334800014], [-2.67154261299993, 5.97153149000007], [-2.67170698299986, 5.97129172000012], [-2.67176462499992, 5.97115401600007], [-2.67184543899987, 5.97102778100003], [-2.67177401399988, 5.97089305800017], [-2.67185197999987, 5.97067795100003], [-2.67193354299997, 5.97045292100006], [-2.67202380799995, 5.97020387800018], [-2.67222411699993, 5.96965122900002], [-2.67229928499995, 5.96944384000017], [-2.67237355899994, 5.96923891900019], [-2.67246254499992, 5.96899340700014], [-2.67254908899997, 5.96875463300006], [-2.67261960299987, 5.96856008400005], [-2.67270392099994, 5.96832745300009], [-2.67279178899992, 5.96808502400017], [-2.67302064199993, 5.96745361900008], [-2.67325790899991, 5.96733255300018], [-2.67360301099995, 5.96715646299998], [-2.67381835299994, 5.96704658400006], [-2.67428458599989, 5.96680868600009], [-2.67447648099994, 5.96671077100007], [-2.67485137399996, 5.96678443400003], [-2.6751846009999, 5.96664735600007], [-2.67506627099988, 5.96640982600013], [-2.67528590099994, 5.96629775899999], [-2.67588064099994, 5.96599428700011], [-2.67647108399996, 5.96619115300007], [-2.67670073699998, 5.96613430600007], [-2.67687284699997, 5.96607728900005], [-2.67703368999997, 5.96602030600008], [-2.67720367899983, 5.96577698800019], [-2.67760837899993, 5.96566547600003], [-2.67772349299992, 5.96550503400005], [-2.67782714899988, 5.96536753400005], [-2.67797716199988, 5.96511492600013], [-2.67793949699995, 5.96472375800005], [-2.67801042699995, 5.96462223000003], [-2.67811557299996, 5.96447172600017], [-2.67837538099997, 5.96409984200017], [-2.67849462399988, 5.96396340300015], [-2.67874006799985, 5.96368256200009], [-2.67915249199996, 5.96321065800009], [-2.67922169299993, 5.96308454400014], [-2.67938247699988, 5.96292396199999], [-2.67954406599995, 5.96266029700013], [-2.67957902899997, 5.96247633100018], [-2.67961407699994, 5.96223535500013], [-2.67962605799988, 5.9620170980001], [-2.67964954499996, 5.96176436000019], [-2.67965022199991, 5.96153451200018], [-2.6796737439999, 5.96129331200012], [-2.6796971789999, 5.96105211300011], [-2.67969804499995, 5.96079935800009], [-2.67971015899991, 5.96051194900002], [-2.67974520799987, 5.96027097300015], [-2.67977421299997, 5.96012164400014], [-2.67980321799996, 5.95997231500013], [-2.67983806099994, 5.95977715400005], [-2.67989597399992, 5.95961628400005], [-2.67993093799987, 5.95943266100005], [-2.67997730899998, 5.95929473300004], [-2.68008124999989, 5.95899628000012], [-2.68015532399988, 5.95883429400004], [-2.68014879699996, 5.95858368100016], [-2.6802008329999, 5.95838382000005], [-2.6802480799999, 5.95820235100007], [-2.68027892399988, 5.95808388600011], [-2.68052711099983, 5.95713064500001], [-2.68173189799995, 5.95520899700017], [-2.68178233899994, 5.95343991700003], [-2.6834240959999, 5.94863002600005], [-2.68284076899994, 5.94344653700006], [-2.68278359999994, 5.94328550100005], [-2.68272672499984, 5.94313608900012], [-2.68264695099981, 5.94295195600006], [-2.68256697399994, 5.94281389600019], [-2.68246433799987, 5.94254965800019], [-2.68235000599992, 5.94234246400009], [-2.68224736799988, 5.94207770800006], [-2.68211019399996, 5.94193947700006], [-2.68204151999981, 5.94181292300004], [-2.68189293999995, 5.94162874000017], [-2.68180142199992, 5.94151379400012], [-2.68168681799995, 5.94138712000012], [-2.68157231899988, 5.94129489300019], [-2.68146161799996, 5.94113820600012], [-2.68126339599991, 5.94096075100009], [-2.68111445899984, 5.94085700300019], [-2.68097723499994, 5.94073039700004], [-2.68071470899997, 5.94058991300011], [-2.68061058699988, 5.94053395900011], [-2.68045027899996, 5.94039579800011], [-2.68037465399993, 5.94024252500014], [-2.68031305099987, 5.940153968], [-2.68022193399997, 5.93993299700014], [-2.6802221939999, 5.93977481299999], [-2.6794955929999, 5.93846086800011], [-2.67906043599987, 5.93842527200019], [-2.67890875499995, 5.93813807600003], [-2.67871952099995, 5.93808503800005], [-2.67846604099998, 5.93801399200004], [-2.67832781299995, 5.93788349300019], [-2.67816750599991, 5.93774533100014], [-2.67794967799989, 5.93769862800008], [-2.67774329299988, 5.93770976000013], [-2.67764014099987, 5.93768647600012], [-2.67693028799994, 5.93717924499998], [-2.67671225699985, 5.93723614100008], [-2.67641935399996, 5.93753523300018], [-2.67627517199992, 5.93769431699997], [-2.67617146799995, 5.93790079500019], [-2.67611352099993, 5.93810739400016], [-2.67609002899997, 5.93835987400007], [-2.67611244999995, 5.93857828500012], [-2.67618050599998, 5.93878510400009], [-2.67623732899989, 5.9390034110001], [-2.67628279999991, 5.93922183800015], [-2.67630499599989, 5.93945161800002], [-2.67633890699994, 5.93965845400004], [-2.67636136199997, 5.93988823300015], [-2.67636049199996, 5.94014090400003], [-2.67637159299989, 5.94037045800019], [-2.67638245399991, 5.94057736400003], [-2.67637041799998, 5.94080690300012], [-2.67634668599987, 5.94103656300013], [-2.67628872199987, 5.94126598300011], [-2.67620793199995, 5.94148427600015], [-2.67612717499992, 5.9417135060001], [-2.67608675299994, 5.94182825100006], [-2.67604633199988, 5.94194299500015], [-2.67597680899991, 5.94216116799998], [-2.67589582899996, 5.94240202500015], [-2.6758036999999, 5.9425971010001], [-2.67568827999992, 5.94276891100009], [-2.67556174799995, 5.94296383300008], [-2.67545804299988, 5.94317031200018], [-2.67538874299993, 5.94337685800008], [-2.67531914899996, 5.94357195300012], [-2.67521559999989, 5.94380125100008], [-2.67514626399986, 5.94399660300007], [-2.67507692699996, 5.94419135200013], [-2.67500743799991, 5.94442106500003], [-2.67488059599998, 5.94462735500002], [-2.67475409899993, 5.94483381700007], [-2.67463879799988, 5.94501716600007], [-2.67452375599987, 5.94520051300003], [-2.67441998099997, 5.94538408500011], [-2.67430471599994, 5.94557897300007], [-2.67421253499998, 5.94578541600004], [-2.67412014899998, 5.94598049400003], [-2.67403928699991, 5.94617562200017], [-2.67393558199996, 5.9463820150001], [-2.67393224199986, 5.9466129700001], [-2.67392906799995, 5.94683245000016], [-2.67360113899991, 5.94702434300012], [-2.67338240699985, 5.947391176], [-2.67287580699985, 5.94815941200017], [-2.67191072799994, 5.94868506700004], [-2.67119916699994, 5.94891293399996], [-2.67095790799988, 5.94896964000009], [-2.67049910999992, 5.94904896400004], [-2.67026965099996, 5.94908272700008], [-2.66993491499989, 5.94920741700008], [-2.66962658699993, 5.9493222700001], [-2.66922462799982, 5.94953946800013], [-2.66902931599998, 5.94968809400018], [-2.66894306599988, 5.94977985400016], [-2.66874142799998, 5.95005487600014], [-2.66849943499994, 5.95046793800003], [-2.66839579599997, 5.95069723800003], [-2.66828056199995, 5.95090366400001], [-2.66815368199985, 5.9510986730001], [-2.66801560299996, 5.95131645099997], [-2.66787726599989, 5.95153405700006], [-2.66775057499996, 5.95176342600013], [-2.66762395199987, 5.95195834800006], [-2.66750864899996, 5.95214195500006], [-2.66733616499988, 5.95235966400008], [-2.66716342399997, 5.95257737400016], [-2.6670252749999, 5.95277233100018], [-2.66687578999989, 5.95294415600011], [-2.66670328899994, 5.95312741800018], [-2.66655376799997, 5.9532877040001], [-2.66641561899991, 5.95348266000008], [-2.66624279299992, 5.953757897], [-2.66611613399994, 5.95394127900011], [-2.66596664899993, 5.95411319100009], [-2.66579426599992, 5.95425063900012], [-2.6656447449999, 5.95441092400017], [-2.66547208699984, 5.95457127900016], [-2.66533409299996, 5.95473178800006], [-2.66520751999997, 5.95491517000011], [-2.66510355199989, 5.95512164900009], [-2.66498838499996, 5.95535098400012], [-2.66490743299994, 5.95554602600009], [-2.66482663599982, 5.95576397400004], [-2.66472277199995, 5.95600490000004], [-2.66460753499996, 5.95621132800005], [-2.66444652299998, 5.95638301500014], [-2.66425137999983, 5.95647454400017], [-2.66405620199993, 5.95655444800002], [-2.66383795499991, 5.95665706900007], [-2.66365411499987, 5.95676019000018], [-2.66353021999993, 5.95685433000017], [-2.66330932899996, 5.95705773300006], [-2.66314819499996, 5.95721805300013], [-2.66298733699995, 5.95735546500015], [-2.66280352899992, 5.95746986700004], [-2.66261942899996, 5.95757264400009], [-2.66251045999991, 5.95761831400011], [-2.66240149099997, 5.95766398300009], [-2.66220508699996, 5.95778747800011], [-2.66201080799988, 5.95791567700013], [-2.66194594899986, 5.95803759300009], [-2.66190714799984, 5.95811052900012], [-2.66184895399982, 5.95835157600004], [-2.66181408699987, 5.95856964500007], [-2.66172897699994, 5.95882719600013], [-2.66164335299993, 5.9589836020001], [-2.66153298299997, 5.95913322500019], [-2.66144357999985, 5.95919938200007], [-2.66129057399996, 5.95930736800011], [-2.66115792099993, 5.95940636100005], [-2.66102000999996, 5.95956686900018], [-2.66080514999987, 5.95990945400018], [-2.66070917299993, 5.96000613000018], [-2.66049322299989, 5.96022364900017], [-2.66032934999993, 5.96046069900007], [-2.66019111799994, 5.96062781000012], [-2.66014176299996, 5.96071475100013], [-2.6600646579999, 5.96085057600004], [-2.66000661799995, 5.96105717600011], [-2.65997178499993, 5.96128687000009], [-2.6599595379999, 5.9615048710001], [-2.65994758399995, 5.96173449700012], [-2.65990119099996, 5.96195260100001], [-2.65983172799997, 5.96219368100009], [-2.65971640399994, 5.9624001090001], [-2.65957830199989, 5.96258352500018], [-2.65941735499996, 5.96272093700003], [-2.65923363199988, 5.96283533800016], [-2.6590268729999, 5.96292664300017], [-2.6588088289999, 5.96298353400016], [-2.65860196599994, 5.96304030500016], [-2.65838402599991, 5.96313164400016], [-2.65827488399987, 5.96317731300013], [-2.65816574199988, 5.96322298300015], [-2.65797037099998, 5.96332579300014], [-2.65779811999994, 5.96345169800014], [-2.65762573199987, 5.96358888600014], [-2.65744176699997, 5.96373773500011], [-2.65726913899994, 5.96390962900011], [-2.65710830999996, 5.96405840800008], [-2.65694717299988, 5.96421872700012], [-2.65679764799995, 5.96437927000017], [-2.65663666499995, 5.96456249600004], [-2.65646407099996, 5.96474601600016], [-2.65630301899995, 5.96490633499997], [-2.65614206899994, 5.96504348800005], [-2.65593542999994, 5.96514633100014], [-2.65571755699995, 5.96508859800008], [-2.65561490599987, 5.96490427000009], [-2.65555808599987, 5.96468613200017], [-2.65553856899993, 5.96458223000008], [-2.65551271999993, 5.96444462100015], [-2.65518216799995, 5.96369742200005], [-2.65503334699997, 5.96354767900004], [-2.65485018899994, 5.96342086100003], [-2.65465553999996, 5.96330544500006], [-2.65444938199988, 5.96322451100008], [-2.65425454299992, 5.96313226100011], [-2.65408292899986, 5.96298258499996], [-2.65391107299985, 5.9628670140001], [-2.65372788199994, 5.96272874200002], [-2.65355630199997, 5.96259060700004], [-2.65346470599997, 5.96252142800012], [-2.6533731099999, 5.96245224800009], [-2.65317854799997, 5.96227947600016], [-2.65301842499997, 5.96211822700008], [-2.65285830299996, 5.9619569780001], [-2.65270944799988, 5.96179586700003], [-2.65254932499988, 5.96163461700019], [-2.65238920299987, 5.9614733680001], [-2.65222889199993, 5.96133519800003], [-2.65205727899996, 5.96118552300015], [-2.65134930499988, 5.96062999200012], [-2.65103601099997, 5.96061350800016], [-2.65072198899986, 5.96022890100005], [-2.65050423399987, 5.95984400700019], [-2.64990212899988, 5.95970122900007], [-2.64943394299996, 5.95977368700005], [-2.6491082789999, 5.95982408800006], [-2.64870021999991, 5.96018675800002], [-2.64812253999997, 5.9601643900001], [-2.64784812499994, 5.9601542210001], [-2.64752079299996, 5.96014209200007], [-2.64647859799993, 5.95975401600009], [-2.64608026999991, 5.95985498499999], [-2.64586624799989, 5.96007635100005], [-2.64575241799997, 5.96019408800009], [-2.64550905599992, 5.96044580100005], [-2.64528140099992, 5.96058966500004], [-2.64489870599988, 5.96073029200005], [-2.6435422699999, 5.96136202100018], [-2.64315740899997, 5.96147205600016], [-2.64193165999995, 5.96182250700008], [-2.64163481299983, 5.96209247600012], [-2.64129311099987, 5.96240323800009], [-2.64073765099994, 5.96300932800017], [-2.63997385099998, 5.963582153], [-2.63846164499989, 5.96471625200019], [-2.63820783499995, 5.96489415300005], [-2.63798327999996, 5.96508496700005], [-2.63788149499987, 5.96517956900004], [-2.63775938199996, 5.96536268600016], [-2.63654396599998, 5.96604398400007], [-2.6360688339999, 5.96633599100016], [-2.63584949199998, 5.96675509900018], [-2.63569342399984, 5.96681606300007], [-2.63470141499994, 5.96718858900016], [-2.63436904899993, 5.96747050600015], [-2.63426135099991, 5.96756185700013], [-2.63361248399997, 5.96799386300017], [-2.63218269999987, 5.96906244100012], [-2.62944846299996, 5.96957363400008], [-2.62933105299993, 5.96959203199998], [-2.62398911599996, 5.97042903900007], [-2.62276059799996, 5.97007120800004], [-2.62214250599993, 5.96993931200012], [-2.62186952499991, 5.96988105900004], [-2.62143545599997, 5.96959317500017], [-2.62101547699996, 5.96876004800009], [-2.6205660359999, 5.96781108300019], [-2.61990835499995, 5.96699292700015], [-2.61960677199994, 5.96678837600018], [-2.61885045299988, 5.96627539400004], [-2.61871633699997, 5.96614190200017], [-2.6176676799999, 5.96509811500005], [-2.61699089499996, 5.96411212300018], [-2.61677350999997, 5.96384769400004], [-2.61621769999994, 5.96307821799996], [-2.61557141299983, 5.96226919100013], [-2.61352016299992, 5.96275196100009], [-2.61055484199989, 5.96197710100012], [-2.60985501799996, 5.96202219800017], [-2.60723856999994, 5.96219079100018], [-2.60715771499991, 5.96239719800013], [-2.60697268899997, 5.96286760900006], [-2.60689212399996, 5.96308555500013], [-2.60677663799993, 5.96330334500004], [-2.60663865399994, 5.96347538400016], [-2.60651179899992, 5.96365876000004], [-2.60631470599998, 5.96375076000004], [-2.6061098319999, 5.96383001900011], [-2.60590326799996, 5.96387523100015], [-2.60570807399995, 5.96395520200008], [-2.60551278899987, 5.96409244500018], [-2.60544947399995, 5.96417844700017], [-2.60538615899998, 5.96426445000009], [-2.60528238799992, 5.96445938500011], [-2.60520149899997, 5.96465442300013], [-2.6051321679999, 5.96486079700014], [-2.60503992499991, 5.96505586900008], [-2.60495906799997, 5.96526227700014], [-2.60486510199996, 5.96560523199997], [-2.60455804799994, 5.96588010700009], [-2.60416565999998, 5.96597223700007], [-2.60394729299992, 5.96604064900004], [-2.6037407959999, 5.96610911300002], [-2.60354556599992, 5.96617720000006], [-2.60333868599986, 5.96629156700004], [-2.60315489299984, 5.96641749300016], [-2.60298259099994, 5.96653184600012], [-2.60277561899989, 5.96670356900017], [-2.60260315999994, 5.96685237000014], [-2.6024536139999, 5.96701264400008], [-2.60229229799995, 5.96720765900017], [-2.60214271799993, 5.96735630800009], [-2.60199348199984, 5.96750529900009], [-2.60183228999989, 5.96765406700013], [-2.60168277799988, 5.96782613900018], [-2.60148268399996, 5.96802787000007], [-2.60134908599997, 5.96816969600007], [-2.60117659199994, 5.96830712899998], [-2.60102701199997, 5.96845586300003], [-2.60088891899994, 5.96865081100003], [-2.6007395979999, 5.96879980199998], [-2.60063579199993, 5.96898311000007], [-2.60035873699985, 5.96963705100006], [-2.60024586599991, 5.96990346600018], [-2.60008168299993, 5.97029099299999], [-2.59987490599997, 5.97038227799999], [-2.5995531879999, 5.97052496700019], [-2.59922555599996, 5.97048644300003], [-2.59900283899992, 5.97046025400005], [-2.5988082259999, 5.97035644200002], [-2.59860184299987, 5.97028676800011], [-2.59839526999991, 5.97024051800003], [-2.59817749299992, 5.97021686500011], [-2.59795968299994, 5.97018167100003], [-2.59774187399995, 5.97014673600006], [-2.59750114999991, 5.97010006800014], [-2.59730634599987, 5.97001907800018], [-2.59713449599997, 5.96990383100012], [-2.59691665299988, 5.96985726899999], [-2.59652725099983, 5.96970682700015], [-2.59616075499997, 5.96947613999998], [-2.59600057599994, 5.96929196200006], [-2.59592078899993, 5.96909652800002], [-2.59585739599993, 5.96898627400014], [-2.59579517499998, 5.96887806000007], [-2.59566962699989, 5.96868250000006], [-2.59550944899996, 5.96849832300018], [-2.59537240799995, 5.96831407700006], [-2.59524660299991, 5.9681185180001], [-2.59513260199998, 5.96790001600016], [-2.59502988199984, 5.96771593], [-2.59485843599992, 5.96753178400007], [-2.59465198699991, 5.96743928600006], [-2.59370016899993, 5.96733318500009], [-2.59328744599998, 5.96729769300015], [-2.59308097199994, 5.96728563000011], [-2.59287456499993, 5.96729673400017], [-2.59266796499998, 5.96733040200007], [-2.59244985399988, 5.96739881000008], [-2.59173713999996, 5.96766448700009], [-2.59137562399997, 5.96784864400018], [-2.59104870399995, 5.96801517900019], [-2.59092211199993, 5.96820696200012], [-2.59049543599997, 5.96896677500007], [-2.59035741099996, 5.96912727100016], [-2.59018474199996, 5.96926470200009], [-2.58998954099997, 5.96934441200011], [-2.58980567699996, 5.96944126400012], [-2.58963343599981, 5.96958459700016], [-2.58947229199987, 5.96972208000011], [-2.58932274099993, 5.96988235200001], [-2.58914751399993, 5.97017478600009], [-2.58910391899997, 5.97027233600016], [-2.58895368599997, 5.97067374800014], [-2.58887278999993, 5.97086887200015], [-2.58875301799998, 5.97118295500007], [-2.58853191099996, 5.97161169100002], [-2.58831006399993, 5.97178357000013], [-2.58798615699993, 5.97201511600014], [-2.58775676099998, 5.97204884700017], [-2.58755034999996, 5.97205960600007], [-2.58735490399994, 5.972174021], [-2.58717414299997, 5.97241186499997], [-2.58703269899991, 5.97259797600003], [-2.58691742799988, 5.97280439600007], [-2.58667517399994, 5.97318290700002], [-2.58627971599998, 5.97350181500013], [-2.58616658099993, 5.97374697900017], [-2.58582078599994, 5.97449632300015], [-2.58539394399997, 5.97475441300003], [-2.58464080999988, 5.97455109600014], [-2.58400636599981, 5.97398783600011], [-2.58332463999989, 5.97361007600011], [-2.58288867899995, 5.97363174100019], [-2.58267030499991, 5.97370014700016], [-2.58258113399984, 5.97371768000011], [-2.58244093899998, 5.97374524499998], [-2.58233757799985, 5.97375656700007], [-2.58223421699989, 5.97376788700012], [-2.5820280829999, 5.97375573400006], [-2.58182173199998, 5.97369767900017], [-2.58161541399994, 5.9736511640001], [-2.58139713199995, 5.97366195400014], [-2.58119068799988, 5.97366142800007], [-2.58099614099996, 5.97358043100002], [-2.58080130399992, 5.97348815200013], [-2.58036543599991, 5.9734524590001], [-2.58014762499994, 5.97341751700009], [-2.57992997199995, 5.97334786700014], [-2.57982679699995, 5.9733189690001], [-2.57959740099994, 5.97309077600011], [-2.57837820099996, 5.97187200800016], [-2.57813327299988, 5.97176951600005], [-2.57765424499996, 5.97162586600007], [-2.57719312499989, 5.97153710100008], [-2.57696385299994, 5.97152509800009], [-2.57651645999994, 5.97148943500002], [-2.57628716799996, 5.97150034000015], [-2.57606908199989, 5.97158002400016], [-2.57597138399996, 5.97163141700008], [-2.57587368599997, 5.97168280900007], [-2.57578749399994, 5.97175720700017], [-2.57570130099992, 5.97183160400004], [-2.57544221699987, 5.97211814000013], [-2.57536734399991, 5.97220985800004], [-2.57516033799993, 5.97240439500007], [-2.57501087899982, 5.972599113], [-2.57487270899992, 5.97277097600011], [-2.57475734599996, 5.97297739500004], [-2.57469375899996, 5.9731208820001], [-2.57463017099991, 5.97326437000009], [-2.57464950399992, 5.97353523500004], [-2.57456462299984, 5.97375808900017], [-2.57410075599989, 5.97390585300013], [-2.57388313599995, 5.97384800000009], [-2.57367687099992, 5.97378994100012], [-2.57347032799987, 5.97375496400002], [-2.57324103499991, 5.97376578300009], [-2.57302281799997, 5.97379982200016], [-2.57281637199998, 5.97379903400008], [-2.57262179399993, 5.97370666600011], [-2.57247291999988, 5.97353407300011], [-2.57220859899996, 5.97337279599998], [-2.57204725499992, 5.97332937200014], [-2.57187715299995, 5.97329102000015], [-2.57165937599996, 5.97326770000018], [-2.57145270499984, 5.97327845300009], [-2.57117646899997, 5.97326664800011], [-2.57102836099989, 5.97324271900015], [-2.57082212899996, 5.97319619900003], [-2.57054278199996, 5.97313187700007], [-2.57031569499998, 5.97303669300015], [-2.56999944199993, 5.97282098500011], [-2.56976263199988, 5.97270328100012], [-2.56951193099991, 5.97261250900004], [-2.56938182399989, 5.97256540000018], [-2.5692015329999, 5.97242838700009], [-2.56901399499992, 5.97228737299997], [-2.56878807099997, 5.97211749600007], [-2.56865736799995, 5.97200718300007], [-2.56846249999995, 5.97190327300018], [-2.56827938399994, 5.97178804800018], [-2.56808467599996, 5.97164968900017], [-2.56789019299987, 5.97149978800013], [-2.56773005299993, 5.97132714000003], [-2.56761581299997, 5.9711430800001], [-2.56750465599993, 5.97083089100011], [-2.5675484759999, 5.97060311700005], [-2.56759518499996, 5.97036184400008], [-2.56767602499991, 5.97014389800017], [-2.5677684769999, 5.96992591900016], [-2.5626544779999, 5.97324237300012], [-2.5625964969999, 5.97348333400009], [-2.56249235599989, 5.97373579399999], [-2.56240021299993, 5.97394223200007], [-2.56231930599989, 5.9741372690001], [-2.5622519499999, 5.97435185300009], [-2.56223354699989, 5.97459776900018], [-2.56219102599994, 5.97482609100007], [-2.56214083799995, 5.97503782400008], [-2.56206696199996, 5.97534948900005], [-2.56201693999992, 5.9755605150001], [-2.56194200199985, 5.97579911700012], [-2.56186359799995, 5.97604875100018], [-2.56179708199994, 5.97626053500011], [-2.56177770599993, 5.97647823200009], [-2.56175845399991, 5.97669455900012], [-2.56172621999991, 5.97694513600015], [-2.56160836499987, 5.97713453600005], [-2.56161033999996, 5.97738547200004], [-2.56150661599997, 5.977603483], [-2.56132267799995, 5.97777512900018], [-2.56113857699989, 5.97788950500006], [-2.56072508399996, 5.97807231000019], [-2.56053009999982, 5.97814064200014], [-2.56033466399992, 5.97823188300015], [-2.56011637999995, 5.97833472900015], [-2.55987600399988, 5.97838103900006], [-2.55965976499994, 5.9784226970001], [-2.55945882899994, 5.97846140800004], [-2.55924258899995, 5.97850306600009], [-2.55901499499987, 5.97854691200018], [-2.5588048599999, 5.97858739500009], [-2.55860144999986, 5.978626582], [-2.55839840699991, 5.97866569800004], [-2.54941308599996, 5.9803966340001], [-2.54470254499995, 5.97957269500006], [-2.5426109419999, 5.97996449400006], [-2.53847343799987, 5.97848307100014], [-2.53752766199995, 5.97608601700006], [-2.53559573699988, 5.96978193899997], [-2.53504782899995, 5.96843461700007], [-2.53469874899992, 5.96533490700011], [-2.53075525899987, 5.96906588200017], [-2.52259277699994, 5.96900872800006], [-2.52188724599995, 5.96881562700014], [-2.51506694799997, 5.96694887600017], [-2.51552018899997, 5.96469935400017], [-2.51565445599994, 5.96403296300002], [-2.5158711709999, 5.96141764400011], [-2.51645472699994, 5.95437539500011], [-2.50756563899995, 5.9500370560001], [-2.51057009199997, 5.94633533400008], [-2.50878130199993, 5.94039861300013], [-2.50420450399997, 5.93736746800005], [-2.50331848099984, 5.93463309000009], [-2.5038689509999, 5.9306545500001], [-2.50202056299992, 5.92639662700009], [-2.50567589999991, 5.92315576100003], [-2.49942327799994, 5.91938839300008], [-2.49717192199995, 5.9171597560001], [-2.49784907899993, 5.91443553400012], [-2.50297712499992, 5.91351020000013], [-2.50383193899995, 5.91335594800017], [-2.50773766899982, 5.91446579300009], [-2.50982797299991, 5.91453301900015], [-2.50940763799997, 5.90918496900014], [-2.51010000599996, 5.90495822100019], [-2.50856199099997, 5.90184258300013], [-2.51027949099989, 5.89913156299997], [-2.50864237699989, 5.89778807200014], [-2.50372535099984, 5.89736735000014], [-2.50211683299989, 5.89722970899999], [-2.49808028199993, 5.89602273500014], [-2.49821915699988, 5.89404801900002], [-2.49846031699997, 5.89061890400006], [-2.49878637499984, 5.88750591700017], [-2.49462520499998, 5.88016576900014], [-2.48927820499995, 5.87375870800003], [-2.48713618399984, 5.86991470500004], [-2.49010693199995, 5.86869747800012], [-2.49612031399994, 5.86706638300006], [-2.49978617499994, 5.87303603200007], [-2.50387323699982, 5.87106604400014], [-2.50489455499996, 5.87057375699999], [-2.50573643699988, 5.86796583800015], [-2.50285296499993, 5.86420641600012], [-2.50406317799997, 5.8630694690001], [-2.50662722899995, 5.86416811400017], [-2.51126305499992, 5.86553016700014], [-2.51303450299986, 5.86520530400003], [-2.51511189399997, 5.86184665600013], [-2.51553832699989, 5.86115720900017], [-2.5162974129999, 5.85859297000019], [-2.51797651099992, 5.85292082800004], [-2.51843809199994, 5.85136155400016], [-2.52044678399994, 5.84247177600002], [-2.52059412799997, 5.83538189900003], [-2.51956964199985, 5.83379137500003], [-2.51685754299996, 5.83445174300016], [-2.51413755099998, 5.83511401900006], [-2.51214957499991, 5.83467306800009], [-2.51266204799992, 5.83046840100008], [-2.51578424399997, 5.82944146300002], [-2.51844891899992, 5.82856499499997], [-2.51771525499987, 5.8248265630001], [-2.50973564799995, 5.8234805890001], [-2.50601660999996, 5.82709333300011], [-2.49948214599993, 5.82607532000014], [-2.49814408799989, 5.8231497750001], [-2.49611903299996, 5.82278464100011], [-2.4925385329999, 5.82343020300004], [-2.49016681199993, 5.82384699000016], [-2.48600713099995, 5.82568786500013], [-2.48588300099988, 5.82237095200009], [-2.48503585399988, 5.81936022000002], [-2.48679046599983, 5.81505321500003], [-2.48755907499992, 5.81217379100002], [-2.4860463789999, 5.80941250400008], [-2.48385943799997, 5.80722213700011], [-2.48272853099991, 5.80201983500012], [-2.49133399699997, 5.79966631700006], [-2.49449075799987, 5.80065872300008], [-2.49530286499993, 5.80167750500004], [-2.4958536449999, 5.80470669800007], [-2.49779824399997, 5.80953927100018], [-2.50147581499988, 5.81001293400004], [-2.50326634199996, 5.80816760700003], [-2.50179640499994, 5.80299490200002], [-2.50196840999996, 5.80101788500014], [-2.49978757899981, 5.79948272200005], [-2.49786741299994, 5.79922176400015], [-2.49548312099989, 5.79640635400006], [-2.49784746099994, 5.79416374700003], [-2.50171846299997, 5.79470091900009], [-2.5033624429999, 5.79439866600006], [-2.50310383999994, 5.79224083600019], [-2.50098755799996, 5.79141697700015], [-2.49867043399991, 5.79051491700011], [-2.49732130399985, 5.78780742000004], [-2.49776047199987, 5.78504714200005], [-2.49865882399996, 5.78463589400013], [-2.49997539399988, 5.78422172800015], [-2.50300800199989, 5.78399797800012], [-2.50628235599993, 5.78259032700009], [-2.50663790999994, 5.78141193200003], [-2.50697577399984, 5.78045282200009], [-2.50685094699998, 5.77859970100013], [-2.50715436799987, 5.7774441570001], [-2.50880975999996, 5.77727763700017], [-2.50890649499996, 5.77731278900006], [-2.50910112799994, 5.77738351500005], [-2.50938504299995, 5.77748668500004], [-2.50967793899997, 5.77759311800008], [-2.50994824399993, 5.77769134100009], [-2.51014819399995, 5.77776399900011], [-2.51038779399988, 5.77785106499999], [-2.51409782499991, 5.77827874700006], [-2.51629607299998, 5.77968080200014], [-2.51826322999995, 5.78061828500017], [-2.51904519999988, 5.78099094200019], [-2.52064864999994, 5.78193824100015], [-2.52134072799993, 5.78234710900006], [-2.52274917499994, 5.78368582200005], [-2.52524337799997, 5.78447614699996], [-2.5274656659999, 5.78494251000012], [-2.52851448599984, 5.78516260900011], [-2.52957050599997, 5.78572559700018], [-2.52803308899996, 5.79023198300018], [-2.52607545699982, 5.79081897600014], [-2.52582046399993, 5.79089543600008], [-2.52337362999998, 5.79375010300009], [-2.52509570799992, 5.79523864300018], [-2.52991929999996, 5.79502383800008], [-2.53428921199998, 5.79482920100003], [-2.53613116699995, 5.79747129900016], [-2.53831340399995, 5.79693135200017], [-2.53893801399994, 5.79677680400016], [-2.54007398799996, 5.79486260100015], [-2.54442465499994, 5.79379008700005], [-2.54464659899992, 5.79386789799997], [-2.54486902599996, 5.79394587700017], [-2.54516082699996, 5.79404817900007], [-2.54538388399993, 5.79412637900015], [-2.54565469099987, 5.79422132000013], [-2.54757721799996, 5.79450088800013], [-2.55221710899997, 5.79370518200005], [-2.55654467199992, 5.79418799900009], [-2.55936105099988, 5.79690466800008], [-2.5601028079999, 5.797813147], [-2.56202954599996, 5.80015965900003], [-2.56362755099997, 5.80210579300012], [-2.56592414399989, 5.80558033800008], [-2.56594948499998, 5.80582821700006], [-2.56597356099991, 5.80606372300002], [-2.56599517699993, 5.80627515900011], [-2.56601550799991, 5.80647403300003], [-2.56603947699995, 5.80670848700009], [-2.5660646959999, 5.80695517000015], [-2.56608771899994, 5.80718037300005], [-2.56610865699997, 5.80738517400005], [-2.56613085299995, 5.80760229000003], [-2.56622286099991, 5.80850227200011], [-2.56840426799994, 5.81085820800013], [-2.57090011299994, 5.80892649399999], [-2.57161813199986, 5.80704978300008], [-2.57462417599987, 5.8071209690001], [-2.57802772899993, 5.80858011500004], [-2.58203905799991, 5.80780879700018], [-2.58126092299995, 5.80547671900013], [-2.58098085199993, 5.80436583600016], [-2.58010428599988, 5.8017752770001], [-2.58147682899994, 5.79919408500007], [-2.58122110699992, 5.79520685700004], [-2.57918954999997, 5.79331352200012], [-2.57638656499995, 5.79379079100011], [-2.57341658599995, 5.79246957900006], [-2.57176282299991, 5.79187940800011], [-2.57215055799992, 5.79111832800004], [-2.57455888199996, 5.78983039100018], [-2.57708752199994, 5.7885674530001], [-2.57848162899984, 5.78512994400018], [-2.57771767499997, 5.78223854000004], [-2.57758264999995, 5.78202602600004], [-2.57508898399988, 5.77771707900013], [-2.57257606199988, 5.77255026800009], [-2.57108131099994, 5.77075169700004], [-2.57120369799992, 5.76938550500017], [-2.57292369099997, 5.76657191200013], [-2.57420178899991, 5.76501502000013], [-2.57502603499989, 5.76400698300012], [-2.57672590399994, 5.76192806400013], [-2.57782738999987, 5.76035867500008], [-2.5805415179999, 5.76001898600009], [-2.58233755499992, 5.75990359600013], [-2.58529125299998, 5.75876082600013], [-2.58817867999988, 5.75764367800002], [-2.58928444499998, 5.75659091500006], [-2.59236601799995, 5.75539468900001], [-2.59436365899995, 5.75340054500003], [-2.59242691099985, 5.75202000300004], [-2.59278273199988, 5.75110052800011], [-2.59482385799993, 5.75147266100004], [-2.59523374399993, 5.75170448000017], [-2.59608716799983, 5.75218714800013], [-2.59648942899997, 5.74852686900005], [-2.59856755299995, 5.745619659], [-2.59961088099988, 5.74416007400015], [-2.60119456699982, 5.74276943900009], [-2.60546391899993, 5.73863392200013], [-2.60576190699987, 5.73834527200006], [-2.60735690199988, 5.73692057800014], [-2.60708157899984, 5.73584010700017], [-2.60658833499997, 5.73526525700004], [-2.60634757899993, 5.73418503300019], [-2.60446595299993, 5.73358703200017], [-2.60401828899995, 5.73350672900017], [-2.60118424799992, 5.73373599100017], [-2.59798993399994, 5.73300358300014], [-2.59376056399998, 5.73387296300012], [-2.59246348599993, 5.73633231700001], [-2.59273889699989, 5.73791816300013], [-2.59308290699994, 5.73832068300004], [-2.59379403899987, 5.74088356400011], [-2.59362171199996, 5.74192938300001], [-2.59323149199997, 5.74241214600011], [-2.59269224099995, 5.74291771600002], [-2.58930725699992, 5.74209541800019], [-2.58708737399991, 5.73935973400012], [-2.58373672399995, 5.74061192599999], [-2.58127886599993, 5.74083893800014], [-2.57875189999993, 5.73643342500003], [-2.57550513999996, 5.73480071500012], [-2.57236154599997, 5.73293835300007], [-2.57170769499987, 5.73178904000008], [-2.57121459199993, 5.73046721200012], [-2.57025103499996, 5.72915666200004], [-2.56866777699997, 5.72729447100011], [-2.56795675899997, 5.72636353900015], [-2.56772147999993, 5.72614508700002], [-2.56604087399995, 5.72400131500012], [-2.56948987599998, 5.71871526600017], [-2.56892385099997, 5.71125091600004], [-2.56479553499997, 5.70922868700012], [-2.56051984799996, 5.7088024140001], [-2.5598658369999, 5.70807989600019], [-2.55953310599995, 5.7079540260001], [-2.55876502999996, 5.70778248500017], [-2.55761869299988, 5.70753126900019], [-2.55665556799994, 5.70724502100012], [-2.55542673199989, 5.70486971700007], [-2.55622871399993, 5.70463932400008], [-2.55744344499988, 5.70427061900006], [-2.55799320499989, 5.70408638000015], [-2.55846313599994, 5.70398262100002], [-2.55988823099983, 5.70212677900014], [-2.55724233199993, 5.69807665300004], [-2.55669143499989, 5.6974859180001], [-2.5563586859999, 5.69693537300009], [-2.55608294899992, 5.69629260700003], [-2.55585314399991, 5.69575306500013], [-2.55525624199993, 5.6948696770001], [-2.55469364999982, 5.69385976700016], [-2.5541387099999, 5.69322477800011], [-2.55104472099987, 5.68968444300003], [-2.55278336099985, 5.68612336100011], [-2.55587686599995, 5.68522473900015], [-2.55687393699998, 5.68504016000009], [-2.55796271599985, 5.68487824200002], [-2.55887960299987, 5.68486586400007], [-2.55973933599995, 5.68495689900004], [-2.56085136999985, 5.68544944500013], [-2.56155118699991, 5.68595378200018], [-2.56303030699991, 5.68659526900007], [-2.56774712399994, 5.6870038350001], [-2.5693722609999, 5.69032034000014], [-2.56968214799997, 5.69074468299999], [-2.57090892799988, 5.69115671100019], [-2.57200855999992, 5.69043244200003], [-2.57232859499993, 5.68955932500018], [-2.57248800699995, 5.68858329800014], [-2.57411296999993, 5.68600429100019], [-2.57392748299998, 5.6840583070001], [-2.57375483099997, 5.68319729700011], [-2.57357010899989, 5.68191165100012], [-2.57454066999998, 5.67827120900017], [-2.5734048999999, 5.67742272400005], [-2.57255745199996, 5.67789430900007], [-2.57187034699996, 5.67865293300014], [-2.57076039599991, 5.68022682100019], [-2.56566142999992, 5.68164427900001], [-2.56525994599991, 5.68142653000007], [-2.56503069099995, 5.68118574900012], [-2.56488114699994, 5.68072643200003], [-2.56450188499991, 5.6798544350001], [-2.56424924999988, 5.67920032800004], [-2.56408825999995, 5.67867214300014], [-2.56403067499991, 5.67832780900005], [-2.5639500659999, 5.67792617900005], [-2.56381211699994, 5.67768515000012], [-2.56361703699997, 5.67736383800019], [-2.56354769199993, 5.67696217700006], [-2.56351302699989, 5.67665210100017], [-2.56496680699991, 5.67474481700009], [-2.56570051299997, 5.67481310900007], [-2.56706459399993, 5.67514451800002], [-2.56785573599996, 5.67553397300003], [-2.5682686429999, 5.67571724200019], [-2.56885376399993, 5.67622188200016], [-2.56938088999993, 5.67621554400017], [-2.56954125599998, 5.67620959600004], [-2.56977055299984, 5.67624394000006], [-2.57012592499984, 5.67632401700018], [-2.57075646999988, 5.67642677099997], [-2.57187885099995, 5.67612703900005], [-2.57470782299987, 5.67374744600011], [-2.57548566699995, 5.67227694700017], [-2.57556494399989, 5.67126669100008], [-2.57536859099991, 5.66996953700004], [-2.57305008499992, 5.66651592300013], [-2.57347259199997, 5.66502309500004], [-2.57390735199988, 5.66423045100004], [-2.57435377499996, 5.66371328100001], [-2.57469747699997, 5.66353502200013], [-2.57915743299998, 5.66524687999998], [-2.58028030499997, 5.66490122599998], [-2.58066169699993, 5.66248976200012], [-2.58037839999992, 5.66002731700007], [-2.57832515799993, 5.65826154900014], [-2.57635335999987, 5.65774104800016], [-2.57166702899997, 5.65900882100016], [-2.56675768199995, 5.66060382500012], [-2.56652280199995, 5.66063270800015], [-2.56578937599994, 5.66072537500008], [-2.56466614699991, 5.66074967900016], [-2.56334878599989, 5.66118729000004], [-2.56260396799991, 5.66136016400009], [-2.56176750299988, 5.66153328500013], [-2.56095356099996, 5.66154538100005], [-2.55965816699995, 5.6611676870001], [-2.55899305799994, 5.66080104100013], [-2.5584884939999, 5.66048021200015], [-2.55747919999988, 5.65971177800014], [-2.55685976899997, 5.65932209900012], [-2.55667634499997, 5.65904674000018], [-2.55651562199995, 5.65880576800015], [-2.55654965399998, 5.65857607300006], [-2.55660672099992, 5.65831195300007], [-2.55662921399983, 5.65797894100001], [-2.55673226899989, 5.65784112699998], [-2.55707610299993, 5.65772617700009], [-2.55724780999992, 5.65754210300014], [-2.55732759099988, 5.65722056400006], [-2.55677395599997, 5.65347824300017], [-2.55670470799993, 5.65299601100003], [-2.55655436999996, 5.65181360100007], [-2.55633593099998, 5.65088380000014], [-2.55610582599996, 5.6500920850001], [-2.55601383999988, 5.64977040400004], [-2.55579577499998, 5.64949513599998], [-2.55313048099987, 5.64666227100003], [-2.55488469699998, 5.64361778299997], [-2.55506754499993, 5.64306653700004], [-2.55775908999988, 5.64142188100004], [-2.55856184599986, 5.64183450000013], [-2.55906617699992, 5.64207506800017], [-2.55944443599998, 5.64207465700002], [-2.55977119199991, 5.64210310600015], [-2.56009794799996, 5.64213155500011], [-2.56086585599996, 5.64237176000017], [-2.56149658599992, 5.64275012700017], [-2.56211615899997, 5.64339248900018], [-2.56272993799996, 5.64406922900002], [-2.56334371599991, 5.6447459690001], [-2.56388291799993, 5.64526211600008], [-2.56512131499983, 5.64584631300016], [-2.56640532599994, 5.64638465300015], [-2.56750606499998, 5.64683150400009], [-2.56837748299995, 5.64719784500011], [-2.57336361799986, 5.6479620990001], [-2.5749606309999, 5.64623257400007], [-2.57505594899982, 5.64531477800017], [-2.57515917299992, 5.6443208550001], [-2.57537595699989, 5.64319551200015], [-2.57534043599998, 5.64226548800008], [-2.57528282699991, 5.64192684000017], [-2.57493230699987, 5.63523367900012], [-2.57479588299998, 5.63058964700014], [-2.57421610699987, 5.62951115300007], [-2.57371109699983, 5.62882276200003], [-2.57325167599993, 5.62766341700012], [-2.57418671799991, 5.62563051800004], [-2.57432472299996, 5.6255463490001], [-2.57466371499987, 5.62541388200003], [-2.57478646899989, 5.62541213000009], [-2.57560582099984, 5.62551468700013], [-2.57574428699991, 5.62553739300006], [-2.57627193799988, 5.62566411800015], [-2.5763505889999, 5.62569353200013], [-2.57657709899991, 5.62578627600016], [-2.57666661399992, 5.62582733000016], [-2.57852283199998, 5.62726791400019], [-2.57980671399997, 5.62743875000007], [-2.58068837099989, 5.62673748100008], [-2.58115714099995, 5.62562334300009], [-2.58143148599993, 5.62493422600016], [-2.58184331199988, 5.62422208700013], [-2.58207149099997, 5.62324587900002], [-2.57912166199986, 5.61882865200016], [-2.57882320099992, 5.61812868300007], [-2.57767597799995, 5.61706188500011], [-2.57683944499996, 5.61695941800008], [-2.57610610899991, 5.61706370999997], [-2.57526932499997, 5.61699569000007], [-2.57135815299984, 5.61360093700011], [-2.56987562299992, 5.60954958100007], [-2.56958911499993, 5.60926296000008], [-2.56943977299983, 5.60896434200004], [-2.5692216249999, 5.60878105600017], [-2.56898103999987, 5.60859739800009], [-2.5686591569999, 5.60755316400002], [-2.56848646099991, 5.60674950000015], [-2.56845147799993, 5.60610660300011], [-2.56853109499997, 5.60553264000015], [-2.56865596599988, 5.60452191600018], [-2.56856425899997, 5.60426947700017], [-2.56842074999997, 5.60404581300014], [-2.56688675699996, 5.59980497600003], [-2.56558316599995, 5.59685556900013], [-2.56847503299991, 5.59215825000007], [-2.57156500999997, 5.59093122300004], [-2.56923505999993, 5.58713893100014], [-2.56292179999991, 5.58825287900015], [-2.56215401899988, 5.58806433100017], [-2.56155757499994, 5.58772039200005], [-2.56098417899989, 5.58725030600004], [-2.56045642699996, 5.58658477200004], [-2.55888189699988, 5.58167235900009], [-2.56127205299993, 5.58003485000006], [-2.56496770299998, 5.58266546900001], [-2.56621606199997, 5.58177999000003], [-2.56674248799993, 5.58113671400008], [-2.56699388499993, 5.58037868100018], [-2.56717666999998, 5.57971263800005], [-2.56721053299992, 5.57932206800007], [-2.56726716299994, 5.57866764300019], [-2.56714000199997, 5.57739336500009], [-2.56693294599995, 5.57659004700008], [-2.56674889899995, 5.57597010800004], [-2.56582509899988, 5.57452436900019], [-2.56736638599995, 5.56852957100017], [-2.56773863399985, 5.56832253199997], [-2.56796428699994, 5.56487237200014], [-2.56796405099993, 5.56463699900013], [-2.5679175489999, 5.56389087000014], [-2.56781418799989, 5.56361520700017], [-2.56771068399985, 5.56315610400009], [-2.56761847199994, 5.56270851000016], [-2.56773196899991, 5.56142231000018], [-2.56903594399989, 5.55912479400013], [-2.56933403299996, 5.55909007000008], [-2.57100778499989, 5.55981180500004], [-2.57193683899993, 5.56083289900016], [-2.57238444499984, 5.56159018800003], [-2.57299231999997, 5.56210607900016], [-2.57390918899995, 5.56232333299999], [-2.57689433399997, 5.56241233700007], [-2.57613061899991, 5.56076552100006], [-2.57273601499998, 5.55785261000005], [-2.57144049899989, 5.5571247470001], [-2.57059192499992, 5.55640245500001], [-2.56980039999991, 5.55570265900002], [-2.56920389599992, 5.55489977100007], [-2.56934980399984, 5.55173067100003], [-2.5723444219999, 5.54375973300006], [-2.57221311499995, 5.54191869400006], [-2.57473737699991, 5.54181734000002], [-2.57563139399991, 5.54214920300006], [-2.57602127299992, 5.54230973200009], [-2.57658269199993, 5.54233217900008], [-2.5772588129999, 5.54243484500006], [-2.57767707799997, 5.54245741400007], [-2.57916162399988, 5.54307590700017], [-2.58047888299996, 5.54857978300009], [-2.58521520999989, 5.54652584400003], [-2.58752383199987, 5.54633401900008], [-2.59124212199987, 5.54638220800007], [-2.59297058199996, 5.5445663320001], [-2.5925887869999, 5.54084689800004], [-2.59277170299993, 5.54043328100016], [-2.59363059199995, 5.53981261600006], [-2.59413422399996, 5.53941027900009], [-2.5945692219999, 5.538927602], [-2.59483241499993, 5.53851394000009], [-2.59820917299987, 5.5349513810001], [-2.59824703699991, 5.53275853800011], [-2.59641806099995, 5.53133677100016], [-2.59621105099995, 5.53064809600011], [-2.59606142699994, 5.52994789899998], [-2.59586558099994, 5.52880576299998], [-2.59596008099987, 5.52536903900005], [-2.59873826999996, 5.52562255900006], [-2.59910508199994, 5.52574283100006], [-2.60021709399996, 5.52618930400013], [-2.60082463299995, 5.5265905440001], [-2.60435363999989, 5.52647797600002], [-2.60450137199996, 5.52537001400003], [-2.60392627499988, 5.52309710200007], [-2.60328372499993, 5.52207614400015], [-2.60258387699992, 5.52119278900017], [-2.59958464699992, 5.51829099200017], [-2.59954521999987, 5.51314748800019], [-2.59861378799997, 5.51232114800001], [-2.5973731439999, 5.51239183300009], [-2.59668668399996, 5.51323069000017], [-2.59616000099982, 5.51374797200015], [-2.59570189699991, 5.51406974500003], [-2.59525529799993, 5.51432276200012], [-2.5949118609999, 5.51455276600012], [-2.59173035699996, 5.51850549400012], [-2.59066469599998, 5.51844909300019], [-2.59025221699994, 5.51838078200012], [-2.58961056099997, 5.51826640500019], [-2.58841843499994, 5.51800338700008], [-2.58730686099995, 5.5178437560001], [-2.58661934399993, 5.51777557300005], [-2.58205328699995, 5.51765949900005], [-2.57877827199997, 5.51370725700008], [-2.57938808199998, 5.51040611800005], [-2.58105144899992, 5.50642612500013], [-2.58122256499996, 5.50561078100003], [-2.58343206099988, 5.50172648700016], [-2.58395246799995, 5.50091374800013], [-2.5845658849999, 5.49981423300005], [-2.5847655739999, 5.49888496000017], [-2.58024341499993, 5.49246240000002], [-2.57973461899996, 5.4879568720001], [-2.57971415799994, 5.48749737600014], [-2.57956800499994, 5.48695674100003], [-2.5794453019999, 5.48631278200014], [-2.57962024299997, 5.48577379700004], [-2.57996656999995, 5.48530463400004], [-2.58026605899994, 5.48506519800014], [-2.5807828529999, 5.48487255500009], [-2.58131007599991, 5.48488718100003], [-2.58495118499991, 5.48563016900005], [-2.58531248299988, 5.485609232], [-2.59167169399996, 5.48504598900007], [-2.59184151999989, 5.4851604050001], [-2.59313647099992, 5.48547890099996], [-2.59753499799996, 5.48612281700014], [-2.59789456399989, 5.48317270400003], [-2.60108952699994, 5.47839983400019], [-2.60055583799982, 5.47317070499997], [-2.60039273799993, 5.47259554700003], [-2.60039787899996, 5.47161917200015], [-2.60006063299994, 5.47035373900013], [-2.59970967999988, 5.46952480600004], [-2.59545615299993, 5.46757229500002], [-2.59432253599994, 5.46735957100003], [-2.59113071999997, 5.46939845400004], [-2.59064530499995, 5.46480103800019], [-2.59432568999983, 5.46356313700016], [-2.59740133299994, 5.46396438800002], [-2.59809952399996, 5.46412891800014], [-2.59875238799998, 5.46424740600003], [-2.59939481299995, 5.46412443700007], [-2.60009395899988, 5.46416279300001], [-2.60088262299996, 5.46454591400004], [-2.60406403999991, 5.46550508600018], [-2.60436268199993, 5.46219265700012], [-2.6040713139999, 5.46203591900007], [-2.60358119099993, 5.46151662300014], [-2.60321744699996, 5.46091741200019], [-2.60270746899994, 5.45984638700014], [-2.60241417899994, 5.45894874800018], [-2.60123914999997, 5.45578372100005], [-2.60103711999994, 5.45497841900004], [-2.60105300099991, 5.45412852800013], [-2.60135605399995, 5.45319976000002], [-2.60180743099988, 5.45239823100007], [-2.60244292499988, 5.45144825400007], [-2.60305441099996, 5.45068186600008], [-2.60354359199994, 5.45029969100017], [-2.60403277299997, 5.44991751500015], [-2.60447142799995, 5.44931117000016], [-2.61037836899993, 5.44861909300005], [-2.61169884999987, 5.44385925600011], [-2.61144033199997, 5.44291605900014], [-2.61119198999995, 5.44217952400004], [-2.61105715599996, 5.44167913199999], [-2.60964726799995, 5.43739280400013], [-2.61006357899993, 5.43242145900007], [-2.61042526699993, 5.43121729300009], [-2.61066955999996, 5.43052930800013], [-2.61496133399987, 5.42748552700004], [-2.61784868299998, 5.42552527100008], [-2.61733234599996, 5.4191474050001], [-2.61719773599992, 5.41858384400012], [-2.61733990699997, 5.41775756400011], [-2.61757300899995, 5.41700071200006], [-2.61778245099987, 5.4164275330001], [-2.61781508799993, 5.41247629700007], [-2.61948201899992, 5.41163905600013], [-2.62033239799985, 5.40898641100011], [-2.6205404719999, 5.40864292200007], [-2.62254922399995, 5.40807948900004], [-2.62288190299995, 5.40801228600009], [-2.62346664099994, 5.40796938300002], [-2.62393791299991, 5.40771932000018], [-2.62433011499996, 5.40723900700016], [-2.62446961999996, 5.40686646300003], [-2.62710572299994, 5.40200443400005], [-2.63091285899998, 5.40220870500013], [-2.63535440399994, 5.39716627300004], [-2.63790531599989, 5.39334404400006], [-2.64033803799992, 5.38836171000008], [-2.64046609699994, 5.38811995400016], [-2.64071866299997, 5.38800652900011], [-2.64067847399991, 5.38771901800004], [-2.64078046599991, 5.38752647299998], [-2.64090539899996, 5.38729061700019], [-2.64096366399997, 5.38718062300018], [-2.64416344099988, 5.38726856600005], [-2.64699575099991, 5.38371969400004], [-2.64947925399997, 5.38060784100009], [-2.65221339799996, 5.37725910200004], [-2.65241762099993, 5.37744155400003], [-2.65390446499993, 5.37824429400018], [-2.65794504899992, 5.37382970900006], [-2.65979477999986, 5.37180874100017], [-2.6616601209999, 5.37179272200018], [-2.66463898399991, 5.37176713000002], [-2.66787015599994, 5.36986248000017], [-2.67114969299996, 5.36792929600006], [-2.67228317899992, 5.36396620400006], [-2.67313539299994, 5.36263418000016], [-2.6751939639999, 5.35941658100012], [-2.67533287999993, 5.35926082300006], [-2.67542344099996, 5.3591592840001], [-2.67552491599992, 5.35904550800007], [-2.67573459599987, 5.35904031300009], [-2.67604508599987, 5.35886972200012], [-2.67624044499996, 5.35873303400018], [-2.67636704899996, 5.35865307100005], [-2.6765509569999, 5.35853927800014], [-2.67666587699989, 5.35845960500018], [-2.67683833199987, 5.35836844900012], [-2.67696498299995, 5.35824271299998], [-2.67744806099995, 5.35793523900014], [-2.67754023399988, 5.35783246200009], [-2.67780516599993, 5.35759254200013], [-2.67789725199992, 5.35748976500003], [-2.67801264699995, 5.35736406000007], [-2.67809360899992, 5.35721502500007], [-2.67814025599995, 5.35705450100011], [-2.67816399399987, 5.35690536499999], [-2.67815341699998, 5.35674443800013], [-2.67817890099997, 5.35622765600016], [-2.67817782399987, 5.35601102300006], [-2.67827355999998, 5.35589887000015], [-2.67821607899992, 5.35574559100013], [-2.67820563399994, 5.35553863399997], [-2.67819548599982, 5.35525154300012], [-2.67819642099988, 5.35509058400004], [-2.67822092299997, 5.35478074700006], [-2.67825603299997, 5.35464286200011], [-2.67831420299996, 5.35451705600002], [-2.67854456899994, 5.35429983600017], [-2.67882081099998, 5.35404855999997], [-2.67901624599995, 5.35394054900019], [-2.67911396399995, 5.35388654200005], [-2.67921168099997, 5.35383253700013], [-2.67937217799994, 5.35379902700004], [-2.67956713799987, 5.35379987100009], [-2.67970458299988, 5.35378928900013], [-2.67984228699993, 5.35377844800018], [-2.68000281399998, 5.35375622100003], [-2.68015174199996, 5.35373406700018], [-2.68032406499998, 5.35368920100018], [-2.68065888299998, 5.35366532500018], [-2.68079959999989, 5.35354638700011], [-2.68090719899993, 5.3534554420001], [-2.68102600399988, 5.35335502600014], [-2.68116848999995, 5.35323459400013], [-2.68128622699993, 5.35313508000007], [-2.68136936899998, 5.35306480600013], [-2.68638254399997, 5.34860882400005], [-2.68679319099994, 5.34832193200009], [-2.68746855399996, 5.34836278900002], [-2.68804101599989, 5.3484463420001], [-2.69011471399995, 5.34857209199998], [-2.69072245399997, 5.34851779900004], [-2.69126122999995, 5.34847467500003], [-2.6918217729999, 5.34866134100002], [-2.69280246499994, 5.34872370200014], [-2.69354725099993, 5.34821902200008], [-2.69410813399998, 5.34681904700017], [-2.69506508099994, 5.34448569700004], [-2.69616966899991, 5.34378037900012], [-2.69755155799987, 5.34268085399998], [-2.6995110119999, 5.34250895600019], [-2.70149341799987, 5.34407867400017], [-2.70326967399996, 5.34656094200005], [-2.70402944199992, 5.34762268700007], [-2.70449172699989, 5.34768316100008], [-2.70597074699998, 5.34777168500011], [-2.70674097899985, 5.34778498300017], [-2.70954514999994, 5.34802420400013], [-2.71088416299989, 5.34761904900012], [-2.71154807299996, 5.34787835599997], [-2.71466078399993, 5.34921663800003], [-2.71754663699994, 5.34800029400014], [-2.71906845099994, 5.34723497100015], [-2.71995607799994, 5.34646560300007], [-2.72038494599997, 5.34609387300003], [-2.72059209599996, 5.34591432000019], [-2.7241641569999, 5.35745662400006], [-2.72447399599997, 5.37810965000006], [-2.72418928599996, 5.38776493699999], [-2.73228047599991, 5.40410206400003], [-2.73898736899991, 5.41815128600018], [-2.74563706699996, 5.43213634000006], [-2.74781153199996, 5.43789220100012], [-2.75150047099993, 5.45615570000018], [-2.75296401099996, 5.46892841699997], [-2.75475368299988, 5.47714383900012], [-2.75785913699997, 5.49582133700005], [-2.76103498099991, 5.513439586], [-2.76253019799998, 5.52479916800007], [-2.76639758399989, 5.54563796100007], [-2.7682677869999, 5.55437093400008], [-2.7656004399999, 5.57103856300012], [-2.76390231399995, 5.58133602200007], [-2.76223203499995, 5.59378971000001], [-2.76135356799989, 5.59931627700018], [-2.76244309499998, 5.59997793500003], [-2.76301666499984, 5.60009332500016], [-2.76410672999998, 5.60038162800009], [-2.76445076199991, 5.60072642700015], [-2.76401870399997, 5.6023058990001], [-2.76427676099991, 5.60250710300005], [-2.76507978799992, 5.60273779500011], [-2.76571056699987, 5.60331268700008], [-2.76602608299987, 5.60337042200013], [-2.76634159899987, 5.6034281580001], [-2.76724895799981, 5.60195140700006], [-2.76918289199995, 5.60210940200005], [-2.76989998199997, 5.60216747400005], [-2.77058821899988, 5.60245525400006], [-2.77104594499991, 5.6036622200001], [-2.77144705999996, 5.60423693600006], [-2.77213544499989, 5.60435239900011], [-2.77282383099993, 5.6044678610001], [-2.77339803699994, 5.60406629600016], [-2.77437376499984, 5.60337770400002], [-2.7748331389999, 5.60320572199998], [-2.77523429099989, 5.60343597900015], [-2.77603710699998, 5.6037813590001], [-2.77661018499987, 5.60464351200011], [-2.77689563299987, 5.60590748300018], [-2.77723946199995, 5.60636714600008], [-2.77778449599987, 5.60636768800015], [-2.77832952999995, 5.60636822900011], [-2.77867444099996, 5.60573674400018], [-2.77890372399992, 5.60579417400015], [-2.77887420599995, 5.60662702400009], [-2.77884468699995, 5.60745987400009], [-2.77872971399989, 5.60777574400015], [-2.77861473999991, 5.60809161300006], [-2.77740930399989, 5.60895227600014], [-2.77717930299997, 5.60929682600005], [-2.77671989299989, 5.60981326600012], [-2.7764324389999, 5.61044492100007], [-2.77568511299989, 5.61199525400002], [-2.77545494999993, 5.61274169600011], [-2.77602861499997, 5.61279971700003], [-2.77614307299996, 5.61308681700018], [-2.77579803399982, 5.61394813900006], [-2.77533804099994, 5.61509674200011], [-2.77573927299994, 5.61552785600009], [-2.77614050499989, 5.61595897000007], [-2.77671375199998, 5.61624656900017], [-2.77875717999996, 5.61543726000008], [-2.77895207299991, 5.61521440900003], [-2.77912492399992, 5.61452540499999], [-2.77929777399993, 5.61383640300005], [-2.77949862399993, 5.61372156200002], [-2.77969947499997, 5.6136067220001], [-2.78078876799992, 5.61435431300009], [-2.7818790149999, 5.61424050900007], [-2.78285405199995, 5.61441355200009], [-2.78371464199989, 5.61421321000006], [-2.78457523399987, 5.61401286900008], [-2.78503415699993, 5.6142429410001], [-2.7850329659999, 5.61539152100011], [-2.7853763999999, 5.61625349800011], [-2.78460314299997, 5.61903318200007], [-2.78738019999997, 5.62050540600018], [-2.78657520899998, 5.62251507799999], [-2.78600023599989, 5.62383540100012], [-2.78614330399995, 5.62412275300005], [-2.78628637299988, 5.62441010500004], [-2.78628596699991, 5.62481216800018], [-2.78685969899988, 5.62475517000007], [-2.78743343099984, 5.62469817199997], [-2.78846683299997, 5.62389475800012], [-2.78990156999993, 5.6232640610001], [-2.79030294799992, 5.62337934100003], [-2.79024511999995, 5.62372371100008], [-2.78915339299994, 5.62579049700003], [-2.78915257199998, 5.62642231000018], [-2.78952514899987, 5.62673849300012], [-2.79269699799994, 5.62789907100006], [-2.79351274499987, 5.62585116999998], [-2.79299805299991, 5.62412774200004], [-2.7931706199999, 5.62366840300012], [-2.79334318799994, 5.62320906400004], [-2.79472078099997, 5.62234869800011], [-2.79581021699988, 5.62286641500003], [-2.79626921099992, 5.62275202400008], [-2.79701502799992, 5.62252265000012], [-2.79770325599992, 5.622580637], [-2.79839148299993, 5.6226386240001], [-2.79913725599994, 5.62240950600017], [-2.80113653099988, 5.62111755500013], [-2.80200611599997, 5.62160756400004], [-2.8025237469999, 5.62017202400011], [-2.80321277999997, 5.61936853600008], [-2.80361581199992, 5.61770317200012], [-2.80407511499993, 5.61724432500012], [-2.80441891699996, 5.61758909100018], [-2.80424544699997, 5.61896716500019], [-2.80450337799994, 5.61925458499996], [-2.80476130899996, 5.61954200600007], [-2.80504805399994, 5.61954223900017], [-2.80533479799988, 5.61954247300002], [-2.80585139699997, 5.61919832100011], [-2.80636829399992, 5.61833697999998], [-2.8071256639999, 5.61829016100012], [-2.80590833399998, 5.61960020300018], [-2.80527667999996, 5.62040377400012], [-2.80510355599995, 5.62126517400014], [-2.80538980299997, 5.62195456300009], [-2.80571942099982, 5.62209834200019], [-2.80604903799991, 5.62224211900008], [-2.80670827299991, 5.62252967600017], [-2.80716686799985, 5.62281733400016], [-2.80756728099993, 5.62413826000005], [-2.80776768399983, 5.62436811900011], [-2.80796808899987, 5.62459797600008], [-2.80879971299993, 5.62468482600013], [-2.80963133699993, 5.62477167600002], [-2.81009001999996, 5.62482936900011], [-2.81054870299988, 5.62488706199997], [-2.81060590199991, 5.62505936700012], [-2.81066309999994, 5.6252316720001], [-2.80980003799993, 5.62632030800012], [-2.80871108399998, 5.62729778400012], [-2.80899773899989, 5.62744156300005], [-2.81203721199995, 5.62770191700008], [-2.81375669199991, 5.62879441200016], [-2.81433067199993, 5.62850768300018], [-2.81461798299995, 5.627761147], [-2.81547978299994, 5.62626881900019], [-2.81731519099992, 5.62598281200007], [-2.81800288099981, 5.62644283100019], [-2.81869085299996, 5.62673027900018], [-2.81897748599988, 5.62687405300017], [-2.8192641199999, 5.62701782700015], [-2.81949343199994, 5.62707540900016], [-2.81972274499992, 5.62713299199999], [-2.82109962699997, 5.62650232100015], [-2.82218930399989, 5.62638817900012], [-2.82287669399994, 5.62719255000013], [-2.82304678999998, 5.62925981100005], [-2.82321849899995, 5.62954710000008], [-2.82339020699987, 5.62983439100014], [-2.82607752399991, 5.63054380400013], [-2.82843449999996, 5.63196241700018], [-2.82866297699996, 5.6329960650001], [-2.82837500699992, 5.63414440000014], [-2.82854692099994, 5.63448890700016], [-2.82889080199988, 5.63460407700006], [-2.82975163199995, 5.63385823600009], [-2.83021041899991, 5.63385843100002], [-2.83078338899998, 5.63426070700012], [-2.83135635899987, 5.63466298200007], [-2.83198676099988, 5.63500794100008], [-2.83204471599981, 5.63454844300009], [-2.83215991899993, 5.63408928200005], [-2.83525391599994, 5.63641650400001], [-2.83554013399993, 5.636904711], [-2.83599680299994, 5.63885720900009], [-2.83622570799997, 5.6393166630001], [-2.8364546119999, 5.63977611600018], [-2.83691330799996, 5.64000613400003], [-2.83851934199987, 5.63937555700016], [-2.83943666199991, 5.63937601600014], [-2.83995246799998, 5.63983559400015], [-2.84089762899993, 5.64072625900019], [-2.84137021099991, 5.6411715910001], [-2.84184279199997, 5.64161692400006], [-2.84207140599995, 5.64224825000008], [-2.84295950699988, 5.64279421800018], [-2.84389686599991, 5.64336821000006], [-2.84457268999995, 5.64344341500015], [-2.84588304399995, 5.64274312300012], [-2.84638630899991, 5.64318628000007], [-2.84645390399993, 5.64401919500017], [-2.84662325699998, 5.64486785500003], [-2.84712640299995, 5.645272336], [-2.84756198899993, 5.64526650000005], [-2.84867036399982, 5.64862202100016], [-2.8510675579999, 5.64765017900004], [-2.85462141199997, 5.64828346900003], [-2.85553916999987, 5.64888900900002], [-2.85619043699995, 5.64931871400017], [-2.8575930689999, 5.65216937100001], [-2.85693267799996, 5.65278248700014], [-2.85633612299983, 5.65333633600005], [-2.85630566599997, 5.65531691300004], [-2.85763658599996, 5.65646495700003], [-2.85835322299994, 5.65708312099997], [-2.8593800889999, 5.656432999], [-2.85946063099988, 5.65575866800009], [-2.85947010599995, 5.65567934500018], [-2.85948228099983, 5.655577408], [-2.85949587399995, 5.65546360000019], [-2.85951612499997, 5.65529405300009], [-2.85952785699993, 5.65519582100018], [-2.85955326899995, 5.65498306400002], [-2.86021961799997, 5.65329737400003], [-2.86192983199993, 5.65209005800011], [-2.86206900599996, 5.65210436100017], [-2.86220337499998, 5.65211817100004], [-2.8623322979999, 5.65213142100009], [-2.86245231099997, 5.65214375500005], [-2.86257360699989, 5.65215622099998], [-2.86293079499995, 5.65219292900002], [-2.8632725519999, 5.65222805100007], [-2.8646423319999, 5.65180887700006], [-2.86482337099994, 5.65167942900018], [-2.86496431299997, 5.65157865000009], [-2.86574435599988, 5.64997449600008], [-2.86701628999987, 5.64894191400009], [-2.86757257799997, 5.6479170130001], [-2.86788497299989, 5.64653336300017], [-2.86856535499987, 5.64508055100004], [-2.87136507599996, 5.64554625400012], [-2.87212320999993, 5.64426708100007], [-2.87247616799988, 5.64367154600006], [-2.87284196299987, 5.64305435000017], [-2.87520572899996, 5.64375883400004], [-2.87618050799995, 5.64341478500006], [-2.8760103969999, 5.64170700000005], [-2.87847729299995, 5.63951250600007], [-2.88208782799995, 5.64008836099998], [-2.88398053899982, 5.63882651900002], [-2.88386316999987, 5.63596009200012], [-2.88604448299998, 5.63473459900007], [-2.88736026899994, 5.63582630200005], [-2.89065637699991, 5.63401670700017], [-2.89306765199996, 5.63323050500014], [-2.89447487099994, 5.63146902900002], [-2.89673822499998, 5.63104101100015], [-2.89993109199992, 5.629222158], [-2.90310226099984, 5.63127064700012], [-2.90452966599997, 5.63006629400007], [-2.90538042499998, 5.62896213700009], [-2.90741170499996, 5.630235416], [-2.90831367499993, 5.62866100700006], [-2.90845138399993, 5.62863300200013], [-2.91314929699996, 5.62903505600002], [-2.91347069299991, 5.62899077700018], [-2.91658153599991, 5.62811036500017], [-2.92074307099989, 5.6279930880001], [-2.92237546699988, 5.62563986400011], [-2.92443308899993, 5.62123569100009], [-2.92704692599995, 5.62003553600005], [-2.92864530499997, 5.62017116800007], [-2.93055149299994, 5.61948002600008], [-2.93447043999993, 5.61976352200008], [-2.9353033829999, 5.62292558500013], [-2.93724023099992, 5.62414672800003], [-2.93934753799994, 5.62808470500016], [-2.94183132599994, 5.62882013399997], [-2.94309450499998, 5.63309864100006], [-2.94520275499991, 5.63444669000012], [-2.94755937499986, 5.63662300500016], [-2.94982894199995, 5.63667981800018], [-2.95088402599987, 5.63538160800005], [-2.95183385399991, 5.63569636900007], [-2.95443820599996, 5.63730740700009], [-2.95663376799996, 5.63634555300013], [-2.95964120999997, 5.63668175300006], [-2.96241051899995, 5.63887713400004], [-2.96348039099991, 5.64046706000016], [-2.96665057599995, 5.64061332400019], [-2.96102026199992, 5.66965029200003], [-2.95333034899994, 5.67383184600016], [-2.95283281499991, 5.70203195800002], [-2.95273186799989, 5.71598309600006], [-2.96847584899996, 5.71410283299997], [-2.97978946299992, 5.71287005000005], [-2.99278504899996, 5.71167658500013], [-3.01194749299998, 5.71029292600014], [-3.02607630699987, 5.70972670200018], [-3.0257879859999, 5.73523169100008], [-3.02523278699988, 5.75353958000011], [-3.02409465899996, 5.77371010000013], [-3.02319749299988, 5.79613716500006], [-3.02144149899982, 5.82848072000002], [-3.02051495799998, 5.85709245600003], [-3.02665448299985, 5.87178316100005], [-3.03577431499991, 5.89359430600007], [-3.04405874999998, 5.91341457200002], [-3.05811215499995, 5.94637527500009], [-3.06817588399997, 5.97187727900018], [-3.07281588799998, 5.98253773000016], [-3.06019556799993, 5.98835302400011], [-3.04763552799994, 5.99557335700007], [-3.03100125899988, 6.00086989600015], [-3.01339967199993, 6.00655735100008], [-3.00237623799995, 6.0106692650001], [-2.98807374299997, 6.01847667600015], [-2.97516616099983, 6.02733017300005], [-2.96620092399985, 6.03349714700011], [-2.95969585199992, 6.03949540700012], [-2.95871835199989, 6.04126714200004], [-2.95699047999983, 6.04334403700005], [-2.95466374099988, 6.04477163500019], [-2.95288560599994, 6.04580173400007], [-2.95137405199989, 6.04555899200005], [-2.94943383099996, 6.04459653399999], [-2.94826692799995, 6.04324352700007], [-2.94860828799995, 6.03904664600003], [-2.94611158899994, 6.03627139900016], [-2.94545783499996, 6.03542839900001], [-2.94308554699995, 6.03494828100008], [-2.94223399699996, 6.03512193900008], [-2.93275776399997, 6.03903338800018], [-2.91475612099987, 6.0420053630001], [-2.91412397199997, 6.04196449700009], [-2.90829121699994, 6.0415873980001]]]]}, "properties": {"REGION": "Western North", "DISTRICT": "Aowin"}}, {"type": "Feature", "geometry": {"type": "MultiPolygon", "coordinates": [[[[-2.86480698099996, 6.85163073199999], [-2.86576160099997, 6.85103358700007], [-2.86581926399992, 6.85090747600003], [-2.86585382899995, 6.85072359300017], [-2.86585376299996, 6.85056257500003], [-2.86583091399984, 6.85042472300012], [-2.86576197199992, 6.85028653300009], [-2.86563569499992, 6.85013719900013], [-2.86557812799987, 6.85001067499996], [-2.86553205999996, 6.84986154600017], [-2.86542874499997, 6.84973485600017], [-2.86529084699993, 6.8496544520001], [-2.86514120199996, 6.84966605300008], [-2.86499173399994, 6.8497231180001], [-2.86486518699996, 6.8497921500001], [-2.86473885099997, 6.84984947000004], [-2.86460088299992, 6.84988393000009], [-2.86442835499997, 6.849826393], [-2.86429041199995, 6.84973427800014], [-2.86419842699996, 6.84960788700005], [-2.86414107499991, 6.84947016700005], [-2.86402595899989, 6.84935505999999], [-2.86388810599993, 6.84928602100007], [-2.86375025299998, 6.84920578800012], [-2.86371577299997, 6.84906763700013], [-2.86380789399988, 6.84892968200018], [-2.86389980299992, 6.84881480600006], [-2.8638768219999, 6.84865387700017], [-2.86381955799993, 6.84852769500003], [-2.86391151099991, 6.84842418400007], [-2.86402662999996, 6.84825152600018], [-2.86394597699996, 6.84813680200011], [-2.86379678499992, 6.84798738400002], [-2.86368183899992, 6.8478492000001], [-2.86360139899995, 6.84772276400014], [-2.86349791899988, 6.84763085900011], [-2.86338297399988, 6.84749301800014], [-2.86325648399998, 6.84735487899997], [-2.86313008599984, 6.84725152400006], [-2.86303814699994, 6.84714803700012], [-2.86291162399988, 6.84707912700009], [-2.86270454699996, 6.84699864400011], [-2.86256657099995, 6.84696422000007], [-2.86245167099992, 6.84683757300019], [-2.86244032199988, 6.84668830900006], [-2.86248626199995, 6.84651592000012], [-2.86255551199997, 6.84638942000015], [-2.86265904499993, 6.84621715300017], [-2.86270493899991, 6.84603305200011], [-2.8627167219999, 6.84587250600015], [-2.86270523199994, 6.84579195500015], [-2.86245269399984, 6.84440129100005], [-2.86260241499997, 6.84433199800009], [-2.86272874199994, 6.84420596700005], [-2.86276348599995, 6.84406806300018], [-2.86278646499994, 6.84388422400013], [-2.86274044099991, 6.84374594400009], [-2.8626370049999, 6.8436540400001], [-2.86247623599991, 6.84357372200003], [-2.86232653999997, 6.84350490100013], [-2.86221180999996, 6.84335517600005], [-2.86214269999994, 6.8432286960001], [-2.86202796999987, 6.84307914300007], [-2.86186681899994, 6.84303326900016], [-2.86169442699997, 6.84301017100006], [-2.86152203599994, 6.84298724600018], [-2.86137238299989, 6.8429296170001], [-2.86124594099982, 6.84281472400011], [-2.86120013299995, 6.84266524999998], [-2.86130384299997, 6.84252742300004], [-2.86143013299994, 6.84246975999997], [-2.86154517399996, 6.84234377300015], [-2.86151090699997, 6.84218271500015], [-2.86137292399985, 6.84207940500011], [-2.86122340299983, 6.84204468000019], [-2.86108556099987, 6.84204469600019], [-2.86094737299987, 6.84203300400009], [-2.86077484799983, 6.84197563600014], [-2.86060262399997, 6.84191775000016], [-2.86046464999993, 6.84188366900008], [-2.86030362399993, 6.84181420100003], [-2.86011963499988, 6.84171089600011], [-2.85997023299996, 6.84157301500017], [-2.85986675399994, 6.84148093700014], [-2.85972876799997, 6.84136591600014], [-2.85956804499989, 6.84129696400015], [-2.8593725319999, 6.84135437700019], [-2.85921138999987, 6.84138858100016], [-2.85905045199996, 6.84133116700002], [-2.85891255799993, 6.84125058800004], [-2.8588091229999, 6.84115868100014], [-2.85871714399991, 6.84104399900008], [-2.85862516299994, 6.84092880100013], [-2.85850449199984, 6.84079080800018], [-2.85841841899997, 6.84072191100006], [-2.85830339699987, 6.84063004900008], [-2.85816536799985, 6.84051485600008], [-2.85805034599991, 6.84042299400011], [-2.85800458299997, 6.84028488400003], [-2.8579471889999, 6.8401240880001], [-2.85780916199997, 6.84000923800016], [-2.85763664499996, 6.84002040900009], [-2.85749859099991, 6.84004350200013], [-2.85737241599998, 6.83998612500011], [-2.85728039199989, 6.8398593870001], [-2.8571884129999, 6.83974453200011], [-2.85703880499989, 6.83969826800018], [-2.85686632599993, 6.83965243600011], [-2.85675156199994, 6.83956022900003], [-2.85671699699998, 6.83938797700017], [-2.85672869299998, 6.83920418200017], [-2.85676335099993, 6.83904337400003], [-2.85679791999996, 6.83885949000006], [-2.85686703599987, 6.83868701199998], [-2.85693580799989, 6.83851470600013], [-2.85699342499993, 6.83836517600002], [-2.85707412399995, 6.83813565000003], [-2.8570972359999, 6.83797454200004], [-2.85706262799988, 6.83780229200016], [-2.85699377899988, 6.83767580900007], [-2.85686742799993, 6.83758364600004], [-2.85674081999991, 6.83749165600005], [-2.8566258429999, 6.83741133200016], [-2.85645347999997, 6.83725028900005], [-2.85631549899989, 6.83714680500003], [-2.85617773099995, 6.83702041600014], [-2.85605133499996, 6.8369167140001], [-2.85577545299998, 6.83665239800007], [-2.85567192999986, 6.83653741500007], [-2.85557990699988, 6.83641102100006], [-2.85540767199984, 6.83621553500006], [-2.85528127799995, 6.83611200600012], [-2.85518934299989, 6.83600851500017], [-2.85512040699996, 6.83585912900008], [-2.85509751799992, 6.83570973600007], [-2.85512033099997, 6.83554897500017], [-2.85514365799992, 6.83537632700006], [-2.85513205599995, 6.83522706400009], [-2.85507475199989, 6.83510053600008], [-2.85501735899987, 6.83493956700016], [-2.85498291899995, 6.83473270000019], [-2.85498294799987, 6.83459475700005], [-2.85499452099992, 6.83445694300002], [-2.85500601099983, 6.83435916800005], [-2.85501750099996, 6.83426139300019], [-2.85506348999996, 6.83411225300011], [-2.85514423999996, 6.8339628060001], [-2.85519031499996, 6.83382485800007], [-2.85521334299995, 6.83365255700011], [-2.85516735999994, 6.83344590700005], [-2.85516738799993, 6.83330779300019], [-2.85519054699989, 6.83316958900008], [-2.8552711719999, 6.83305492900001], [-2.85537462499997, 6.83294001000019], [-2.85540914999996, 6.83273322200017], [-2.85530579999994, 6.83260687200016], [-2.85517932599987, 6.83254949600007], [-2.8550413079999, 6.83250318500001], [-2.85489182999987, 6.83241145400018], [-2.85475384799992, 6.83230745300017], [-2.85467358299996, 6.83214657100018], [-2.85459319399996, 6.83203184200005], [-2.85447808699985, 6.83192826800018], [-2.85435173899998, 6.83183627700009], [-2.85420221599992, 6.83173300800019], [-2.85412173699996, 6.83159485900018], [-2.85409880399982, 6.83143375600008], [-2.85415654999997, 6.83126166600005], [-2.85427163299988, 6.83114652900002], [-2.85442117799994, 6.83103195000007], [-2.85455909899997, 6.83098595399997], [-2.85474302899991, 6.83099730200007], [-2.85490395599993, 6.83098634900011], [-2.85503054599997, 6.83092868800003], [-2.8551571299999, 6.83079111900014], [-2.85526058099992, 6.83066449000006], [-2.85538708399991, 6.83058409700004], [-2.85551367399989, 6.83052660700008], [-2.85568596599995, 6.83045774700008], [-2.85582423199992, 6.83042346100007], [-2.85598502499994, 6.83037755000009], [-2.85612312099988, 6.83036599700011], [-2.85626113099994, 6.83034325000011], [-2.85642209199995, 6.83026272400002], [-2.85654871699984, 6.8301361770001], [-2.85664070099989, 6.82990660800004], [-2.85659485199994, 6.82973440000018], [-2.85650291899998, 6.82963073800011], [-2.85637640099998, 6.82956165100018], [-2.8562500079999, 6.82945812100013], [-2.85613494599988, 6.82935472000003], [-2.85605450499997, 6.82915939600002], [-2.85604320499993, 6.82902149900008], [-2.85605482099993, 6.82888368400012], [-2.8561353479999, 6.82867671900016], [-2.85623879899987, 6.82855026099998], [-2.85638835099996, 6.82851593099997], [-2.85657240599994, 6.82849318000018], [-2.85671032399989, 6.82843547400017], [-2.85683682599995, 6.82835508099998], [-2.85695186599997, 6.82824028900012], [-2.85704403099987, 6.82811387400005], [-2.85711293499998, 6.82797601100009], [-2.85719342599998, 6.82782673700018], [-2.85726267599995, 6.82770023900002], [-2.85737766199986, 6.82749331400004], [-2.85744656499998, 6.82734408500005], [-2.85752727099998, 6.82718344400013], [-2.85758475599994, 6.82701101100002], [-2.85761936699987, 6.82682695500006], [-2.85765393599996, 6.82664307100009], [-2.85763091699994, 6.82647077600018], [-2.85753906499997, 6.82630993900005], [-2.85738962399995, 6.82616034500012], [-2.85721739999991, 6.82603391500015], [-2.85711379099996, 6.82590722200007], [-2.85704490199993, 6.82576954500013], [-2.85702201299983, 6.82561998099999], [-2.85704517299996, 6.82548212200004], [-2.85713711799986, 6.82530990000004], [-2.85726374299992, 6.82518335300011], [-2.85732118499988, 6.8249997260001], [-2.85737884699995, 6.82486173400008], [-2.85747092399993, 6.8247237810001], [-2.85753991499996, 6.82459745600005], [-2.85764341099991, 6.82448270900005], [-2.85776991099988, 6.82440231500016], [-2.85791949699984, 6.8243101220001], [-2.85805754699987, 6.82428737600014], [-2.85823002199993, 6.82433355300014], [-2.85839084799994, 6.82421858500004], [-2.85852876599989, 6.82417259000005], [-2.85867836799991, 6.82421885400015], [-2.85882792399997, 6.82425323700011], [-2.85898872299992, 6.82427638300004], [-2.85918431799996, 6.82424187500004], [-2.85928781199988, 6.82412695600004], [-2.85932225599993, 6.82398905400015], [-2.85923032499994, 6.82387419800006], [-2.85909256899993, 6.82382823100011], [-2.85894292999996, 6.82383948500012], [-2.85880496899989, 6.82388548100005], [-2.85866695499993, 6.82383951500015], [-2.85858656699997, 6.82372461500006], [-2.85863272199987, 6.82354068600017], [-2.85867875599996, 6.82343149900015], [-2.85839193299995, 6.82189130500007], [-2.85835746299995, 6.82178208199997], [-2.85827698599991, 6.82164410700005], [-2.85821968499988, 6.82151775100004], [-2.85817383699992, 6.82134554300018], [-2.85815064499997, 6.82119563500004], [-2.85812775799991, 6.82104641600006], [-2.85810487099997, 6.82090856200017], [-2.85810490099988, 6.82077079200013], [-2.85809346699995, 6.82059827900002], [-2.85804752999996, 6.82040282300017], [-2.85803618699981, 6.82025355900009], [-2.85804778399995, 6.82015018600015], [-2.85805938199996, 6.82004681400014], [-2.85805923199996, 6.81986272000017], [-2.85802501599994, 6.81971319900015], [-2.85793303399987, 6.81951792000007], [-2.85786401299987, 6.81935699500013], [-2.85777216299988, 6.81919598600007], [-2.85761122699989, 6.81906951200006], [-2.85742747099988, 6.819023722], [-2.85727795799994, 6.81900018800019], [-2.85713986499997, 6.81900054600004], [-2.85697903199991, 6.81904628400014], [-2.85682940999988, 6.81920701700017], [-2.85672582899991, 6.81929920500016], [-2.85658794799997, 6.81928750800017], [-2.85646134499996, 6.81919551700014], [-2.85638103899993, 6.81903463500015], [-2.85631197399988, 6.81885080600011], [-2.85630058399983, 6.81867812000019], [-2.85628928599994, 6.81854039300009], [-2.85618568199993, 6.81841404400001], [-2.85605939499993, 6.81847118700006], [-2.85505989899991, 6.81878070600015], [-2.85348392499992, 6.8179300000001], [-2.85343812299993, 6.81778052300012], [-2.85338077899991, 6.81763126200008], [-2.85327708699992, 6.81748166200015], [-2.85310483699982, 6.81749317300012], [-2.85295524299994, 6.81751596300006], [-2.8528515779999, 6.81765395799999], [-2.85274821499996, 6.81780314600013], [-2.85267900799994, 6.81794118200014], [-2.85259868599996, 6.81805601300016], [-2.85248351599984, 6.81814789900011], [-2.85234550199988, 6.81810158600013], [-2.85220752799989, 6.81799827100002], [-2.8520926839999, 6.8178833290001], [-2.85195470799994, 6.81776830400008], [-2.85182840899989, 6.81768784800016], [-2.85167902399996, 6.81761901900006], [-2.85154101099994, 6.81757270700012], [-2.8513799079999, 6.81748101800008], [-2.85124215199988, 6.81742316600008], [-2.85104650799997, 6.81737724600004], [-2.85086279499995, 6.81734264600004], [-2.85067861799996, 6.8174115490001], [-2.85054066399994, 6.81752642700002], [-2.85042562399991, 6.81764121700013], [-2.85031075399991, 6.81773310199998], [-2.84994293299997, 6.81706632500016], [-2.84985113099998, 6.81692839000004], [-2.84970170099996, 6.8168478500001], [-2.8496441449999, 6.81672166600015], [-2.84974772999988, 6.81662982400019], [-2.84988560799991, 6.81664100600005], [-2.85004657399998, 6.81664125099996], [-2.85011556799992, 6.81651475400008], [-2.85006976599988, 6.81635373800009], [-2.84995496799996, 6.81625067800007], [-2.84983990899997, 6.81615846800008], [-2.84971335199998, 6.81607801300009], [-2.84950646599998, 6.81604315700008], [-2.84935708899997, 6.81605475000003], [-2.84921900099982, 6.81613518600011], [-2.84905790999989, 6.8161810950001], [-2.84887419799998, 6.81614649400018], [-2.84871309399989, 6.81604292200012], [-2.84867866699994, 6.81590511100018], [-2.84869019699994, 6.81575558600014], [-2.84879390899982, 6.81562930100011], [-2.84896619699987, 6.81554907900005], [-2.8490353169999, 6.81538814000015], [-2.84903556299992, 6.81523883000006], [-2.84898962999995, 6.81504337200005], [-2.84892073799995, 6.81483646300006], [-2.84881726799989, 6.81474455300008], [-2.84867926199991, 6.81476729600007], [-2.8484837119999, 6.81481333700009], [-2.84833433299997, 6.81482458600004], [-2.84820786499989, 6.81476686100012], [-2.84809280799988, 6.81467499500019], [-2.84798963399987, 6.81450266000007], [-2.84790898499995, 6.81431870000011], [-2.84788605899985, 6.8141694790001], [-2.84794384899993, 6.81399704500006], [-2.84802434099993, 6.81384760000003], [-2.84802465399986, 6.81292247000005], [-2.84820878099993, 6.81277882800003], [-2.84832365099982, 6.81268694300019], [-2.84847341199986, 6.81262971300009], [-2.84861120299996, 6.81261816400007], [-2.84874925199995, 6.81260678600006], [-2.84888733199989, 6.81244592800005], [-2.84891023399996, 6.81230772600014], [-2.84886447999997, 6.81217013000014], [-2.84880687999993, 6.81203206300017], [-2.84870366899997, 6.81192861300013], [-2.84861165399991, 6.8118022160001], [-2.84851972699994, 6.81169872300012], [-2.84843929299996, 6.81149185800018], [-2.84843945199998, 6.81131964500003], [-2.84846252599993, 6.81115853700004], [-2.84847401199983, 6.81098610800007], [-2.84848563099996, 6.81084829300011], [-2.84842802999992, 6.81071005300004], [-2.84820968899987, 6.81064131400012], [-2.84806022199996, 6.81061812000019], [-2.84792234399993, 6.81060659200011], [-2.84778424599995, 6.81053754600009], [-2.84770386399987, 6.81042281500009], [-2.84771543299996, 6.81020423200005], [-2.84766967299987, 6.80999740700003], [-2.84756607199995, 6.80985951500003], [-2.84737068799984, 6.8098018820001], [-2.84718668299996, 6.80984770399999], [-2.84699143599988, 6.80989374299998], [-2.84684180799997, 6.80998575900014], [-2.84669226499994, 6.81008879800004], [-2.84650821699995, 6.81012342700018], [-2.84642208899993, 6.81008871000006], [-2.84633596099991, 6.81005399400004], [-2.84620945099994, 6.8099854190001], [-2.84608289699997, 6.80991615700009], [-2.84595638599995, 6.80984723700004], [-2.84581854599992, 6.80976665100013], [-2.84568057499996, 6.80966316000018], [-2.84556581699997, 6.80950240700014], [-2.8455659309999, 6.80930677200018], [-2.84557737699987, 6.80913451500004], [-2.84547395199991, 6.80904260300008], [-2.84533606899987, 6.80896201700017], [-2.84526137699993, 6.80892742900016], [-2.84337087599994, 6.80666236600007], [-2.84318716799982, 6.80662793500017], [-2.84301457499993, 6.80662790300016], [-2.84285352399991, 6.80660492300018], [-2.84279630999987, 6.80642070100004], [-2.84285367499984, 6.80628305500005], [-2.84295734199998, 6.8061452340001], [-2.84296904699988, 6.80596126500006], [-2.84311846199989, 6.80589249900004], [-2.84324492699989, 6.80594988100017], [-2.84333679299993, 6.805823471], [-2.84325636699992, 6.80569702700006], [-2.84324511199998, 6.80549024200008], [-2.84340168599988, 6.80541208199998], [-2.84357865899995, 6.8053410390001], [-2.84371648599989, 6.80527214500006], [-2.84386607499994, 6.80523764900005], [-2.84400412399998, 6.80522644500019], [-2.84410766299993, 6.80512289500012], [-2.84408473799994, 6.80497332900001], [-2.84407314199996, 6.804824064], [-2.84417663699998, 6.80470914700004], [-2.84430321899987, 6.80457141000005], [-2.84436084099991, 6.80443341900013], [-2.84447587999995, 6.80430709300015], [-2.84461384799982, 6.80442195000012], [-2.84469414799997, 6.80458318000018], [-2.84474020199997, 6.80473231400009], [-2.84483216999996, 6.80484734599997], [-2.84499313699996, 6.80491613400017], [-2.84511959399993, 6.80482455200007], [-2.84514262499994, 6.80465225000017], [-2.84515424599994, 6.80451443400017], [-2.84517715099997, 6.80437657700003], [-2.84525790099991, 6.80422695900006], [-2.84541864399995, 6.80416951600006], [-2.84556823399993, 6.80413536300017], [-2.84571772999993, 6.80402044300007], [-2.84583294399988, 6.80394009700018], [-2.84594780599997, 6.80377898400008], [-2.84606297599993, 6.80368709900017], [-2.84620093599995, 6.80365299100004], [-2.84635882499987, 6.80374202600018], [-2.84664417899995, 6.80372665700008], [-2.84700570399991, 6.80367609600006], [-2.84697099899989, 6.80382553700008], [-2.84710910599995, 6.80404406600013], [-2.84723555999994, 6.80395213700007], [-2.84732751199982, 6.80384863100005], [-2.84744250599994, 6.80371076600011], [-2.84758055299989, 6.80369938900014], [-2.84773014299998, 6.80367660200011], [-2.84789105999988, 6.80365360000019], [-2.84810098899993, 6.80344377500012], [-2.8482474999999, 6.80329730700009], [-2.84838562899995, 6.80322858300008], [-2.84852366899992, 6.80313643900007], [-2.84861570399983, 6.8029872940001], [-2.84867323699996, 6.80282657200013], [-2.84868485599986, 6.80268875700017], [-2.84856997199995, 6.80256210300018], [-2.84844341899998, 6.80248164500011], [-2.84831716799988, 6.80241255300007], [-2.84817902799995, 6.80233179700014], [-2.8481217769999, 6.8022056100001], [-2.84815622399998, 6.80206770800004], [-2.84824830199989, 6.80191822000012], [-2.84819083099984, 6.80174605400009], [-2.84805286199997, 6.80163085300006], [-2.84790356399998, 6.80151586800002], [-2.84786905099986, 6.80135480800004], [-2.8478921709999, 6.80120575600012], [-2.84793824799988, 6.80106780900019], [-2.84801873999982, 6.80092990300011], [-2.84812223399996, 6.80081498700002], [-2.84827169599987, 6.80082647100011], [-2.84836366399992, 6.80094167500005], [-2.84846709199996, 6.80110247100004], [-2.84865114399992, 6.80114861000004], [-2.84878910199996, 6.80111415800019], [-2.84890413299996, 6.80091894500009], [-2.84895020999994, 6.8007809990001], [-2.8489848719999, 6.80062019100006], [-2.84888118499993, 6.80047058900016], [-2.84873193699991, 6.80043602800004], [-2.84859384899988, 6.800447577], [-2.84843288799988, 6.80044733000011], [-2.84832942099996, 6.80035541900003], [-2.84831816999997, 6.80021769100017], [-2.84839848999997, 6.80010251900006], [-2.84854794599988, 6.80004511800018], [-2.84869757899992, 6.80003386900006], [-2.84884690799993, 6.80001091100013], [-2.84890452799993, 6.79987292100009], [-2.84888160199995, 6.79971216100012], [-2.84876680799988, 6.79960858200013], [-2.84861725799993, 6.79957402200012], [-2.84846787899994, 6.7995050180001], [-2.84837591099995, 6.7993899870001], [-2.84816894499988, 6.79933239600001], [-2.84800806699991, 6.79928634000015], [-2.84790455799987, 6.79918289099999], [-2.84790471799988, 6.79901050400002], [-2.84781283199993, 6.79883795300009], [-2.84764023599985, 6.79875732600004], [-2.84749103399992, 6.798734475], [-2.84734157299994, 6.79872299000004], [-2.84716889499992, 6.79869988400009], [-2.84698506399991, 6.79869989600007], [-2.84680109999994, 6.79867648700002], [-2.84661708999994, 6.79857317200009], [-2.8465021639999, 6.79843515100015], [-2.8464332829999, 6.79829747100013], [-2.8463068179999, 6.7982397450001], [-2.84619190799998, 6.79832043400012], [-2.84612278799995, 6.79848102900019], [-2.84603070999998, 6.79863051600006], [-2.84591584299989, 6.79872240000003], [-2.84575479499989, 6.79871078600013], [-2.84557091399995, 6.79863020200003], [-2.8454329519999, 6.79859559700009], [-2.84527194899994, 6.7985955210001], [-2.84508811699988, 6.79859553300008], [-2.84491548299991, 6.7985839640001], [-2.84473156399997, 6.79857226500013], [-2.84457064299988, 6.79851484200009], [-2.84445584399998, 6.79833083900019], [-2.84443283199994, 6.79815854000009], [-2.84445590399997, 6.79791735300012], [-2.84446743599995, 6.79775629000017], [-2.84453646999998, 6.79757261900016], [-2.84461700599991, 6.7974460800001], [-2.84459428499997, 6.79712395400009], [-2.84453699099993, 6.79698623000007], [-2.84446806699992, 6.79683683800016], [-2.84438764399994, 6.79671039500005], [-2.8443531769999, 6.7965724120001], [-2.84437616499997, 6.7963770340001], [-2.84441082799998, 6.79621622600013], [-2.84428436099989, 6.79608978600015], [-2.84419231699985, 6.79609547500019], [-2.84410027199993, 6.79610116399999], [-2.84391635899993, 6.79615869400016], [-2.84362893999997, 6.79618114300013], [-2.84350239199995, 6.79611256699997], [-2.84334146999987, 6.79605479900016], [-2.84316901199998, 6.79607767100009], [-2.84300809599983, 6.79610067100009], [-2.84283550599991, 6.79608892800007], [-2.84267480099987, 6.79602013800007], [-2.84249079499995, 6.79598553300013], [-2.84222620899988, 6.79606593000011], [-2.84208825099995, 6.79611157500005], [-2.84191583299997, 6.79607727100006], [-2.84132983699988, 6.79529523600013], [-2.84121482999996, 6.79520336700006], [-2.84106549299986, 6.79507701300008], [-2.84091619799995, 6.79496185200009], [-2.84080114799991, 6.79485827200006], [-2.84068622399991, 6.79472042100008], [-2.84053701399984, 6.79455927800018], [-2.84034159399994, 6.79449027400011], [-2.84013462999991, 6.79443267900007], [-2.8399851669999, 6.79435230700017], [-2.83987020399991, 6.79427197500013], [-2.83978982499991, 6.79415672500016], [-2.83973240199987, 6.79398455600005], [-2.83973234999996, 6.79383490200007], [-2.83977851499998, 6.79365114600017], [-2.83981300699998, 6.79351324400011], [-2.83970971399992, 6.79338671400012], [-2.83957157899988, 6.79330612600006], [-2.83944533199991, 6.7932372030001], [-2.83931890999992, 6.79312230000011], [-2.83923844599997, 6.79298431600006], [-2.83914656399998, 6.79281176300009], [-2.83908922899997, 6.79266249800008], [-2.8390202199999, 6.79250156700016], [-2.83892833899995, 6.79232901300009], [-2.83882482899992, 6.7921451360001], [-2.83877916299997, 6.79194967400008], [-2.83883669799991, 6.7917887800001], [-2.83895177699992, 6.79160493500007], [-2.83903210099993, 6.79149028000006], [-2.83913568299988, 6.79139826900018], [-2.83927363599992, 6.79128339599998], [-2.83936575899997, 6.7911569850001], [-2.83944625299989, 6.79100754300003], [-2.83946933099998, 6.79084677900005], [-2.83946962199997, 6.79062823800018], [-2.83943502699998, 6.79044444400006], [-2.83934331799992, 6.79024915700012], [-2.83925143899995, 6.79008831300018], [-2.83913647199995, 6.78993857800009], [-2.83903305399991, 6.78984666400015], [-2.83891800599997, 6.7897547930001], [-2.83879167199984, 6.7896626210001], [-2.83866516799992, 6.78959369900008], [-2.83853887799995, 6.78951306500016], [-2.8384124179999, 6.78945550700018], [-2.83822845399993, 6.78935201600007], [-2.83806753399995, 6.7892255320001], [-2.8379295709999, 6.78912203700014], [-2.83779169499996, 6.78903025200009], [-2.83765377499992, 6.78893778000008], [-2.83757335499985, 6.78881133400012], [-2.83753893499994, 6.78867369300002], [-2.83789590499987, 6.78758205200018], [-2.8379765709999, 6.78740987600014], [-2.83802264899987, 6.78720304400008], [-2.83804551299994, 6.78705364800015], [-2.83808021999994, 6.78690403400003], [-2.83814921499987, 6.78677771200006], [-2.83819527699995, 6.78671450700006], [-2.83824133899998, 6.78665130200011], [-2.83834466199988, 6.78655929200011], [-2.83849415999993, 6.78651343300015], [-2.83866661699989, 6.78649056400013], [-2.83880470199995, 6.78647919100013], [-2.83897724499991, 6.78647905300011], [-2.83913803299981, 6.78650255400004], [-2.83927594699992, 6.78652545200015], [-2.83942544799987, 6.78654847900003], [-2.83956357699992, 6.78654847100017], [-2.84028810099994, 6.78614084800012], [-2.84032255399995, 6.78606614800015], [-2.84035708399995, 6.78580184100008], [-2.8402653359999, 6.78566390100002], [-2.84016178699994, 6.78554873800016], [-2.84004682799997, 6.78546857800012], [-2.83997799299993, 6.78534208900004], [-2.84001244399997, 6.78520418800008], [-2.84015069399993, 6.78502042700006], [-2.84027723299994, 6.78495157800012], [-2.84042672999993, 6.78490554600006], [-2.8405646839999, 6.7848595590001], [-2.84073696499996, 6.78479088100005], [-2.84085208799996, 6.78468728700005], [-2.84093262399995, 6.78456074900004], [-2.84103607599991, 6.78443481200003], [-2.84113973999996, 6.78429664700002], [-2.84149622399997, 6.78402113000004], [-2.84164572099991, 6.78397509800016], [-2.84174942999994, 6.78384881700009], [-2.84187579399992, 6.78373398700001], [-2.84201396099991, 6.78367628700005], [-2.84211745499994, 6.78356154400007], [-2.84220931999982, 6.78343530700016], [-2.84224407099993, 6.78329740400005], [-2.84222093499989, 6.78315954800019], [-2.8421866409999, 6.78297558200006], [-2.84225580499992, 6.78282618200012], [-2.84245129999994, 6.78276878100007], [-2.84257774999992, 6.78267668400002], [-2.84268132899996, 6.78251630400007], [-2.84278490499992, 6.78235523400008], [-2.84289985199985, 6.78220566100003], [-2.84300338999998, 6.78210262900006], [-2.84317579599985, 6.78199916200009], [-2.84334846399992, 6.78195321400005], [-2.84348628599997, 6.78187278300004], [-2.84360140499996, 6.78170047700019], [-2.84434955199987, 6.78008343200003], [-2.84429224699994, 6.77990786200007], [-2.84413120099993, 6.77981599500004], [-2.84393574799992, 6.7798158760001], [-2.84379779199998, 6.77978144100018], [-2.84372895799987, 6.77965495300003], [-2.84369453799997, 6.77951696800005], [-2.84372898599997, 6.77936752800014], [-2.84383251899993, 6.7791952660001], [-2.84389017899997, 6.77898838900012], [-2.84391329899995, 6.77883882000009], [-2.84398250199996, 6.77862070700007], [-2.84398236499987, 6.77844849400014], [-2.84395956999987, 6.77825294500019], [-2.84393669299993, 6.77810372300013], [-2.84387931499998, 6.77794274800004], [-2.84387930199995, 6.77772420900016], [-2.8439139219999, 6.77755186400003], [-2.84394832699991, 6.77739105800003], [-2.84398294499994, 6.77721836800015], [-2.84404052399998, 6.77706918500013], [-2.84409822799995, 6.77687384700016], [-2.84414417499994, 6.77670145800016], [-2.84420192199991, 6.77651765900015], [-2.84427082499997, 6.77629954700006], [-2.8443400299999, 6.77616151400008], [-2.84444351799993, 6.77597754000016], [-2.84451268099997, 6.77582831400002], [-2.84458162899989, 6.77569045199999], [-2.84465062099991, 6.77556395800002], [-2.84490373699992, 6.77543762500017], [-2.84502993999996, 6.77557560500003], [-2.84515648799993, 6.77572529500014], [-2.84534031399988, 6.77578263300006], [-2.84554734499994, 6.77564493800014], [-2.84562783599995, 6.77550720500005], [-2.84573166399991, 6.77526571100015], [-2.84581202299984, 6.77508182600008], [-2.84597301899993, 6.77508207500006], [-2.84613410699984, 6.77518565300005], [-2.84621444099992, 6.77536927200009], [-2.84626019099989, 6.77550755800013], [-2.84631782699995, 6.77565682000005], [-2.84642124299995, 6.77574873400005], [-2.84655919799991, 6.77578334100014], [-2.84674293599994, 6.77581777400007], [-2.84690405999993, 6.77578340700018], [-2.84704205499992, 6.77576049500004], [-2.84720304399991, 6.77561143500014], [-2.84735248799984, 6.77548480600007], [-2.84750215099996, 6.77540433100006], [-2.84767464199996, 6.77531257400017], [-2.8478470899999, 6.77522098900016], [-2.8479736249999, 6.77515179500011], [-2.84813440199997, 6.77509452500016], [-2.84834160999998, 6.77507169400013], [-2.84852534899989, 6.77511783600005], [-2.84865179699995, 6.77502591000007], [-2.84872112799991, 6.77484172200013], [-2.84874411799996, 6.77465822700015], [-2.84873252199998, 6.77450861800008], [-2.84885913599987, 6.77431336300003], [-2.84899716499996, 6.77415250700005], [-2.84913519399993, 6.77399147900002], [-2.84923885399996, 6.77384229200004], [-2.84937701099994, 6.77364699300011], [-2.8494688699999, 6.77352041100016], [-2.84951490399988, 6.77337127200013], [-2.84950356799993, 6.77322200600003], [-2.84957267999994, 6.77298064400014], [-2.84969908399995, 6.77287735100003], [-2.84983720199989, 6.77280811300017], [-2.84982582199996, 6.7726473080001], [-2.84973373099996, 6.77249783399998], [-2.84961903199996, 6.77241750200011], [-2.84949257599988, 6.77236011900004], [-2.84933148799996, 6.77225619899997], [-2.84919352999992, 6.77215287900015], [-2.84905587199989, 6.77204921400016], [-2.84891774299996, 6.7719687980001], [-2.84880304399996, 6.77188829500011], [-2.84869949899991, 6.77177347700018], [-2.8486650779999, 6.77163549400007], [-2.84871115099997, 6.77142866200018], [-2.84875713899987, 6.77126781200019], [-2.84878042899993, 6.77108380000004], [-2.84887241599984, 6.77092294700014], [-2.84897594999995, 6.77081957000007], [-2.84910239199996, 6.77065875800008], [-2.84918301199997, 6.77054410199997], [-2.84922900099986, 6.77039461800007], [-2.84932124099993, 6.77014180200013], [-2.84936152499989, 6.77000964700011], [-2.84909163099996, 6.76927971400016], [-2.84893067299993, 6.76914169400015], [-2.84878130499993, 6.769072859], [-2.84862039699993, 6.76909551500012], [-2.84845927699985, 6.76913005300014], [-2.84830991299992, 6.76912993200006], [-2.84811454699991, 6.76908383300002], [-2.84795337799989, 6.76902640900011], [-2.84782717999997, 6.76896868], [-2.84772372299983, 6.76887676700017], [-2.84763184999997, 6.7687732710001], [-2.84749371999987, 6.76862397000008], [-2.84739047499994, 6.7685088070001], [-2.84728714399995, 6.76837091200014], [-2.84719513999988, 6.76824416800014], [-2.84712630999996, 6.76811802400016], [-2.84704588799997, 6.76792235100004], [-2.8469078039999, 6.76785347300006], [-2.84678134899991, 6.76779591700006], [-2.84663210899993, 6.76769246700002], [-2.84650552299991, 6.76760046900006], [-2.84634482899997, 6.76753167700008], [-2.84617212499995, 6.76763479900006], [-2.84603409199991, 6.7677264240001], [-2.84589622799996, 6.76771523700012], [-2.84575822699992, 6.76760003300001], [-2.84570098099988, 6.76747367300004], [-2.84571230199992, 6.76733568700018], [-2.84578137699998, 6.76716338300014], [-2.84583908299993, 6.76703693100018], [-2.84588509699995, 6.76692783200008], [-2.84593122999991, 6.76662326900004], [-2.84589672499993, 6.76647391800003], [-2.84577035399985, 6.76635884299998], [-2.84559790299988, 6.76631299900009], [-2.84533347299993, 6.76640462900008], [-2.84516096799996, 6.76638164700012], [-2.8450345149999, 6.76632426300017], [-2.84498876699985, 6.76618597700008], [-2.84505767199994, 6.76603675100017], [-2.84505787799998, 6.76587572900019], [-2.84504633099988, 6.76573800300014], [-2.84506949499996, 6.76558860500006], [-2.84511552899994, 6.76545065900018], [-2.84519614599986, 6.76526694600017], [-2.84510409899997, 6.76511729700013], [-2.84496614299991, 6.7650136310001], [-2.84503521899995, 6.76484149900006], [-2.84520788199995, 6.76479572500017], [-2.84534566299988, 6.76485323800006], [-2.84548374199994, 6.76485323100013], [-2.84563322999998, 6.76472712100002], [-2.84563339299996, 6.76455456100012], [-2.84554143399993, 6.76443952699998], [-2.84539202399998, 6.7643589810001], [-2.84524252699987, 6.76426706900014], [-2.84511607399998, 6.76420968499997], [-2.84486312599995, 6.76416328500005], [-2.84466784999995, 6.76412872100002], [-2.8445184389999, 6.76404817500014], [-2.84442643799986, 6.76392177400004], [-2.84448410199991, 6.76379549400008], [-2.8445762209999, 6.76365754700015], [-2.84463358299996, 6.76351990300014], [-2.84454158099987, 6.76339315800004], [-2.84440371599993, 6.76338162500002], [-2.84424285099993, 6.76333556400004], [-2.84417380399998, 6.7631630950001], [-2.8441051449999, 6.76300216300007], [-2.84402458199992, 6.76295037500006], [-2.84265698299993, 6.76171432000001], [-2.84256519599995, 6.7615646700001], [-2.84248469599987, 6.76141549199997], [-2.84234686999991, 6.76126601500016], [-2.84222041499993, 6.7611395720001], [-2.84210554499992, 6.76101291200007], [-2.84205954099997, 6.76087497100013], [-2.84209424999989, 6.76072587400012], [-2.8422093239999, 6.76061074500012], [-2.8422553609999, 6.76047314300007], [-2.84214057399993, 6.76028896400004], [-2.84197945599988, 6.76032350000008], [-2.84184137799991, 6.76033504300005], [-2.84170342599998, 6.7603002620001], [-2.84160022999987, 6.76019680700017], [-2.84154281199983, 6.76002412100007], [-2.84163467399998, 6.7598978850001], [-2.84180737499997, 6.75979442000016], [-2.84195681899996, 6.75966831000005], [-2.84193381399996, 6.75948430000005], [-2.84179586399989, 6.75944986300016], [-2.8416350469999, 6.75949593500007], [-2.84149696699996, 6.75949559600014], [-2.84137051599987, 6.75943821000016], [-2.84125573499995, 6.75933480000015], [-2.84116382299993, 6.7592313020001], [-2.84110627699994, 6.75910477000014], [-2.84097986399996, 6.75890926800008], [-2.84088795199989, 6.75880577000009], [-2.84080753799992, 6.75867932400007], [-2.84076166399996, 6.75850693900014], [-2.84075032899989, 6.75827724800001], [-2.8407505379999, 6.75811622700013], [-2.84076190399998, 6.75797824000017], [-2.84076202699987, 6.75779448700013], [-2.84072765099995, 6.75759898200005], [-2.84072769099987, 6.75746121000003], [-2.84076239799992, 6.75731159600008], [-2.84082005999988, 6.75710472100008], [-2.84084309499991, 6.75693242100004], [-2.84059006299998, 6.75678303400002], [-2.84050982099996, 6.75663333800009], [-2.84046377599998, 6.75648402999997], [-2.84036044999988, 6.75634596000009], [-2.84026849599991, 6.75623126800002], [-2.84023407599989, 6.7560240520001], [-2.84034052499993, 6.75580024500016], [-2.84041814199992, 6.75571405900013], [-2.84053326099996, 6.75561081300015], [-2.84068261899989, 6.75553034100005], [-2.84078636799995, 6.75541559900012], [-2.84083240299992, 6.75526611600014], [-2.84082085499995, 6.75512804300013], [-2.8409360579999, 6.75497881400014], [-2.84103963499996, 6.75488697700013], [-2.84114290999997, 6.75479514100016], [-2.84109132699996, 6.75453072900012], [-2.84063604799996, 6.75254638700005], [-2.84107956699995, 6.75174400200018], [-2.84130500099997, 6.75031799100009], [-2.84219387799988, 6.75077926800014], [-2.84227415499993, 6.75072179000017], [-2.84234317999989, 6.75031992500004], [-2.84241195099997, 6.75005566100003], [-2.84249247899987, 6.74977998700012], [-2.84264156799998, 6.74941243500012], [-2.84276809499994, 6.74919427800006], [-2.84289445199994, 6.74907945000018], [-2.84305530899991, 6.74904491600017], [-2.84322740799996, 6.74907939800016], [-2.84330807299995, 6.74904482200014], [-2.84333076099995, 6.74878073200017], [-2.84335379599992, 6.74852835100012], [-2.84343992199996, 6.74826970500004], [-2.84429570799995, 6.74796544000003], [-2.84449114099988, 6.74774702200006], [-2.84452537299995, 6.7475517740001], [-2.84429564999994, 6.74751734000006], [-2.84424969299988, 6.7473911080001], [-2.8443647659999, 6.74727632300011], [-2.8447092159999, 6.74718426400005], [-2.84497360699993, 6.74719566300018], [-2.84514587599995, 6.74712681500017], [-2.84526072899996, 6.74688579800005], [-2.84538704099992, 6.74675943200009], [-2.84555926699989, 6.74674775900007], [-2.84574308399982, 6.74688552300012], [-2.84589261699995, 6.74698897500014], [-2.84603043499988, 6.74706904900017], [-2.84617965999996, 6.74695447800002], [-2.84620269499993, 6.74677063900003], [-2.84618537799997, 6.74667297400003], [-2.84607083599991, 6.74647414000009], [-2.84598272099993, 6.74632118200003], [-2.8452030389999, 6.74496772400016], [-2.84521457599988, 6.74480700599997], [-2.84529471699994, 6.74457748600003], [-2.84542120299983, 6.7444971000001], [-2.84557060299994, 6.7444970520001], [-2.8457313749999, 6.74458875000005], [-2.84576573999993, 6.74449683000006], [-2.84569678399987, 6.74433624400012], [-2.84575423099994, 6.74422098700006], [-2.84576581199991, 6.74407197900018], [-2.84573122599988, 6.74396878099998], [-2.84577730199987, 6.74383083500015], [-2.84589216399996, 6.74388826500007], [-2.84606448199992, 6.74404897800014], [-2.84622538199994, 6.74410623300002], [-2.84630561699993, 6.7441062740001], [-2.84632865499987, 6.74400320300003], [-2.8462711119999, 6.74387667200011], [-2.8461447059999, 6.74376193900014], [-2.84609874899985, 6.74363553500012], [-2.84608728599994, 6.74344028800004], [-2.84606432799984, 6.74334841300004], [-2.84597259299989, 6.74329089500003], [-2.84582319299994, 6.74329077100003], [-2.84570811199995, 6.74310728200004], [-2.84558183699988, 6.74302699100008], [-2.8454670619999, 6.74299246600015], [-2.84529470699994, 6.74296969600005], [-2.84519130199982, 6.74295820500004], [-2.84515675999995, 6.74286620100008], [-2.84519116499996, 6.74270556700009], [-2.84523702699994, 6.74259035500017], [-2.84522561099988, 6.74248707000004], [-2.84508770999986, 6.74246416900002], [-2.84500738899987, 6.74242985800015], [-2.84501875299992, 6.74230323800015], [-2.84507615899997, 6.7421771330001], [-2.84512219099997, 6.74195910800006], [-2.84524850399993, 6.74190145600011], [-2.84543244099996, 6.74185529600004], [-2.84544389199993, 6.74167184400011], [-2.84554720499995, 6.74152266100009], [-2.84570805599992, 6.74141889700007], [-2.84574258899994, 6.74121211000011], [-2.84613311999993, 6.74121235500019], [-2.84642033299997, 6.741212303], [-2.84655814499985, 6.74113187500012], [-2.84687974199989, 6.74097687200015], [-2.84715530699998, 6.74102852599998], [-2.84724720599991, 6.74084477100018], [-2.84732777399995, 6.7405690970001], [-2.84741971499989, 6.74039687900006], [-2.84743107799994, 6.74019018000007], [-2.84740811499989, 6.73994882300008], [-2.84737360999998, 6.73971922000004], [-2.84743101199996, 6.73952423000003], [-2.84758023099994, 6.73932871900013], [-2.84772958299993, 6.73924824700003], [-2.84808570199993, 6.73924827700006], [-2.84823510299987, 6.73932279700017], [-2.84838450299998, 6.73939731700011], [-2.84853368599994, 6.73935163199997], [-2.84853359199997, 6.73917907499998], [-2.84844189899991, 6.73905301600013], [-2.84841881099987, 6.7389266990001], [-2.84847617299982, 6.73885776800017], [-2.84862548299992, 6.73876610200006], [-2.84874033499983, 6.73860516500014], [-2.84879799199996, 6.73831821100003], [-2.8489472579999, 6.73829508600016], [-2.84903894899992, 6.738340892], [-2.84908503699995, 6.73850173700009], [-2.84905050399993, 6.73869698599998], [-2.84901618799989, 6.73888086800014], [-2.8491310899999, 6.73886941100017], [-2.84924602699994, 6.738719839], [-2.84932616799989, 6.738558861], [-2.84951010399993, 6.73851304400006], [-2.84960187899998, 6.73851304100015], [-2.84969382299994, 6.73840988100011], [-2.84964782199995, 6.73827194100011], [-2.84953308599995, 6.73809964500003], [-2.84957894699994, 6.73798477700012], [-2.84987761199994, 6.7379616020001], [-2.85014191399989, 6.73801915400003], [-2.8503601779999, 6.73808790200007], [-2.85045208499997, 6.73812268500018], [-2.85054402999992, 6.73808806600005], [-2.85057834699995, 6.73790452900005], [-2.85061279399997, 6.73776662800009], [-2.8507850119999, 6.73767435800011], [-2.85095736299996, 6.73762858500015], [-2.85122175199996, 6.73772040599999], [-2.85131353299994, 6.73785834600005], [-2.85142860799994, 6.73789269600007], [-2.8515549199999, 6.73784675399997], [-2.85173850699994, 6.73770914800014], [-2.85188785799994, 6.73761713700009], [-2.85208328699991, 6.73747914200015], [-2.85209460399989, 6.73726107700014], [-2.85211763399985, 6.73701989100005], [-2.85234720799991, 6.73672126300005], [-2.8523587229999, 6.73659481500005], [-2.85237023699995, 6.7364683670001], [-2.85228999599997, 6.73623893900009], [-2.85196811499998, 6.73618143400006], [-2.85187638199994, 6.73612426300002], [-2.85188765899983, 6.73597491100008], [-2.85201405499987, 6.73587162000018], [-2.85223244399992, 6.7358943860001], [-2.85235875399991, 6.73583690500004], [-2.85250793199998, 6.7357107950001], [-2.85262287499989, 6.73571053200016], [-2.85274919199998, 6.73580235900005], [-2.85287572499993, 6.73588299200003], [-2.85302486299997, 6.73589413700017], [-2.85317443199989, 6.73587135500009], [-2.85336956499998, 6.73585976500016], [-2.85354191599993, 6.73588253200018], [-2.85356483299995, 6.73597457900007], [-2.85354206799991, 6.73636507300006], [-2.8536684689999, 6.73641091900009], [-2.85385223299994, 6.73638817900019], [-2.85417379999996, 6.73621560600003], [-2.85442668499996, 6.7361812370001], [-2.8546333619999, 6.73623865999997], [-2.8548514979999, 6.7363418490001], [-2.8549779839999, 6.73634205799999], [-2.8550468869999, 6.73626154600009], [-2.85502387999998, 6.73608907500011], [-2.85489742099998, 6.73573341800011], [-2.85495498899996, 6.73551483400013], [-2.85500080599991, 6.73537723300001], [-2.85523051099995, 6.73519347199999], [-2.85536849099998, 6.73509013600017], [-2.85542571699989, 6.73491770600009], [-2.85550611699989, 6.73482595600018], [-2.85564414299995, 6.73481441000007], [-2.85570132599997, 6.73463061399997], [-2.85574731399987, 6.73447010900014], [-2.85590824799993, 6.73438959100002], [-2.85608037999998, 6.73435501200009], [-2.85626427799991, 6.73444696400009], [-2.85641367999995, 6.73459587700006], [-2.85650562899991, 6.73463066000016], [-2.85660902699993, 6.73457309100013], [-2.8566664249999, 6.73437792900012], [-2.85671228299998, 6.73425152200008], [-2.85683867799992, 6.73414823100012], [-2.85706830199985, 6.73409052800008], [-2.85718324299995, 6.73402189600006], [-2.85717168899987, 6.73380357400015], [-2.85691886399991, 6.73327532400009], [-2.85678103599997, 6.73290800000012], [-2.85681556699996, 6.73278129300019], [-2.85713714099995, 6.73277025500016], [-2.85743588999998, 6.73282715600016], [-2.85763110799996, 6.73278163900005], [-2.85773463099997, 6.73267809000009], [-2.85768850299991, 6.73257476600008], [-2.85753905699988, 6.7324141420001], [-2.85756217499994, 6.73226457400017], [-2.85770002599997, 6.73220739100014], [-2.85787237599993, 6.73223015700006], [-2.85819399899998, 6.73236808400003], [-2.85827427499987, 6.73237931600005], [-2.85829739599984, 6.73229897700008], [-2.85811353599991, 6.73208062200001], [-2.85798712799993, 6.73188546800003], [-2.85795266799994, 6.73173629000013], [-2.85798698699989, 6.73163317700005], [-2.85812492299993, 6.73159838300018], [-2.85820519999993, 6.73160996000018], [-2.85835473399987, 6.73179383100018], [-2.85863050199987, 6.73212670400011], [-2.85873368899996, 6.73214973300014], [-2.85884862999995, 6.73214946800005], [-2.85891770399991, 6.73205776000009], [-2.85881428599987, 6.73174765400017], [-2.85868792199989, 6.7315640380001], [-2.85864183299992, 6.73140336700004], [-2.8586533219999, 6.73124230500002], [-2.85874517099995, 6.73103564500019], [-2.85888292999988, 6.73088632900004], [-2.8590208199999, 6.73076008999999], [-2.85911271899988, 6.73071410400013], [-2.85912420899996, 6.73055338600017], [-2.85887717399993, 6.72994469200006], [-2.85811301299987, 6.72817053200015], [-2.85809003199989, 6.72807280200004], [-2.85797516999992, 6.72794649000008], [-2.85783722599996, 6.72783180300013], [-2.85786017399988, 6.72770548400007], [-2.8580554699999, 6.72760193100009], [-2.85815890799995, 6.72748718900004], [-2.85821617699997, 6.72732646900005], [-2.85819325699993, 6.72716553700008], [-2.85805544499988, 6.72709665800011], [-2.85790587299994, 6.72697047800017], [-2.8579289949999, 6.72688996700015], [-2.8584344059999, 6.72679815200013], [-2.85877901099997, 6.726751896], [-2.85897427199995, 6.72677526400003], [-2.85916948799996, 6.72679794300018], [-2.85928447199996, 6.72680921600016], [-2.85939931999997, 6.72664879400003], [-2.85941076599994, 6.72646500000008], [-2.85943362499995, 6.72631543200015], [-2.85950265299982, 6.72620082099996], [-2.85960605399993, 6.72621231100004], [-2.85975527699992, 6.72624670300007], [-2.85989325999998, 6.72629250400018], [-2.8599277049999, 6.72614340900003], [-2.85998518299994, 6.72589038200016], [-2.86010007599998, 6.72581003900018], [-2.86019763899986, 6.72577565600005], [-2.86047897999987, 6.72448944900015], [-2.86046725599988, 6.724305571], [-2.86034089899988, 6.72420255200012], [-2.86020308599996, 6.72412196300013], [-2.86024890099992, 6.72399573000007], [-2.86042128399987, 6.72388089700007], [-2.86055925899996, 6.72378892799998], [-2.86062816699996, 6.72385789500009], [-2.86080038799997, 6.72391527700006], [-2.86085787099995, 6.72374319000011], [-2.86093830699997, 6.72358221000013], [-2.86106452299992, 6.72343293800003], [-2.86116782599993, 6.72328340900003], [-2.86124835099992, 6.72314567800009], [-2.86148951099989, 6.72307673700016], [-2.86173089799996, 6.72320308400003], [-2.86191465899998, 6.72326059300008], [-2.86208683499996, 6.72330643500015], [-2.86225909399997, 6.72330629700014], [-2.8623280729999, 6.72311091800003], [-2.86237387899996, 6.72283554800015], [-2.86255776399992, 6.72277801800004], [-2.86270706399984, 6.72267481200004], [-2.86283340999989, 6.72255998200012], [-2.86281052999993, 6.72234170400014], [-2.86270711799995, 6.7221120210001], [-2.86250026299996, 6.72185931200005], [-2.86230491799995, 6.72180201900017], [-2.8621670629999, 6.72172143100011], [-2.86209810799988, 6.72156084700015], [-2.86213259399989, 6.72142294600019], [-2.86227042599995, 6.7210669750001], [-2.86237381299998, 6.72086027100005], [-2.86263796999998, 6.72081431900017], [-2.86285630499992, 6.72075700300007], [-2.86307454399997, 6.72052713000011], [-2.86329259999997, 6.72010231400014], [-2.86348779999997, 6.71990697100006], [-2.8636945099999, 6.71990670200012], [-2.86387839199995, 6.71984934400018], [-2.86402781499987, 6.71964263700005], [-2.86422305799994, 6.71944729500007], [-2.8643032839999, 6.71938998700011], [-2.86446435199991, 6.71948202400017], [-2.8646250299999, 6.71956218000003], [-2.86471697599995, 6.71959678900015], [-2.86478583099995, 6.71951627600015], [-2.86479731499992, 6.71927513500003], [-2.86485462499996, 6.71912595300012], [-2.86501546499994, 6.71902253000013], [-2.86523375899998, 6.71902256000016], [-2.86561276999993, 6.71903403200002], [-2.8657621559999, 6.7189647510001], [-2.86587691599993, 6.71884996500017], [-2.86591157299995, 6.71868933100001], [-2.86559548399993, 6.71731688500017], [-2.86604880499993, 6.71560001100005], [-2.86460132699989, 6.71398087000011], [-2.86444043699981, 6.71392361900007], [-2.86434840499993, 6.71386610500008], [-2.86424516999989, 6.7136708650001], [-2.8642450779999, 6.71357907500015], [-2.86431388599993, 6.71340694600002], [-2.86447476699988, 6.71331488900017], [-2.86460111499997, 6.71328048300012], [-2.86470446499987, 6.71320018400019], [-2.86468163299998, 6.71307369400017], [-2.86462396499996, 6.71298160800018], [-2.86445187999988, 6.71294730300013], [-2.86429099499998, 6.71297030300008], [-2.86409574099997, 6.71293608600018], [-2.86393476799998, 6.71293600900009], [-2.8637511529999, 6.71313130700008], [-2.86361334799994, 6.71313131400012], [-2.86342941599992, 6.71303936300006], [-2.86336042299996, 6.71293612500006], [-2.86339503599993, 6.71276378200014], [-2.86348683899996, 6.71255729500018], [-2.86349841499992, 6.71240794200014], [-2.86342942099992, 6.71231589799999], [-2.86325690699994, 6.71231586500011], [-2.86253327299994, 6.71256866700003], [-2.86198210499987, 6.71272971200011], [-2.86178663499987, 6.71270651700007], [-2.86172931199985, 6.71256896500006], [-2.86176379899996, 6.7124310640001], [-2.86172925299991, 6.71225863800004], [-2.86155703899988, 6.71226996900003], [-2.86115505299995, 6.71259181099998], [-2.85955812299989, 6.71192606700015], [-2.85940885399998, 6.71174219300008], [-2.85931677299988, 6.71151246700003], [-2.85932847299989, 6.71117970600017], [-2.85958097499997, 6.71061681899999], [-2.86005192799996, 6.70980132800014], [-2.86027002599997, 6.709318994], [-2.86035045799997, 6.709089302], [-2.86038477599988, 6.70897465000013], [-2.86051120399998, 6.70881384100005], [-2.86063750999995, 6.70883678299998], [-2.86072941299989, 6.70893993400011], [-2.86082135599997, 6.70898591100007], [-2.86093629299995, 6.70898581900008], [-2.86103959799988, 6.70889381000018], [-2.86113144099994, 6.70862980300012], [-2.86109702699991, 6.70849199100007], [-2.86097050199993, 6.70841170400007], [-2.86077529399995, 6.70838867900005], [-2.86066035499994, 6.70832005800014], [-2.86061448599997, 6.70821621500016], [-2.86064897499989, 6.70807865800009], [-2.86080968099998, 6.707940796], [-2.86095893799995, 6.70790630400018], [-2.86117744599994, 6.70796368200013], [-2.86142993099986, 6.7080440090001], [-2.86159094799996, 6.70806716400017], [-2.86174007699992, 6.70806711500006], [-2.86188941899997, 6.70798664100016], [-2.86188949399997, 6.70779117899997], [-2.86177462899997, 6.70744701800004], [-2.86171699199997, 6.70706785300018], [-2.86170556499991, 6.70674620300002], [-2.86172859299995, 6.70649382400001], [-2.8618202209999, 6.70624101200008], [-2.86201562699989, 6.70587363100014], [-2.86211900499995, 6.70551744700015], [-2.86215318099994, 6.7051615260001], [-2.8622795899999, 6.70462167700009], [-2.86223354799989, 6.70447237100018], [-2.86110763599993, 6.70293361500006], [-2.8604528859999, 6.70252037400007], [-2.86030349299989, 6.70237111500006], [-2.8602002159999, 6.70209527800006], [-2.86009680999996, 6.70179670800007], [-2.85989006099982, 6.70170501300004], [-2.85948796999992, 6.70141807800019], [-2.85930416499991, 6.70113083500013], [-2.85922375999991, 6.70093567700013], [-2.85914322399992, 6.70070624900018], [-2.85902840499995, 6.70036174200015], [-2.85876402399992, 6.69991361100011], [-2.85849981599989, 6.69942001500016], [-2.85843085799996, 6.69904071900004], [-2.85838477299995, 6.69881116100004], [-2.85830437099997, 6.69868506100011], [-2.85821246899991, 6.69850131200008], [-2.85818946599989, 6.69832884200002], [-2.85822395599996, 6.69819111300006], [-2.85825844499982, 6.6980533840001], [-2.8583388809999, 6.69790394300009], [-2.8584420549999, 6.69777766600004], [-2.85855711699992, 6.69774313300013], [-2.85874078099994, 6.69777756900015], [-2.85892469799995, 6.6976513300001], [-2.85901654699984, 6.697525095], [-2.85926915199997, 6.69749038600008], [-2.85996978299994, 6.69750185600014], [-2.86046379999993, 6.69754768900015], [-2.86068209099989, 6.69769703200012], [-2.86092337599996, 6.69780030600015], [-2.86104963499992, 6.6978115390001], [-2.86133681799987, 6.69774277200003], [-2.86171593199981, 6.69749007700017], [-2.86202606499995, 6.69736370300018], [-2.86232460799988, 6.69708823800005], [-2.86241645099994, 6.69689277300012], [-2.86253137399996, 6.69660577499997], [-2.86250832399998, 6.69634151700018], [-2.86247386399998, 6.69611191500019], [-2.86235896299996, 6.69583629400017], [-2.86214061699997, 6.69537696900011], [-2.86202571599995, 6.69508998099997], [-2.86201412599996, 6.69494071700007], [-2.86199112399993, 6.69476859100001], [-2.86181868599994, 6.69442361300008], [-2.86166937699994, 6.69407958100004], [-2.86158897199994, 6.69387271400007], [-2.86160054699985, 6.69365430400012], [-2.86164653399993, 6.69357405100016], [-2.86166947599997, 6.69329842400015], [-2.86158881299997, 6.69310326800019], [-2.86134764099995, 6.69251728000017], [-2.86119833299995, 6.69217324700008], [-2.86112925999993, 6.69212718300014], [-2.86101445299994, 6.69208112000018], [-2.86087665699989, 6.69216154900016], [-2.86068149799991, 6.69215006000019], [-2.86044004499985, 6.69206968899999], [-2.85983139799993, 6.69188634500011], [-2.85937191599993, 6.69165662900014], [-2.85900420099995, 6.69141554200019], [-2.85880903299989, 6.69111680200012], [-2.85870549699996, 6.6907031930001], [-2.8586021349999, 6.69026685100005], [-2.85838955299994, 6.69005445400018], [-2.85817697099998, 6.68984205800018], [-2.85766004399994, 6.68950922800019], [-2.85749915899987, 6.68930249100003], [-2.85743029799994, 6.6891648080001], [-2.85747619999995, 6.68906130700015], [-2.85759108699995, 6.68898096600014], [-2.85765994099995, 6.68890045500018], [-2.85764865499988, 6.68875118900007], [-2.85762565299996, 6.68849863900016], [-2.85762547699994, 6.68838377300006], [-2.85769450499987, 6.68833770400005], [-2.85778639999984, 6.68837214400008], [-2.85799305899997, 6.68857870800008], [-2.85842963599993, 6.68902688100013], [-2.85865924299992, 6.68903841200012], [-2.85859032799993, 6.68852134400015], [-2.85846384399991, 6.68816534200016], [-2.85837194299995, 6.68791270700012], [-2.85816519899993, 6.6877521240001], [-2.85809651199992, 6.68766007800014], [-2.85807338399997, 6.68752239500003], [-2.85814232499996, 6.68746496000011], [-2.85826875399994, 6.68744192200018], [-2.85845245699988, 6.68748789800009], [-2.85856734599997, 6.68747644300009], [-2.85863619999998, 6.68738439300012], [-2.85862465499991, 6.68724666600002], [-2.85857870199993, 6.68705137800004], [-2.85850967199991, 6.68694813799999], [-2.85838345399992, 6.68686750299997], [-2.85825697999996, 6.68681011700005], [-2.85808481799984, 6.686752904], [-2.85793543499989, 6.68668406500012], [-2.85785507799994, 6.68656915800011], [-2.85786639699995, 6.68635092100004], [-2.85792396499994, 6.68612114400014], [-2.8579354609999, 6.68602948300014], [-2.8578893799999, 6.68586863800004], [-2.85776298999986, 6.68575373200014], [-2.85760228299995, 6.68574211100014], [-2.85740129299995, 6.68571953500003], [-2.85734950799991, 6.68558170200009], [-2.85742985799993, 6.68547824200004], [-2.85772852799994, 6.68523722200018], [-2.85657974799983, 6.68432968700017], [-2.85625816499987, 6.68434140500005], [-2.85599394499997, 6.68465152300013], [-2.85595947599995, 6.68476049200018], [-2.85592500699994, 6.68486946100006], [-2.85583315799994, 6.68491561600007], [-2.85569544599991, 6.68486981000018], [-2.85568376999993, 6.6846168730001], [-2.85563786099988, 6.68436440900018], [-2.85554592299991, 6.68423835100009], [-2.85523583399993, 6.68415771800005], [-2.85512094299992, 6.68402003600005], [-2.85510948599995, 6.68390521200013], [-2.85527023099991, 6.68370983300002], [-2.85555753699981, 6.68366397500017], [-2.85586758199997, 6.68366401200007], [-2.85615462999993, 6.68364088700002], [-2.85628092699989, 6.68358340800012], [-2.85629255199996, 6.68344559300004], [-2.85624647299994, 6.68328509300005], [-2.85612025699993, 6.683147281], [-2.85593646699988, 6.68300934200005], [-2.85582144499995, 6.68283704600003], [-2.85575262899994, 6.68264184200007], [-2.85570659199988, 6.68249236299999], [-2.85554588499991, 6.68240066199996], [-2.85544253899997, 6.68240087900011], [-2.85527016499992, 6.68251553300018], [-2.85509783599997, 6.68271078400005], [-2.85498286399996, 6.68277975800009], [-2.85494862799987, 6.68268792500004], [-2.85499444299995, 6.68256152000015], [-2.85509782699995, 6.68227422300009], [-2.85513227499996, 6.68212512899999], [-2.85507474199983, 6.68199885500002], [-2.85487941499991, 6.68202154700015], [-2.85469562999998, 6.68210214600015], [-2.85452355899997, 6.68221697200005], [-2.85441999499994, 6.68223992200018], [-2.85443170699989, 6.68212518300004], [-2.85454628999997, 6.68196442200014], [-2.85463830799995, 6.68173451400008], [-2.85461531099992, 6.68155084900008], [-2.8544198919999, 6.68118356500008], [-2.85424764399994, 6.68103421500018], [-2.85407526799997, 6.68099956100014], [-2.85384553699993, 6.68110306400007], [-2.85363884199995, 6.68110315299998], [-2.85354698999981, 6.68101119300002], [-2.8535009979999, 6.68080453699997], [-2.85339751899994, 6.68062083000018], [-2.85329438599996, 6.68059779700013], [-2.85315637499991, 6.68062087600015], [-2.85286933099997, 6.68087356000012], [-2.85272003799997, 6.68096539400005], [-2.85257078599994, 6.68099971000004], [-2.85244431499996, 6.68093112800005], [-2.85236387399988, 6.68079314300013], [-2.85224894199996, 6.68064392100018], [-2.85214567899993, 6.68059798400003], [-2.85201920699996, 6.68059794200002], [-2.85188158399995, 6.68064392500003], [-2.85175515699996, 6.68073584500019], [-2.85162864099988, 6.68073580400005], [-2.85165172099994, 6.68056350400019], [-2.85172053199994, 6.68040291400007], [-2.85176651899991, 6.68024206600006], [-2.85175497799997, 6.68010433800004], [-2.85168624999994, 6.68000092400018], [-2.85154828299989, 6.68003536900011], [-2.85142189899994, 6.68027642600009], [-2.85133018099998, 6.6804374460001], [-2.85115774199994, 6.68053505100005], [-2.85098564599997, 6.68057513400009], [-2.85082463899988, 6.68041454700005], [-2.85070983499998, 6.68008157200012], [-2.85066397199984, 6.67989764800018], [-2.85057194699993, 6.67961056900015], [-2.85051458899989, 6.67938105000007], [-2.85039961199988, 6.67930037000013], [-2.85000891699997, 6.67932336400008], [-2.84975623399987, 6.67933498999997], [-2.8496183929999, 6.67932345200012], [-2.84949209399997, 6.67923162000017], [-2.84949213599987, 6.67909384800009], [-2.84953799499993, 6.67889855700002], [-2.84952645299995, 6.67869177200004], [-2.84945772699996, 6.67843922000014], [-2.84945763999986, 6.67834725800014], [-2.84946922299991, 6.67819807700016], [-2.84962975499997, 6.67809483500014], [-2.84972181899997, 6.67794535300004], [-2.84969882299993, 6.67784176600009], [-2.84965274799993, 6.67768143500007], [-2.84957256699994, 6.67761216200006], [-2.84942323199994, 6.6775436640001], [-2.84922768799993, 6.67743986400006], [-2.84910160499987, 6.67732529800014], [-2.84910151899987, 6.67723350800003], [-2.84919336899992, 6.67717616100015], [-2.84927376399992, 6.677152955], [-2.84940014899996, 6.67719897799998], [-2.84952640399996, 6.67727927300018], [-2.84965270299989, 6.67730222], [-2.84977917399988, 6.67729072400016], [-2.84985948299988, 6.67725632400015], [-2.84985961099989, 6.67714128400019], [-2.84980220899996, 6.67696911399997], [-2.84967578099997, 6.67677395400017], [-2.84950340599988, 6.67665904400008], [-2.84939988799994, 6.67654439400019], [-2.84933098899995, 6.67639499900002], [-2.84934252999983, 6.67631470300012], [-2.84945732999989, 6.67613086500018], [-2.84946882699995, 6.67597014600011], [-2.84912425099998, 6.67586673300002], [-2.84902103299987, 6.67583233300019], [-2.84896337499981, 6.67574058700006], [-2.84896358899994, 6.67564845100003], [-2.84908967299998, 6.67554533900005], [-2.84923922299981, 6.67551085200012], [-2.84937688899993, 6.67555666100009], [-2.84950335999997, 6.67554516500002], [-2.84941142399992, 6.67543029800004], [-2.84923909199989, 6.67510873200007], [-2.84918169199995, 6.67486767600019], [-2.84918177699996, 6.67467221200019], [-2.8492276799999, 6.6745690570001], [-2.8492963189999, 6.67428189100013], [-2.84933098199986, 6.67404066100005], [-2.84925045899996, 6.67396036700018], [-2.84906680299991, 6.67385703900015], [-2.84902085699997, 6.67376524800011], [-2.84822823399992, 6.67342069200004], [-2.84818233099992, 6.67330582400012], [-2.8480329539999, 6.67315673000002], [-2.8480788569999, 6.67290392000007], [-2.8483773989999, 6.67241009700018], [-2.84857267899997, 6.6720196440001], [-2.84857263599997, 6.67192768300004], [-2.84850373899997, 6.67185871000009], [-2.8483774849999, 6.67184747300013], [-2.8482968749999, 6.67174375799999], [-2.84830841499996, 6.67158321100015], [-2.84844633899991, 6.67146834400012], [-2.84859545799992, 6.6713994160001], [-2.84867593899992, 6.67126151499997], [-2.84873346899997, 6.67102054500015], [-2.84877928499992, 6.67074483000016], [-2.84879078299991, 6.67050368800005], [-2.84877928599997, 6.67037732500017], [-2.84873325399997, 6.67022801600018], [-2.84874479499985, 6.67014789300003], [-2.84888245899987, 6.67011310700002], [-2.84905474499993, 6.67012468800016], [-2.84916963099982, 6.67011323600008], [-2.84926147899995, 6.66998700400012], [-2.84926152299988, 6.6697803460001], [-2.84918117199987, 6.66958501200008], [-2.84906637199981, 6.6694702310001], [-2.84889391499991, 6.66927489800003], [-2.84806711099998, 6.66903396800018], [-2.84848626399986, 6.66811501300003], [-2.84860687599996, 6.66812644400005], [-2.84900880299995, 6.66816110300016], [-2.84911210399997, 6.66829866000006], [-2.84927302099993, 6.66828737900011], [-2.8495141599999, 6.66821845100009], [-2.84996202899993, 6.66786201200017], [-2.85022637799995, 6.66757514600005], [-2.85044447899998, 6.66754057400004], [-2.85072002299995, 6.66752920800019], [-2.85081191199993, 6.66748305500016], [-2.85088080799994, 6.66726477400016], [-2.85091521399994, 6.66703525600013], [-2.85098415199997, 6.66674808900012], [-2.85101877299996, 6.66657608999998], [-2.85091542899994, 6.66649570900017], [-2.85073164699992, 6.66658732700012], [-2.85054777999989, 6.66671356000018], [-2.85043298099993, 6.66674826100012], [-2.85030646999991, 6.66666762200009], [-2.85029492999996, 6.66652989400006], [-2.85035258699992, 6.66640361800012], [-2.85040985799992, 6.66624289900005], [-2.85052482799995, 6.66618546600017], [-2.85084622999989, 6.66612812000005], [-2.85100701699997, 6.66608205200015], [-2.85120246699989, 6.66610491200009], [-2.85139757299987, 6.66624281300005], [-2.85173073099998, 6.66638054000015], [-2.8519261379999, 6.66639220600007], [-2.85207547099998, 6.66638062400017], [-2.85212141499989, 6.66613935300018], [-2.85219030999991, 6.66584082000008], [-2.85221321799992, 6.66570296300017], [-2.85235101099988, 6.66570313500017], [-2.8524659819999, 6.66586389500014], [-2.85259219199986, 6.66586393900013], [-2.85262676799988, 6.66574894200011], [-2.8526035569999, 6.66558800900003], [-2.85273002499997, 6.66558805100004], [-2.85290226599994, 6.66558809400016], [-2.85298265899991, 6.66548463700019], [-2.85292521499997, 6.66523187000018], [-2.85274143399994, 6.66509427200015], [-2.85254607099995, 6.66503696900008], [-2.85236233299992, 6.6650483360001], [-2.85220167499995, 6.66505961600012], [-2.85208666199986, 6.66502543200011], [-2.85209811599992, 6.66492206100003], [-2.85221308599995, 6.66479574100003], [-2.85228211199995, 6.66475001700019], [-2.85233955199993, 6.66463476400014], [-2.85224748999991, 6.66448562700015], [-2.85202913199981, 6.66431337100011], [-2.85196019299997, 6.66415261000003], [-2.85198322999992, 6.66404919500008], [-2.85209819999994, 6.66399176100015], [-2.85224736099991, 6.66401496800017], [-2.85225885699981, 6.66391159600016], [-2.85218993899997, 6.66376220100017], [-2.85212102099996, 6.66361280600012], [-2.85209815599984, 6.66346358200002], [-2.85213243099992, 6.66334875900003], [-2.85225894099989, 6.66334862900004], [-2.85243118099993, 6.66342892300008], [-2.85260350699997, 6.66337161900015], [-2.85277574799994, 6.66330294800008], [-2.85294811599982, 6.66325683700006], [-2.85308582099992, 6.66331418400011], [-2.85330422199996, 6.66349797800007], [-2.85353386199995, 6.66365882400004], [-2.85380948799997, 6.66367019000006], [-2.85428056399991, 6.66362433400019], [-2.85483168299987, 6.66324494500014], [-2.85503849899993, 6.66306127700005], [-2.85581929099988, 6.66168304700005], [-2.85594562899996, 6.66171770400018], [-2.85616402799997, 6.66168312999997], [-2.85632485499997, 6.66157988600014], [-2.85648563899997, 6.66153381700013], [-2.85662325799996, 6.66156826000008], [-2.85669219899989, 6.66172919200005], [-2.85677259199997, 6.66185529500012], [-2.85686460999995, 6.66184375600011], [-2.85694508899996, 6.66177508400011], [-2.85693341699994, 6.66145360600018], [-2.85699089699983, 6.66113169500011], [-2.85715167799998, 6.66071846700004], [-2.85732395799994, 6.66058056500015], [-2.85745035999992, 6.6606723970001], [-2.8574501679999, 6.66094793800011], [-2.85747338099998, 6.66110904300018], [-2.85753060699989, 6.66116617500012], [-2.85763420799992, 6.66115476400017], [-2.85777178099994, 6.66102818700006], [-2.85779498799991, 6.66089032800011], [-2.85764552699982, 6.66058073500017], [-2.85748456599993, 6.66020161000017], [-2.85739271699993, 6.6600407630001], [-2.85725492599994, 6.65996034100016], [-2.85722043399988, 6.65987987500012], [-2.85725505199991, 6.65977641600017], [-2.85750759699994, 6.65966180600009], [-2.85808187799995, 6.65943198100018], [-2.85824261999994, 6.65945514200001], [-2.85841485799995, 6.6595238970001], [-2.85856436199992, 6.65963871700001], [-2.85880541099993, 6.65976507500017], [-2.85911548099995, 6.65977630900005], [-2.85929934599994, 6.65978784400005], [-2.85933392399988, 6.65989121400003], [-2.85927657199994, 6.6601094510001], [-2.85924208399985, 6.66023581300004], [-2.85931089399992, 6.66029341800009], [-2.85947171899994, 6.66025854200007], [-2.85959801099989, 6.66013252400012], [-2.85970156799993, 6.66004068900008], [-2.85980482599996, 6.66009816400015], [-2.85994265999989, 6.6601782410001], [-2.86000023199995, 6.66024725400018], [-2.85998865099998, 6.66039643400012], [-2.85996565899995, 6.66051138600005], [-2.86005746399996, 6.66059180900004], [-2.86025295399998, 6.66061466600007], [-2.86041373699987, 6.66050005600016], [-2.86031004299991, 6.66012106100015], [-2.86016088099984, 6.65994854900009], [-2.86000018299995, 6.65993692600011], [-2.85991970299995, 6.65971903500008], [-2.85995401899993, 6.65961557800017], [-2.86013779699988, 6.65960420900018], [-2.86037914499997, 6.6596613370001], [-2.86059733099989, 6.65978795300015], [-2.86072375499998, 6.65991422600018], [-2.86087286999987, 6.65999426000008], [-2.86098779699995, 6.6599945160001], [-2.86110267799995, 6.65991417599997], [-2.86138992499991, 6.65978772300008], [-2.86150459099997, 6.65979900200006], [-2.86164260099997, 6.66000582600014], [-2.86176889399991, 6.66002877100016], [-2.86183787199997, 6.65982202800018], [-2.86187223099995, 6.65973010900012], [-2.86195253799991, 6.65976459400008], [-2.86215949899992, 6.66056873700006], [-2.86271083099996, 6.66061418900011], [-2.86288315899992, 6.66070653399998], [-2.86297491999989, 6.66077524600018], [-2.86302086199993, 6.66068328300014], [-2.86297491099998, 6.6604135120001], [-2.86294041999997, 6.66032745000007], [-2.86296340899997, 6.66021232600013], [-2.86317018299997, 6.66023565500006], [-2.86336550199997, 6.66036166700019], [-2.86359514199995, 6.66053370200012], [-2.86373315099991, 6.6606602760001], [-2.86385922899996, 6.66069475800009], [-2.86395119999992, 6.66053373700004], [-2.86407756699981, 6.65998286900009], [-2.86419235499989, 6.65966108700013], [-2.86428415399996, 6.65952331500006], [-2.86443357099995, 6.65953480600007], [-2.86464021599983, 6.65967265800009], [-2.86484716099989, 6.659741623], [-2.86499635799987, 6.65962671], [-2.86514555299988, 6.65943120300011], [-2.86544420699983, 6.65927026300011], [-2.86566251799997, 6.65928183800008], [-2.86593818699993, 6.65937379100012], [-2.86623667399994, 6.65938523600011], [-2.8666388449999, 6.65927057300013], [-2.86710960399995, 6.65906351700005], [-2.86775272899996, 6.65883376700003], [-2.86808587699988, 6.65882217500013], [-2.86841898499995, 6.65887964000018], [-2.86872918499995, 6.65892565299998], [-2.86901625999997, 6.65890252500003], [-2.86945261999983, 6.65885678800009], [-2.87000390299988, 6.65882181000001], [-2.87021062699995, 6.6586844630001], [-2.87037140199993, 6.65850062100003], [-2.87048631799991, 6.65828216500006], [-2.87061281799993, 6.65806401100014], [-2.87072072599994, 6.65795042600007], [-2.87089419899991, 6.65777690200008], [-2.87146977899994, 6.65785642300017], [-2.87156342199995, 6.65759928700004], [-2.87160039499997, 6.65738640699999], [-2.87163479299988, 6.65722560300003], [-2.87176112599997, 6.65717966100016], [-2.87185293199991, 6.65727161900008], [-2.87191054699997, 6.65734045700015], [-2.87216322799992, 6.65762743900007], [-2.87231263999996, 6.65757021500013], [-2.87255367799997, 6.65739795100006], [-2.87298451499993, 6.65753763600003], [-2.8731968539999, 6.65754111900003], [-2.87338062899994, 6.65753534300006], [-2.87382859699989, 6.65713342500004], [-2.87426493899994, 6.65673155100018], [-2.87452909399991, 6.6564789470001], [-2.87467832499993, 6.65622626400005], [-2.87481622999996, 6.65596208400001], [-2.87490802199994, 6.65575525500003], [-2.87505743399993, 6.65569768600017], [-2.8751836379999, 6.65568618600014], [-2.87531000699988, 6.65551401100015], [-2.87527555099996, 6.65529560500005], [-2.87527554499997, 6.65514664200003], [-2.87536751799985, 6.65512373400014], [-2.87555116599992, 6.65522688100003], [-2.87575784899997, 6.65522695800013], [-2.87591858499997, 6.65518088500016], [-2.87707852299991, 6.65388300200016], [-2.87736558999995, 6.65379132900011], [-2.87753793999991, 6.65352702000018], [-2.87756078999996, 6.65322849000017], [-2.87750048799995, 6.65303033200013], [-2.87795109299992, 6.65187325400012], [-2.87811190699989, 6.65170094900014], [-2.87836478299994, 6.65159752400001], [-2.87855983699984, 6.65158610500009], [-2.87877810399993, 6.65166656000008], [-2.8789160209999, 6.65170099600005], [-2.87898499399995, 6.65157450300018], [-2.8790307139999, 6.65142519400018], [-2.87921460999991, 6.65129895400003], [-2.87946709399995, 6.65110374000005], [-2.87959350499983, 6.65097151800012], [-2.87971991699987, 6.65083929600019], [-2.87993790299993, 6.65048336900014], [-2.88015623099994, 6.65007009400011], [-2.88033985499993, 6.64972549000004], [-2.88051224299988, 6.64940383400005], [-2.88064997099991, 6.64910521200005], [-2.88074184199996, 6.64884103600002], [-2.88078760499997, 6.64870309300011], [-2.88074173999996, 6.64851951800011], [-2.88067279699987, 6.64835893500003], [-2.88074176299989, 6.64816321300003], [-2.8808793209999, 6.64788784100011], [-2.8809941799999, 6.64750905700004], [-2.88105168899995, 6.64719885800008], [-2.88099415799991, 6.64707250200007], [-2.88090226399993, 6.64688892900011], [-2.88084468599988, 6.64675069100002], [-2.88084481099997, 6.64663616900015], [-2.8808793799999, 6.6465211740001], [-2.88102857299998, 6.646486681], [-2.88125816499996, 6.64663597700013], [-2.88136172199995, 6.64669344599997], [-2.88146510499996, 6.64670493500012], [-2.88157976099995, 6.64656724800005], [-2.88156834099988, 6.64639473600016], [-2.88153388699988, 6.64624556000007], [-2.88162585699996, 6.64622265000014], [-2.88180954799998, 6.64633733400018], [-2.88193596699995, 6.64639471600015], [-2.88205084599991, 6.64638325800007], [-2.88212701499992, 6.64611213500012], [-2.88229968099984, 6.64591580700005], [-2.88327374099987, 6.6465767680001], [-2.88465823299993, 6.64759406100018], [-2.88571139299995, 6.64769702700016], [-2.88622491299998, 6.64822781800012], [-2.88668253299983, 6.64870082500011], [-2.88693897099989, 6.64900881400007], [-2.88765321499994, 6.64958372100011], [-2.88824834399998, 6.65062924800003], [-2.88865911999994, 6.65085099900017], [-2.88943022399997, 6.65192174000003], [-2.88973774399994, 6.65146289900002], [-2.8907013349999, 6.65002515300006], [-2.89148998599995, 6.64861065400015], [-2.89252962299992, 6.64674598500017], [-2.89349449999997, 6.64500395100009], [-2.89456868099995, 6.64510209800011], [-2.89807971299996, 6.64511515500004], [-2.90152272699987, 6.64507544500015], [-2.90331983599998, 6.6470113850001], [-2.90362859999988, 6.64752147300004], [-2.90450316899995, 6.64889855000018], [-2.90609084899995, 6.64955709500003], [-2.90660493699994, 6.65027089800003], [-2.90860306699994, 6.65128574100009], [-2.90988593299988, 6.65245671800005], [-2.91009441499989, 6.65347845900015], [-2.91040634999996, 6.65480656300008], [-2.91148505899997, 6.65555458400007], [-2.91214765099988, 6.65551561400002], [-2.9128649029999, 6.65587073000012], [-2.91362879199994, 6.65616415700015], [-2.91470669299997, 6.65611923600005], [-2.91654987099997, 6.65672562000015], [-2.91773010399993, 6.65779471000013], [-2.91911626599995, 6.65922088700012], [-2.91968171499991, 6.65998559500014], [-2.92076208099996, 6.66166858600019], [-2.92127779499992, 6.66279137300012], [-2.92184265499992, 6.66340269800014], [-2.92235538699993, 6.66375859200014], [-2.92384105899993, 6.66446858200004], [-2.92496879599997, 6.66517996200014], [-2.92656213099997, 6.66726994600003], [-2.92969510999995, 6.67078544700001], [-2.92970111199992, 6.67231922400003], [-2.9302142599999, 6.6727773560001], [-2.93416184999995, 6.67536934300006], [-2.93489124799993, 6.67625217300008], [-2.93677534599993, 6.67679062400015], [-2.93759812699989, 6.67796329800018], [-2.93821798199991, 6.67954577900014], [-2.93985953899994, 6.68086860400007], [-2.94037753999982, 6.68255373300013], [-2.94135455499992, 6.68393029200007], [-2.94294560499992, 6.68540667799999], [-2.94640796999988, 6.68626020000011], [-2.94719470399997, 6.68661691500006], [-2.94858566999994, 6.68727679200003], [-2.94337990399981, 6.74333093400008], [-2.94367683499996, 6.74413592500014], [-2.94523231899996, 6.74536978200018], [-2.94616759299987, 6.74660610600017], [-2.94824035299996, 6.74794122300005], [-2.95030898699997, 6.74824296900016], [-2.95165610299989, 6.74906427900009], [-2.95321175699991, 6.74929629500008], [-2.95383425599988, 6.7486574080001], [-2.95429514699993, 6.74880894000017], [-2.95506534999987, 6.74957273900003], [-2.95670353099996, 6.74997517500015], [-2.95777894599996, 6.75032873800018], [-2.95880075599996, 6.75006900700009], [-2.95982359099992, 6.75006489700007], [-2.96039026399995, 6.75108513100014], [-2.96172736199998, 6.75292027300009], [-2.96331750299993, 6.75408975800013], [-2.96454821199995, 6.75490280600008], [-2.96557373699983, 6.75556330100011], [-2.96680217999995, 6.75581397100007], [-2.96859132799995, 6.75560224400004], [-2.97053327599991, 6.75523651700007], [-2.97126510599998, 6.75528728500018], [-2.97252967599991, 6.75568856600006], [-2.97421881099996, 6.75603960200016], [-2.97723618199996, 6.75602736500014], [-2.97867966599995, 6.75628992200012], [-2.97938600799995, 6.75647876099998], [-2.98138199499988, 6.75682852200009], [-2.98302019699997, 6.75723085500005], [-2.98419624899992, 6.75717494100007], [-2.98549306699994, 6.75760787000007], [-2.98663055299983, 6.75770656800006], [-2.98766593499994, 6.75811568400019], [-2.98932322599995, 6.75893559900004], [-2.99025735499987, 6.75986179800003], [-2.99191422999991, 6.76057836799998], [-2.99294919699992, 6.76088413700018], [-2.99491957799989, 6.7624260880001], [-2.99605579899992, 6.76221476100011], [-2.99812234499996, 6.76199961300011], [-2.99987707899993, 6.76137240100007], [-3.00121535499989, 6.7600235540001], [-3.00245535799991, 6.759915122], [-3.01486172199986, 6.76038061100007], [-3.01974034099993, 6.76146175100018], [-3.02562747399998, 6.76405592300006], [-3.04237652799998, 6.76481257000006], [-3.04455071799993, 6.76563009200004], [-3.04528211599995, 6.7674869870001], [-3.04735208299996, 6.76809826700003], [-3.04972910399982, 6.76798492300009], [-3.05231460099998, 6.76828401300014], [-3.05396760699995, 6.76807037200012], [-3.05541649699984, 6.76847757500013], [-3.06533973099994, 6.76843553200013], [-3.06709828199996, 6.76873805100001], [-3.06958568099998, 6.77027742300004], [-3.07341730499985, 6.77191437300013], [-3.07538657399988, 6.77314592500005], [-3.07849510099987, 6.77488924100004], [-3.08181481399993, 6.77766491700004], [-3.08337597399998, 6.78013812100005], [-3.08484044999989, 6.78416166700003], [-3.08644163999986, 6.78544218100012], [-3.08753960599995, 6.78683661100007], [-3.08878760599981, 6.78858782700019], [-3.08923980099991, 6.79122958800002], [-3.08942386999996, 6.79230491800013], [-3.09098691699995, 6.79519137700015], [-3.09323539899992, 6.79799597200014], [-3.09400389299992, 6.79962146600013], [-3.09617603599997, 6.79992205000013], [-3.09720750899987, 6.79940094200003], [-3.09803178899995, 6.7987774020001], [-3.09896167999989, 6.79867004300019], [-3.1009275209999, 6.79907482900012], [-3.10330549799994, 6.79916783200008], [-3.10475583499993, 6.79988482300018], [-3.10547898099992, 6.79977835000017], [-3.10651628799997, 6.80060045800013], [-3.10957157199988, 6.80139370600006], [-3.11200215199989, 6.80222978800015], [-3.11344934199991, 6.80222347000011], [-3.11531543899997, 6.80345524000012], [-3.11563007399997, 6.80448713400006], [-3.11718108999997, 6.80458367600005], [-3.11894337899992, 6.80571255399997], [-3.12111462399997, 6.80580636300004], [-3.12193705499993, 6.80476949100006], [-3.12368515199995, 6.80521799000013], [-3.12403709699993, 6.80515136600008], [-3.12549380599995, 6.804875606], [-3.12668530999986, 6.80501911400017], [-3.1283487529999, 6.80536128000006], [-3.12917799199994, 6.80587426100016], [-3.13073003899996, 6.8058230960001], [-3.13208050299994, 6.80632728100016], [-3.13248857799994, 6.80647963200005], [-3.13279549699996, 6.80575499800011], [-3.13403582099988, 6.80564243300012], [-3.13517300899991, 6.80574450800015], [-3.1365124539999, 6.80490470000012], [-3.13754685999987, 6.80490741900007], [-3.13783585699997, 6.8045793930001], [-3.13949599399996, 6.80269504299997], [-3.14063742299987, 6.80251727000012], [-3.14239096799992, 6.80258202200014], [-3.1432225609999, 6.80271247700017], [-3.14374306999997, 6.80353677300019], [-3.14446573599992, 6.80332692000013], [-3.1457074839999, 6.80213177700011], [-3.14766374099992, 6.80186618800008], [-3.14900247699995, 6.80072367200006], [-3.14962084699994, 6.80030762700017], [-3.15075651499996, 6.79999260900001], [-3.15177824199992, 6.79730162800007], [-3.15685520999989, 6.79717037500012], [-3.15767476099995, 6.79830863400008], [-3.15814212299995, 6.79960677800017], [-3.1588260929999, 6.80150655000017], [-3.15924740799994, 6.80326118000005], [-3.16018972399991, 6.80594339800007], [-3.16248093799987, 6.80975614200008], [-3.16290366999993, 6.81182072700011], [-3.16322211199991, 6.81367912900004], [-3.16343487299991, 6.81502138500008], [-3.17368429999993, 6.81848835500006], [-3.17492753599987, 6.81910269300005], [-3.17730504799994, 6.81909197600015], [-3.17823403699987, 6.82033502700006], [-3.18290057999991, 6.82206305600016], [-3.19674728099994, 6.82381268400013], [-3.19789813699992, 6.82395808299998], [-3.20539502999992, 6.82250795800019], [-3.22575475399998, 6.82486793500016], [-3.15540208499993, 6.94036704600006], [-3.14350693899991, 6.95674258200012], [-3.14261341599996, 6.96272453500012], [-3.14157637899996, 6.96418279400007], [-3.13392155599996, 6.9749468330001], [-3.13231991199996, 6.97779929800015], [-3.12877872899998, 6.98410495800016], [-3.1165556229999, 7.00586911500011], [-3.11439757999995, 7.00481751400008], [-3.11353247599993, 7.00439595000017], [-3.11339616299995, 7.00432952500012], [-3.11187731199988, 7.00358938400007], [-3.11141815799988, 7.00336563400003], [-3.11025273599995, 7.00279771300001], [-3.10914198699993, 7.00225642900017], [-3.10911008899996, 7.00147571100007], [-3.10885975299993, 7.00075176000013], [-3.1082754169999, 7.00024505400012], [-3.10781746399994, 6.99976137000004], [-3.10722184999997, 6.99926556000008], [-3.10654616499994, 6.99867833200017], [-3.10576627199987, 6.9982279410001], [-3.10495216399994, 6.99782367400013], [-3.10418350799995, 6.99747671200004], [-3.10131665699987, 6.99598633199997], [-3.10083594199989, 6.99546830300005], [-3.10025268999993, 6.99465129700013], [-3.09971407799998, 6.99425956400012], [-3.09932517699986, 6.9937989770001], [-3.09788451499992, 6.99215361000012], [-3.09648305899998, 6.99055300000003], [-3.09568337099989, 6.98849754600013], [-3.09425401699991, 6.98552764300018], [-3.09397061299984, 6.98398627600011], [-3.09385467499993, 6.9829271910001], [-3.0933467239999, 6.98153193300016], [-3.09223048699994, 6.97964661100013], [-3.09066864899984, 6.97949598200017], [-3.09004879799988, 6.97942193200009], [-3.08968238099993, 6.97924671800018], [-3.08945372899996, 6.97910722500006], [-3.08916690799992, 6.97902446800009], [-3.08879982199994, 6.97894085900015], [-3.08858275699993, 6.97880114300017], [-3.08836738199994, 6.97842052800019], [-3.08736361899992, 6.97752786900014], [-3.08572683599994, 6.97669895800004], [-3.08423388399996, 6.97690718500013], [-3.0840365759999, 6.9768114580001], [-3.08381002099998, 6.97639576300008], [-3.08251555099997, 6.97590281700013], [-3.08138774199995, 6.97607722400011], [-3.08095412699993, 6.97571771100013], [-3.08013379599993, 6.97483817000006], [-3.07970085499988, 6.97438687600004], [-3.07817482299993, 6.97409846200014], [-3.07799130699993, 6.9740624210001], [-3.07575502899994, 6.97209156300011], [-3.0755844919999, 6.97187191000012], [-3.07550519999995, 6.97171057300005], [-3.07499871799996, 6.9704546100001], [-3.07473735299993, 6.97008520600008], [-3.07451486599996, 6.96921025600017], [-3.0741791399999, 6.96810506800006], [-3.07367488999995, 6.96655068700011], [-3.07350795399998, 6.96589468800011], [-3.07335153299982, 6.96537656700013], [-3.07284589199998, 6.96399437899998], [-3.07198051899996, 6.96302254400018], [-3.07211797499997, 6.95965032900011], [-3.07335034799991, 6.95592921700006], [-3.07338531299996, 6.9556332730001], [-3.07198006599992, 6.95215926500009], [-3.07123961899987, 6.94941762400015], [-3.0712409759999, 6.94884680900009], [-3.07124233299993, 6.9482759930001], [-3.07182065699988, 6.94673546600012], [-3.07239854899984, 6.94548060300008], [-3.07277706399998, 6.94367598500003], [-3.0709941099999, 6.94270434400016], [-3.06517106099994, 6.93953092600015], [-3.06442355799982, 6.93970085800015], [-3.06336029299996, 6.93967044100003], [-3.06229702799982, 6.93964002300004], [-3.06028624599998, 6.93912254100019], [-3.05976900999997, 6.93912168700012], [-3.0592517739999, 6.93912083300006], [-3.05747128699994, 6.93843255700011], [-3.05539823699991, 6.93853609500019], [-3.05380487899981, 6.93861566800007], [-3.05195198099989, 6.93870819600011], [-3.05034207599982, 6.93876267900009], [-3.0496529699999, 6.93844744400019], [-3.04896386199994, 6.93813220800007], [-3.04798639899997, 6.93824456400012], [-3.04695096899991, 6.93847115900013], [-3.04562906399997, 6.93824026500005], [-3.04393869299997, 6.93691388800016], [-3.04081336999985, 6.93446151100017], [-3.03867552199989, 6.93181452499999], [-3.03733876799993, 6.93060055500013], [-3.03651250799987, 6.92985018300004], [-3.03575332899993, 6.92916072700018], [-3.03387228599991, 6.92745242100005], [-3.03210823399996, 6.92731446400012], [-3.0318173419999, 6.9272917130001], [-3.03127334599992, 6.92724916900011], [-3.03017195099983, 6.92716302800017], [-3.02805980699986, 6.92699783000018], [-3.02843533599992, 6.92714038100019], [-3.02633815899998, 6.92788316100018], [-3.02463636699991, 6.92848589500011], [-3.02260359999997, 6.9294273000001], [-3.02098161399994, 6.93017845899999], [-3.02019956099991, 6.93033314500019], [-3.01932456899988, 6.93055555200004], [-3.01870288499987, 6.93075742400003], [-3.01792177999994, 6.93075109900013], [-3.01723274099993, 6.93074575900005], [-3.01696766999993, 6.93084684400014], [-3.01670259999992, 6.93094792900007], [-3.01633041599996, 6.93154186200013], [-3.01609499199992, 6.93226315600009], [-3.0158250529999, 6.93297254300006], [-3.01541944799993, 6.93341715200017], [-3.01473633999996, 6.9340888590001], [-3.01422896399993, 6.93433742400015], [-3.01379938399998, 6.93491920200012], [-3.0134731519999, 6.93549055400013], [-3.01331519899998, 6.93585094200012], [-3.01315724599988, 6.93621132900017], [-3.01282088899995, 6.93661035600007], [-3.01189797999996, 6.9371079550001], [-3.00901551199985, 6.93820089600007], [-3.00850846099991, 6.93839315100007], [-3.00754098099998, 6.93875998300001], [-3.00522702399991, 6.93963734000005], [-3.00428332999996, 6.93985950000013], [-3.00353387599995, 6.94023202700015], [-3.00276115399981, 6.94059346000012], [-3.00195898499987, 6.94036885600002], [-3.00114607399985, 6.94001824700007], [-3.00080119899991, 6.94006128700005], [-3.00045632299998, 6.94010432700009], [-2.99602815399987, 6.94047305200013], [-2.99388905399996, 6.94189803000006], [-2.99253546099987, 6.94317213900007], [-2.99242895999987, 6.9432723860001], [-2.99231663599983, 6.94337811300005], [-2.99218017899989, 6.94350655700003], [-2.99203779199985, 6.9436405830001], [-2.9918487729999, 6.94381850100007], [-2.99170059599993, 6.94395797500005], [-2.99155762099997, 6.94409255300019], [-2.99138396099994, 6.94425601400013], [-2.99124043899997, 6.944391107], [-2.99110292099994, 6.94452054900006], [-2.99101105499989, 6.94460702000003], [-2.98971434999987, 6.94582756200015], [-2.98869065699984, 6.94643661800006], [-2.98611471199996, 6.94640763900009], [-2.98599970299995, 6.94640192100013], [-2.98582711599994, 6.94640178300011], [-2.9855625809999, 6.94637861100017], [-2.98542467299995, 6.94636747900012], [-2.98524079899994, 6.946367388], [-2.98509104599998, 6.94636749900013], [-2.98495313499996, 6.94635585000015], [-2.98480367899992, 6.9463444220001], [-2.98466576799996, 6.94633277300011], [-2.98452765199983, 6.94634420000006], [-2.98433218899982, 6.94634415700017], [-2.98413649199995, 6.94629848200003], [-2.98399859699992, 6.94622931800012], [-2.98381454899987, 6.94612590800011], [-2.98359612999991, 6.94604520000019], [-2.9831245929999, 6.94583846700004], [-2.98292905299996, 6.94575800700017], [-2.98277952299998, 6.94567752600017], [-2.98089187099993, 6.94443650600016], [-2.97893845099992, 6.94315222900002], [-2.97871473499981, 6.94300514600019], [-2.97859223899997, 6.94292460899999], [-2.97847777699991, 6.94284935600007], [-2.97825398299995, 6.94270222000017], [-2.97801702999988, 6.94254643400006], [-2.97775600699987, 6.94237482200009], [-2.97752948099998, 6.94222589100008], [-2.97585693999997, 6.94112625300005], [-2.97571910999994, 6.94099957200018], [-2.97554667299994, 6.94083876600018], [-2.97532822799991, 6.94068917200008], [-2.97519007999995, 6.94062035100012], [-2.97509803599996, 6.94056864400005], [-2.97470712399996, 6.94039040800004], [-2.97452302999989, 6.94027545500018], [-2.97436223099993, 6.94012631000004], [-2.97423573799995, 6.94001111800009], [-2.97410910299993, 6.93986200300009], [-2.97398265699997, 6.93975834800011], [-2.97386775299998, 6.93964345300014], [-2.97375280199986, 6.93951719100016], [-2.97360307899993, 6.93937919200005], [-2.97343069099992, 6.93922975100003], [-2.97326963699993, 6.93909180000003], [-2.97314324099995, 6.93899968200009], [-2.97300541299984, 6.93887334300018], [-2.97286726599987, 6.93880452100018], [-2.97222330199997, 6.93843662200004], [-2.96902659899996, 6.937045426], [-2.96720923799995, 6.93756250200016], [-2.96702543399994, 6.93751659800012], [-2.96685275799996, 6.93750491500009], [-2.9666803639999, 6.93755091800011], [-2.96654229599994, 6.93757370400004], [-2.96638136799993, 6.93752787600016], [-2.96617433799997, 6.93747035799998], [-2.96600186899997, 6.93743611500008], [-2.96584077699987, 6.93741301900013], [-2.96567996399989, 6.93733240600011], [-2.96544975699987, 6.93727498300007], [-2.96525441099988, 6.93724048999997], [-2.96509348299998, 6.93719466300018], [-2.96497844999993, 6.93718308500013], [-2.96486341699995, 6.93717150700007], [-2.96470242099986, 6.93717148400015], [-2.96451827799996, 6.93725180300015], [-2.96436880799996, 6.93730924800019], [-2.96421935799992, 6.93730917700009], [-2.96408140199998, 6.93728632900013], [-2.9639087889999, 6.93721747400002], [-2.96377089999987, 6.93714830300007], [-2.96365583599993, 6.93705647900015], [-2.96350651799992, 6.93695291500006], [-2.96336834999994, 6.93694143200014], [-2.96323028299997, 6.93696456200007], [-2.9630348419999, 6.93690699400008], [-2.96289697999993, 6.93690687500003], [-2.96275897599998, 6.93687231600006], [-2.96259786899998, 6.93691844400018], [-2.96253458399997, 6.93698164500017], [-2.96247130099988, 6.93704484600016], [-2.96235623099989, 6.93715966300016], [-2.96225270299993, 6.93726306700017], [-2.96211488899996, 6.93727448600015], [-2.96198837899993, 6.93721714900011], [-2.96183886999995, 6.93706760800006], [-2.9617124269999, 6.93696412100013], [-2.96156283499994, 6.93692961000005], [-2.96140197999989, 6.93696402500012], [-2.96125225599991, 6.93703300900012], [-2.96107974899996, 6.93712498800005], [-2.96091866899997, 6.93723999500003], [-2.96078088199994, 6.93732046500014], [-2.96066566799988, 6.93740084300003], [-2.96056218699994, 6.93751561100009], [-2.96038965999998, 6.93766510700004], [-2.96020570599995, 6.93779140100003], [-2.9600906309999, 6.93789468000011], [-2.95998705399995, 6.93798654700015], [-2.95987223799995, 6.93809016900002], [-2.95971122499998, 6.93815919900004], [-2.95955023299996, 6.93817054000004], [-2.95938907699997, 6.93820512900015], [-2.95922817399997, 6.93822783500008], [-2.95905575199993, 6.93820478300012], [-2.95889453099988, 6.93829671400016], [-2.95872218199992, 6.938354081], [-2.95857255199991, 6.93844631000013], [-2.95844605199983, 6.93852673300012], [-2.95831955099993, 6.9386071560001], [-2.95659204099991, 6.93926731500011], [-2.95647175099998, 6.93931328300016], [-2.95632754999997, 6.93936838799999], [-2.95565909999988, 6.93962383100012], [-2.95552879799993, 6.93967362400002], [-2.95381110299985, 6.94033002100008], [-2.9536272279999, 6.9403299170001], [-2.9534316729999, 6.94031832400009], [-2.95297158099993, 6.9402723450001], [-2.95275324399989, 6.94028392000007], [-2.95260353399993, 6.94028384800009], [-2.95243125199988, 6.94029523300003], [-2.95228158799995, 6.9403065250001], [-2.95209771899994, 6.94031830200009], [-2.95195960099994, 6.94032971900009], [-2.95172965299992, 6.9403986850001], [-2.95148818099995, 6.94041018300015], [-2.95135015299996, 6.94043296500007], [-2.95116612299995, 6.94047901000005], [-2.95097045099993, 6.94050185700007], [-2.95079812299997, 6.94050204900009], [-2.95059111499995, 6.94051323200006], [-2.95037242599989, 6.94050173300008], [-2.95018862399996, 6.94046735900008], [-2.94998154599989, 6.94039846700008], [-2.94983194599996, 6.94035224300018], [-2.94969400999997, 6.94027170300006], [-2.9494869319999, 6.94020298300006], [-2.94928015799997, 6.94014528500009], [-2.94913056099989, 6.94009940400008], [-2.94900410399993, 6.94019119100017], [-2.94883156799995, 6.94021445800001], [-2.94861297299997, 6.94022586000011], [-2.94850945099995, 6.94024294600007], [-2.94833692199995, 6.94028313200005], [-2.94816447599993, 6.94031776400004], [-2.94800357499992, 6.94035200400003], [-2.94781953899997, 6.94038633900016], [-2.94758954299994, 6.94044376600016], [-2.94741709599998, 6.94047805300011], [-2.94723280799991, 6.94052427000008], [-2.94706036099996, 6.94055873000008], [-2.94688791799996, 6.94060455500005], [-2.94673839499995, 6.94065028500012], [-2.94660041499998, 6.94068511899997], [-2.94642787799995, 6.94070786900011], [-2.94627842599994, 6.94070796500012], [-2.94611742599983, 6.94070793800017], [-2.94591028199983, 6.94069638800011], [-2.94576082399988, 6.94068460300014], [-2.94562286599995, 6.94066174900018], [-2.94548495499981, 6.94065026000004], [-2.94528939999998, 6.94063900800018], [-2.94515148899984, 6.94062734699997], [-2.94497885399994, 6.94061600000003], [-2.94484084699997, 6.94058126500011], [-2.94464529199996, 6.94056966700003], [-2.9444268119999, 6.94054662600018], [-2.94424268399996, 6.94055840100015], [-2.94403583999997, 6.94054685100008], [-2.94377141799987, 6.94047767500007], [-2.94361032799998, 6.94046610800007], [-2.94347220599997, 6.94046598500017], [-2.94331146499991, 6.94046595500015], [-2.94317329899997, 6.94046600400009], [-2.94303527099987, 6.94048895600002], [-2.94288574899997, 6.94053502900016], [-2.94275924299995, 6.94061545000017], [-2.9425866819999, 6.94069571400007], [-2.94243730099987, 6.94077622800017], [-2.94228766399993, 6.94086810800013], [-2.94218408299997, 6.94095997200009], [-2.94200016399998, 6.94108643300012], [-2.94183923899988, 6.94117818700011], [-2.94166663199996, 6.94124725900014], [-2.94150561399988, 6.94131628200006], [-2.94136763499995, 6.94136196400012], [-2.94118355199987, 6.94138510400006], [-2.94101110399993, 6.94141938900015], [-2.94079264799996, 6.94146540000014], [-2.94063137399996, 6.94154579000008], [-2.94043593599991, 6.94162614700002], [-2.94024044999992, 6.94169496700005], [-2.94010242299987, 6.94171826200011], [-2.93859588099991, 6.9413958560001], [-2.93851540199995, 6.94126944300018], [-2.93853848299989, 6.94110885500004], [-2.93863040499986, 6.94093627600006], [-2.93860749999993, 6.9407293810001], [-2.93848106099995, 6.94062605900007], [-2.93830854099997, 6.94057992400008], [-2.93812468799985, 6.94052247000013], [-2.93792919899994, 6.94045352600011], [-2.93779114599994, 6.94040725100007], [-2.93763007999996, 6.94033851000017], [-2.93744617999994, 6.94026951800015], [-2.93731962399994, 6.94020063700003], [-2.93713563199998, 6.94012010800003], [-2.93696313399994, 6.94000509200009], [-2.93681361099988, 6.93992476600005], [-2.93662956799994, 6.93982099000016], [-2.93650317699996, 6.939729204], [-2.9363307029999, 6.9395570150001], [-2.9361696769999, 6.93935016700004], [-2.93606625099994, 6.93914308200004], [-2.93596294399993, 6.93902812700003], [-2.93583625099996, 6.93893634300008], [-2.93568688799991, 6.93882123100013], [-2.93557182699993, 6.93872939900018], [-2.93543389199993, 6.93864868100007], [-2.93531883099996, 6.93855684900012], [-2.93520393399996, 6.93844176900018], [-2.93512345699992, 6.93831535400011], [-2.93506585699987, 6.93818919200015], [-2.9349856579999, 6.93799355100003], [-2.93492817299995, 6.93782140899998], [-2.93490501499997, 6.93762587900017], [-2.93488227299997, 6.93738454300012], [-2.93485904599993, 6.93723533600007], [-2.93480181699988, 6.93706284900014], [-2.93469811499983, 6.93692481900007], [-2.93457172399997, 6.93683286100008], [-2.93435312699995, 6.93684425600009], [-2.93414630799992, 6.93690175300014], [-2.93398524299982, 6.93695923800016], [-2.9338242469999, 6.93697057000003], [-2.93365172999995, 6.93692477700006], [-2.93350208899989, 6.93687854700016], [-2.93338723999989, 6.93677517500015], [-2.93231095399995, 6.93531650400013], [-2.93218580899998, 6.93514689600016], [-2.93208915699995, 6.93501590300002], [-2.93197341299998, 6.93485903700002], [-2.93185489099994, 6.93469840400013], [-2.93080042799994, 6.93326928900012], [-2.92983761099993, 6.93152489900001], [-2.92853576699997, 6.92916624200018], [-2.9283517319999, 6.92906297700006], [-2.92821389499994, 6.9290053310001], [-2.92808738999997, 6.92894798300017], [-2.92792632299995, 6.92886735600013], [-2.92773081899998, 6.92872952400012], [-2.92758150699996, 6.92862594600007], [-2.92746640399992, 6.92852257400006], [-2.9273168389999, 6.92843070600009], [-2.92715603199991, 6.92835007700006], [-2.92694886499993, 6.92825792600019], [-2.92676506499981, 6.92821217700003], [-2.92661552099997, 6.92818901800018], [-2.92635098699992, 6.92815461600014], [-2.92621310499987, 6.92808577700004], [-2.92602906999991, 6.92798199400011], [-2.9258679159999, 6.9278901720001], [-2.92566112299994, 6.92775204100013], [-2.92555761099993, 6.92764896500017], [-2.92540799699998, 6.92754504200019], [-2.92523564599992, 6.92746480400012], [-2.92501701099997, 6.92733843000013], [-2.92489062299995, 6.92724629500003], [-2.92475271699993, 6.92709703600002], [-2.92460949299988, 6.92695710800018], [-2.92451113299984, 6.9268784520001], [-2.92416617999987, 6.92674070700014], [-2.92402831699997, 6.92674040400004], [-2.92233147699989, 6.92601200600018], [-2.92214571399995, 6.92593226400015], [-2.92206032699994, 6.92589561000011], [-2.92154471699996, 6.92567427300003], [-2.92146004999989, 6.92563792700003], [-2.91979663499995, 6.9249238650001], [-2.9202459899999, 6.92203950200008], [-2.92023440399993, 6.9219014410001], [-2.92019994099991, 6.92176347100008], [-2.92015400999992, 6.92159127800011], [-2.92006201999993, 6.92140721700008], [-2.9199584189999, 6.92129225800011], [-2.91982070099988, 6.92118897300014], [-2.91967097199995, 6.92111983400002], [-2.91951016999997, 6.92103954600015], [-2.91934896899994, 6.920924474], [-2.9191767399999, 6.92080944600008], [-2.91906164299996, 6.92071760800013], [-2.9189868599999, 6.92066581800015], [-2.91891207799995, 6.9206140280001], [-2.91880868599998, 6.92047616300016], [-2.9187742229999, 6.92033784900008], [-2.91873983499988, 6.92015424400006], [-2.91868231399991, 6.91998175300012], [-2.91863651999995, 6.91983263600008], [-2.91861329799997, 6.91968308300005], [-2.91860199399986, 6.91947613700017], [-2.91861347399993, 6.91924636800007], [-2.91861355099991, 6.91906262400016], [-2.91860199099995, 6.91886704600017], [-2.91859078099998, 6.91868334700013], [-2.91856781499996, 6.91852225500014], [-2.9185563019999, 6.91833838600013], [-2.91854467099989, 6.9181889570001], [-2.91848726699993, 6.91797066000004], [-2.91829176799996, 6.91783247800015], [-2.91809642899995, 6.91779813500006], [-2.91791237699982, 6.91776357400016], [-2.91776287899995, 6.9177407570001], [-2.9175444089999, 6.91771770100019], [-2.91733727199994, 6.91770613599999], [-2.91713050199996, 6.91777499000005], [-2.9169235469999, 6.91779786600017], [-2.91676229799998, 6.91780953700015], [-2.91660135199987, 6.91783222700008], [-2.91645201999995, 6.91778616000005], [-2.91637142199994, 6.91773447800006], [-2.91629082599997, 6.91768279600007], [-2.9162218539999, 6.91753342700002], [-2.9161185829999, 6.91736112000007], [-2.91604956499998, 6.91720021300017], [-2.9159919729999, 6.9170737020001], [-2.91588849099998, 6.91691293300005], [-2.91579652599989, 6.91680929100016], [-2.91562408699991, 6.91670597200005], [-2.91426743899996, 6.91599298500012], [-2.91419851399991, 6.91585498000018], [-2.91415241899995, 6.91570551800004], [-2.91409499399987, 6.91555627400015], [-2.91406053399987, 6.91541830299997], [-2.91397992699996, 6.91525709800004], [-2.91381917899997, 6.91505040700008], [-2.91370408099988, 6.91494685700007], [-2.9135777919999, 6.91487796500007], [-2.91343974899996, 6.91483202400008], [-2.91323277499987, 6.91478601600016], [-2.91303713599996, 6.91475150000014], [-2.91286467299994, 6.91471689000014], [-2.91268071499985, 6.9147055740001], [-2.91250815999996, 6.91464788900004], [-2.91233585999993, 6.91457883800007], [-2.91216321299993, 6.91449842200018], [-2.91197918899996, 6.91440634100013], [-2.91184130899995, 6.91432595800012], [-2.91177238499984, 6.91418795300018], [-2.91174942599997, 6.91403856900007], [-2.91173804999994, 6.91387743000013], [-2.91173794699989, 6.91364805100005], [-2.91174971299989, 6.91334905400009], [-2.91173818499993, 6.91309630100005], [-2.91171531599997, 6.91295845500002], [-2.91171527499989, 6.91280915300013], [-2.91169238499998, 6.91260190800011], [-2.91166928799993, 6.91241808400002], [-2.91161190699995, 6.91226866700015], [-2.91148543399987, 6.91215362400015], [-2.91138190799995, 6.91198131600009], [-2.91132448299987, 6.91182070600013], [-2.91126710499992, 6.91168265400006], [-2.91118659299997, 6.91154452300009], [-2.91104860199988, 6.91137218200015], [-2.91085306299988, 6.91122280100012], [-2.91073805899987, 6.91114249700007], [-2.91058871099995, 6.91102737400001], [-2.91045069599988, 6.91092408700013], [-2.91027842599993, 6.91079734400017], [-2.91009428999996, 6.91060193900012], [-2.90996784399994, 6.91041818499997], [-2.90989908799997, 6.9102572760001], [-2.9098529019999, 6.91008473700009], [-2.90979538699986, 6.90991241700004], [-2.90972647199993, 6.90963664600008], [-2.90962315899998, 6.90945262500003], [-2.90954260199982, 6.90930312900008], [-2.90945083299994, 6.90910787000018], [-2.90932438699997, 6.90892411499999], [-2.90924392199997, 6.90879769300005], [-2.90914035099991, 6.90861350300008], [-2.90905993299992, 6.90849861800007], [-2.90897937499994, 6.90834894900019], [-2.90887608599991, 6.90824586600013], [-2.90877253299993, 6.90813072999998], [-2.90868057199998, 6.90802725800012], [-2.90692136199993, 6.90744087300004], [-2.90679486999994, 6.907245407], [-2.90669127599995, 6.90713044300009], [-2.90658802899998, 6.90702701600014], [-2.9064844799999, 6.90692341700003], [-2.90632354299993, 6.90679714400017], [-2.90613947699995, 6.90669334900002], [-2.90594395699998, 6.90661284900011], [-2.90579453799995, 6.90654404700007], [-2.90559918499991, 6.90644047000012], [-2.90548413899984, 6.90635982100014], [-2.90533470299988, 6.90622213500006], [-2.90524276699995, 6.90604943500017], [-2.90520821999991, 6.90588873100006], [-2.90521972799996, 6.90573938200004], [-2.90520828599995, 6.90563593200017], [-2.90519684399993, 6.90553248000015], [-2.90518547399989, 6.90537168400016], [-2.90517396799993, 6.90518798500017], [-2.9051395109999, 6.90504966800017], [-2.90511658099996, 6.90483140100014], [-2.90512814399995, 6.90455582400017], [-2.90515114599998, 6.904371814], [-2.90517428799996, 6.90423395600016], [-2.90516270799998, 6.90409606500003], [-2.90509383399996, 6.90396959500004], [-2.90493282599994, 6.90390049500019], [-2.90485240999988, 6.90378560900012], [-2.90482947999993, 6.90356716900015], [-2.90482939599991, 6.90340632800007], [-2.90478351999997, 6.9032456700001], [-2.90472600499982, 6.9030618110001], [-2.90463407399994, 6.90290064800018], [-2.90455365899993, 6.90278576200006], [-2.90449607199997, 6.90265924699997], [-2.90440423099994, 6.90250979300004], [-2.90432376899992, 6.90238337000017], [-2.90423183799987, 6.90221101300006], [-2.90408247599993, 6.90202700300006], [-2.90400187699993, 6.90186613900011], [-2.90392158199995, 6.90171681099997], [-2.9037719509999, 6.90165920200013], [-2.90362239799987, 6.90156732300005], [-2.90353064999994, 6.9014409450001], [-2.90349619499995, 6.90130297200011], [-2.90170263499994, 6.90018767500015], [-2.90082877299994, 6.89898070900011], [-2.89889782699987, 6.89631383600016], [-2.89880580799996, 6.89611857400018], [-2.89873687499994, 6.89591168200008], [-2.89863359799995, 6.89565877500002], [-2.8985300359999, 6.89548611700013], [-2.89844957799988, 6.89535969200006], [-2.89834619999988, 6.89522216500018], [-2.89823106399996, 6.89510707100004], [-2.89817364899989, 6.89495782300014], [-2.89816225899995, 6.89452080500001], [-2.89813358799995, 6.89441742100018], [-2.8981049169999, 6.89431403800006], [-2.89807046499988, 6.89417623700012], [-2.89802463299992, 6.89401523200002], [-2.89795562799998, 6.89386551300015], [-2.89780044799994, 6.89373081800011], [-2.89771416799988, 6.8936703280001], [-2.89759340799992, 6.89363585000007], [-2.89747264799996, 6.89360137100016], [-2.89733470199985, 6.89357815400012], [-2.8971507679999, 6.89363571300015], [-2.89626536399993, 6.8929113050001], [-2.8960934239999, 6.89114168900005], [-2.89612810899996, 6.89098053600014], [-2.89616254199996, 6.89084263300015], [-2.89623148099997, 6.89070493800006], [-2.89633518799991, 6.89057864200009], [-2.89646181199993, 6.89045208300018], [-2.89657680399995, 6.89032574300001], [-2.89669171899993, 6.89023384400014], [-2.89682963199988, 6.89011895100015], [-2.8969563469999, 6.890015468], [-2.8970712769999, 6.88979734000009], [-2.89711725099988, 6.88964768100004], [-2.89683039699997, 6.88815388100011], [-2.89684181599995, 6.88798128400009], [-2.89686495999996, 6.88783188700012], [-2.89684212699996, 6.88763669500014], [-2.89676162499995, 6.88749855900005], [-2.89664665999993, 6.887360731], [-2.89648568999996, 6.88723445200014], [-2.89637064799985, 6.88714226100006], [-2.89623264399995, 6.88703896700002], [-2.89609486699993, 6.88699284500012], [-2.89595683099998, 6.88694655100005], [-2.89578433499992, 6.88690074000004], [-2.89564629999995, 6.88685479100008], [-2.89549702399995, 6.88682025200018], [-2.89535891299988, 6.88682011000014], [-2.89522080499989, 6.88683167900012], [-2.89508276999993, 6.8867855580001], [-2.89489884799991, 6.88670500400002], [-2.89473792499984, 6.88659026300002], [-2.89462292899992, 6.88650960800004], [-2.89454251999985, 6.88639489100007], [-2.89442759999991, 6.88626825700004], [-2.89427817299998, 6.88613022099997], [-2.89408261999989, 6.88604971399997], [-2.89393334499988, 6.88601500300007], [-2.89378372399995, 6.88596944300002], [-2.89365723099996, 6.88591173800012], [-2.89351922799989, 6.8858084420001], [-2.89340439899991, 6.88570471100013], [-2.89330094799988, 6.88561281700015], [-2.89317439699988, 6.88547503400002], [-2.89308239699989, 6.88535984600009], [-2.89299044599994, 6.88525636900016], [-2.89289870399989, 6.88512998600009], [-2.89282949099993, 6.88499232099997], [-2.89287572199993, 6.88483112400007], [-2.89282963799997, 6.88468165700004], [-2.89288724599993, 6.88453246800003], [-2.89299083099996, 6.88444061600006], [-2.89317476399998, 6.88438306000012], [-2.89330136099989, 6.88432573000017], [-2.89342786499998, 6.88424532400006], [-2.89343935999995, 6.88401520800005], [-2.89342802699991, 6.88379706400013], [-2.89343954099996, 6.88364771400001], [-2.89340512199988, 6.88345222200019], [-2.89332462199997, 6.88331442900005], [-2.89315224399991, 6.8832222910001], [-2.89294514799991, 6.88314182800008], [-2.89279573999988, 6.88308438500002], [-2.89262328899991, 6.88304976500018], [-2.89245062499987, 6.88302668300008], [-2.89231284999994, 6.88298073200008], [-2.89216327199989, 6.8829346550001], [-2.89202542099986, 6.88293468300009], [-2.89187579899982, 6.88288877900004], [-2.89174930699994, 6.88283107300003], [-2.89162289399997, 6.88272773100005], [-2.89151956399991, 6.88260104900019], [-2.89141591999987, 6.8824058300001], [-2.89134705299995, 6.88227935700007], [-2.89124367999983, 6.88214148200012], [-2.89112880899989, 6.88202655600003], [-2.89104830899993, 6.88188859100006], [-2.89102525299995, 6.88163570799998], [-2.89104839999993, 6.88149784900003], [-2.89110587099998, 6.8813138750001], [-2.89108292199995, 6.88116448800008], [-2.89095664299987, 6.88108404900009], [-2.89080706799996, 6.88104968200003], [-2.89063460199998, 6.880945833], [-2.89051961099995, 6.88086569400008], [-2.89040478499987, 6.88076213300008], [-2.89024357599993, 6.88071592900019], [-2.89009418199993, 6.88072754100006], [-2.88993319899993, 6.88072748700006], [-2.88976058299994, 6.88072748000019], [-2.88963430299998, 6.88064669700015], [-2.88958822199982, 6.88049757400017], [-2.88963419899989, 6.88034808700013], [-2.88959996499989, 6.88019891700003], [-2.88942743799993, 6.88021010200015], [-2.88931230999998, 6.880313538], [-2.88916280899997, 6.88042847500003], [-2.88904768099997, 6.88053173900005], [-2.88893285499995, 6.88063517200015], [-2.88882926999997, 6.88072702400012], [-2.8887143529999, 6.880807382], [-2.88859913399995, 6.88088774200008], [-2.88843827299996, 6.88085341800013], [-2.88839223799988, 6.88071566100018], [-2.88839225199996, 6.88057754900012], [-2.88836950099994, 6.88033620200014], [-2.88726549599994, 6.88038171500006], [-2.88711602399997, 6.88043896099998], [-2.88701236299994, 6.88057713700005], [-2.88669045699993, 6.88046199300015], [-2.88664463599997, 6.88031269600015], [-2.88661000799993, 6.88012891300014], [-2.88657577399988, 6.87997939899998], [-2.88646073699994, 6.87988754800011], [-2.88632265799987, 6.87982988600015], [-2.88618483899995, 6.87977239399999], [-2.88605825799993, 6.87969178200007], [-2.88594329799986, 6.87955395200004], [-2.8858398349999, 6.87939282700012], [-2.88574802399995, 6.87911713700004], [-2.88579443599997, 6.87788720900011], [-2.88486324899992, 6.87672656800004], [-2.88478279899994, 6.87660013900017], [-2.88469110499989, 6.87648494700005], [-2.88462189599994, 6.87634728000012], [-2.88462220099996, 6.87614028300015], [-2.88464509099992, 6.87600225400018], [-2.88477159599989, 6.87592185000011], [-2.88490976399987, 6.87600259000004], [-2.88501295299989, 6.87609448800015], [-2.88518572199996, 6.87600253600004], [-2.88528921499983, 6.87588743800006], [-2.88543859599991, 6.87580728900014], [-2.88558806599997, 6.87574987100015], [-2.88573759299987, 6.87577270300011], [-2.88587566999996, 6.87583036700005], [-2.88597903399989, 6.87587361400017], [-2.88643912599991, 6.87580748200003], [-2.88645064199983, 6.87565813200013], [-2.88633572899982, 6.87553183800014], [-2.88625535199992, 6.8753477190001], [-2.88619773099992, 6.87521000599997], [-2.88614041199992, 6.87508348600016], [-2.88608295499995, 6.87491098600015], [-2.88597932899989, 6.87478464800017], [-2.88580690999993, 6.87468114000012], [-2.88564606599994, 6.87472723700012], [-2.88549650599992, 6.87476140600018], [-2.88535847499998, 6.87471545400012], [-2.88524369799995, 6.87462360100005], [-2.88511707299989, 6.87453145100005], [-2.88501379299987, 6.87441647700012], [-2.8849561269999, 6.87426705500002], [-2.88488743199997, 6.87411767500009], [-2.8847608079999, 6.87402552400005], [-2.8845999479999, 6.87399119800006], [-2.88443876999997, 6.87409429700011], [-2.88433523099997, 6.87419785800012], [-2.88422031399995, 6.87427821500006], [-2.88409378099993, 6.87420931200018], [-2.8840709559999, 6.87401394400013], [-2.88413992899996, 6.87381856000013], [-2.88415148999991, 6.87366920900013], [-2.88415150599991, 6.87353127000017], [-2.88409405199997, 6.87337030700007], [-2.88401364799989, 6.87325541500019], [-2.88389865699997, 6.87317475700007], [-2.88370333599988, 6.87314039500006], [-2.88355373299993, 6.87317473600018], [-2.88343869799991, 6.87308288400004], [-2.88347334499997, 6.87292190400001], [-2.88349053999997, 6.87284150000011], [-2.88350773399998, 6.87276109700014], [-2.88346196099997, 6.87262333700011], [-2.88335846799993, 6.87251973000014], [-2.88328960599995, 6.87239325399997], [-2.88322044199981, 6.87226678000019], [-2.88317466799992, 6.87212902000016], [-2.88312863499993, 6.87199091600007], [-2.88303663999994, 6.87186453200013], [-2.88296785499995, 6.87169190400004], [-2.88299070299996, 6.87154285300005], [-2.88308273199988, 6.87139335800003], [-2.88320935699994, 6.87126697500014], [-2.88324395899997, 6.87109462900008], [-2.8831635549999, 6.87097956600007], [-2.88306006499994, 6.87088766800014], [-2.88293348899987, 6.87080739800007], [-2.88277261599995, 6.87070350000016], [-2.88258871799997, 6.8707035330001], [-2.88241614799995, 6.87070352200016], [-2.88226674199996, 6.87063453600013], [-2.88219783799991, 6.87050806100007], [-2.88211734299995, 6.87036992000009], [-2.88199093399993, 6.87025538100011], [-2.88186440299995, 6.87019767100014], [-2.88172646299984, 6.87017444700018], [-2.88154259599997, 6.87010559600009], [-2.88140443299994, 6.87002537199999], [-2.88130110799989, 6.8698986870001], [-2.88123224699996, 6.86977221200004], [-2.88115170899988, 6.86962287800009], [-2.88099079199998, 6.86950778400018], [-2.88084106799994, 6.86957673900008], [-2.88070309599988, 6.86961120500013], [-2.88055373799995, 6.86956529400015], [-2.88040413199991, 6.86958809700013], [-2.88032381399995, 6.86970310400017], [-2.88026615599989, 6.86982956000014], [-2.88020875499996, 6.86995567000008], [-2.88007064999988, 6.86996723300007], [-2.87999006699994, 6.86980636100009], [-2.87994424599998, 6.86964535200002], [-2.87984066599995, 6.86953020600009], [-2.87974893199981, 6.86940381900018], [-2.87967980299993, 6.86922017000018], [-2.87966848899993, 6.86907056400003], [-2.87970296999993, 6.86893266100009], [-2.87977211499987, 6.86871437200006], [-2.87979521799991, 6.86855343700017], [-2.87978360399984, 6.86840417700006], [-2.87974932899994, 6.86824312300007], [-2.87971475099994, 6.8680710480001], [-2.87966879799995, 6.86788713700008], [-2.87955384199984, 6.86774895900004], [-2.87933551299989, 6.86767989700019], [-2.87918589699996, 6.86763415900015], [-2.87900210899994, 6.86751915400009], [-2.87857714399985, 6.86650736400009], [-2.87842748299988, 6.86644974300003], [-2.87824350799997, 6.86649575500007], [-2.87810544699988, 6.86650731700013], [-2.87795592099997, 6.86648413800009], [-2.87781810599995, 6.86642664200014], [-2.87769157599996, 6.86635756500004], [-2.87758830099983, 6.86624293400001], [-2.87753068099994, 6.86610470200014], [-2.87753086899994, 6.86594385700005], [-2.87753088799997, 6.86580574499999], [-2.87754240699996, 6.86564519900003], [-2.8776000659999, 6.86551874400016], [-2.87763454599991, 6.86538084100005], [-2.87768057299991, 6.86524289300019], [-2.87765767399998, 6.86509367600019], [-2.87755414099985, 6.86499006700001], [-2.87742761099986, 6.86492098900015], [-2.87730108099987, 6.86485191100013], [-2.87561384699995, 6.8632383580001], [-2.87583041099987, 6.86193267400012], [-2.87593395099998, 6.86182911500015], [-2.87600315199995, 6.86169107600017], [-2.87595712399997, 6.86155331600014], [-2.87594554499998, 6.86134636499997], [-2.87595718599988, 6.86115103300017], [-2.87584232299997, 6.86103592900008], [-2.87571582899989, 6.86090950400018], [-2.87563538399996, 6.86078307200017], [-2.87557788899994, 6.8605992040001], [-2.87550910899995, 6.86042674600003], [-2.8754284499999, 6.86031185200011], [-2.87533650799986, 6.86020836800009], [-2.87524456399996, 6.86010488500011], [-2.87517578499995, 6.85993225400011], [-2.87516443099992, 6.8597717990001], [-2.87515286299993, 6.85963373100003], [-2.87516450599992, 6.85943839900006], [-2.87518759999995, 6.85920840800009], [-2.87518757799995, 6.85907064000008], [-2.87516472599992, 6.85893278900011], [-2.87513023899993, 6.8587832720001], [-2.87506133699992, 6.85864525700015], [-2.87496934899985, 6.85853040700005], [-2.8748542319999, 6.85842701400014], [-2.87469342299994, 6.85840387700006], [-2.87452085599995, 6.85840368900006], [-2.87438288899989, 6.85844969200002], [-2.87361286199996, 6.85744957200006], [-2.87360129699988, 6.85731184800005], [-2.87365907699996, 6.85713941200015], [-2.87372797799998, 6.85700137500004], [-2.87377400299988, 6.8568520610001], [-2.87362463699998, 6.8567255530001], [-2.87346373799988, 6.85667933900004], [-2.87330254899996, 6.85670235500015], [-2.87316479299994, 6.85672527999998], [-2.87302667899996, 6.85665624600017], [-2.87291181799998, 6.85654131300015], [-2.87284291699996, 6.8564034690001], [-2.87282571199995, 6.85629142700009], [-2.87277433899987, 6.85529435500018], [-2.87269390699987, 6.85524266100015], [-2.87259042299991, 6.85515058800007], [-2.87242946899994, 6.8550129300001], [-2.87231460699985, 6.85489765200015], [-2.87219956899992, 6.85473691100009], [-2.87209598399994, 6.85455287800005], [-2.87199262199994, 6.85441465100007], [-2.87190089299997, 6.85428826100008], [-2.87183194899995, 6.85413905100017], [-2.87177437899993, 6.85401252800006], [-2.87171697799994, 6.85386310000013], [-2.87164798799995, 6.85370218000014], [-2.87152163199994, 6.8536103670001], [-2.87130301799988, 6.85361001300009], [-2.87116509399993, 6.85365601500018], [-2.87100424199997, 6.85362151000004], [-2.87092354299995, 6.85350661500007], [-2.86834826499995, 6.85235627900011], [-2.86817599299997, 6.85228720400016], [-2.86756085799988, 6.85195378300017], [-2.86747465999997, 6.85194223600018], [-2.86732510499991, 6.85197674300014], [-2.86716397099991, 6.85209137200013], [-2.86702614699988, 6.85222950400015], [-2.86693419299991, 6.85233284399999], [-2.86684207299993, 6.85247079800007], [-2.86671547899994, 6.85252829300009], [-2.86657737499996, 6.85252796800017], [-2.86639356299986, 6.85248218500004], [-2.86623253099992, 6.85240152599999], [-2.86607159799996, 6.85232973700005], [-2.8659682409999, 6.85228648300017], [-2.86580717499993, 6.85226334300006], [-2.86480698099996, 6.85163073199999]]]]}, "properties": {"REGION": "Western North", "DISTRICT": "Bia East"}}, {"type": "Feature", "geometry": {"type": "MultiPolygon", "coordinates": [[[[-3.22619168299997, 6.82456195000015], [-3.22575475399998, 6.82486793500016], [-3.20539502999992, 6.82250795800019], [-3.19789813699992, 6.82395808299998], [-3.19674728099994, 6.82381268400013], [-3.18290057999991, 6.82206305600016], [-3.17823403699987, 6.82033502700006], [-3.17730504799994, 6.81909197600015], [-3.17492753599987, 6.81910269300005], [-3.17368429999993, 6.81848835500006], [-3.16343487299991, 6.81502138500008], [-3.16322211199991, 6.81367912900004], [-3.16290366999993, 6.81182072700011], [-3.16248093799987, 6.80975614200008], [-3.16018972399991, 6.80594339800007], [-3.15924740799994, 6.80326118000005], [-3.1588260929999, 6.80150655000017], [-3.15814212299995, 6.79960677800017], [-3.15767476099995, 6.79830863400008], [-3.15685520999989, 6.79717037500012], [-3.15177824199992, 6.79730162800007], [-3.15075651499996, 6.79999260900001], [-3.14962084699994, 6.80030762700017], [-3.14900247699995, 6.80072367200006], [-3.14766374099992, 6.80186618800008], [-3.1457074839999, 6.80213177700011], [-3.14446573599992, 6.80332692000013], [-3.14374306999997, 6.80353677300019], [-3.1432225609999, 6.80271247700017], [-3.14239096799992, 6.80258202200014], [-3.14063742299987, 6.80251727000012], [-3.13949599399996, 6.80269504299997], [-3.13783585699997, 6.8045793930001], [-3.13754685999987, 6.80490741900007], [-3.1365124539999, 6.80490470000012], [-3.13517300899991, 6.80574450800015], [-3.13403582099988, 6.80564243300012], [-3.13279549699996, 6.80575499800011], [-3.13248857799994, 6.80647963200005], [-3.13208050299994, 6.80632728100016], [-3.13073003899996, 6.8058230960001], [-3.12917799199994, 6.80587426100016], [-3.1283487529999, 6.80536128000006], [-3.12668530999986, 6.80501911400017], [-3.12549380599995, 6.804875606], [-3.12403709699993, 6.80515136600008], [-3.12368515199995, 6.80521799000013], [-3.12193705499993, 6.80476949100006], [-3.12111462399997, 6.80580636300004], [-3.11894337899992, 6.80571255399997], [-3.11718108999997, 6.80458367600005], [-3.11563007399997, 6.80448713400006], [-3.11531543899997, 6.80345524000012], [-3.11344934199991, 6.80222347000011], [-3.11200215199989, 6.80222978800015], [-3.10957157199988, 6.80139370600006], [-3.10651628799997, 6.80060045800013], [-3.10547898099992, 6.79977835000017], [-3.10475583499993, 6.79988482300018], [-3.10330549799994, 6.79916783200008], [-3.1009275209999, 6.79907482900012], [-3.09896167999989, 6.79867004300019], [-3.09803178899995, 6.7987774020001], [-3.09720750899987, 6.79940094200003], [-3.09617603599997, 6.79992205000013], [-3.09400389299992, 6.79962146600013], [-3.09323539899992, 6.79799597200014], [-3.09098691699995, 6.79519137700015], [-3.08942386999996, 6.79230491800013], [-3.08923980099991, 6.79122958800002], [-3.08878760599981, 6.78858782700019], [-3.08753960599995, 6.78683661100007], [-3.08644163999986, 6.78544218100012], [-3.08484044999989, 6.78416166700003], [-3.08337597399998, 6.78013812100005], [-3.08181481399993, 6.77766491700004], [-3.07849510099987, 6.77488924100004], [-3.07538657399988, 6.77314592500005], [-3.07341730499985, 6.77191437300013], [-3.06958568099998, 6.77027742300004], [-3.06709828199996, 6.76873805100001], [-3.06533973099994, 6.76843553200013], [-3.05541649699984, 6.76847757500013], [-3.05396760699995, 6.76807037200012], [-3.05231460099998, 6.76828401300014], [-3.04972910399982, 6.76798492300009], [-3.04735208299996, 6.76809826700003], [-3.04528211599995, 6.7674869870001], [-3.04455071799993, 6.76563009200004], [-3.04237652799998, 6.76481257000006], [-3.02562747399998, 6.76405592300006], [-3.01974034099993, 6.76146175100018], [-3.01486172199986, 6.76038061100007], [-3.00245535799991, 6.759915122], [-3.00121535499989, 6.7600235540001], [-2.99987707899993, 6.76137240100007], [-2.99812234499996, 6.76199961300011], [-2.99605579899992, 6.76221476100011], [-2.99491957799989, 6.7624260880001], [-2.99294919699992, 6.76088413700018], [-2.99191422999991, 6.76057836799998], [-2.99025735499987, 6.75986179800003], [-2.98932322599995, 6.75893559900004], [-2.98766593499994, 6.75811568400019], [-2.98663055299983, 6.75770656800006], [-2.98549306699994, 6.75760787000007], [-2.98419624899992, 6.75717494100007], [-2.98302019699997, 6.75723085500005], [-2.98138199499988, 6.75682852200009], [-2.97938600799995, 6.75647876099998], [-2.97867966599995, 6.75628992200012], [-2.97723618199996, 6.75602736500014], [-2.97421881099996, 6.75603960200016], [-2.97252967599991, 6.75568856600006], [-2.97126510599998, 6.75528728500018], [-2.97053327599991, 6.75523651700007], [-2.96859132799995, 6.75560224400004], [-2.96680217999995, 6.75581397100007], [-2.96557373699983, 6.75556330100011], [-2.96454821199995, 6.75490280600008], [-2.96331750299993, 6.75408975800013], [-2.96172736199998, 6.75292027300009], [-2.96039026399995, 6.75108513100014], [-2.95982359099992, 6.75006489700007], [-2.95880075599996, 6.75006900700009], [-2.95777894599996, 6.75032873800018], [-2.95670353099996, 6.74997517500015], [-2.95506534999987, 6.74957273900003], [-2.95429514699993, 6.74880894000017], [-2.95383425599988, 6.7486574080001], [-2.95321175699991, 6.74929629500008], [-2.95165610299989, 6.74906427900009], [-2.95030898699997, 6.74824296900016], [-2.94824035299996, 6.74794122300005], [-2.94616759299987, 6.74660610600017], [-2.94523231899996, 6.74536978200018], [-2.94367683499996, 6.74413592500014], [-2.94337990399981, 6.74333093400008], [-2.94858566999994, 6.68727679200003], [-2.94719470399997, 6.68661691500006], [-2.94640796999988, 6.68626020000011], [-2.94294560499992, 6.68540667799999], [-2.94135455499992, 6.68393029200007], [-2.94037753999982, 6.68255373300013], [-2.93985953899994, 6.68086860400007], [-2.93821798199991, 6.67954577900014], [-2.93759812699989, 6.67796329800018], [-2.93677534599993, 6.67679062400015], [-2.93489124799993, 6.67625217300008], [-2.93416184999995, 6.67536934300006], [-2.9302142599999, 6.6727773560001], [-2.92970111199992, 6.67231922400003], [-2.92969510999995, 6.67078544700001], [-2.92656213099997, 6.66726994600003], [-2.92496879599997, 6.66517996200014], [-2.92384105899993, 6.66446858200004], [-2.92235538699993, 6.66375859200014], [-2.92184265499992, 6.66340269800014], [-2.92127779499992, 6.66279137300012], [-2.92076208099996, 6.66166858600019], [-2.91968171499991, 6.65998559500014], [-2.91911626599995, 6.65922088700012], [-2.91773010399993, 6.65779471000013], [-2.91654987099997, 6.65672562000015], [-2.91470669299997, 6.65611923600005], [-2.91362879199994, 6.65616415700015], [-2.9128649029999, 6.65587073000012], [-2.91214765099988, 6.65551561400002], [-2.91148505899997, 6.65555458400007], [-2.91040634999996, 6.65480656300008], [-2.91009441499989, 6.65347845900015], [-2.90988593299988, 6.65245671800005], [-2.90860306699994, 6.65128574100009], [-2.90660493699994, 6.65027089800003], [-2.90609084899995, 6.64955709500003], [-2.90450316899995, 6.64889855000018], [-2.90362859999988, 6.64752147300004], [-2.90331983599998, 6.6470113850001], [-2.90152272699987, 6.64507544500015], [-2.89807971299996, 6.64511515500004], [-2.89456868099995, 6.64510209800011], [-2.89349449999997, 6.64500395100009], [-2.89252962299992, 6.64674598500017], [-2.89148998599995, 6.64861065400015], [-2.8907013349999, 6.65002515300006], [-2.88973774399994, 6.65146289900002], [-2.88943022399997, 6.65192174000003], [-2.88865911999994, 6.65085099900017], [-2.88824834399998, 6.65062924800003], [-2.88765321499994, 6.64958372100011], [-2.88693897099989, 6.64900881400007], [-2.88668253299983, 6.64870082500011], [-2.88622491299998, 6.64822781800012], [-2.88571139299995, 6.64769702700016], [-2.88465823299993, 6.64759406100018], [-2.88327374099987, 6.6465767680001], [-2.88229968099984, 6.64591580700005], [-2.88194767499994, 6.64579510200008], [-2.88190593999985, 6.64566604000009], [-2.88187459999983, 6.64556912800003], [-2.88195939199994, 6.64507779100018], [-2.88185221399993, 6.64474604100008], [-2.88191401399996, 6.64453880900015], [-2.88199056699995, 6.64441335800018], [-2.88211495299993, 6.64420588900015], [-2.88210969999994, 6.64409037600007], [-2.88204471799997, 6.64404629100005], [-2.88196971799988, 6.64399463100006], [-2.88187824599987, 6.64399497900007], [-2.88159100399997, 6.64415538900005], [-2.88146471599993, 6.64414398600007], [-2.88138432499994, 6.64408677300003], [-2.88131542399992, 6.64393703799999], [-2.88133836799994, 6.64381089300014], [-2.88149900799993, 6.64366166500002], [-2.88177478599994, 6.64356968900006], [-2.88214568999996, 6.64342592500009], [-2.88228042699984, 6.64325961200007], [-2.88231739599996, 6.64300165200007], [-2.88227315199993, 6.64276112700014], [-2.88225689199993, 6.64252477500014], [-2.88254495199988, 6.64207171100014], [-2.88258264299998, 6.64185494400004], [-2.88255549099995, 6.64161729400007], [-2.88247504599997, 6.64134188900016], [-2.88247645099989, 6.64090697100005], [-2.8826257369999, 6.64052615200006], [-2.88216589099994, 6.63987321200005], [-2.88222471899985, 6.63967861100002], [-2.88236450299996, 6.63954581900003], [-2.88242621099982, 6.63948861800003], [-2.88247679099993, 6.63933769200014], [-2.88187562399992, 6.63910710400006], [-2.88171711299992, 6.63896479400017], [-2.8812263339999, 6.63848526900006], [-2.88125590999988, 6.63834976600009], [-2.8814792959999, 6.63786998400019], [-2.88128231599995, 6.63737937100018], [-2.88120861299996, 6.63724374300017], [-2.88091112599994, 6.63669630600009], [-2.88091046999989, 6.63652331000014], [-2.88098128999991, 6.63642697200015], [-2.88107320799998, 6.63624304600006], [-2.8809812319999, 6.63611664700016], [-2.88069417499997, 6.6362084910001], [-2.88048736899998, 6.63610526000002], [-2.88025751799995, 6.63580665600017], [-2.88013131199983, 6.63565748400009], [-2.88000489499996, 6.63561146500012], [-2.87989005899993, 6.63551959500012], [-2.88001637799994, 6.63528990400005], [-2.88014265499987, 6.63509465300018], [-2.88015401699994, 6.63496838000009], [-2.88016558599992, 6.63466955000007], [-2.88010814499995, 6.63456644000007], [-2.87946491299994, 6.63440579400009], [-2.88045246199994, 6.63337205599998], [-2.88019997099991, 6.63319976700006], [-2.88001615499996, 6.63305064000008], [-2.87988986699992, 6.63295881400012], [-2.87979780799986, 6.63287839600002], [-2.87978621999997, 6.63272913200012], [-2.87990104199997, 6.63248777300009], [-2.87992402799989, 6.63230428100019], [-2.87990102199996, 6.63197113899997], [-2.8798207509999, 6.63166094600018], [-2.87977470999988, 6.63129362200016], [-2.87979764599993, 6.63094911300016], [-2.87983212499995, 6.630742328], [-2.87984353099989, 6.63061605400003], [-2.87980890899996, 6.63050132000018], [-2.8796480879999, 6.63038637500017], [-2.87907396599991, 6.63020256100003], [-2.87903960299991, 6.63007628800017], [-2.87913130999993, 6.62999603499998], [-2.87929216499992, 6.62990398100004], [-2.87953323799991, 6.62989256400004], [-2.87976307299994, 6.62989255400004], [-2.87994683699992, 6.62988100900009], [-2.88002704799993, 6.62982335800018], [-2.87998320899993, 6.62962134999998], [-2.87990663199997, 6.62926848800009], [-2.87947342099994, 6.62851064100005], [-2.87941860199993, 6.62843921000007], [-2.87908350399982, 6.62800255800016], [-2.87892963099995, 6.62793352900007], [-2.87853918999997, 6.62812305], [-2.87841119899997, 6.62809344700014], [-2.87832711899995, 6.62799780900002], [-2.87832702099985, 6.62768748400003], [-2.87844205399995, 6.62727443000017], [-2.87862553899993, 6.62668873300009], [-2.87876346799987, 6.62606842200017], [-2.87878627599991, 6.62568947000011], [-2.87872878599995, 6.62542517100019], [-2.87861395099998, 6.62529885800012], [-2.87868287899988, 6.62516117200011], [-2.87877471399992, 6.62503493900005], [-2.87882056199993, 6.6248510150001], [-2.87879765099996, 6.62469042800006], [-2.87868268899996, 6.62459855800006], [-2.87855635999989, 6.62452954800006], [-2.87842213699997, 6.62442983800014], [-2.8781709669999, 6.62424324900007], [-2.87815447199995, 6.62385970400004], [-2.87822932399985, 6.62376163900018], [-2.87853036799987, 6.62375409000003], [-2.87880071999996, 6.6236842620001], [-2.87889807999994, 6.62357106900004], [-2.87914630999995, 6.62357013000008], [-2.87936013899997, 6.62362214000012], [-2.87967027399998, 6.62372549900005], [-2.87977360499997, 6.62365639500018], [-2.87979659399991, 6.62354178800001], [-2.87987705999996, 6.62339269200015], [-2.88006068899995, 6.6232776490001], [-2.88015269699991, 6.62319739500003], [-2.88017550899991, 6.62303629100006], [-2.88015272899992, 6.62291031800004], [-2.88003780999998, 6.62284118000014], [-2.87978524599987, 6.62286417900003], [-2.8796128059999, 6.62280679600013], [-2.87949792799992, 6.62266894400011], [-2.8794633899999, 6.62242797900018], [-2.87946350999982, 6.62217517200014], [-2.87948640899992, 6.6219572390001], [-2.87955541999997, 6.62177322700018], [-2.87971601799995, 6.62176177100008], [-2.87986546399986, 6.62178462600014], [-2.87996875499988, 6.62177321400009], [-2.88000323899996, 6.62163565900016], [-2.88006045299994, 6.62146323100012], [-2.88017531499992, 6.62116469900008], [-2.88050834099994, 6.62091183700011], [-2.88101371399983, 6.62054432000002], [-2.88115139899986, 6.62038329799998], [-2.88126635799995, 6.6203950900001], [-2.88141550499995, 6.62048683100011], [-2.88149593799994, 6.62062446800007], [-2.88162239599984, 6.62072791800011], [-2.88178320599991, 6.62065902700016], [-2.88177165899992, 6.62045241800001], [-2.88164541299994, 6.62022282100014], [-2.88150749799991, 6.6200389060001], [-2.88136966999997, 6.61980935300005], [-2.88132367799989, 6.61959116399998], [-2.8813581149999, 6.61937266900014], [-2.88135819699983, 6.61924661000012], [-2.88136960099996, 6.61913152900007], [-2.88135814599991, 6.61901705300005], [-2.88122032499996, 6.6190053470001], [-2.88103643699992, 6.61905133400012], [-2.88088716599992, 6.61914299900013], [-2.88082982499998, 6.61936158000003], [-2.88079534299987, 6.61949948000006], [-2.88068047399997, 6.61957982000013], [-2.88049683999998, 6.619545211], [-2.88035888999991, 6.61949940800008], [-2.88023256099996, 6.61939604300011], [-2.88017507899997, 6.61928139600013], [-2.88018669599995, 6.61907435400008], [-2.88025549499997, 6.61897111000002], [-2.88047356899989, 6.61893653300012], [-2.88072638999995, 6.61889080100008], [-2.88088711299991, 6.61884472900016], [-2.88100202699991, 6.61877592600007], [-2.88096766099994, 6.61856905900009], [-2.88085252099989, 6.61829344000012], [-2.88076084899996, 6.61809815400011], [-2.88068028899994, 6.61799478800009], [-2.88058836499988, 6.61796052099999], [-2.88049657099992, 6.61794898500011], [-2.88031290299995, 6.61812137500016], [-2.88024397399994, 6.6181901760001], [-2.8801291069999, 6.61833940100007], [-2.88001419499989, 6.61842008600013], [-2.87984205999987, 6.61844278000001], [-2.87972718599997, 6.61837398500012], [-2.87966979099991, 6.61828224100014], [-2.87965824499986, 6.61806409200011], [-2.87973849299993, 6.61786867400014], [-2.87980805399991, 6.61762250000004], [-2.87986045799988, 6.61748238200016], [-2.87987637999987, 6.61723717000012], [-2.87987422199996, 6.61714385400001], [-2.87968571599993, 6.61702422000008], [-2.87935508999993, 6.61711572900009], [-2.87885100199986, 6.61708754800014], [-2.87801506499989, 6.61682744600012], [-2.87780910799989, 6.61667461600013], [-2.87769427699988, 6.61658274400014], [-2.87754482599996, 6.61634169600006], [-2.87728067499995, 6.61607748700015], [-2.8770395169999, 6.61584780500016], [-2.87684425799989, 6.61572162200014], [-2.87657989799987, 6.61569851000019], [-2.87636186599997, 6.61567573900015], [-2.87620109699998, 6.61557250200002], [-2.87612049299997, 6.61538871100004], [-2.87612061399989, 6.61505548100018], [-2.87607462599993, 6.61484882800005], [-2.87594825599996, 6.61473375100019], [-2.87583329699993, 6.61464187900003], [-2.87575290899991, 6.61444689399997], [-2.87569551099989, 6.61420566900017], [-2.87561512399998, 6.61399914600008], [-2.87543140499997, 6.61387274600008], [-2.87531635899995, 6.61376933500014], [-2.87523609999988, 6.61359708200018], [-2.87522451299992, 6.61329851000016], [-2.87515561799989, 6.61293127000016], [-2.87492599699982, 6.61255206300012], [-2.87473069499993, 6.61219632000012], [-2.87453530499982, 6.61189758000006], [-2.87437119799984, 6.6117775620001], [-2.87420231499988, 6.61172524400001], [-2.87400701899998, 6.61173700100005], [-2.87391522599995, 6.611805543], [-2.8738233929999, 6.61193212000012], [-2.87370839299996, 6.61197801700007], [-2.87350181599993, 6.61193229700001], [-2.87319205699987, 6.61169846500002], [-2.87326502099995, 6.61135476300001], [-2.87335884999993, 6.61126298400018], [-2.87367269799995, 6.61115831000001], [-2.87386765799994, 6.61116685800005], [-2.87397438299996, 6.61114356800005], [-2.87402555299991, 6.61104181100006], [-2.87403731699993, 6.61095113100004], [-2.87396766399991, 6.61060957300003], [-2.87378990599996, 6.61023897000018], [-2.87381173599982, 6.61000252800017], [-2.87394929599992, 6.60994535200001], [-2.87409869599992, 6.60995684400007], [-2.87442018499996, 6.6099451290001], [-2.87443167799995, 6.60977287300005], [-2.87421351899991, 6.60971566000001], [-2.87413308999993, 6.60957784900006], [-2.8741102269999, 6.60943999200015], [-2.8740756499999, 6.6092562], [-2.87397222999994, 6.60901532100007], [-2.87392620199995, 6.60886584100012], [-2.87398380599996, 6.60864760400011], [-2.87411582999994, 6.60850976800009], [-2.87424785599995, 6.60837193200007], [-2.87450049499995, 6.60807339900015], [-2.87469566099986, 6.60801600600007], [-2.8749024089999, 6.60796993600019], [-2.87505172099992, 6.60795835200014], [-2.87515505199985, 6.60788959500019], [-2.87514372499987, 6.60772879100006], [-2.87504034799997, 6.60756799000012], [-2.87490252899994, 6.60748757000005], [-2.87479898299995, 6.60743026900019], [-2.8747071009999, 6.60724651999999], [-2.87470584499988, 6.60697760400012], [-2.87493639399997, 6.60657761900018], [-2.87502107799997, 6.60642569400011], [-2.87512049399993, 6.6062473400001], [-2.87512527299998, 6.60608818899999], [-2.87508608999991, 6.60596039199999], [-2.87493677599991, 6.60597163100016], [-2.87476451799995, 6.60610953200006], [-2.87463811099997, 6.60612102900006], [-2.87455764099997, 6.60605210300002], [-2.87453486299995, 6.60592578500007], [-2.87458058399994, 6.60577647700018], [-2.8746263839999, 6.60559491300006], [-2.87487657799988, 6.60548259000007], [-2.87508995899998, 6.60545394100012], [-2.87530302299984, 6.60546891700011], [-2.87562921499983, 6.60557002000002], [-2.8757921969999, 6.60559849800006], [-2.87594725799994, 6.60561565299997], [-2.87616558399998, 6.60550082599997], [-2.87644108699993, 6.60540886000018], [-2.87662479899996, 6.60538578100017], [-2.87690039099994, 6.60539748600013], [-2.87706111099993, 6.60535141700018], [-2.87722195899988, 6.6052593660001], [-2.87732528599992, 6.60504130100009], [-2.8773712009999, 6.60493788700006], [-2.87741711599995, 6.60483447300004], [-2.87750916499994, 6.6047655860001], [-2.87762390599994, 6.60480011200008], [-2.87777330699993, 6.60496074000008], [-2.87781924799992, 6.60508697000006], [-2.87788813999992, 6.60530524700005], [-2.87784220499998, 6.60547763200003], [-2.87776182499988, 6.60563826300006], [-2.87776200399998, 6.60590260800018], [-2.87792272699988, 6.60600584600002], [-2.87816383099994, 6.60600579800001], [-2.87841638699996, 6.60597126400017], [-2.87857710699996, 6.60591382800004], [-2.87863454099988, 6.60585355300014], [-2.87869197399993, 6.60579327700015], [-2.87880683999992, 6.60567272600002], [-2.87923189699995, 6.60491477000016], [-2.87956481799995, 6.60420262400004], [-2.87975987999994, 6.60353663500013], [-2.87978294999988, 6.60322656700004], [-2.87972376599993, 6.60285919400008], [-2.87968417799988, 6.60261345800018], [-2.87956397499994, 6.60186731700003], [-2.87985154699993, 6.60190579100015], [-2.8800991249999, 6.60196326100015], [-2.88020747499991, 6.60196300000018], [-2.88031097699997, 6.60192885600003], [-2.88026831999997, 6.60179685000014], [-2.88013862399993, 6.60160712600003], [-2.87983999999989, 6.60154970000008], [-2.87950490999998, 6.60150068000013], [-2.87923138999997, 6.60149258300009], [-2.87917395299985, 6.60138912700006], [-2.87920847799995, 6.60119388200013], [-2.87931501299988, 6.60098276000008], [-2.87921144299992, 6.60059331500008], [-2.87905277699986, 6.60036186800005], [-2.87897736699983, 6.60005585300007], [-2.87903813899987, 6.5998984580001], [-2.87918536699988, 6.59951714500005], [-2.87948485999988, 6.59925570700011], [-2.87953063899994, 6.59908846200005], [-2.87949158399994, 6.59875466500006], [-2.87938050799988, 6.59850656000003], [-2.87942631599992, 6.59838050100018], [-2.87956395499998, 6.598276828], [-2.87979381899987, 6.59828836000008], [-2.87997748799989, 6.59840322100007], [-2.88018431999996, 6.59844928300015], [-2.88055169099988, 6.59825381499996], [-2.88076996899991, 6.59811574000003], [-2.88087312499994, 6.59806988700007], [-2.88091915299998, 6.59821936500015], [-2.88089629699988, 6.59844900900015], [-2.88094232499998, 6.59859848800016], [-2.88101112499987, 6.59864420800005], [-2.88112607699998, 6.59858677300002], [-2.88125234799986, 6.5983798150001], [-2.8814934319999, 6.59772536300011], [-2.88164983899998, 6.59740046600018], [-2.88192738199996, 6.59715809300008], [-2.88228902199984, 6.59706391000003], [-2.88246943499985, 6.59693278000003], [-2.88277643099991, 6.59658422000012], [-2.88292743199997, 6.59652315800002], [-2.88306615399983, 6.59653723100007], [-2.88336444599992, 6.59672570700019], [-2.88352891599993, 6.59734491900008], [-2.88361810299995, 6.59753226300012], [-2.88375569599987, 6.59755287700006], [-2.88387054199995, 6.59757586500018], [-2.88398544999995, 6.59757577400012], [-2.88412308799997, 6.59740356000009], [-2.88408876699998, 6.59713951800006], [-2.88392791699988, 6.5970133780001], [-2.88385906599996, 6.59680629600001], [-2.88385888999994, 6.59661135400006], [-2.88382439999987, 6.59645046600008], [-2.88365239899991, 6.59635863900019], [-2.88343390099988, 6.59628971800009], [-2.88325014399987, 6.59608324100014], [-2.88325026699988, 6.59588778100016], [-2.88334209299984, 6.59562343500011], [-2.88352575599993, 6.59550873700005], [-2.88372104599995, 6.59549732300019], [-2.88399663099989, 6.59557756600014], [-2.88420341999995, 6.59569251100015], [-2.88434128099993, 6.59585318000006], [-2.88449050499992, 6.59589911400013], [-2.88468583799983, 6.59588769800007], [-2.88481219799996, 6.59586448900018], [-2.88493829699991, 6.59569249100014], [-2.88506477499993, 6.59532485800003], [-2.88513933999997, 6.59518715200016], [-2.8853170729999, 6.59492914700007], [-2.88537139699997, 6.59481536400017], [-2.88558438599989, 6.59468461400019], [-2.88583460599995, 6.59458157000017], [-2.8859546729999, 6.59442332500015], [-2.88596609699988, 6.59398698900009], [-2.88608180899996, 6.59368030500013], [-2.88634159099996, 6.59365147700004], [-2.88676700599996, 6.5932414720001], [-2.88721245599987, 6.59322122400005], [-2.88746448799998, 6.59315402200002], [-2.88760109299989, 6.59290417400013], [-2.88770196299987, 6.59257893200004], [-2.88782047099994, 6.59248811400016], [-2.88800439399995, 6.59252237700002], [-2.88814203799996, 6.59263723800007], [-2.88840622099997, 6.59291298100004], [-2.88865894699995, 6.59307373000013], [-2.88885410899991, 6.59316546900016], [-2.88916426999998, 6.59336061500011], [-2.8892791049999, 6.59370511800012], [-2.8893252709999, 6.59403834300008], [-2.88938245099985, 6.59422187600006], [-2.88945147099997, 6.59433682300005], [-2.88953176499996, 6.59435959600012], [-2.88964680099997, 6.59432523400011], [-2.88968128099998, 6.59418733500013], [-2.88978459799989, 6.59390021299998], [-2.88989928499996, 6.59376252699997], [-2.8900371819999, 6.59372790700013], [-2.89011764299994, 6.59357881200015], [-2.89012883099997, 6.59340655900019], [-2.89000255299982, 6.59331473300006], [-2.88974995599995, 6.59318825300005], [-2.88963517099995, 6.59300476699997], [-2.88956619199996, 6.5928321290001], [-2.88947431399987, 6.59272897800003], [-2.88935953099997, 6.59261420400009], [-2.88934803099994, 6.59248784400012], [-2.88941682299992, 6.59231554500019], [-2.8895431279999, 6.59198252800007], [-2.88956611099985, 6.59178732700013], [-2.88953161999984, 6.59162661300019], [-2.88942807299998, 6.59150025800011], [-2.88929051699995, 6.59140847300006], [-2.88912954199998, 6.59139685500003], [-2.8889573319999, 6.59146570300004], [-2.88885409299991, 6.59148882500017], [-2.88875067899988, 6.59146579600014], [-2.88868179199994, 6.59139700000009], [-2.88860118799994, 6.59113278900003], [-2.88850934599998, 6.59082264000017], [-2.88841746499992, 6.59063906699998], [-2.88831404699988, 6.59047826900019], [-2.88816486299993, 6.59029456799999], [-2.88810738399997, 6.59017957600008], [-2.88808430299997, 6.5900532600001], [-2.88815313999993, 6.58989267200013], [-2.88834854599992, 6.58961691200005], [-2.88855519399988, 6.58946751300005], [-2.88864693699992, 6.58938726000008], [-2.88865838599997, 6.58928389000005], [-2.88849766899989, 6.589260905], [-2.88845189999995, 6.58911177200002], [-2.88854372599997, 6.58898519400003], [-2.88864709099994, 6.58884720700007], [-2.88885378699996, 6.58885882400006], [-2.88904201999992, 6.58859199300008], [-2.88940105199987, 6.58781096900015], [-2.88951972899991, 6.58775639400017], [-2.88964600299988, 6.58777933700003], [-2.88970343899985, 6.58788279200013], [-2.88964593099996, 6.58820418200008], [-2.88954265899997, 6.58850284200008], [-2.88947391299996, 6.58875573500012], [-2.88946242499998, 6.58892798900018], [-2.88956558099989, 6.58903109700003], [-2.88973796599993, 6.58907711400019], [-2.88987564899998, 6.58912291700017], [-2.88999072799982, 6.58909975000012], [-2.89003649099993, 6.58903103600011], [-2.89004806399993, 6.58881280200018], [-2.89003649899996, 6.58866930900012], [-2.89013098899994, 6.58815149900005], [-2.89017097499988, 6.58793237800012], [-2.8901914999999, 6.58781989500017], [-2.89041263799982, 6.58777929600006], [-2.89048622199994, 6.58760266400003], [-2.89028901699987, 6.58728550100017], [-2.89019718199995, 6.5871591880001], [-2.89008235399984, 6.58695245300015], [-2.89005926799996, 6.58667683200002], [-2.89009356399987, 6.5862060500001], [-2.89015093799992, 6.58578098900006], [-2.89019682299988, 6.58552835500012], [-2.89024275799989, 6.58543673700018], [-2.89032317299996, 6.58527576100016], [-2.89061024299991, 6.58519528500005], [-2.89081689199998, 6.58519502000013], [-2.89102358699989, 6.58520663600001], [-2.89110400899989, 6.58519531100006], [-2.89100952799993, 6.58484818100015], [-2.8909600749999, 6.58466649000013], [-2.89091859299992, 6.58451408000013], [-2.89051832399986, 6.5839204130001], [-2.89130730399995, 6.58352198500017], [-2.89153941999996, 6.58356902200006], [-2.89174680299988, 6.58361104700009], [-2.89217275599998, 6.58369736400005], [-2.89284179399988, 6.58383294000004], [-2.89315952699997, 6.58389732600006], [-2.8933431829999, 6.58379399300014], [-2.89357289799989, 6.58355271700003], [-2.89367630099991, 6.58335738300008], [-2.89384832999997, 6.58316230500009], [-2.89417005599995, 6.58313921600006], [-2.89457198799988, 6.58311633800008], [-2.89475581799991, 6.58305881200016], [-2.89487054499989, 6.58294368500009], [-2.89493365399994, 6.58280016700013], [-2.89511164299995, 6.58187534500019], [-2.89516900999996, 6.58157727100001], [-2.89529536799995, 6.58162311600017], [-2.89551329999995, 6.58169203500012], [-2.8956856879999, 6.58188735700008], [-2.8958465309999, 6.58194461000016], [-2.89596139399993, 6.58193315200009], [-2.8961106509999, 6.58184131500019], [-2.89615645199996, 6.58170371800009], [-2.89517173899992, 6.58103880400017], [-2.89502468999996, 6.5809395120001], [-2.89481280999991, 6.58079644200018], [-2.8949160009999, 6.58069306900006], [-2.89501936399995, 6.5805554260001], [-2.89503106899986, 6.58044051800005], [-2.89496209499993, 6.58034847500016], [-2.89478975799994, 6.58031399700013], [-2.89447983199989, 6.58039456000012], [-2.89430749399992, 6.58035991000014], [-2.89422698399994, 6.58027962000006], [-2.89424996699995, 6.58008441900017], [-2.89438785099992, 6.57983178100005], [-2.8944337339999, 6.57957914700006], [-2.8943533019999, 6.57929203200007], [-2.89427277599998, 6.57876399700012], [-2.89423836299989, 6.57840782400007], [-2.89413481599996, 6.57820104700011], [-2.89393974399997, 6.57805179000007], [-2.89383628599995, 6.57787980000006], [-2.89388221199994, 6.57763853200004], [-2.89393963299995, 6.5773743150001], [-2.89393949699996, 6.57719056800005], [-2.89377869599997, 6.5770759670001], [-2.89354909899987, 6.57698401500011], [-2.89337688999996, 6.5769035560001], [-2.89326185299984, 6.57680014900018], [-2.89326210499996, 6.57663947600014], [-2.89336542699988, 6.57657054500004], [-2.89352605099992, 6.57657045400009], [-2.89366394599989, 6.57660489000011], [-2.89380166699993, 6.57659334700014], [-2.89392801899987, 6.57649006000003], [-2.89403133999991, 6.57640959100019], [-2.89418076899995, 6.57636373400004], [-2.89429541199991, 6.57629476000005], [-2.89431839799994, 6.57617998000012], [-2.89427250099988, 6.57606511800003], [-2.89416912899992, 6.57591585900019], [-2.89407720999998, 6.57578945900008], [-2.89411156099987, 6.57569754200017], [-2.89426090699988, 6.57569783700012], [-2.89437572599996, 6.57575492100005], [-2.89452511799993, 6.57583546600006], [-2.89468578599997, 6.57584691200009], [-2.89476637699988, 6.57581250900017], [-2.89480076999996, 6.57573178500007], [-2.8947547009999, 6.57557145900012], [-2.89466286699985, 6.57546779200015], [-2.89445600199997, 6.57534165600003], [-2.89435284699994, 6.57523820400019], [-2.89428378499991, 6.57504300700009], [-2.89413465199993, 6.57495109500013], [-2.89399667099997, 6.57489375400013], [-2.89392778699994, 6.57482478600008], [-2.89440134199998, 6.57370422600007], [-2.89446980199995, 6.57354222800018], [-2.89473623499987, 6.57291177300016], [-2.89485108299988, 6.57264000900005], [-2.89491616199996, 6.57248601600003], [-2.89502245999995, 6.57223448200017], [-2.89512170699987, 6.57199963400012], [-2.89545482799991, 6.57178156100008], [-2.89585679099997, 6.57170082200008], [-2.89617824899989, 6.57160902200013], [-2.89645372899997, 6.57152859000018], [-2.89682138399991, 6.57155147800012], [-2.89721181099998, 6.57148283700008], [-2.89740696399997, 6.57157440200007], [-2.89749866799991, 6.57171233900004], [-2.89756764199996, 6.57188446000015], [-2.89764806699992, 6.57202226800018], [-2.89779733099994, 6.57214879300011], [-2.89790069599997, 6.57216011200006], [-2.89796978899989, 6.57206823299998], [-2.89799268099995, 6.57184978400011], [-2.89801566099987, 6.57159741000004], [-2.89807303899994, 6.57139054000015], [-2.89812460999991, 6.57129296000005], [-2.89817618099994, 6.57119538000018], [-2.89819928799989, 6.57097693000003], [-2.89816462499994, 6.57077040900009], [-2.89800382599998, 6.57065563800012], [-2.89788900699989, 6.57059821100006], [-2.89776282499992, 6.57059834400013], [-2.8974987119999, 6.57070163900011], [-2.89737231599986, 6.57072467700004], [-2.89724591699996, 6.5706672930001], [-2.89723450399993, 6.57056383800011], [-2.89729193099987, 6.57044927400005], [-2.89749856999993, 6.57038012300012], [-2.89769371799997, 6.57032289900019], [-2.89783152099994, 6.57026537400014], [-2.89788911499988, 6.57011567799998], [-2.89793500099995, 6.56994363900009], [-2.89801536999994, 6.56977146900005], [-2.89819914999987, 6.56970240499999], [-2.89826230299997, 6.56964499200012], [-2.89803875899992, 6.56826718700012], [-2.89792321699997, 6.56755504400007], [-2.8979345969999, 6.56735997400006], [-2.89794599699997, 6.56716447200006], [-2.89787723799998, 6.56698081200017], [-2.89734900099995, 6.56675136300009], [-2.8967287189999, 6.56651003400009], [-2.89662530899994, 6.56641252400004], [-2.89654497199996, 6.56614912400011], [-2.89643507399995, 6.56578880600011], [-2.89631535199987, 6.56539628000013], [-2.89621198899994, 6.56538487400007], [-2.89595932799983, 6.56545385300018], [-2.89578695699987, 6.5655569700001], [-2.89564923899991, 6.56556851300007], [-2.89552300999998, 6.56540780200004], [-2.89551133099997, 6.56501744500014], [-2.89558011299988, 6.56462695699997], [-2.89562599299995, 6.56430526700018], [-2.89567196499996, 6.56407588100006], [-2.89558004499997, 6.56388059800014], [-2.89540788699992, 6.563891926], [-2.89502887499992, 6.56399530700014], [-2.89492564199992, 6.5640182570001], [-2.89471895599996, 6.56400663900018], [-2.89460396499993, 6.56383469200006], [-2.89458088499993, 6.56370820400008], [-2.89470731899996, 6.56354774300007], [-2.89499450299985, 6.563432482], [-2.89512058899987, 6.56317988899997], [-2.89518946299989, 6.56296178300005], [-2.89524705799994, 6.56274354700014], [-2.89541920799991, 6.56251402900011], [-2.89556850199989, 6.56236467400015], [-2.89572933499988, 6.56234133500004], [-2.89585538799992, 6.56237598900009], [-2.89602767799988, 6.56247935200003], [-2.89615424799996, 6.56257117800016], [-2.89629179599996, 6.56266296300004], [-2.89641823499994, 6.56266317300003], [-2.8965444559999, 6.56259432900004], [-2.89660192099996, 6.56242190000006], [-2.89660182999995, 6.56224969100009], [-2.89671672599997, 6.56210046700005], [-2.89670509599989, 6.56193949400011], [-2.89660190499995, 6.56190527000012], [-2.89645247599987, 6.56188206999997], [-2.89634914799984, 6.56165238799997], [-2.89630315899996, 6.56129625900007], [-2.89617683999995, 6.5609750480001], [-2.8959700179999, 6.56071062700016], [-2.89576345899997, 6.56050406700012], [-2.89563139999996, 6.56041226100012], [-2.89549934299987, 6.56032045600011], [-2.89528119999994, 6.56004488200006], [-2.89522376499997, 6.55986100700017], [-2.89522367499995, 6.55970033500006], [-2.89529831999994, 6.55961988900015], [-2.89679683099985, 6.55920651600013], [-2.89703791499988, 6.55932132900011], [-2.8971871679999, 6.55936691800008], [-2.89731343499994, 6.55938986000018], [-2.89739380899994, 6.55936699700015], [-2.89734799799987, 6.55920632600009], [-2.89726744499995, 6.55903390400005], [-2.89721014199995, 6.55888464200012], [-2.89724466399997, 6.55875845300011], [-2.8973824229999, 6.55875844900009], [-2.89752018399992, 6.55883869500013], [-2.8977155529999, 6.55905700700009], [-2.89780721099987, 6.55918340600016], [-2.89785327699997, 6.55934373200012], [-2.89792216599994, 6.55956235000008], [-2.89799096399997, 6.55968849200002], [-2.89825515999996, 6.55967698800015], [-2.89856511099987, 6.55945883000004], [-2.89912779799988, 6.55897640600011], [-2.89948380199996, 6.55853988300009], [-2.89977071799996, 6.55827565999999], [-2.90004649299988, 6.55820693700008], [-2.90012690499987, 6.55811484500015], [-2.90014975599996, 6.5578967400001], [-2.90014974499996, 6.55759812899998], [-2.90022993899993, 6.55739151800003], [-2.90037918699994, 6.55729933700013], [-2.90045960099997, 6.55720758900003], [-2.90052860299988, 6.55702392400002], [-2.90048270699998, 6.5569090620001], [-2.9003218279999, 6.55684009900017], [-2.90014958499995, 6.556759984], [-2.90006920599996, 6.55663354200004], [-2.90004629599986, 6.55647261200005], [-2.90009196699998, 6.55631194000006], [-2.9002069039999, 6.55618544700019], [-2.90031035399994, 6.55622018700001], [-2.9004249969999, 6.55630034600017], [-2.90053985999992, 6.55643836800004], [-2.90064322599994, 6.55658745400012], [-2.90076953899984, 6.55670252900018], [-2.90099933999994, 6.55677140299997], [-2.90121751099997, 6.55669084300007], [-2.90129792499994, 6.55661046100016], [-2.90128646799997, 6.55649546900008], [-2.90114870499985, 6.55634651200012], [-2.90096470499998, 6.55621977400011], [-2.90089603399991, 6.55604765300012], [-2.90078099999988, 6.55586399600014], [-2.90062033599992, 6.55578366600008], [-2.90049394099992, 6.55572628200014], [-2.90041922399996, 6.55560567400011], [-2.90049392999993, 6.55543903600017], [-2.90121745899995, 6.55537016700004], [-2.90169956799997, 6.55535852500014], [-2.90200961399995, 6.55545051500013], [-2.90234277399998, 6.55547336100005], [-2.90254857499997, 6.55555133000018], [-2.9026758089999, 6.55559953400012], [-2.90290540199987, 6.55584079000016], [-2.90304321599984, 6.55615076200007], [-2.90315804399995, 6.55649526200017], [-2.9033649889999, 6.55664447100014], [-2.90368635199997, 6.55659865000018], [-2.90415700199998, 6.5564033010001], [-2.90452463899993, 6.5562884200001], [-2.90478297499982, 6.55621941600003], [-2.90481165799997, 6.55648347600004], [-2.90484615099996, 6.55671324500014], [-2.90492644299997, 6.55681643800006], [-2.90511030499988, 6.55677062100011], [-2.90529390199993, 6.55657532800018], [-2.90544318999991, 6.55642597200011], [-2.90567286099997, 6.55647194000016], [-2.90584527899995, 6.55659803200012], [-2.90594863899997, 6.556540982], [-2.90598289299987, 6.55626531700005], [-2.90615512199992, 6.55605852900015], [-2.90636171599988, 6.55604706600019], [-2.90676370299991, 6.55590915000016], [-2.90686126599991, 6.55573682800008], [-2.90695882799997, 6.55556450700016], [-2.90705067699997, 6.55521991100005], [-2.90711966899988, 6.55488694100001], [-2.90717695299992, 6.5545998230001], [-2.90717697799994, 6.55424386700014], [-2.90715397699995, 6.55399132300016], [-2.90708500399995, 6.55381903100016], [-2.90685533099997, 6.55370418000012], [-2.90663706799984, 6.55361236000016], [-2.90654536399995, 6.55340588500007], [-2.90651069499995, 6.55313013700015], [-2.90645321999989, 6.55304967500007], [-2.90639574599993, 6.55296921400009], [-2.90628101099998, 6.55278555700005], [-2.90621203999984, 6.55262480400017], [-2.90623497899998, 6.55249866000003], [-2.90644177699994, 6.55231464299999], [-2.90659111099995, 6.55224571000008], [-2.90674026699992, 6.55206208500005], [-2.9068205879999, 6.55187837600005], [-2.9068665989999, 6.55172889700003], [-2.90696978299991, 6.55162569600009], [-2.90715355899994, 6.55162551500018], [-2.90744078199998, 6.55165989900019], [-2.90771620799995, 6.55163680900006], [-2.9080493649999, 6.5516598260001], [-2.90838212899996, 6.55156797900003], [-2.90854296199996, 6.55162540200007], [-2.90866922599992, 6.55164834300012], [-2.90881851499995, 6.5515678700001], [-2.90887614999991, 6.55142988400007], [-2.90893327099991, 6.55131532000019], [-2.90910563699981, 6.55128091100011], [-2.90938115299997, 6.55136114699997], [-2.91002423299994, 6.55165955000007], [-2.91025411499987, 6.55168261300014], [-2.91034012599988, 6.55165972600008], [-2.91176961299993, 6.5510450110001], [-2.91201056599982, 6.55010314500015], [-2.91212534899989, 6.55000541000015], [-2.91233219299994, 6.54991369700014], [-2.91252737399986, 6.54987920100012], [-2.91269956899981, 6.549879234], [-2.91283737399993, 6.54995981900004], [-2.9129294199999, 6.55010911800002], [-2.91299831499992, 6.55040746500015], [-2.91303281999996, 6.55078653700002], [-2.91314769499985, 6.55114222700018], [-2.91352670299995, 6.55125719600017], [-2.91373321099996, 6.5513032500001], [-2.91397454299994, 6.55129182500013], [-2.91419258599996, 6.55132595200018], [-2.91434767299984, 6.55138916500016], [-2.91450275999995, 6.55145237700009], [-2.91476675899997, 6.55183126200006], [-2.91497366999994, 6.55211823400003], [-2.91519188899997, 6.55219868300003], [-2.91532951399989, 6.55216423300016], [-2.91558207499992, 6.55207234400012], [-2.91570268699996, 6.55191147100004], [-2.91582329799996, 6.55175059900006], [-2.91598384599996, 6.55137181700013], [-2.91609876599995, 6.5510844800001], [-2.91628240099993, 6.55091243100014], [-2.91643164799996, 6.55088930300019], [-2.91658107599989, 6.55098103600005], [-2.91674165699993, 6.55111887900017], [-2.91686801399993, 6.551233948], [-2.9169828279999, 6.55129137200015], [-2.91716660099991, 6.551290843], [-2.91724692399993, 6.55118789900001], [-2.91728152399992, 6.55101555900018], [-2.91728149699992, 6.55064789500011], [-2.9172929369999, 6.55046445000011], [-2.91745361799997, 6.55018882000007], [-2.91776368699993, 6.55007346200011], [-2.91800470099997, 6.54984384900001], [-2.91818831799998, 6.54944207500017], [-2.91828020399987, 6.5491203840001], [-2.91831466799988, 6.54884506400009], [-2.91826870999989, 6.54848894100019], [-2.91822249599988, 6.54815606699998], [-2.91833750799998, 6.54797205300008], [-2.91838330299987, 6.54783445600015], [-2.91836026399994, 6.54771951000004], [-2.91830300399988, 6.54766186600006], [-2.91810777299997, 6.54754723200017], [-2.91801593899993, 6.54737503100006], [-2.91796994999987, 6.54716838400009], [-2.91787803499989, 6.54705352800016], [-2.91772856299997, 6.54693871800009], [-2.91768279299993, 6.54678941599997], [-2.91816889599988, 6.54654045400002], [-2.9183912769999, 6.54642655900005], [-2.91870528899994, 6.54626573600018], [-2.91915375499997, 6.54603604800019], [-2.91961171399993, 6.54580149900005], [-2.91978393299996, 6.54558317000004], [-2.91984126499989, 6.54544552900006], [-2.91985261599996, 6.54525037400003], [-2.92001334899993, 6.54513541400007], [-2.92017429499992, 6.54499755000006], [-2.92031199599995, 6.54484823600012], [-2.92038098699987, 6.54465286100003], [-2.92040365099996, 6.5443198960001], [-2.92039227299995, 6.54414756000006], [-2.92059887799996, 6.54378031100015], [-2.92080557999992, 6.54358492700015], [-2.92098355299993, 6.54347567000008], [-2.92114586399993, 6.54334669800005], [-2.92124285899996, 6.5432696260001], [-2.92144870099992, 6.54338959600005], [-2.92157495799989, 6.5433436510001], [-2.92168980299988, 6.54325177000004], [-2.92168961299996, 6.54310355600001], [-2.92168937199995, 6.54291482800005], [-2.92237847999996, 6.54236726100009], [-2.92248189399987, 6.54225234700004], [-2.92256211499995, 6.54197685300016], [-2.92257354099991, 6.54164376000006], [-2.92264234599992, 6.54126481200012], [-2.92279179399998, 6.54108101200018], [-2.92303272399988, 6.54097762700007], [-2.92317068499995, 6.5408858290001], [-2.92319344399988, 6.54071353500007], [-2.92315894599994, 6.5404839410001], [-2.92290626699992, 6.54003613400005], [-2.92252741199991, 6.53953077400018], [-2.92232068499987, 6.53935849500004], [-2.92201051799998, 6.53922088200011], [-2.92183836699985, 6.53916333300003], [-2.92172346799993, 6.53908317900016], [-2.92164317599998, 6.53897947200005], [-2.92161991799998, 6.5388073530001], [-2.92166592499996, 6.53862954400006], [-2.92182666299993, 6.53862367800008], [-2.92198740599991, 6.53865836700004], [-2.92211366599997, 6.53868130500013], [-2.92219420899988, 6.53870407300008], [-2.92225162499994, 6.53858933500015], [-2.92223999599997, 6.53849724899999], [-2.9220677859999, 6.53821032000019], [-2.92167726499991, 6.53767056200007], [-2.92145908099991, 6.53738346400013], [-2.92135570899995, 6.53715378800013], [-2.92128668499993, 6.53688954000012], [-2.92121784399995, 6.53676340300007], [-2.92106863899994, 6.53671747700002], [-2.92079300999995, 6.53675210900002], [-2.92063232199996, 6.53687826099997], [-2.92048299599998, 6.53695873599997], [-2.92031071999992, 6.53693580100014], [-2.92019594799996, 6.53682103100004], [-2.9201728999999, 6.53655695200013], [-2.92019578599991, 6.53633850599999], [-2.92021866999994, 6.53605169200006], [-2.92032201199987, 6.53584482100013], [-2.92049440999995, 6.53575306400006], [-2.92062070299988, 6.53563823600018], [-2.92066649099996, 6.53544260600012], [-2.9206892819999, 6.53506366200003], [-2.92072377299991, 6.53457015400005], [-2.92078111699993, 6.53399596599996], [-2.92089572799995, 6.53363974700011], [-2.92160870299995, 6.53406341600004], [-2.92180973099988, 6.53418287199997], [-2.92211319099994, 6.53436319600019], [-2.92269871999997, 6.53438627400016], [-2.92285945299994, 6.53435139099997], [-2.92299720499989, 6.53435155300002], [-2.92310064399993, 6.53430569600005], [-2.92313498899995, 6.53421377800009], [-2.92302012999994, 6.53407593300011], [-2.92288237399981, 6.53400688800002], [-2.92282494199992, 6.533892245], [-2.92280185999988, 6.53376593200016], [-2.92285936399986, 6.53367427100011], [-2.92297429999996, 6.53368554200006], [-2.92311192399995, 6.53373134000014], [-2.92362881199995, 6.53403004000012], [-2.92382390599983, 6.53411023200005], [-2.92406509799997, 6.53411034400006], [-2.92414792999989, 6.53379099700015], [-2.92408798499991, 6.53363116999998], [-2.92397791699995, 6.53333770900014], [-2.92379491599991, 6.53171588100008], [-2.9237317809999, 6.53162976000016], [-2.92350189999991, 6.531457569], [-2.92337580099996, 6.53126207800011], [-2.9233527209999, 6.53113611000015], [-2.92332980799995, 6.53097518400017], [-2.92330672199995, 6.53077998900011], [-2.92320339899982, 6.53063073400006], [-2.92305410799997, 6.53056190400008], [-2.92288170399985, 6.53050470100004], [-2.92272104699987, 6.53042420500014], [-2.92267510599987, 6.53029763500012], [-2.92268667799988, 6.53014863000016], [-2.92275531799987, 6.52987283699997], [-2.92287024799998, 6.52981539700005], [-2.92298208599988, 6.52968900000013], [-2.92236500599989, 6.52910369600005], [-2.92233032899998, 6.52874753000003], [-2.92230740899993, 6.5284488370001], [-2.92212369299983, 6.52787488000013], [-2.9220086169999, 6.52767969100006], [-2.92185958499994, 6.52761085900005], [-2.92166428299993, 6.52762228100011], [-2.92143471999992, 6.527668275], [-2.9212336359999, 6.52778889800015], [-2.92110172199983, 6.52784037500004], [-2.92094094599992, 6.52786371900004], [-2.92081460099996, 6.52782907000011], [-2.92066526799994, 6.52774870200017], [-2.92057356999993, 6.52761094000016], [-2.92045845599989, 6.52748463400019], [-2.92019439299997, 6.52723197800009], [-2.92009111999988, 6.52716314300017], [-2.92006808199994, 6.52704802400012], [-2.92012567599988, 6.52697961000013], [-2.9203092169999, 6.52685285500007], [-2.92045285699987, 6.52673796100015], [-2.92045846399998, 6.52656026400007], [-2.92042404399996, 6.52647424800006], [-2.92036648499993, 6.5264048950001], [-2.92025176599992, 6.52638225600009], [-2.92013696199996, 6.52640525300012], [-2.92003347999997, 6.52642820600016], [-2.91996477999982, 6.52647393100011], [-2.9198842479999, 6.52660046600005], [-2.91983832199992, 6.52669208400016], [-2.91979244099986, 6.52679558300008], [-2.91970641699993, 6.52685317100008], [-2.91959744699989, 6.5268875970001], [-2.91952839799995, 6.52684188000012], [-2.91948250299987, 6.52672684700008], [-2.91945954799985, 6.52655438300002], [-2.91947081799998, 6.52640537900015], [-2.91951691399987, 6.52627897499997], [-2.91959714499995, 6.52615278500002], [-2.91960875999985, 6.52601497400008], [-2.9195742309999, 6.52592297500019], [-2.91951680099987, 6.52581969700003], [-2.91945923899982, 6.52568180500015], [-2.91944782599995, 6.52557835200003], [-2.91944782199994, 6.52549810200014], [-2.91950528299998, 6.52539490300001], [-2.9196200859999, 6.52537173400015], [-2.91979244199996, 6.52534886300015], [-2.91990698799992, 6.52533740500007], [-2.91998173299987, 6.52524533399998], [-2.91996439499997, 6.52507284700005], [-2.91989555699996, 6.52493534300004], [-2.91986119799986, 6.52480872900003], [-2.91987255099991, 6.52461374600017], [-2.91994135499993, 6.52415437700006], [-2.91998718899987, 6.52397062800003], [-2.92007903799993, 6.52377533900017], [-2.92018238799994, 6.52371777300016], [-2.92037773199996, 6.52371789000011], [-2.9205499169999, 6.52371775100016], [-2.92069906899991, 6.52367171999998], [-2.92080250399994, 6.52356868999999], [-2.92088277699992, 6.52344215600004], [-2.92094032199998, 6.52329314900004], [-2.92111404699995, 6.52319750100014], [-2.92123025699988, 6.52319220500004], [-2.92174226599997, 6.52316886800014], [-2.9217995539999, 6.5230081410001], [-2.92184658199989, 6.52287619900017], [-2.92188294699997, 6.52277417300007], [-2.92208836499992, 6.52266107700012], [-2.92229511299996, 6.52261517000017], [-2.92271419699995, 6.52273584], [-2.92283483499995, 6.52276465500017], [-2.92307597499985, 6.52271844500007], [-2.92333980299998, 6.52269539700012], [-2.92364999799997, 6.52276430200004], [-2.92377638899995, 6.52289056400002], [-2.92389124899995, 6.5230972920001], [-2.92404041099996, 6.52320056400009], [-2.92427014799995, 6.52320054900002], [-2.92452269299997, 6.52310866000016], [-2.9247064459999, 6.52295934300014], [-2.9246257989999, 6.52131730700017], [-2.92393466899995, 6.51986782200004], [-2.92381017099984, 6.51939944000003], [-2.92371828599994, 6.51899751300004], [-2.92368369099995, 6.51851546400007], [-2.92372960099993, 6.51820531400017], [-2.92394785899995, 6.51779170100014], [-2.92434963399995, 6.51759643500014], [-2.92496972899994, 6.51729752900007], [-2.92519919599994, 6.51714855500001], [-2.92539439199993, 6.51690723700011], [-2.92544039799998, 6.51675792900005], [-2.9254631149999, 6.51657444200004], [-2.92552070399995, 6.5165053390001], [-2.92561234599998, 6.51648225800005], [-2.92576185199994, 6.51659723900008], [-2.92591117999996, 6.51667743500013], [-2.92603726399989, 6.51672344900004], [-2.92615215299998, 6.51672335500018], [-2.92622093299991, 6.51663147800014], [-2.92624965199997, 6.51642333800015], [-2.92614338599998, 6.51612149400006], [-2.92586776499991, 6.51620139200008], [-2.92563131099996, 6.51621543599998], [-2.92528914299993, 6.51607218700013], [-2.92503251799997, 6.51570738200007], [-2.92503734499996, 6.5155080720001], [-2.92518753799993, 6.51525362700011], [-2.92526776599993, 6.5151272650001], [-2.92523336599993, 6.51498963000017], [-2.92513009399988, 6.51492045200013], [-2.92481363799993, 6.51489553800002], [-2.92445264799989, 6.51492096800018], [-2.92429182199982, 6.51479449200002], [-2.9241998249999, 6.51465655900006], [-2.92413089599989, 6.51441573100004], [-2.92410811199989, 6.51422018900018], [-2.92419987199992, 6.51401336300012], [-2.92439423299993, 6.51393133600004], [-2.92453739099994, 6.51387091800018], [-2.92451661999985, 6.51379387600002], [-2.92445709399988, 6.51357308200005], [-2.92440109699987, 6.51336538400011], [-2.92408494099993, 6.513278818], [-2.92403878499994, 6.51309490400007], [-2.92405026699981, 6.51292265200004], [-2.9240159979999, 6.51281945800002], [-2.92392416799993, 6.51257820100005], [-2.92379769599995, 6.51250911000011], [-2.92370578299989, 6.51231383200013], [-2.92380560399988, 6.51203635900015], [-2.92353841399989, 6.51178165500005], [-2.92377436599998, 6.51163620300008], [-2.92394117999993, 6.51165949300008], [-2.92403870099992, 6.51169382100005], [-2.92418794199983, 6.51175128700004], [-2.92446368399993, 6.51167102100015], [-2.92470451299994, 6.51154439200008], [-2.92496866699986, 6.51131469400008], [-2.92519838799996, 6.51115366500017], [-2.92530164799996, 6.51107336700005], [-2.92542785799992, 6.51108511400008], [-2.92555437199991, 6.51117693400005], [-2.92588721499993, 6.51147547900013], [-2.92608818399992, 6.51169358900006], [-2.92628915399996, 6.51191169800006], [-2.92641561999994, 6.51191173300015], [-2.92659912299996, 6.51192326000012], [-2.92684029599991, 6.51180816600004], [-2.92704702999987, 6.511624493], [-2.92716164899986, 6.51148646200005], [-2.92727661999993, 6.51142936700006], [-2.92743721999983, 6.51142927100005], [-2.92754057599996, 6.51152083600005], [-2.92767850099989, 6.51163586000018], [-2.92782782899991, 6.51171622800007], [-2.92798860399995, 6.51175057200004], [-2.92822965799985, 6.51175085800008], [-2.92839051999994, 6.51181929900014], [-2.92848217099987, 6.51194569400002], [-2.92863167899998, 6.51214075100012], [-2.92873490999989, 6.51226710100008], [-2.92889555999994, 6.51234759700014], [-2.92902210499994, 6.51222140200014], [-2.92914972299997, 6.51200994100009], [-2.92913295699998, 6.51189170399999], [-2.92905915899991, 6.51137127300001], [-2.92904170099996, 6.51124816100014], [-2.92891899599994, 6.51112039200012], [-2.92876457899996, 6.51093382900007], [-2.92868474299991, 6.5106713080001], [-2.92865741199989, 6.51039544600019], [-2.92878056799987, 6.51018304600001], [-2.92888390299987, 6.50993622200002], [-2.92914795099989, 6.50946543300006], [-2.92925102899989, 6.50926992900008], [-2.92933137299997, 6.50894862800004], [-2.92936574299995, 6.50864971700008], [-2.92960690599995, 6.50838566400017], [-2.92987106499993, 6.50830535300003], [-2.93013522599995, 6.50822504400003], [-2.93043364999994, 6.50816742000006], [-2.93065165699994, 6.50798353100004], [-2.93073216899995, 6.50763880900013], [-2.93077807099985, 6.50724858400008], [-2.93080081899996, 6.50692698699999], [-2.93075487299996, 6.50666316900003], [-2.93065159299994, 6.50644468800016], [-2.93047922999989, 6.50626108400007], [-2.9304791269999, 6.50600845700006], [-2.93054793899989, 6.50577864200011], [-2.93061696599995, 6.50553763300019], [-2.93062843699988, 6.5052159060001], [-2.93054784099996, 6.5049634130001], [-2.93034340099996, 6.50460685700006], [-2.93013007199988, 6.50379291300004], [-2.93015489599998, 6.50341172300011], [-2.93012189799992, 6.5033033680001], [-2.93005386599998, 6.50307997400012], [-2.92988964499995, 6.50277496600012], [-2.92987557399994, 6.50251918300017], [-2.92948080999997, 6.50236299300002], [-2.92917743599992, 6.50145217000011], [-2.92885571699998, 6.50132596300006], [-2.92862593599995, 6.50116479200011], [-2.92863737399983, 6.50099254100013], [-2.9287179019999, 6.50086600600008], [-2.92877554399996, 6.50063046500003], [-2.92883318599996, 6.50039492399998], [-2.92906301499994, 6.49998126700012], [-2.92924692699989, 6.49974016400017], [-2.92962638099993, 6.49940687400016], [-2.92978730399994, 6.49913124500017], [-2.92982755999998, 6.49895879799999], [-2.92986781599996, 6.49878635200014], [-2.92964977799994, 6.49846481100008], [-2.92938543399993, 6.49828069500012], [-2.92901819199989, 6.49776323400005], [-2.92869638499991, 6.4976020690001], [-2.92844365599996, 6.49729168100004], [-2.92786942299995, 6.49682064200005], [-2.92774304199997, 6.49676291600002], [-2.92729495299994, 6.49671674900003], [-2.92696171299991, 6.49681996400017], [-2.92669735299989, 6.49706120000002], [-2.92618032399992, 6.49692884500018], [-2.92567872399997, 6.49675256800009], [-2.92537073499989, 6.49664433200019], [-2.92527337499985, 6.49604229800013], [-2.92539355199995, 6.49517713800009], [-2.92560684499989, 6.49492325700015], [-2.92603180899988, 6.494819694], [-2.92619275099997, 6.49483148000013], [-2.92654902899994, 6.49493482800011], [-2.92679021299995, 6.49510749600006], [-2.92697384099995, 6.49515363700004], [-2.92733032399997, 6.49508477500018], [-2.92757728099997, 6.49497568900006], [-2.92782423699987, 6.4948666030001], [-2.92808868399982, 6.49463690400017], [-2.92890459699993, 6.49426957900005], [-2.92921521699992, 6.4938674980001], [-2.92945633499983, 6.49367215600012], [-2.92972091599995, 6.49355732000004], [-2.92987023499995, 6.4935691500001], [-2.93036428099981, 6.49345430000005], [-2.9307895739999, 6.4931500240001], [-2.93121486699994, 6.49284574900003], [-2.93170922299987, 6.49223683400004], [-2.93184691399989, 6.492156405], [-2.93238717799994, 6.49194959100015], [-2.93306506699997, 6.49193839399999], [-2.93335238599997, 6.49200755800007], [-2.93370834899991, 6.49195040500001], [-2.93382342499996, 6.49163999300009], [-2.93358241199996, 6.49143306000013], [-2.93358240099997, 6.49128341199997], [-2.9337202129999, 6.49108846400003], [-2.93393873999997, 6.49103114600007], [-2.93475445599995, 6.49111172500011], [-2.93496118899992, 6.49107735600018], [-2.93512224899985, 6.49097393300008], [-2.93529462199996, 6.49074441199997], [-2.93539836299993, 6.49027303000008], [-2.93532954599993, 6.48979025200009], [-2.93522601799998, 6.48965236600003], [-2.93469759999988, 6.48935319400016], [-2.93464029899991, 6.48920393600008], [-2.93464033399994, 6.4890661710001], [-2.9348588389999, 6.48872144000012], [-2.93524965199992, 6.48848023700015], [-2.93570925599994, 6.48836551400018], [-2.93616889299994, 6.48811862300005], [-2.93662852999995, 6.48787173100004], [-2.93707684999993, 6.48768799500016], [-2.93729510699995, 6.48749291200005], [-2.93769523499992, 6.48690427500014], [-2.93795023499996, 6.48714823500006], [-2.93811110799987, 6.48743572100005], [-2.93831761999991, 6.48790695000002], [-2.93846663499988, 6.48848172200019], [-2.93871932599984, 6.48886098700001], [-2.93898339799995, 6.48948147100003], [-2.93914421199997, 6.48953940500019], [-2.93928214199997, 6.48980355900005], [-2.93944283499991, 6.48997601200017], [-2.93986790699984, 6.49026334700005], [-2.94083270499982, 6.49065452200017], [-2.94128072199993, 6.49096501600013], [-2.94161361199997, 6.49142490900005], [-2.94231441499994, 6.49213791199998], [-2.9431644469999, 6.49283914700004], [-2.9436238639999, 6.49303456000013], [-2.94431318099993, 6.49330503300018], [-2.94501495999998, 6.49353794400002], [-2.9451288539999, 6.49357574400011], [-2.94533556899995, 6.49364435000012], [-2.94604586499986, 6.4938800860001], [-2.94655282899987, 6.49404833800014], [-2.94721857199988, 6.49426928600013], [-2.94914966099998, 6.49491017200006], [-2.95151181099993, 6.49547572900002], [-2.95306608399994, 6.49653792000009], [-2.95774011799995, 6.49973209100011], [-2.95822308499993, 6.50006213900008], [-2.95882648299994, 6.50037252700002], [-2.95941267199987, 6.5005794870001], [-2.9606884129999, 6.50108564700002], [-2.96090664399992, 6.5010972], [-2.96109071699988, 6.50125784199997], [-2.96190651399996, 6.50156826300002], [-2.96312500999989, 6.50207446600007], [-2.96356861299984, 6.50230541500008], [-2.96938931799997, 6.50502469600008], [-2.96954095599989, 6.50507272800013], [-2.96991941299996, 6.5049228150001], [-2.97021538799993, 6.50484739399997], [-2.97120549299996, 6.50517352400016], [-2.97153869499988, 6.50535105900002], [-2.97240222299985, 6.50547722700014], [-2.97496125099991, 6.50585111200007], [-2.97679110499996, 6.50617088100017], [-2.97692381199994, 6.50616206400002], [-2.97971066299988, 6.50597690600017], [-2.98166334999996, 6.50584716100019], [-2.98261245599997, 6.50595825200008], [-2.98491757899995, 6.50622805199998], [-2.9856009799999, 6.50643367300006], [-2.98633828199996, 6.50665551000003], [-2.98675529099995, 6.50675243400002], [-2.98687814799996, 6.5067809900001], [-2.98753254699994, 6.50688346000004], [-2.98823285699996, 6.50689379400018], [-2.98878380499997, 6.50689300400012], [-2.98980566099988, 6.50699488600003], [-2.99212477399993, 6.50739013200007], [-2.99404120199995, 6.50771673900016], [-2.99525437599988, 6.50796270200016], [-2.99570803499995, 6.50812278000012], [-2.99683529899994, 6.50843345300012], [-2.99751776799991, 6.50862154000015], [-2.99802786599997, 6.50876212100013], [-2.99838419999986, 6.50882777700008], [-2.99878538999991, 6.50862325900005], [-2.99934747599997, 6.50836979600012], [-2.99957620999987, 6.50821856100009], [-3.00176542799994, 6.50559389200009], [-3.00265210699985, 6.50444137400012], [-3.00308714899995, 6.50387589800005], [-3.00458681999987, 6.50384190500017], [-3.00488469599992, 6.50394761500007], [-3.00625288999987, 6.50443315800015], [-3.00656847099998, 6.5044850810001], [-3.00828913299995, 6.5047846600001], [-3.01046282699997, 6.50429730100001], [-3.01124256999998, 6.50382676300018], [-3.01282106899993, 6.50253009000011], [-3.01346133099997, 6.50332793100011], [-3.01453408699984, 6.50391566900009], [-3.01750316599993, 6.5047930660001], [-3.0182041889999, 6.50551479300003], [-3.01728685699987, 6.50865031200004], [-3.01711867099982, 6.51032233199999], [-3.01705824999988, 6.51058991900004], [-3.01713713599992, 6.5108889710001], [-3.01746439099998, 6.51192447100016], [-3.0179400639999, 6.51314414600006], [-3.01849733299991, 6.514111738], [-3.01902037899987, 6.51505639300012], [-3.01939426999996, 6.51596548100002], [-3.01987035999986, 6.51708217500004], [-3.02022312699989, 6.51767544900008], [-3.02057589399988, 6.51826872200007], [-3.02146596499989, 6.51929558900002], [-3.02236797899991, 6.52021908800015], [-3.02337318299993, 6.52117764100012], [-3.02422932499991, 6.52212404800002], [-3.02506365999994, 6.52279485200012], [-3.02549733499995, 6.52329058900017], [-3.02621701499987, 6.52400662100007], [-3.02720055599991, 6.52471229200012], [-3.02825113599988, 6.5257861930001], [-3.02901596899994, 6.52662877500018], [-3.02959806099994, 6.52725185100019], [-3.02956215499989, 6.52753302000008], [-3.02932157899988, 6.52783489000001], [-3.02901482899983, 6.52855892900016], [-3.02763937699996, 6.52994567100018], [-3.02658456799992, 6.53120263600016], [-3.02469949399989, 6.53365142100017], [-3.02614798499997, 6.53444862000015], [-3.02704867999995, 6.5347983260001], [-3.03065276899997, 6.53651833200013], [-3.03194068799996, 6.53731615800007], [-3.03297037699991, 6.53779381200019], [-3.03557678999994, 6.53900386800012], [-3.03705768299994, 6.53986513600012], [-3.03719928599998, 6.53517492000003], [-3.03723325299984, 6.53170693100003], [-3.03731012799989, 6.52697965800013], [-3.03735367899992, 6.5204437860001], [-3.03743555799997, 6.50816637300005], [-3.03920817099993, 6.50888645900011], [-3.04114097399997, 6.51094603600012], [-3.04353058399994, 6.51198792600013], [-3.04421927399994, 6.51199202700008], [-3.04530919999996, 6.51210195400017], [-3.04588141499994, 6.51239254000006], [-3.04614306199994, 6.51278443000018], [-3.04659917799995, 6.51331535400004], [-3.04722835499996, 6.51365220000002], [-3.04798502699992, 6.51385163400016], [-3.04871902799982, 6.51394818500006], [-3.04931426699994, 6.51421577100018], [-3.04983974499993, 6.51465531900016], [-3.05120061499997, 6.51554744300006], [-3.05298164499982, 6.51714281799997], [-3.05381846399996, 6.51733106700004], [-3.05442500599997, 6.51765645600005], [-3.05491458699987, 6.51834823400009], [-3.05540358499991, 6.51909735400005], [-3.05589345199996, 6.51973178800017], [-3.05639636699993, 6.52011373200014], [-3.05677290999989, 6.52050652100002], [-3.05885500699986, 6.52167859000014], [-3.05916117099997, 6.52231187400014], [-3.05942148599991, 6.52292175500003], [-3.05979738299993, 6.52342922500009], [-3.06290257199993, 6.52438925100012], [-3.06457687199998, 6.52660351900005], [-3.06517005899985, 6.52722718300009], [-3.06585486199992, 6.5278971350001], [-3.06642536099997, 6.52849764300009], [-3.06897539799985, 6.53016605900007], [-3.06971148499991, 6.5299062950001], [-3.06996654599988, 6.52949474000008], [-3.07039512599988, 6.5288772180001], [-3.07089162299997, 6.52836359300017], [-3.07162784699995, 6.52813809500014], [-3.07428317099988, 6.52792003600013], [-3.07592695199992, 6.52898257800013], [-3.07669640799998, 6.52710060900012], [-3.07712471999992, 6.5264830860001], [-3.07761041599997, 6.52588908800016], [-3.07824392499987, 6.52553692700008], [-3.08075938499991, 6.52546957200008], [-3.08203883599998, 6.524411493], [-3.08191283599996, 6.52244730900003], [-3.08182434699989, 6.52189580100008], [-3.08173548799994, 6.52139009700016], [-3.08194625399994, 6.52066791700008], [-3.08239383599994, 6.51878780600003], [-3.09134560799987, 6.50547005100009], [-3.10088896699995, 6.49192078700008], [-3.11012635399993, 6.47880529900004], [-3.11751701199995, 6.46831140100005], [-3.11998019299989, 6.46481387300008], [-3.11891156099995, 6.46413721500005], [-3.11884592299992, 6.46404193200004], [-3.11807755599995, 6.46292653300003], [-3.11753634099995, 6.46193579900012], [-3.11744550999987, 6.46180073700015], [-3.11626082799984, 6.46031833500007], [-3.11615713699996, 6.46006349200019], [-3.1157870909999, 6.45915401700017], [-3.11564265799996, 6.4585993610001], [-3.11549569599993, 6.45803046000003], [-3.11533073399988, 6.45692402900005], [-3.11530560899996, 6.45675550700014], [-3.11495397099998, 6.4557092010001], [-3.11492627199982, 6.45557242500013], [-3.1147515159999, 6.45470945500017], [-3.11461810399987, 6.45362969900015], [-3.11464463999994, 6.45272284599997], [-3.11470364699994, 6.45230401100008], [-3.11476425199993, 6.4518630500001], [-3.11499346799997, 6.45099264100008], [-3.11494416899995, 6.45033298800013], [-3.11487235899989, 6.44985974200006], [-3.11483703599987, 6.44882740600008], [-3.11459233799997, 6.44783475400004], [-3.11438650899993, 6.44685746500011], [-3.11421310499998, 6.44621385300013], [-3.11405432399988, 6.44535281500009], [-3.11401874999996, 6.44425837500017], [-3.11395725599994, 6.44373040200009], [-3.11390161399993, 6.44329396200004], [-3.11362967399998, 6.44240883500004], [-3.11324317499998, 6.44152297400007], [-3.11248981399984, 6.44042925100007], [-3.11186234699989, 6.43948532500013], [-3.11117732399987, 6.43859845800017], [-3.11088817199993, 6.43634587400015], [-3.09868367099989, 6.42575390200005], [-3.09266794699988, 6.42053268800004], [-3.09272893799994, 6.41702956400007], [-3.09432117599988, 6.41432742300009], [-3.09448478599984, 6.41401283500016], [-3.09466959799994, 6.41370928300006], [-3.09491369799997, 6.41298697899998], [-3.0948721819999, 6.4118617100001], [-3.09476099999995, 6.41100017700012], [-3.09491281699991, 6.41034626600009], [-3.09500618099997, 6.40997360799997], [-3.09662501399993, 6.40717366900003], [-3.09697718699994, 6.40656454399999], [-3.09707883199997, 6.39849981100002], [-3.09703145699996, 6.397270736], [-3.09697611799993, 6.39583496700016], [-3.09693494099997, 6.39476662700002], [-3.09689672699983, 6.39377515100006], [-3.09744068599997, 6.39283473800015], [-3.09813144099985, 6.39164053600012], [-3.09919897699996, 6.38640203800009], [-3.09952789599993, 6.38453191400009], [-3.09911844499987, 6.38196244100004], [-3.09820362799996, 6.37622140000013], [-3.09796388199993, 6.37510284600012], [-3.09745115399994, 6.37375986500012], [-3.09656382999998, 6.37210406200012], [-3.09619526299997, 6.37141628700016], [-3.0952811549999, 6.3699295130001], [-3.09436704699993, 6.36844273900016], [-3.09408349099994, 6.36724337300006], [-3.09325813699996, 6.36260222000016], [-3.09280554799989, 6.36005713900016], [-3.09267100599993, 6.35913269300005], [-3.09227112699989, 6.35844623500014], [-3.09215931599988, 6.35741836000005], [-3.0917021969999, 6.35667496500014], [-3.09170525899998, 6.35559014700004], [-3.09136647499992, 6.35359082500003], [-3.09165735799991, 6.35204991300009], [-3.09165963999993, 6.3512509360001], [-3.09166306099996, 6.3500516090001], [-3.09160852799988, 6.34902384600008], [-3.09346534699995, 6.35024136300018], [-3.09481736799989, 6.35184210900007], [-3.09601510799996, 6.35326017900019], [-3.09659957699995, 6.35371805500006], [-3.09733170299995, 6.35429160600017], [-3.09790330999988, 6.35514903600006], [-3.09906630899991, 6.35654533000013], [-3.10104853299987, 6.35892515000006], [-3.10344754299996, 6.35938888400005], [-3.10718435899997, 6.36011119100004], [-3.10953661399992, 6.36011709499996], [-3.11165863799988, 6.36037928500002], [-3.11286264899996, 6.36066777500008], [-3.11532798499991, 6.3612446840001], [-3.11745024299995, 6.36136444800007], [-3.11888365799996, 6.36165336000016], [-3.11996816199996, 6.36210898000002], [-3.12065985299995, 6.36239957000009], [-3.12254857699998, 6.36405997400016], [-3.12392324599995, 6.36486257400014], [-3.12469705299992, 6.36506420800015], [-3.12490936199993, 6.36511953100018], [-3.12639937299991, 6.36456126000007], [-3.12706336299993, 6.36405740300006], [-3.12755303199998, 6.36368582400013], [-3.12816260999995, 6.36322325400005], [-3.12880438599996, 6.36273625000007], [-3.1299322459999, 6.36232975400003], [-3.13007765299994, 6.36179623600009], [-3.13068713399986, 6.36154611800004], [-3.13116037299994, 6.36084767100004], [-3.13165659499987, 6.36011469100015], [-3.13218807099997, 6.35924450500011], [-3.13278626999988, 6.35886787499999], [-3.13331509499994, 6.35862910800006], [-3.13395831999998, 6.35848233399997], [-3.13470502299992, 6.35832462899998], [-3.13544118099992, 6.35787975800008], [-3.13593661699997, 6.35742262300016], [-3.13940680199994, 6.34963672600014], [-3.13953784499995, 6.34934270900004], [-3.14142718999994, 6.34909061600007], [-3.14307505499994, 6.34864519200016], [-3.1452115969999, 6.34811428000012], [-3.14832208499996, 6.34795511400011], [-3.14860992799987, 6.34773154500016], [-3.14894325099993, 6.34756658600008], [-3.14961051499989, 6.34717863900005], [-3.15035805599985, 6.34676831800016], [-3.15081865199994, 6.34634541400015], [-3.15130235099997, 6.34592241400014], [-3.15155697299991, 6.34537243099999], [-3.15160470599994, 6.34493075000017], [-3.15165243799993, 6.34448907000018], [-3.15167834499994, 6.34369691200004], [-3.15164712699993, 6.34293873900009], [-3.15161547299988, 6.342215522], [-3.15165272899992, 6.3415037260001], [-3.15189660199997, 6.3408158690001], [-3.1564741439999, 6.33616578900012], [-3.15731082399992, 6.33357389100007], [-3.15744736199997, 6.3331509190001], [-3.15920574199987, 6.33127013700005], [-3.16019515299985, 6.3302118470001], [-3.16179180399996, 6.32751629000006], [-3.16221587199988, 6.32680034900005], [-3.16269440099995, 6.3259924620001], [-3.16297334199993, 6.32552153500012], [-3.16337783799992, 6.32485728900008], [-3.16351859199995, 6.32407705499998], [-3.16363743599993, 6.32305585600017], [-3.16376879599994, 6.32252249000004], [-3.16391713899998, 6.32192017400013], [-3.16401258999997, 6.32103647500014], [-3.16399072299993, 6.32074376700007], [-3.16392392599988, 6.32046171100018], [-3.16420835599996, 6.31876663700007], [-3.16520406299986, 6.31283265100006], [-3.16765239399984, 6.31284459000011], [-3.17058498299991, 6.31285887400003], [-3.17202113799993, 6.31286586300018], [-3.17695647399995, 6.31288985200013], [-3.18088012299989, 6.3158630100001], [-3.18575525199992, 6.32596382300017], [-3.18652025199998, 6.34252251100008], [-3.18649721199995, 6.34291339000004], [-3.19022861999997, 6.34871713600006], [-3.19350138699997, 6.36043444200004], [-3.19888284099989, 6.38267996999997], [-3.2090314539999, 6.42463168000006], [-3.21826564899993, 6.46279374600016], [-3.22929247499997, 6.50836420399997], [-3.23664098299992, 6.53873331300002], [-3.23625038099993, 6.54776798300003], [-3.23414581199995, 6.59647321500012], [-3.24359835099995, 6.60080096500008], [-3.24511608199992, 6.60196662200013], [-3.25491173499995, 6.60948994600017], [-3.25496148399992, 6.61037886100013], [-3.25526457499996, 6.61556997600019], [-3.25582337799989, 6.61549203000015], [-3.25896719899987, 6.61710770400003], [-3.26205847299997, 6.61761102200012], [-3.26005351399988, 6.62152911000015], [-3.2600667989999, 6.62168159300006], [-3.26009504199993, 6.62184847000009], [-3.26013884399993, 6.62202405700015], [-3.26019895499991, 6.62220335800015], [-3.26024714199991, 6.62232107700004], [-3.26030391799998, 6.62244856900008], [-3.26036582599994, 6.62258275200008], [-3.26042946799981, 6.62271968300013], [-3.26049151499996, 6.6228562770001], [-3.26054846699998, 6.62298910600015], [-3.2605969469999, 6.62311439700011], [-3.26063358499994, 6.62322941300005], [-3.26066680699989, 6.62340229300014], [-3.26067463999993, 6.62357219000006], [-3.2606613179999, 6.62373788000008], [-3.26063105099996, 6.62389744800015], [-3.26058811499996, 6.62404915299999], [-3.26054283899987, 6.6241783160001], [-3.26049016299993, 6.62431818600015], [-3.26043530399994, 6.62446547000008], [-3.26038334999993, 6.62461721600005], [-3.26033949399994, 6.62477030300016], [-3.26030886699994, 6.62492143700007], [-3.26029447799993, 6.62505596800008], [-3.26028704999993, 6.62520200300003], [-3.26028265299993, 6.62535680400009], [-3.26027748799993, 6.62551746300016], [-3.26026770699991, 6.6256808980001], [-3.26024942399994, 6.62584402700003], [-3.26021883699997, 6.62600428500014], [-3.26018306399993, 6.62613168200011], [-3.26013662899993, 6.62626653100017], [-3.26008190899984, 6.62640623800007], [-3.26002134399988, 6.626548383], [-3.25995729099998, 6.626690027], [-3.25989212599995, 6.62682857700014], [-3.25982829299988, 6.62696195600006], [-3.25976816699989, 6.62708670900014], [-3.25971414799994, 6.62720127600011], [-3.25962977599988, 6.62739449200012], [-3.25956172099995, 6.62758866700011], [-3.25951668099998, 6.62778893400008], [-3.25950145599995, 6.62799974000012], [-3.25952280799993, 6.62822691000008], [-3.25954680899997, 6.62834112200011], [-3.25957932499989, 6.62846769200013], [-3.25961803999991, 6.62860352999996], [-3.25966072799997, 6.62874709800013], [-3.25970524899992, 6.62889599600004], [-3.25974926899994, 6.62904833900012], [-3.25979066799988, 6.62920172700018], [-3.25982710899996, 6.62935358700014], [-3.25985645499992, 6.62950220900018], [-3.25987643399998, 6.6296453650001], [-3.25988479799997, 6.62978048100013], [-3.25987728799987, 6.62994149500008], [-3.2598518719999, 6.63010276300014], [-3.25981114099989, 6.630261346], [-3.25975753499989, 6.63041447700016], [-3.25969358399993, 6.63055956500011], [-3.25962181699987, 6.6306947010001], [-3.25954473399997, 6.63081574400007], [-3.25946484599996, 6.63092096000008], [-3.25938467799995, 6.63100723800011], [-3.25923192499994, 6.63112501000006], [-3.25906380899988, 6.63121513200008], [-3.25888650499996, 6.63129169500007], [-3.25870604299996, 6.63136964900013], [-3.25852849599983, 6.631463602], [-3.25842820199995, 6.63153068900016], [-3.25832215599996, 6.63161071400009], [-3.25821251999997, 6.63170125900007], [-3.25810149699993, 6.63179938600007], [-3.25799131699995, 6.63190267400012], [-3.25788411499997, 6.63200784100019], [-3.25778213899997, 6.632112124], [-3.25768750799995, 6.63221310300014], [-3.25760244999992, 6.63230801200007], [-3.25748690999995, 6.63244455400019], [-3.25738041699987, 6.63258243100012], [-3.25728543899993, 6.63272059900004], [-3.25720442899996, 6.63285853300005], [-3.25713978699991, 6.63299398200019], [-3.25709407499988, 6.63312727800019], [-3.25706584799997, 6.63326703700011], [-3.25705063299995, 6.63341861700002], [-3.2570458859999, 6.63357686400008], [-3.25704925199989, 6.63373473000019], [-3.25705827199994, 6.63388637200012], [-3.25707046499997, 6.634025947], [-3.25708725199996, 6.63418650600005], [-3.25710276699988, 6.63435120400004], [-3.25711149699993, 6.63451954700002], [-3.25710794999998, 6.63469087400006], [-3.25708665399998, 6.63486365900008], [-3.2564041149999, 6.63678578600019], [-3.25637909699998, 6.63697787100017], [-3.25637287799998, 6.63719569600016], [-3.25637932199982, 6.63732031800004], [-3.25639130099989, 6.63746006700012], [-3.25640670899986, 6.63761081900014], [-3.25642368999991, 6.63776655700008], [-3.25644024299987, 6.63792298400011], [-3.25645438699996, 6.63807477500018], [-3.2564643099999, 6.63821677200013], [-3.25646785899994, 6.63834399000018], [-3.25645810399993, 6.63852705200003], [-3.25643397299996, 6.63869657900011], [-3.25640226499985, 6.63885184900016], [-3.25636969199991, 6.63899180100003], [-3.25634309299994, 6.63911571300014], [-3.25632149199993, 6.6392642240001], [-3.25630399099987, 6.63941495300003], [-3.25628156099998, 6.6395608840001], [-3.25624508499988, 6.63969465500008], [-3.25618409799989, 6.63982440500018], [-3.25610576599991, 6.63995974400007], [-3.25602741099993, 6.64009508300018], [-3.25596644499996, 6.64022483400015], [-3.25593246599988, 6.64035876500014], [-3.25592735399988, 6.64050754500005], [-3.25595700399987, 6.64066615200011], [-3.25602714099989, 6.64082973900003], [-3.25609019099994, 6.64093051700019], [-3.25616987599989, 6.64104482000016], [-3.25626019099997, 6.64117267700016], [-3.25635513299994, 6.64131480200012], [-3.25644863099996, 6.64147053600004], [-3.25653468399997, 6.64164093800008], [-3.25660734799993, 6.64182517400008], [-3.25664282099996, 6.64194363900003], [-3.25667475299991, 6.6420738270001], [-3.25670293799993, 6.64221315700013], [-3.25672732299989, 6.64235921900013], [-3.25674780899993, 6.64250925900006], [-3.25676431999995, 6.64266103900002], [-3.25677671599993, 6.64281197700006], [-3.25678494099998, 6.64295897300002], [-3.25678887699996, 6.64309996300011], [-3.25678844999993, 6.64323288100007], [-3.25678355799994, 6.64335428500004], [-3.25677408299987, 6.64346210700006], [-3.25673097699996, 6.64368044500003], [-3.25666402799993, 6.64385791300015], [-3.25658193199996, 6.64399843500019], [-3.2564934209999, 6.64410610100003], [-3.25640714899987, 6.644185177], [-3.25478942999996, 6.64498642700005], [-3.2537987799999, 6.64807900600005], [-3.25362333099997, 6.64827126000017], [-3.25334379999993, 6.64850806300012], [-3.25309891599989, 6.64873369000003], [-3.25294700999996, 6.64889209100011], [-3.25270210399992, 6.64911789000001], [-3.25264114599997, 6.64933493100017], [-3.25275280699998, 6.64953207600018], [-3.25288858599993, 6.64966093100014], [-3.25307083199988, 6.64975565700013], [-3.25310397999988, 6.64983642600015], [-3.25299708799992, 6.65005298800014], [-3.25287964499995, 6.65021192100005], [-3.25272808599993, 6.65034724900005], [-3.25254270299996, 6.65044760900003], [-3.25219479999987, 6.65064891200007], [-3.25196343699992, 6.65074827500018], [-3.25175559799987, 6.65081395800001], [-3.25150163799998, 6.65089035200015], [-3.25125990899988, 6.65092089400002], [-3.25101779099992, 6.65097433600016], [-3.25075198699994, 6.65107333900011], [-3.25053209699996, 6.65117316600009], [-3.25039189099994, 6.65132015000017], [-3.25044630399998, 6.65150464300007], [-3.25052520599996, 6.65159794600009], [-3.25052387299991, 6.65167852800016], [-3.24995715699993, 6.65474731600005], [-3.24804147399988, 6.65670346899998], [-3.24819057299993, 6.65671725300007], [-3.24825836999997, 6.65678719099998], [-3.24826816199987, 6.65689079400011], [-3.24820833199993, 6.65703930700005], [-3.24823996299995, 6.65721219500017], [-3.24830720799991, 6.65731657100008], [-3.24839645399993, 6.65747869500018], [-3.24826180899987, 6.65763736200006], [-3.24813840799987, 6.65780768500008], [-3.24812432999988, 6.65796821300017], [-3.24812246399989, 6.65808323200002], [-3.24807521299982, 6.6581626470001], [-3.2479699779999, 6.65827589800017], [-3.24787589099992, 6.65841217000008], [-3.24776897199996, 6.65862856000001], [-3.24775450399994, 6.65881216100001], [-3.24776058399988, 6.65914545800018], [-3.24778039299986, 6.65934095600016], [-3.24778739699997, 6.65961691700016], [-3.24776258199989, 6.65973135200016], [-3.24771551599997, 6.65979922900016], [-3.24756473499997, 6.65988875600004], [-3.2473913309999, 6.65995479800017], [-3.24646791399988, 6.66022707000013], [-3.24600465899994, 6.6618734220001], [-3.24532426299993, 6.66203457000012], [-3.24422672599997, 6.6638315300001], [-3.24406221299995, 6.66405885699999], [-3.24402179799989, 6.66442559600006], [-3.24406568399996, 6.6645526320001], [-3.24398027799992, 6.66486138100015], [-3.24383723299991, 6.66518072300011], [-3.24380036999997, 6.66532930300014], [-3.24368308499993, 6.665477044], [-3.24343966399988, 6.66561055100016], [-3.24321921399985, 6.6657449870001], [-3.24304283399982, 6.6659950940001], [-3.24294853599991, 6.66614255799999], [-3.24276273499993, 6.66626599000011], [-3.24255506899988, 6.6663197900001], [-3.2423826079999, 6.66632866500004], [-3.24212845299991, 6.66641659600015], [-3.24196561799994, 6.66654009400003], [-3.24181296699993, 6.6667444680001], [-3.24170772799994, 6.66685754700012], [-3.24151040899994, 6.6669808580001], [-3.24131538899996, 6.66696590400011], [-3.24115606299995, 6.66687158800011], [-3.24102108299996, 6.66669710100018], [-3.24095457699997, 6.66654675100017], [-3.24077193399995, 6.66647509600017], [-3.24046223499988, 6.66644706000017], [-3.24021918099987, 6.66655766499997], [-3.24002225099991, 6.6666577310001], [-3.23526128299989, 6.66767172400006], [-3.23489799199996, 6.66952664600007], [-3.23523103199989, 6.66953202400015], [-3.23534592199996, 6.66953408600017], [-3.23551762499989, 6.66957135800004], [-3.23576749299997, 6.66974756500014], [-3.23593547899998, 6.67001436100003], [-3.23602400999994, 6.67022263400008], [-3.23678861399998, 6.67407154600005], [-3.23679526399997, 6.67437006400007], [-3.23680096999993, 6.67472626500012], [-3.23677407999992, 6.67496708500016], [-3.23672272199985, 6.67529926900011], [-3.23675195199996, 6.67562144400006], [-3.2368039669999, 6.67595539700005], [-3.23670837499998, 6.67618344400017], [-3.23667017299994, 6.67641243600013], [-3.23650230599998, 6.67684638500003], [-3.23637167299995, 6.67710833700005], [-3.23619528599988, 6.6773581010001], [-3.23600966399994, 6.67747033899997], [-3.23578865199994, 6.6776388670001], [-3.23548612699994, 6.67787508400016], [-3.23512582099988, 6.67813360100013], [-3.23468414199994, 6.67844792700004], [-3.23437067499992, 6.67864958600012], [-3.23287163599997, 6.67899281000012], [-3.23267338499983, 6.67917328600009], [-3.23240384499991, 6.67950198200015], [-3.23223950499988, 6.67971759900013], [-3.23206405899992, 6.67990985200015], [-3.23184322999987, 6.68006718599997], [-3.23152939199986, 6.68029191800014], [-3.23137802399992, 6.68041570700012], [-3.23107512599984, 6.68067499599999], [-3.23095653999997, 6.68090280300015], [-3.23104449499988, 6.68114534200004], [-3.23122696099995, 6.68122887999999], [-3.23138403199988, 6.68146112000005], [-3.23147235899995, 6.68168093100019], [-3.23145509199992, 6.68203654800004], [-3.2314269069999, 6.68235760700009], [-3.23136368099989, 6.68271274400007], [-3.23117450099988, 6.68304279900008], [-3.23097327099993, 6.68340717000012], [-3.23088785699997, 6.68371574800005], [-3.23093081899998, 6.6839004680001], [-3.23113438499996, 6.68409857900002], [-3.23143054899992, 6.68425288100002], [-3.23172767999989, 6.68434967300004], [-3.23204720399997, 6.68448131500008], [-3.23221503499991, 6.68475964800012], [-3.23238265899994, 6.68504951700004], [-3.23251618699987, 6.68531578100004], [-3.23261414299998, 6.68565055900001], [-3.23273264499994, 6.68613486200002], [-3.23271833699988, 6.68630692900018], [-3.23261237599991, 6.68646598099997], [-3.23240396199992, 6.68656592700012], [-3.23213682099993, 6.68674533900003], [-3.23166350399993, 6.68688711800013], [-3.23149027299991, 6.68694162200018], [-3.23132966799994, 6.68692754400007], [-3.23119334799992, 6.68683363800011], [-3.2310116409999, 6.68670412600005], [-3.23085214399993, 6.68662117300005], [-3.23061076399995, 6.68662880900013], [-3.2304716079999, 6.68670691800014], [-3.23029694299993, 6.68685336900006], [-3.23020243399992, 6.68701271400005], [-3.23010886999998, 6.68711454900017], [-3.22995825999988, 6.68719236500004], [-3.22980800099998, 6.68724762500017], [-3.22963495399995, 6.68729059200012], [-3.22953012099981, 6.68738077000012], [-3.22938987699985, 6.6875277530001], [-3.22930573499997, 6.68775626500019], [-3.22926718299982, 6.68800815800012], [-3.22881004199991, 6.69068874300018], [-3.22879725099995, 6.69076868900004], [-3.22870303099995, 6.69091098700005], [-3.22854084299985, 6.69099436700003], [-3.22841430999995, 6.69100372100013], [-3.22826630799995, 6.69092088600007], [-3.22823315699998, 6.69084011500007], [-3.22813035599989, 6.69080390800002], [-3.22804941599998, 6.69083698800006], [-3.22788051299995, 6.69097773000016], [-3.22782426499998, 6.69125811300017], [-3.22785610399995, 6.69141981200016], [-3.22800244399997, 6.69160578600008], [-3.22811561099991, 6.691711161], [-3.22828639799991, 6.69180559900019], [-3.22850277999987, 6.69192428000014], [-3.22865039099992, 6.69202984200018], [-3.22868261899993, 6.69216812400009], [-3.22862331399983, 6.69228202699998], [-3.22851751399998, 6.69242971600005], [-3.22849136099984, 6.69262456400003], [-3.22856842099998, 6.6928325450001], [-3.22868084899989, 6.69298372100013], [-3.22896667499998, 6.69306868399997], [-3.22932030199996, 6.69322375900009], [-3.22945720099989, 6.69328357199998], [-3.22959259999993, 6.69343498699999], [-3.22972857399998, 6.6935519650001], [-3.23001495499994, 6.69360283500004], [-3.23024504699981, 6.69358319700018], [-3.23041489199994, 6.69373531600007], [-3.23058457499991, 6.69389914500005], [-3.23081316899993, 6.69397162600006], [-3.23104176499993, 6.69404445099997], [-3.23115456399984, 6.6941725530001], [-3.23122049799997, 6.69435734000001], [-3.23126438599996, 6.69448437800008], [-3.23139886399997, 6.69469347500007], [-3.23144180699995, 6.69487785000013], [-3.23143788599992, 6.69511891100007], [-3.23132005799994, 6.6953007460001], [-3.2310996139999, 6.69543500900011], [-3.23097137699995, 6.69554802000016], [-3.23090043499997, 6.69567316799998], [-3.23089690499984, 6.69589132900001], [-3.23091036899996, 6.6961211200001], [-3.23092477899991, 6.69629357200017], [-3.23091201199992, 6.69637386400007], [-3.23071394099998, 6.69654314900015], [-3.23055242999993, 6.69658623600009], [-3.23036769899994, 6.69664044900003], [-3.23026210599988, 6.696776774], [-3.23022542399997, 6.69691381900009], [-3.23025689299982, 6.69709824600017], [-3.23033391399997, 6.69730657100007], [-3.23045710099996, 6.69750366800014], [-3.23052451299992, 6.69759650700007], [-3.23052082099997, 6.69782637700007], [-3.23041444499995, 6.69800833100004], [-3.23028399299994, 6.69825909200011], [-3.23024636499991, 6.69845347500012], [-3.23021986499992, 6.69867139500019], [-3.23015682299996, 6.69901465200007], [-3.23004841699998, 6.69932316300014], [-3.22990780299989, 6.69949322100018], [-3.22988183499996, 6.69967653200013], [-3.22991480299993, 6.69976901200016], [-3.23001575999996, 6.69992006700011], [-3.23010540499996, 6.70005929199999], [-3.23033476399996, 6.70008614400012], [-3.23063317499987, 6.70010235000018], [-3.23079399099993, 6.70010489100014], [-3.23107076799994, 6.70004061700013], [-3.23125621399981, 6.69994008600008], [-3.23141795299995, 6.69988529000017], [-3.23160077499989, 6.69994592500012], [-3.23173822799981, 6.69997095400015], [-3.23185365699993, 6.69993840600011], [-3.23196924799993, 6.69989432000006], [-3.23202370999996, 6.70007898700015], [-3.23208925499989, 6.70028667500009], [-3.23214557399996, 6.70035649400006], [-3.23218963799997, 6.70047216700016], [-3.23216482199996, 6.70058660300003], [-3.23210588799992, 6.700677778], [-3.23183873799996, 6.70085684700018], [-3.23168775799996, 6.70095791100005], [-3.23165197799995, 6.70103796200016], [-3.23155804299989, 6.70116252700006], [-3.23141966499992, 6.70119483500008], [-3.23128061999995, 6.70126717700003], [-3.23113970699995, 6.70145436800016], [-3.2310909759999, 6.70162590200016], [-3.23101945699995, 6.70178548800004], [-3.23091365799996, 6.70193335000016], [-3.2307519179999, 6.70198797500018], [-3.2306005669999, 6.70211176700008], [-3.2305403389999, 6.7022831810001], [-3.23043343099994, 6.70249957300001], [-3.23022295899995, 6.70272590500014], [-3.23009548099998, 6.70279294300013], [-3.23000285999996, 6.70283744], [-3.22995523399982, 6.70293975600015], [-3.22992984199993, 6.70308862900009], [-3.22985906299994, 6.70320258600003], [-3.22975494499985, 6.70324679100003], [-3.22963990699992, 6.70325643900014], [-3.22952390099994, 6.70332325300018], [-3.22944222299998, 6.70340247900015], [-3.22933828899994, 6.70343514700016], [-3.2292232499999, 6.70344479500011], [-3.22902704299992, 6.70349906000007], [-3.22875083999998, 6.70352906700015], [-3.22863700199997, 6.70346398600014], [-3.22850019399993, 6.70339883600008], [-3.22835050299989, 6.70341931600018], [-3.2282345399999, 6.70348612900011], [-3.22816353299987, 6.7036116220001], [-3.22803554199987, 6.70371275300005], [-3.22786232599992, 6.7037672570001], [-3.22763251599991, 6.70376950500014], [-3.22756536799994, 6.70365927400013], [-3.22745258799995, 6.703531], [-3.22732753199989, 6.70344875100005], [-3.22714226499994, 6.70353740100012], [-3.22699089099996, 6.70366119200014], [-3.22681543899989, 6.7038537900001], [-3.22661701399994, 6.7040458030001], [-3.22635060099998, 6.70417924200018], [-3.22617793899991, 6.70419930900016], [-3.22605140399992, 6.70420883600013], [-3.22590039799996, 6.70430972600013], [-3.22574886099994, 6.70444505300009], [-3.22559879999994, 6.70448843400004], [-3.22548355499993, 6.70450961600017], [-3.22536964799991, 6.70445073299999], [-3.22525550999995, 6.70440269800002], [-3.22509341899996, 6.70448039400009], [-3.22489517999992, 6.70466104300016], [-3.22471993199997, 6.70484210400014], [-3.22452201699997, 6.70499950800018], [-3.22437197799997, 6.70504305900016], [-3.22425710199997, 6.70504117000007], [-3.22403849799991, 6.70506058300003], [-3.22377547199989, 6.70498739500016], [-3.2236831969999, 6.70500881900017], [-3.2236014749999, 6.70508821699997], [-3.22345217399987, 6.70508562200007], [-3.2233375049999, 6.70507236800017], [-3.22324689199996, 6.70499030700006], [-3.22314316399991, 6.70501178100005], [-3.22294605099995, 6.70512303900006], [-3.22278468099989, 6.70515527700002], [-3.22263574899995, 6.70512978100004], [-3.2224519589999, 6.70512665400008], [-3.22230115999997, 6.7052161790001], [-3.22211309899996, 6.70547735800011], [-3.22208731199993, 6.70564896200011], [-3.22201560599996, 6.70582008300016], [-3.22188775599994, 6.70591019300014], [-3.22168822099997, 6.70617125300009], [-3.22166132599995, 6.70641190300012], [-3.22168090599996, 6.70661894000006], [-3.22171220999991, 6.70681456200009], [-3.22162695399993, 6.70711195000018], [-3.22166917899989, 6.70734230000005], [-3.22173529899993, 6.70751555300012], [-3.22168695599993, 6.70766435900015], [-3.22158131399982, 6.70780033900002], [-3.22156737299991, 6.70794950600003], [-3.22162296399989, 6.70806547100011], [-3.22160885899996, 6.70822583000017], [-3.22151491999983, 6.70835056599998], [-3.22139577099983, 6.70861281100014], [-3.22131238499986, 6.70879552200006], [-3.22122804999998, 6.70903505500007], [-3.22102777599991, 6.70934226100007], [-3.22081436599996, 6.70960114600007], [-3.22080393099998, 6.70968297600012], [-3.22074353499994, 6.70986575500007], [-3.22065031299996, 6.70994468900017], [-3.22055859199992, 6.70993167500018], [-3.22039820499998, 6.70990588600006], [-3.22024809999982, 6.70994960900003], [-3.22020088499983, 6.71002919500006], [-3.22022122699991, 6.71019043100011], [-3.22018417099997, 6.71035037700017], [-3.22009136399993, 6.71040658200013], [-3.21999964299994, 6.71039374000014], [-3.21990907199984, 6.7103116780001], [-3.21980569099998, 6.71031008000011], [-3.21971286099995, 6.71036611300008], [-3.21971655399989, 6.71049238600011], [-3.21977748099994, 6.71063114200007], [-3.21965380499995, 6.71081851200012], [-3.21949769599991, 6.71087947900008], [-3.21941693499997, 6.71090067800014], [-3.21925445399995, 6.71100179200016], [-3.21915070199998, 6.71102292300003], [-3.21901139499988, 6.71111256699999], [-3.21890651399991, 6.71120274600008], [-3.21657375299992, 6.71434396100005], [-3.21605327799995, 6.71713555600019], [-3.21656812699996, 6.71781917400006], [-3.21685383699997, 6.71838881500003], [-3.2162784809999, 6.71969926300011], [-3.21662033299987, 6.72100969200011], [-3.21621734899992, 6.7220349270001], [-3.21574242299988, 6.72253992200007], [-3.21421104699994, 6.72192141500011], [-3.21400754599995, 6.72191792299998], [-3.21363351499991, 6.72454195900002], [-3.2108382539999, 6.7283354060001], [-3.20900387499984, 6.73162520000017], [-3.20893045599996, 6.73439928900012], [-3.20996688299994, 6.73458107000016], [-3.21015768099983, 6.73485982000011], [-3.21032645199995, 6.73508082000012], [-3.21045960299995, 6.73537033499997], [-3.21073270799997, 6.73553559300018], [-3.21095998899995, 6.73568883400014], [-3.21105981999995, 6.73590842300013], [-3.2110088199999, 6.73621771000001], [-3.21106086099996, 6.73655166700001], [-3.21132152299992, 6.73677414400004], [-3.2114437539999, 6.73702892800003], [-3.21159858299995, 6.73739874900014], [-3.21199576899994, 6.73770411200007], [-3.21224398999988, 6.73798380700003], [-3.21241331799996, 6.73817036700001], [-3.21250241599995, 6.73834403300003], [-3.21271729799997, 6.73855431900017], [-3.2129809409999, 6.73859306899999], [-3.21324195299991, 6.73879247100018], [-3.21338697299996, 6.73905903000013], [-3.21358005599984, 6.73920002800003], [-3.21368360799988, 6.73919026100003], [-3.21383217999994, 6.73923848600003], [-3.21402353699995, 6.73948279600017], [-3.21401945199995, 6.73973556800013], [-3.21390009099986, 6.74000935100014], [-3.21383890999994, 6.74023793400011], [-3.21380035499993, 6.740490002], [-3.21378532799997, 6.74070821600014], [-3.21383827299996, 6.74098483500001], [-3.21388031699991, 6.74122655100012], [-3.21399051999987, 6.74151547700006], [-3.21415851399991, 6.74178227600004], [-3.21433747399988, 6.74208397699999], [-3.21445933799993, 6.74236165999997], [-3.21455788199984, 6.74266200300008], [-3.21461177199996, 6.74288093800016], [-3.21458430199988, 6.74315602600018], [-3.21441883099988, 6.74344052300017], [-3.2143130209999, 6.74358821300012], [-3.21428649599994, 6.74380596300006], [-3.21436448899982, 6.74395643500003], [-3.21442987799998, 6.74417583399998], [-3.21458732099995, 6.74438517400006], [-3.21478017999993, 6.74453787900018], [-3.2149967709999, 6.74464450600004], [-3.21513329499993, 6.74472704600015], [-3.21537283899994, 6.74483460100004], [-3.21559866899997, 6.74507927100007], [-3.21573145699995, 6.74539168200005], [-3.21586615599989, 6.74558907200003], [-3.21610419999996, 6.74578805900006], [-3.21647084599994, 6.74585164700017], [-3.21673356899993, 6.74594773200005], [-3.21690454199995, 6.74603097700009], [-3.21707348299998, 6.74624026300017], [-3.21709179899995, 6.7465278840001], [-3.21695061699984, 6.74673238200012], [-3.21680980299982, 6.74691363300013], [-3.21670306899995, 6.74711883400016], [-3.21664186999993, 6.74734758900013], [-3.21665186799987, 6.74743948500009], [-3.21670744399995, 6.7475552790001], [-3.21681839099989, 6.74779857500016], [-3.21695325399998, 6.74798442700006], [-3.21707735899992, 6.74812435800004], [-3.21726023999997, 6.74818430500011], [-3.21737436899997, 6.74823233899997], [-3.21754478899987, 6.74835002000003], [-3.21758888899996, 6.74846552100007], [-3.21767852299985, 6.74860474800016], [-3.21773504399988, 6.74866320200005], [-3.21783545799997, 6.74884835100016], [-3.21780909899996, 6.74905490899999], [-3.21771442799997, 6.74922570700011], [-3.21746078999996, 6.74927911500009], [-3.21716985899997, 6.74950409300004], [-3.21701644099994, 6.74975427200008], [-3.21689783999989, 6.74998191100013], [-3.21674571499994, 6.750152023], [-3.21657005899988, 6.75035547100015], [-3.21648611499995, 6.75057279400011], [-3.21642551199989, 6.75076693900007], [-3.21630764999992, 6.75094877400011], [-3.21621425699993, 6.75103890300005], [-3.21601805199992, 6.75109334199999], [-3.21581053199992, 6.75113577900004], [-3.21554651499991, 6.75112027700004], [-3.21528159399992, 6.75116159900006], [-3.21502773899988, 6.75122680100014], [-3.21479726699994, 6.75126882600011], [-3.21454341099997, 6.75133368399997], [-3.21439222699996, 6.75144594000005], [-3.21440204299989, 6.75154971800009], [-3.21212099399997, 6.75432418300005], [-3.21190625199989, 6.75529846700005], [-3.21201950399995, 6.75549457700009], [-3.21218013599992, 6.75551864100015], [-3.21240956799988, 6.75555513300014], [-3.21250031799985, 6.75569349400013], [-3.21261376899992, 6.75586687700019], [-3.21271646699995, 6.75594802200004], [-3.21288897099993, 6.75592657700014], [-3.21308534399992, 6.75579035500004], [-3.21325770599998, 6.75578027500012], [-3.21332533099991, 6.75594164000006], [-3.21326712199988, 6.75603298500005], [-3.21320887899986, 6.75613586700007], [-3.21301107099993, 6.75644444300002], [-3.21296363599993, 6.75662785300005], [-3.21307520099998, 6.75703040900015], [-3.21324542699995, 6.75728445600015], [-3.21346269299988, 6.75740106400002], [-3.21372686899991, 6.75740313500012], [-3.21388759999996, 6.75741583399997], [-3.21406987099994, 6.7576009550001], [-3.21436400499994, 6.75815471100009], [-3.21483107199987, 6.75862916800003], [-3.21529702299995, 6.75924171499997], [-3.21557974099983, 6.75978398500007], [-3.21563334099989, 6.76025498500019], [-3.21559634399995, 6.76056489700005], [-3.21567497499996, 6.76078354500004], [-3.21582381699994, 6.76084209600015], [-3.21596202599994, 6.76079738999999], [-3.21604224499993, 6.76082095800018], [-3.21609778499987, 6.76105107500013], [-3.21618856099991, 6.76118978000017], [-3.21646478099996, 6.76112292300002], [-3.21659196399992, 6.76102058900011], [-3.21678741999983, 6.76099938200002], [-3.21698265599991, 6.76100090300008], [-3.21713196999991, 6.76100229000008], [-3.21729421199984, 6.76083126900005], [-3.2174442459999, 6.76074053900004], [-3.21760354799994, 6.76092576200017], [-3.21769359899992, 6.76115589400018], [-3.21777268199997, 6.76131755000006], [-3.21790985199988, 6.7613988810001], [-3.21814022599995, 6.76132052400015], [-3.21822203099987, 6.76114883800011], [-3.21825761599996, 6.76101145200016], [-3.21846444899995, 6.76100172800005], [-3.21864731299996, 6.76111797400006], [-3.21870285299997, 6.76134791900017], [-3.21865574899988, 6.76148535700003], [-3.21848227099991, 6.76163318500016], [-3.21837786599997, 6.76175883200017], [-3.21829549099982, 6.76199904600014], [-3.21823569799994, 6.76228564600007], [-3.21832600399995, 6.76248168600011], [-3.21863481499992, 6.76264487800012], [-3.2189329929999, 6.76270481200009], [-3.21914017699982, 6.76264928800009], [-3.21939401399993, 6.76251331800006], [-3.22307404799994, 6.76480538000015], [-3.22315248799987, 6.76504709900018], [-3.22317412899997, 6.76520815600009], [-3.22310236099997, 6.76556367900014], [-3.22316949999987, 6.76578237799998], [-3.22340984299996, 6.76588751100007], [-3.22365038299995, 6.76596991700018], [-3.22384433199994, 6.76613207900004], [-3.22392398399995, 6.76622468900007], [-3.22406127699992, 6.76629482500005], [-3.22470259999989, 6.76652966500012], [-3.2251249709999, 6.76685469100016], [-3.22536412599982, 6.76710927599999], [-3.22565004399985, 6.76726085700005], [-3.22602817099994, 6.76737861600009], [-3.22629084399995, 6.76756439500008], [-3.22648610399995, 6.76756608300008], [-3.22676185699993, 6.7675567280001], [-3.22704816999988, 6.76766268100005], [-3.22717351799997, 6.7677898610001], [-3.22717208899991, 6.76796204100015], [-3.22707945499997, 6.76805320100004], [-3.22699809999983, 6.76816720800014], [-3.22698596099997, 6.76824784100017], [-3.22708850899994, 6.76835170900006], [-3.22722640299997, 6.76834143600018], [-3.2273188829999, 6.76827317600004], [-3.2274110489999, 6.76823952400008], [-3.22758239799992, 6.76835581700004], [-3.2276150909999, 6.76857415600006], [-3.22758994799995, 6.76883804100015], [-3.22764625799988, 6.76897638400015], [-3.22787418899992, 6.76919623800001], [-3.22805705799988, 6.76931247800007], [-3.22823951399994, 6.76947503500008], [-3.22854768899987, 6.76971862500017], [-3.22864984699987, 6.76986880900017], [-3.22859168399998, 6.76996015500009], [-3.22854487599983, 6.77006298600014], [-3.22858973199988, 6.77020120800006], [-3.22871437399982, 6.77040896700009], [-3.22865562299995, 6.7705693580001], [-3.22853917599997, 6.77076341400004], [-3.22846932099998, 6.77087788600005], [-3.22849041699993, 6.77110746900013], [-3.22856999599986, 6.77121161300005], [-3.22870687499989, 6.77132737500006], [-3.22882090099995, 6.77143153500015], [-3.22898003599994, 6.77163965100016], [-3.22907034899987, 6.77183568700002], [-3.22908053899994, 6.77199645000007], [-3.22898712099993, 6.77217938300004], [-3.22896283999995, 6.77233996000007], [-3.22898319799992, 6.77266165900016], [-3.22908338499997, 6.7730528940001], [-3.22903250399992, 6.77366124500008], [-3.2290396869999, 6.77418926900003], [-3.23129831499983, 6.77665079400009], [-3.2316277889999, 6.7801194330001], [-3.23166846299989, 6.78080811100006], [-3.23186760199997, 6.78179684700012], [-3.23204316999988, 6.78286540800002], [-3.23216166399993, 6.78388774400003], [-3.23245084099989, 6.78511796700013], [-3.23270579999985, 6.78631356900013], [-3.23283743899998, 6.78711787300006], [-3.2328535989999, 6.78801309800014], [-3.23267701899994, 6.78858552600008], [-3.23238613299986, 6.78908840500003], [-3.23198969799984, 6.78988894200012], [-3.23171924899992, 6.79072453900005], [-3.23164268599982, 6.79173365400015], [-3.23204864899992, 6.79270094700013], [-3.23239020399996, 6.79308228700006], [-3.23285637899994, 6.79368257300018], [-3.23300302099994, 6.79452192899998], [-3.23277510099996, 6.79531170400008], [-3.2325144109999, 6.79637693500018], [-3.23207113399991, 6.79729201300006], [-3.23146723999997, 6.79819388400017], [-3.23087507099996, 6.79906161100007], [-3.23055687599992, 6.80013795500014], [-3.23040185299982, 6.80089433800015], [-3.23035947199998, 6.80193841900007], [-3.2304330209999, 6.80283407000002], [-3.23050666799998, 6.80371835700009], [-3.23065982499992, 6.8047179780001], [-3.23089366799991, 6.80567211600004], [-3.23103716799989, 6.80643108200013], [-3.23080302699998, 6.80702598800013], [-3.2304899959999, 6.80742532400012], [-3.23012880699997, 6.80811086300008], [-3.22986021399993, 6.80870575500012], [-3.22972858999998, 6.80940469600012], [-3.23032769299988, 6.81366752400004], [-3.23023069599998, 6.81434375200007], [-3.23024940099998, 6.81490632800006], [-3.23035897599993, 6.81559572000009], [-3.23046673899995, 6.81652633500005], [-3.23062160299997, 6.81729643900019], [-3.23085728299992, 6.81802123200004], [-3.23094430899994, 6.81865304899998], [-3.23113550699986, 6.8191824590001], [-3.23150063799994, 6.81948345100011], [-3.23171563699998, 6.81989808300017], [-3.23178025499993, 6.82046113400014], [-3.23184398099994, 6.82113851300011], [-3.23167760699994, 6.82188341400018], [-3.23138707999988, 6.82234032700006], [-3.23091327999992, 6.82273851600007], [-3.23022171999992, 6.82308898600013], [-3.22932332399995, 6.82344936600009], [-3.22832304599996, 6.82362564300018], [-3.22775772799997, 6.82397690500011], [-3.22619168299997, 6.82456195000015]]]]}, "properties": {"REGION": "Western North", "DISTRICT": "Bia West"}}, {"type": "Feature", "geometry": {"type": "MultiPolygon", "coordinates": [[[[-2.21455572599996, 6.14176548400019], [-2.21582478899995, 6.14136120200016], [-2.21729642199995, 6.14185960800017], [-2.21760001599995, 6.14309656900014], [-2.21740162099996, 6.14403362200011], [-2.21810042899995, 6.14417575900006], [-2.21906511099991, 6.14442851700016], [-2.22121213499992, 6.14471561300013], [-2.22424324299993, 6.14508267600002], [-2.22517327499986, 6.14519768800017], [-2.22558671699994, 6.14550768300012], [-2.2259426839999, 6.14604778400013], [-2.22709223499993, 6.14818114700017], [-2.22736671599989, 6.14869053400014], [-2.22788369099993, 6.14956377300018], [-2.22829701899997, 6.15004654700016], [-2.22899736599987, 6.15031057300013], [-2.22946825199995, 6.15029898100005], [-2.22998491599998, 6.1501727270001], [-2.23059329799997, 6.1498507390001], [-2.23136246399991, 6.14924155600005], [-2.23256796399994, 6.14822998700015], [-2.23327974799992, 6.14764953000014], [-2.23399152999991, 6.14706907400006], [-2.23571348499996, 6.14573572000006], [-2.23651710199982, 6.14506908800018], [-2.23699902099997, 6.1444714160001], [-2.23725157499985, 6.14429331200012], [-2.23750412899994, 6.14411520800013], [-2.23838808699998, 6.14362099800007], [-2.23959351499997, 6.14285076300018], [-2.24055788899994, 6.14211519200018], [-2.24130410599997, 6.14137943700013], [-2.24188951599996, 6.14077032600011], [-2.24250954999997, 6.14047155600008], [-2.24425450299998, 6.14005733900018], [-2.24520728099998, 6.13978139400018], [-2.24586175499991, 6.13952853600006], [-2.24625205199987, 6.13926414700012], [-2.24664234699986, 6.13899975900006], [-2.2472967359999, 6.13856292000008], [-2.24784769599995, 6.13839057700011], [-2.24837587499985, 6.13841329100006], [-2.24895004899992, 6.13852788700012], [-2.24977886299996, 6.13860519500008], [-2.25044772099994, 6.13872955900007], [-2.25144615299996, 6.13843868300017], [-2.25316696899995, 6.13771993100005], [-2.25380045699995, 6.13730234600007], [-2.25521864399997, 6.13636749700004], [-2.25571148499989, 6.13596341499999], [-2.25600776499982, 6.13526108499997], [-2.25616700799992, 6.13480042000015], [-2.25624642499992, 6.13450118300017], [-2.25633700699996, 6.13415575100004], [-2.25634819699991, 6.13404659500003], [-2.25635938699997, 6.13393743900008], [-2.25622056499992, 6.13367351000016], [-2.25574728199996, 6.13301966800009], [-2.25480113799989, 6.13263853000018], [-2.25521507099995, 6.13189481900002], [-2.25516743799994, 6.12800828800005], [-2.25525832099987, 6.12775501800002], [-2.25539464799988, 6.12728321000009], [-2.25581813199994, 6.12681021300011], [-2.25633379699997, 6.12641744700011], [-2.25683819699998, 6.12613978100006], [-2.25720464299991, 6.12574753700011], [-2.25746689999994, 6.12521772500014], [-2.25736071699993, 6.12444794900006], [-2.2571863849999, 6.12382734300007], [-2.25699958699988, 6.12295422500011], [-2.25679045399994, 6.12220760100013], [-2.25662712799982, 6.12147206800012], [-2.25648713399994, 6.12085172500002], [-2.25649709999988, 6.12040312400012], [-2.25686301799988, 6.11989598100018], [-2.25744902699995, 6.11992854600015], [-2.25831128499988, 6.12019009100004], [-2.25862152999997, 6.12020064800009], [-2.25893177499989, 6.1202112040001], [-2.25937954599993, 6.12011747600013], [-2.25987285499997, 6.11992045400018], [-2.26005605899985, 6.11973587300008], [-2.26068845399993, 6.12002672200009], [-2.26116101199995, 6.12026540500005], [-2.26137935199989, 6.12027574500019], [-2.26155137299992, 6.12024002600015], [-2.26178093699991, 6.12019263200011], [-2.26206767099995, 6.12012201800013], [-2.26221109399989, 6.12009231000019], [-2.26749657799996, 6.12029588100006], [-2.26832053199985, 6.12071641400013], [-2.26877073299988, 6.12107004299997], [-2.26922101999992, 6.12142367000001], [-2.26961317699994, 6.12168561900012], [-2.27010865199998, 6.12197040500007], [-2.27033331899992, 6.12207254300017], [-2.27115622399998, 6.12232037800015], [-2.27213469499986, 6.12168757400002], [-2.27387777199993, 6.11645110000018], [-2.27424270999984, 6.11601182400005], [-2.2746086279999, 6.11576840900011], [-2.27515880499988, 6.11553506400008], [-2.27573161299995, 6.11530149300017], [-2.27638409199983, 6.11491803700005], [-2.27680667699997, 6.11451324600006], [-2.27971822299992, 6.10736599300014], [-2.28346516999994, 6.10223500300015], [-2.28361004499988, 6.10218844000013], [-2.28465853199992, 6.10185145600013], [-2.28499203999991, 6.10198847100003], [-2.28513024899996, 6.10210286900008], [-2.28561355599993, 6.10234288400011], [-2.28674429999995, 6.10330945400017], [-2.28803036999994, 6.10362201900017], [-2.28897306699997, 6.10381433400016], [-2.28914550399992, 6.10384811600011], [-2.28944717599995, 6.10385785400007], [-2.28978885699996, 6.10386888300013], [-2.29056944499996, 6.10373971100012], [-2.29149021099994, 6.10350597100017], [-2.2917631659999, 6.10343668100012], [-2.29195818999995, 6.10334413800018], [-2.29277208099995, 6.10285821400009], [-2.29292069999991, 6.102719788], [-2.29348237299996, 6.10233834200011], [-2.29431881999994, 6.10171455000017], [-2.29445622099996, 6.10159923500015], [-2.29508617499994, 6.10102202000007], [-2.29524643699989, 6.10089510800003], [-2.29576153599987, 6.10039887300013], [-2.29591043899995, 6.10027172900004], [-2.29671240599993, 6.09962510800011], [-2.29687295199989, 6.09950947800013], [-2.2973656019999, 6.09919744500019], [-2.29753776199993, 6.09911623900001], [-2.29801938799989, 6.09890750299996], [-2.29827765199997, 6.09883194700012], [-2.30342679799992, 6.09651146500016], [-2.30402478299993, 6.09659985400009], [-2.30471438399996, 6.09664202600004], [-2.30508288099992, 6.09676628300008], [-2.30533621799992, 6.09691424500011], [-2.30561352699993, 6.09715413700002], [-2.30598258899994, 6.09740517600011], [-2.30654714899993, 6.09765488000016], [-2.30700723199988, 6.09775574300011], [-2.30750110899987, 6.09774136700014], [-2.30782235399994, 6.09768210500005], [-2.30813223999996, 6.09762269800018], [-2.30873016999988, 6.09768817000008], [-2.30902991599993, 6.09784764500006], [-2.30969719299998, 6.0980160470001], [-2.31009908899989, 6.0979676980001], [-2.31025954099994, 6.09792097000019], [-2.31047746999997, 6.09787358500006], [-2.31079848799988, 6.0977567860001], [-2.31107404099993, 6.09769763300005], [-2.31144168599997, 6.09771853000012], [-2.31179800099989, 6.09775099500007], [-2.31209675399992, 6.09774923400016], [-2.31234867799998, 6.09759840900006], [-2.31272583999993, 6.09725098700005], [-2.31312546399994, 6.09683469200019], [-2.31532094499994, 6.09603426800004], [-2.31561415899989, 6.09607282799999], [-2.31619973199992, 6.09601188200014], [-2.31653284499987, 6.09598686600003], [-2.31693601799992, 6.09614574000017], [-2.31724087499992, 6.09621290900014], [-2.31875206299998, 6.09629616400002], [-2.3190861409999, 6.0964552050001], [-2.31954670599993, 6.09661341900005], [-2.31976611299996, 6.09681925100006], [-2.31999744799992, 6.09708224300016], [-2.32028700099988, 6.09747179100003], [-2.32058674699994, 6.09766536700005], [-2.32087959299997, 6.09781210000006], [-2.32214926299997, 6.09952060300009], [-2.32329362399997, 6.10041607600004], [-2.32371031199989, 6.10095201400014], [-2.32415984899995, 6.10112216800019], [-2.32501530899998, 6.10112006399999], [-2.32598826799989, 6.10138939400008], [-2.32674771999996, 6.10115861500009], [-2.32713325499998, 6.10139314400004], [-2.32779576299987, 6.10119884700003], [-2.32843630399998, 6.10076912400012], [-2.32931367499998, 6.10098103200005], [-2.32965829499989, 6.1008903770001], [-2.33010486899997, 6.10093626500014], [-2.33068166899994, 6.10067795399999], [-2.33121123999996, 6.10111117800017], [-2.33144196799998, 6.10128230700019], [-2.33186754999991, 6.10134878100018], [-2.3325447069999, 6.10126442200004], [-2.33297028799996, 6.1013308950001], [-2.33331601699996, 6.10150143800013], [-2.33361536799993, 6.10163772900012], [-2.33401834699987, 6.10178470300002], [-2.33439849399997, 6.10195490200016], [-2.33493791999985, 6.10184831500015], [-2.3353049079999, 6.10174267100007], [-2.33571844599993, 6.10170581600016], [-2.33597173499993, 6.10179639900008], [-2.33628304599995, 6.10200147699999], [-2.3365712399999, 6.1021837880001], [-2.33702056899995, 6.10238826400013], [-2.33729658899995, 6.10243266800006], [-2.33757260999988, 6.102477072], [-2.33779070799989, 6.10246412700008], [-2.33817059899997, 6.10256542000002], [-2.33860848499995, 6.10280437500018], [-2.33926498399995, 6.10306518100009], [-2.33955220599989, 6.10306334600006], [-2.34004576699988, 6.10299157800011], [-2.34058619199993, 6.10308032500012], [-2.34123116299997, 6.10334107000011], [-2.34201320599993, 6.10346289000006], [-2.3424034819999, 6.10341480500006], [-2.34249527999987, 6.10339127700007], [-2.34258707699991, 6.10336775000019], [-2.34288485399986, 6.10321653900019], [-2.34321710599988, 6.10305335600009], [-2.34364185899994, 6.10299364300005], [-2.34396384199994, 6.10306062399997], [-2.34432061699988, 6.10313905800007], [-2.34473392299998, 6.1031135660001], [-2.34519392599987, 6.10317994200011], [-2.34552749699992, 6.10323561000007], [-2.34580267099994, 6.10316489899998], [-2.34608914599994, 6.10300208700005], [-2.34656027599993, 6.10301081500006], [-2.34705423599996, 6.10299640199997], [-2.34730675199995, 6.10298362500009], [-2.34758396299998, 6.10324640200008], [-2.34786117499993, 6.10350917800014], [-2.34801121099991, 6.10360035800005], [-2.34869209499993, 6.10411379300018], [-2.34929106199985, 6.10438652900018], [-2.34954383699989, 6.10437349200009], [-2.34971575499998, 6.10430329700006], [-2.34988172999994, 6.10423885800014], [-2.34995645399994, 6.10420984600006], [-2.35011764599994, 6.10425491800004], [-2.35022239499989, 6.10450735900002], [-2.35038367499993, 6.10458688300008], [-2.35060191599996, 6.1045626500001], [-2.35077423699988, 6.10455007300004], [-2.35177337299996, 6.1044982140001], [-2.35253261499992, 6.10465478500015], [-2.35283153999995, 6.10472216200014], [-2.35300486699992, 6.10487055700008], [-2.35318980999995, 6.105053376], [-2.35336328299996, 6.10525965000005], [-2.35350170199996, 6.10535051300019], [-2.35367356399991, 6.10525775100012], [-2.35378929799987, 6.10539500700014], [-2.35400822899987, 6.10550883700012], [-2.3540644709999, 6.10532429300014], [-2.35421447899989, 6.10540384300015], [-2.35433956599985, 6.10540316300012], [-2.35442124799994, 6.10540272000014], [-2.35456996199997, 6.10530975699999], [-2.35481103399997, 6.10526255400009], [-2.35523584099991, 6.10522539700014], [-2.35549977099993, 6.10516633700001], [-2.35568183899989, 6.10488940300002], [-2.35576076699994, 6.10462435800002], [-2.35588035199987, 6.10442811300004], [-2.35599993699992, 6.10423186700018], [-2.35622901799996, 6.10413861600017], [-2.35641263799994, 6.10410292600005], [-2.35659602899995, 6.10400987600002], [-2.35673263599995, 6.10379067700006], [-2.35676025299995, 6.1036180480001], [-2.35678786999983, 6.10344541900014], [-2.35686668099987, 6.10313438000003], [-2.35693459599997, 6.10297297500011], [-2.3570828199999, 6.10278819900009], [-2.35726497199994, 6.10251100700009], [-2.35735600499993, 6.10237245500014], [-2.35758499699995, 6.10221004100003], [-2.35799809899987, 6.10213871800011], [-2.35813584199997, 6.10211494300017], [-2.35827358599994, 6.10209116900018], [-2.35841102699993, 6.10199823400018], [-2.35852454399998, 6.10180200400009], [-2.35871957799998, 6.10172046500003], [-2.35892637399985, 6.10173070900015], [-2.35919035999984, 6.10169473000013], [-2.35932742699981, 6.10159025400003], [-2.3594296149999, 6.10137140100011], [-2.35948611299989, 6.10118685500009], [-2.35963488299996, 6.10108260900017], [-2.35981876099987, 6.10108162800003], [-2.35999110999984, 6.10108059000009], [-2.36012829099991, 6.10098765500015], [-2.36018493299997, 6.10082627800006], [-2.36033260899995, 6.1005610580001], [-2.36051570799998, 6.10042192800017], [-2.36056035999997, 6.10024904100015], [-2.36073221899994, 6.10015601800018], [-2.36095152299981, 6.10031583700015], [-2.36107850099984, 6.10044178100009], [-2.36126286699988, 6.10049807400003], [-2.36146957499994, 6.10047386600019], [-2.36159350599991, 6.10048616200015], [-2.36212480799998, 6.10053887400005], [-2.36191856199997, 6.100643612], [-2.36174704899997, 6.10077108500019], [-2.36170205299993, 6.10094397400019], [-2.36169147399994, 6.10111651700015], [-2.36175019199987, 6.10133470500011], [-2.36163627299987, 6.10147331600012], [-2.36159124599988, 6.10163466400013], [-2.3616269609999, 6.10184128300006], [-2.36168553499988, 6.10203656100009], [-2.36165215399996, 6.10220916300017], [-2.36149188399992, 6.10232506700015], [-2.36152774299995, 6.10255485400006], [-2.36148271699989, 6.10271620100002], [-2.36128851899997, 6.10292452099998], [-2.36105944099995, 6.10301768900007], [-2.3609335889999, 6.10313350600018], [-2.36088899499987, 6.10336375500009], [-2.36090159099996, 6.10354752300003], [-2.36082217599994, 6.10372049900013], [-2.36065025899984, 6.10379069700008], [-2.36055928499997, 6.10395216000001], [-2.36036367299994, 6.10390717900015], [-2.36023822399994, 6.1040806150001], [-2.36025110699995, 6.1042759230001], [-2.36028656399992, 6.10444843600004], [-2.36034510799982, 6.10463182900003], [-2.36048358799991, 6.1047461170001], [-2.36055346099982, 6.10491819800001], [-2.36045124499998, 6.10512568300004], [-2.36023326299988, 6.1051500050001], [-2.36002606399995, 6.10511685200009], [-2.35995755899989, 6.10518041600005], [-2.35988905399989, 6.10524398100006], [-2.35977478899997, 6.10538267800007], [-2.35970698999995, 6.10555562400003], [-2.35966279899992, 6.10584349300012], [-2.35985838199997, 6.10587684800009], [-2.35987109399986, 6.10610669400012], [-2.35972330299995, 6.10636063200019], [-2.35955178899997, 6.10648810500015], [-2.35934516499992, 6.10654685000014], [-2.35917310199994, 6.10655934200008], [-2.35877172999994, 6.10671116800006], [-2.35851993499995, 6.10687355400017], [-2.35833772399997, 6.10712757800002], [-2.35818872399983, 6.10720900200005], [-2.35798232899998, 6.10725637600007], [-2.35772912199991, 6.107200256], [-2.35753457599998, 6.10733932800014], [-2.35744345599988, 6.10747796800007], [-2.35723668699984, 6.10747926500011], [-2.35709950299986, 6.10757194200005], [-2.35712334199997, 6.10774448400008], [-2.3572505489999, 6.10785854300002], [-2.35745841299996, 6.10805284200006], [-2.35751701499993, 6.10825940400008], [-2.35730113499994, 6.10867474600013], [-2.35711806099988, 6.10882541700011], [-2.35691261499994, 6.10901059700012], [-2.35681033899994, 6.10919525700012], [-2.35681189399997, 6.10947112400015], [-2.35682497899995, 6.10974722200007], [-2.35672376899993, 6.1101157650001], [-2.35652953699997, 6.11031245700002], [-2.35646176499995, 6.11049677200009], [-2.35646271599984, 6.11066928600019], [-2.35652123099987, 6.11084139600018], [-2.35659156599991, 6.11109392200012], [-2.35655956699986, 6.11150828400014], [-2.35636579499982, 6.11175070900003], [-2.35617061199991, 6.11177497300008], [-2.35588350399996, 6.11182255200004], [-2.35575851099992, 6.11204198000007], [-2.35562147099995, 6.11219219000003], [-2.35548375199994, 6.11222754800013], [-2.35534603499997, 6.11226290700012], [-2.35513923499991, 6.11225240300013], [-2.35492263199995, 6.11251839900012], [-2.35492418699988, 6.11279426700003], [-2.35471827899994, 6.11293345400009], [-2.35443168799992, 6.11308464399997], [-2.35434096799997, 6.11324602000019], [-2.35408885299989, 6.11338566800003], [-2.35381465399996, 6.11364009500005], [-2.35376999999988, 6.11384760600004], [-2.35371381399995, 6.1140549750001], [-2.3535536249999, 6.11417079100005], [-2.35336965599987, 6.11417177100014], [-2.35318562899994, 6.11415001400002], [-2.35302376999994, 6.11394388200006], [-2.3530220159999, 6.11369101100018], [-2.35286076299997, 6.11362303100003], [-2.35260881799991, 6.11372788099999], [-2.35237981899996, 6.11385575600002], [-2.35208103399992, 6.11384600000008], [-2.35190850899994, 6.11381249900006], [-2.35166795199996, 6.11396365800005], [-2.35140401499996, 6.11398792100005], [-2.35121995999992, 6.11395462000002], [-2.35096861999989, 6.11419779300019], [-2.35080891699994, 6.11440542100013], [-2.35068882499996, 6.114503996], [-2.35057108999996, 6.1146015440001], [-2.35015659099997, 6.11467622700013], [-2.34993751799993, 6.11468684100015], [-2.34986934199998, 6.11484824700017], [-2.34988239599994, 6.11511245800011], [-2.34985030499985, 6.11549237000008], [-2.34978405399994, 6.11597572200009], [-2.34968197499995, 6.11620611600017], [-2.34958015599994, 6.11647113300018], [-2.3494562219999, 6.11687435800019], [-2.34937582999993, 6.11717086800007], [-2.34945666099998, 6.11740498700016], [-2.34942307899985, 6.11778666600003], [-2.34932345499993, 6.11800101200015], [-2.34928081699996, 6.11830144500004], [-2.34927057999994, 6.11850852500015], [-2.34913350799997, 6.11864736600018], [-2.3489277409999, 6.11884425800014], [-2.34867679799993, 6.11914444500019], [-2.34859849799983, 6.11952447300018], [-2.34841535999993, 6.11961778000017], [-2.34827794199987, 6.11972165200007], [-2.34807165599995, 6.11981519000017], [-2.34781910399983, 6.11981651299999], [-2.34742899099996, 6.11993393900013], [-2.34728081599997, 6.12014170999998], [-2.34712036499991, 6.12018879400017], [-2.3469818829999, 6.12007441700001], [-2.34680898199991, 6.11999492300004], [-2.34666029099998, 6.12009916800002], [-2.34651177299992, 6.12027266100012], [-2.34643263899994, 6.12045734900011], [-2.34639919599994, 6.12064140500007], [-2.34640077599988, 6.12092890100001], [-2.34650575799998, 6.12116980000019], [-2.34657646399995, 6.12146849200019], [-2.34640511399988, 6.12166512500005], [-2.34624517899988, 6.12181539100004], [-2.34593534599992, 6.12189781799998], [-2.34572948899995, 6.12205974100016], [-2.34564355599986, 6.12210629400005], [-2.34555762199994, 6.12215284700005], [-2.34539731399991, 6.12222301300017], [-2.34520209699991, 6.12223538900014], [-2.34509946999987, 6.12238551100012], [-2.34506648699988, 6.1226157320001], [-2.34502154199981, 6.12281153100002], [-2.34468924999993, 6.12296291800004], [-2.34442519399994, 6.12297598200001], [-2.34419618899989, 6.12310385400014], [-2.34402521099997, 6.12334630600014], [-2.34395843799996, 6.12372613300005], [-2.34401735499995, 6.12395595100003], [-2.34414542599995, 6.12427689300011], [-2.34419243999997, 6.12446092100009], [-2.34413604999997, 6.12462212400015], [-2.34396469799992, 6.12478430500016], [-2.34381591899989, 6.1248885490001], [-2.34374814099988, 6.12507303600017], [-2.34373755799987, 6.12524532100014], [-2.34372728999995, 6.12544103400006], [-2.34367072799995, 6.12560240900018], [-2.34348718499996, 6.12567246200001], [-2.34328118199994, 6.12577702199997], [-2.34299457999987, 6.12589384300014], [-2.34270800799987, 6.1260222030001], [-2.34260563799995, 6.12617215300008], [-2.34246821699992, 6.12627654100004], [-2.34228470199992, 6.12632368300018], [-2.34211222899995, 6.12631308900018], [-2.3418483719999, 6.12637214500012], [-2.34174574399992, 6.1265222670001], [-2.34172388799988, 6.12669492600008], [-2.34169047199987, 6.12689035100016], [-2.34164615699996, 6.12713231400005], [-2.34172727299989, 6.12729265600018], [-2.34172965499994, 6.12769539200008], [-2.34174224899982, 6.12787950600006], [-2.34190393699987, 6.12801639200018], [-2.34212232999994, 6.12801498500016], [-2.34253580099994, 6.12797812000002], [-2.34275428199987, 6.1280115080001], [-2.34285889099993, 6.12824069500016], [-2.34280232799995, 6.12840207200009], [-2.34287237299998, 6.12857415500002], [-2.34310304599995, 6.12873377900013], [-2.34311606999989, 6.12898679500006], [-2.34318614299991, 6.12917007500016], [-2.34330196799982, 6.12934204400005], [-2.34338334399996, 6.12950255800001], [-2.34334987199998, 6.12967541800015], [-2.3431440409999, 6.12984905400009], [-2.34301903999994, 6.13006830800015], [-2.34306648399996, 6.13032106499998], [-2.34297553099998, 6.13049424100012], [-2.34282683599986, 6.13059848600011], [-2.34260843999988, 6.13059989400006], [-2.34237994799992, 6.13083112100009], [-2.34228916599994, 6.13100412400013], [-2.34219812599997, 6.13114267600002], [-2.34202628299994, 6.13124697900003], [-2.34185398099993, 6.13127118199998], [-2.34167040799991, 6.13132986500017], [-2.34153332899996, 6.13143408100007], [-2.34148875499989, 6.13167552700014], [-2.34158260999993, 6.13200878600009], [-2.34162999599994, 6.13223863300004], [-2.34152837099987, 6.13254947100017], [-2.34167815799992, 6.13264091000002], [-2.34185083299991, 6.13266269900009], [-2.34203489499987, 6.13269600100006], [-2.34213947699993, 6.13291399200006], [-2.34210654899994, 6.13316712200003], [-2.34193510799997, 6.13332930300004], [-2.34174049099994, 6.13348000100007], [-2.3417303089999, 6.13367536800013], [-2.3418228999999, 6.13381277100007], [-2.34201929799991, 6.13396111100008], [-2.34206628299989, 6.13413342500013], [-2.34203292499996, 6.13435210500012], [-2.3421371629999, 6.13450102100018], [-2.34236717699991, 6.13453420800016], [-2.34260826199989, 6.13448674900008], [-2.34283867799996, 6.13457712400015], [-2.34287404799994, 6.13474963900012], [-2.34277230799995, 6.13501482800012], [-2.34269256799985, 6.13516454900002], [-2.34262470499993, 6.13534920900003], [-2.34262573799992, 6.13552163700007], [-2.34263876299991, 6.135774481], [-2.34269727899988, 6.13594676600013], [-2.34283631099993, 6.13617569400009], [-2.34280292499983, 6.13634872599999], [-2.34263056399993, 6.13634967400009], [-2.34236652899995, 6.13637393600015], [-2.34226430199993, 6.13658176400008], [-2.34207005699994, 6.13674383], [-2.34187687399992, 6.13712466200008], [-2.34200420199983, 6.13728471600018], [-2.34222303199988, 6.13735255500001], [-2.34229279199997, 6.13751309800006], [-2.34229382599989, 6.13768552600015], [-2.34246716399991, 6.13786872000003], [-2.34260573599994, 6.13798275300013], [-2.34297372199984, 6.13802679000014], [-2.3431926959999, 6.13815181800015], [-2.34325124099996, 6.13833547100018], [-2.34332137599989, 6.13854200600014], [-2.34344968099987, 6.13885175000019], [-2.34363472299998, 6.13906902100013], [-2.34378482699998, 6.13918336899997], [-2.34395721799996, 6.13919361600006], [-2.34415203799989, 6.13912370600013], [-2.34443910599992, 6.13908750100006], [-2.34450895299994, 6.13924804300018], [-2.34455585399991, 6.13942035600013], [-2.34471705799984, 6.13946542800016], [-2.34487829099993, 6.13952186800003], [-2.34502882599998, 6.13970494600005], [-2.34508714399993, 6.13990031300017], [-2.34522597599994, 6.14001434400006], [-2.34530735399994, 6.14017485700015], [-2.3451814899999, 6.1402905870001], [-2.34520633599993, 6.14062401700016], [-2.34517312199984, 6.14079670500007], [-2.34502419599994, 6.14091249200015], [-2.34485217899993, 6.14094823699998], [-2.34465698499992, 6.14097215500004], [-2.3445547579999, 6.14117998400008], [-2.34452145799992, 6.14138695000014], [-2.34448830199995, 6.1415827190001], [-2.34436258099993, 6.14172135900003], [-2.34419099599984, 6.14182600700013], [-2.34405397399996, 6.14198793100002], [-2.34390622599989, 6.14226477700004], [-2.34382731899996, 6.14250665500015], [-2.34370225999982, 6.14273727900007], [-2.34356483499988, 6.14284166800007], [-2.34339293299996, 6.14292340499998], [-2.3432558529999, 6.14302762199998], [-2.34330278099998, 6.14321096000009], [-2.34329191099988, 6.14332045800006], [-2.34328104199994, 6.14342995600009], [-2.34323629599987, 6.14360249900005], [-2.34309941699985, 6.14378733300009], [-2.34300834799996, 6.14394896800019], [-2.34289444499996, 6.14409929100015], [-2.34284946999986, 6.14428354900008], [-2.34287356599998, 6.14445574800004], [-2.34301216899991, 6.14458132100003], [-2.34318510799994, 6.14470680800002], [-2.3433236539999, 6.14480947100009], [-2.34339370299995, 6.14498155400003], [-2.34353187599993, 6.14507284900003], [-2.34368247099997, 6.14527918100003], [-2.34383297899996, 6.14545037300019], [-2.34391444599987, 6.14564568200007], [-2.3437665809999, 6.14587636400017], [-2.34365256399997, 6.14603237200009], [-2.34353854599993, 6.14618838100012], [-2.34339036499995, 6.14639615300007], [-2.34336896999986, 6.14664908300006], [-2.34346190899993, 6.14682110900009], [-2.34356658199994, 6.14703927000011], [-2.34352157999996, 6.14721215900011], [-2.34345382999993, 6.14744246700013], [-2.34340963099993, 6.14769562600003], [-2.34335346899991, 6.14791419200003], [-2.34327410299983, 6.14811042200012], [-2.34313693399992, 6.14821463800018], [-2.34295329699984, 6.1482500680001], [-2.34276948799982, 6.14828584300011], [-2.34257429199994, 6.14831010500018], [-2.34242447199995, 6.1482072980001], [-2.34225173399994, 6.14816225500005], [-2.34213780099986, 6.14830103800006], [-2.34204641399992, 6.14843959100006], [-2.34200138099993, 6.14860093900006], [-2.34192192699993, 6.14876237300012], [-2.34187689499993, 6.14892372000008], [-2.34187818699996, 6.14909614800013], [-2.34187982599991, 6.14940655500016], [-2.34182346399996, 6.14957947200014], [-2.34181293799998, 6.14977501200013], [-2.34180272899994, 6.14995901100002], [-2.34176965799998, 6.15018923200012], [-2.34178228099995, 6.15038471400015], [-2.34182938399994, 6.15060284800006], [-2.34172698199995, 6.15074142900011], [-2.34174493999996, 6.15086773600012], [-2.34176289699991, 6.15099404300003], [-2.34174072799988, 6.15117858800011], [-2.34162682199997, 6.15132856700018], [-2.34147849699991, 6.15147915000011], [-2.34132985499997, 6.15160630500009], [-2.34107754599989, 6.15167687600012], [-2.3408479819999, 6.15172396200012], [-2.34072217399995, 6.15186294600005], [-2.34055158799987, 6.15212830900009], [-2.34033375899998, 6.15222170300018], [-2.34021985399988, 6.15237185400008], [-2.34033548299993, 6.15249765700008], [-2.34041664699993, 6.15262380600012], [-2.34005540299995, 6.15374689400016], [-2.33998726399983, 6.15385662199998], [-2.34001115999996, 6.15405207600003], [-2.34005906699991, 6.15438545000006], [-2.33987511099997, 6.15436334600003], [-2.33949535399989, 6.15426232000016], [-2.33936988799991, 6.15440095899999], [-2.33906083999983, 6.15459828200011], [-2.33879650899996, 6.15461134700018], [-2.33860119299987, 6.15458909900013], [-2.3384405029999, 6.15464772500019], [-2.33846459899996, 6.15482026900008], [-2.33867285199995, 6.15506022000011], [-2.33884593799996, 6.15520896300006], [-2.33891598799994, 6.15538104600017], [-2.33885988199989, 6.15562286700003], [-2.33879247399983, 6.15585317400019], [-2.33874752699984, 6.15604897300011], [-2.33884043899997, 6.15620945800015], [-2.33901289299996, 6.1562429600001], [-2.33923213199995, 6.15636798700007], [-2.33916432299986, 6.1565755580001], [-2.33916535799995, 6.15674798700007], [-2.33906318399994, 6.15697872600003], [-2.33893866599993, 6.15728996600006], [-2.33895107399997, 6.15745082400002], [-2.33896348099995, 6.15761168400019], [-2.33893000699993, 6.15778437100016], [-2.3387580989999, 6.15786576400006], [-2.33857503299987, 6.15799369500007], [-2.33856470799998, 6.15816615300014], [-2.3386581659999, 6.15844153300003], [-2.33859044299987, 6.15864893000003], [-2.33830428299996, 6.15884619600018], [-2.33795989099997, 6.15891716900012], [-2.33755841599987, 6.15901153999999], [-2.33732156699989, 6.15911961700016], [-2.33709218199994, 6.15926801800009], [-2.33701086599996, 6.15956387400007], [-2.33741510399989, 6.15975709300017], [-2.33748452399988, 6.15988318500013], [-2.33748549899997, 6.16003253100001], [-2.33746378699993, 6.16026272400018], [-2.3374302549999, 6.16041232800012], [-2.33739672299987, 6.16056193400004], [-2.33732954499993, 6.1608844000001], [-2.33734164999987, 6.16097618300012], [-2.33751453699995, 6.16107876100011], [-2.33777901499991, 6.1611232300001], [-2.33806684199993, 6.16124791300007], [-2.33819423499989, 6.16143122200003], [-2.33832266099995, 6.16178678700004], [-2.33845140499994, 6.16220005800005], [-2.33848881499995, 6.16270571800015], [-2.33851830499998, 6.16283199600014], [-2.3385477949999, 6.16295827300019], [-2.33853134499998, 6.16310774999999], [-2.33866411599996, 6.16322205500012], [-2.33879064699994, 6.16326721400009], [-2.33887199899993, 6.16341618600012], [-2.33883841099981, 6.16354305300007], [-2.33871225399992, 6.16359539300015], [-2.33852889799994, 6.16365958800003], [-2.33821311699995, 6.16369603800018], [-2.33812833899992, 6.16391501999999], [-2.33810656899993, 6.16415641000009], [-2.33807361299995, 6.16439817200001], [-2.33799424199987, 6.16459405800009], [-2.33785755799994, 6.16479008700003], [-2.33766338899994, 6.16498695000007], [-2.33753748999982, 6.16509113800015], [-2.3372981419999, 6.16539129700004], [-2.33712714999996, 6.1656337500001], [-2.33696777699993, 6.16587617400012], [-2.33680883199992, 6.16618732900002], [-2.33688302199994, 6.16711854900012], [-2.33738703199998, 6.16784542400012], [-2.33760036899997, 6.16796512500002], [-2.33777297099994, 6.16805616199997], [-2.33787712899993, 6.1682047330001], [-2.33794683599996, 6.16830791400002], [-2.33802724199984, 6.16831890800006], [-2.33808429599992, 6.16821523700008], [-2.33814063099987, 6.16806505800002], [-2.33826601499987, 6.167892311], [-2.33838081399995, 6.16785705500013], [-2.33853006499987, 6.16786770400006], [-2.33866812899993, 6.16791283400005], [-2.33887549699995, 6.16800378300019], [-2.33901341699988, 6.16799120600012], [-2.33920821799995, 6.16790941000011], [-2.33930024299991, 6.16795534500011], [-2.33942703299994, 6.16800050300009], [-2.33961027499981, 6.16790736600012], [-2.33966735899992, 6.16784968800016], [-2.33972550599992, 6.16797563600011], [-2.33964607899992, 6.16814878400004], [-2.33952121399989, 6.16842522900009], [-2.33959089299998, 6.16855131900019], [-2.33963785299994, 6.16871174700015], [-2.33959241799994, 6.16881590500009], [-2.33947770399993, 6.16885081800018], [-2.33946689099992, 6.1689312900001], [-2.33952451999983, 6.16898850700011], [-2.33968587899994, 6.16909128500009], [-2.33977890799991, 6.16926296600019], [-2.33984956599988, 6.16957319900018], [-2.33983993199996, 6.16988346200003], [-2.33977304299998, 6.17021746800015], [-2.33974014499989, 6.17051659200018], [-2.33977505699994, 6.17060831900005], [-2.33995959299995, 6.17072223400015], [-2.34014320899996, 6.17067491800015], [-2.34024590299992, 6.17058250100001], [-2.34039460599996, 6.17044345900007], [-2.34058938099992, 6.17038491700004], [-2.34079614599995, 6.17037216700004], [-2.34100256699998, 6.17032513700008], [-2.34128979599996, 6.17031201100002], [-2.34151893399991, 6.17019567699998], [-2.34161104499998, 6.17027571700004], [-2.34158904599991, 6.17039067000007], [-2.34160089399995, 6.17048262600002], [-2.34171603999994, 6.17051661500011], [-2.34192245999998, 6.17046924100009], [-2.34210561599997, 6.17037644900006], [-2.34227738199996, 6.17023734700007], [-2.34244995599994, 6.17028238900008], [-2.34260015699994, 6.170465294], [-2.34270394399988, 6.17053393600003], [-2.34288747199997, 6.17048661900009], [-2.34315143599997, 6.17042755800009], [-2.34333484999996, 6.17033476400007], [-2.34348415799997, 6.17033369900008], [-2.34363340899989, 6.17034434700003], [-2.34369190299992, 6.17050491700019], [-2.34356658099995, 6.17070126400017], [-2.34348617399996, 6.17072454900006], [-2.34331509799995, 6.17089810100003], [-2.34324688599997, 6.17104796600012], [-2.34333918399994, 6.17111637800008], [-2.34345463099993, 6.17118473200003], [-2.3435240529999, 6.17131065100006], [-2.34352480099994, 6.17140280700005], [-2.34357698199995, 6.17150000200019], [-2.34369795099997, 6.17157411300019], [-2.34379049499989, 6.17168877500006], [-2.34383734099987, 6.17183766100015], [-2.34375748299993, 6.17194190600014], [-2.34368964599992, 6.17210331300009], [-2.34363339799995, 6.17232187800016], [-2.34354344699989, 6.17269004900015], [-2.34356763399995, 6.17286259200012], [-2.34367121899993, 6.17288489700013], [-2.34379781099989, 6.17295330900009], [-2.34382144999989, 6.17304489100019], [-2.34379919299994, 6.17319464000008], [-2.34373129799991, 6.17333296200013], [-2.34370907099992, 6.17349425200018], [-2.34376713199993, 6.17358592000011], [-2.34395132599997, 6.17366538300001], [-2.34421534799998, 6.17362906000011], [-2.34432960099991, 6.1735135290001], [-2.34441058399989, 6.17365095999997], [-2.34443419399997, 6.17373134499996], [-2.34433202099996, 6.17392728900001], [-2.34424149499995, 6.17416954100003], [-2.34415079499996, 6.17437665300008], [-2.34402492399994, 6.1744581050001], [-2.34401434299997, 6.17463056200006], [-2.34405000499987, 6.17481444400016], [-2.34426867899987, 6.17491638600006], [-2.34448761199997, 6.17501867200002], [-2.34474047799989, 6.17506316500004], [-2.34492406599992, 6.17500447800006], [-2.34508436099986, 6.1749234560001], [-2.34538315199995, 6.17492149500004], [-2.34555667899997, 6.17513913600004], [-2.34560326699989, 6.17525357000005], [-2.34555774599994, 6.17535738500004], [-2.34543219099993, 6.17546157400005], [-2.34528311299994, 6.1755201740001], [-2.34511145799996, 6.17560139700015], [-2.34503168699996, 6.17573992300009], [-2.34504474599987, 6.17600413500008], [-2.3451032989999, 6.17618778700017], [-2.34502381499993, 6.17633768000007], [-2.34500161699992, 6.17651033900006], [-2.34515164599992, 6.17658988800014], [-2.3453009559999, 6.1765889940001], [-2.34554171499997, 6.17650707900015], [-2.34581686699988, 6.1764133640001], [-2.34599996599997, 6.1762974880001], [-2.34624066599997, 6.17619266200018], [-2.34652804299992, 6.17627169100001], [-2.34664334799987, 6.17633418700007], [-2.34675865199983, 6.17639668400017], [-2.34709244499993, 6.17652107100008], [-2.34735029899991, 6.17641034600007], [-2.34747118299993, 6.17645000400012], [-2.34758690499996, 6.17657563200004], [-2.34780647499991, 6.17682726200007], [-2.34788866899987, 6.17710266700004], [-2.34782103699996, 6.17737914100019], [-2.34781077399992, 6.17754040100004], [-2.34793814499989, 6.17771199200007], [-2.34809947699995, 6.17780288100005], [-2.34830589999996, 6.17775602000017], [-2.34840899499994, 6.17768633899999], [-2.34866238099994, 6.1777997320001], [-2.34866336399995, 6.17798387400001], [-2.3487443759999, 6.17809804700016], [-2.34899816699993, 6.17826914599999], [-2.34912559599991, 6.17846381900006], [-2.34954996699997, 6.17933531700004], [-2.34959068999996, 6.17942711400008], [-2.34962638199988, 6.17962219200007], [-2.34968470799993, 6.17981703999999], [-2.34966276799997, 6.17995524800006], [-2.34954857399993, 6.18009386000017], [-2.34945750099996, 6.18022087400004], [-2.34946989899981, 6.18035899299997], [-2.34958496199994, 6.18042708800004], [-2.34966632099997, 6.1805762300001], [-2.34958726999992, 6.18079502600011], [-2.34950793299993, 6.18100245400001], [-2.34964683699997, 6.18117401500012], [-2.34969315399997, 6.18124848600013], [-2.34973946999997, 6.18132295500016], [-2.34984403799996, 6.18149494900018], [-2.34999334999998, 6.18152850400003], [-2.35008485499998, 6.18143594100013], [-2.35023968799993, 6.18140643700013], [-2.35026939799997, 6.18154985300009], [-2.35020161999995, 6.18176844900006], [-2.35023693799997, 6.18188342700017], [-2.35035223199998, 6.18197477600017], [-2.35050148499988, 6.18195097000017], [-2.35056963599993, 6.18181247400008], [-2.35061619899989, 6.18191571000011], [-2.35067446699998, 6.18208782000011], [-2.35087103399991, 6.18229385900003], [-2.35129697299982, 6.18247519700014], [-2.35165380299992, 6.18255370200012], [-2.35202118599994, 6.18255138900003], [-2.35229674399994, 6.18251537600014], [-2.35250411999994, 6.18260597300008], [-2.35263152199991, 6.18278927600011], [-2.35266678399989, 6.18291545100016], [-2.35262189999992, 6.18313416100011], [-2.35242755699994, 6.1832619540001], [-2.35219844599987, 6.18338949100007], [-2.35195771599996, 6.18348312300003], [-2.35172906499997, 6.18365665099998], [-2.35162689499992, 6.18388739199997], [-2.35175478799994, 6.18412788400002], [-2.3518347349999, 6.18405860500002], [-2.35191453399995, 6.18393162100017], [-2.35196080899993, 6.18402331700014], [-2.35192762699995, 6.18420737200017], [-2.35188225099984, 6.18433427000002], [-2.35187236499991, 6.18457580099999], [-2.35188464999993, 6.18473665900018], [-2.35178821499994, 6.1849384460001], [-2.35163313699991, 6.18492195900006], [-2.35149472099994, 6.18484238300005], [-2.3514035039999, 6.18494631400006], [-2.35141538499994, 6.1850499840001], [-2.35152024299992, 6.18526762400018], [-2.3515900999999, 6.18542816300004], [-2.35168313899987, 6.18563429100004], [-2.3518338689999, 6.18588678400005], [-2.35196130199989, 6.18608128300008], [-2.35213509399995, 6.18629874700014], [-2.35231934999996, 6.18640111600013], [-2.35245733199997, 6.18641178900003], [-2.35238651899988, 6.18607882300006], [-2.35227067499989, 6.1859070320001], [-2.35218925599992, 6.18573498100017], [-2.35222321699996, 6.18565445000019], [-2.35252218799985, 6.18572155900011], [-2.35264907199996, 6.18580133600005], [-2.35291356199997, 6.18584596700015], [-2.35321209999989, 6.18584400000003], [-2.3534536979999, 6.18588868900014], [-2.35372983499985, 6.18594448700009], [-2.35386833799993, 6.18605868500015], [-2.35394938299987, 6.18618474400017], [-2.35398458599997, 6.18628800900012], [-2.35395077199991, 6.18642624600011], [-2.35390530799998, 6.18651834800005], [-2.35382516099992, 6.18655911900015], [-2.35373365399988, 6.18659991800007], [-2.35367712199991, 6.18677283700009], [-2.35371228299982, 6.1868933290001], [-2.35374744399996, 6.18701382000006], [-2.35385195599991, 6.18719700800011], [-2.35394462099993, 6.18735748900014], [-2.35408321099993, 6.18747151500014], [-2.35433639999997, 6.18753891100005], [-2.35442802199998, 6.18749251200001], [-2.3545196149999, 6.18743457200003], [-2.35469155699991, 6.18736437000007], [-2.35481852799995, 6.18747876900005], [-2.35493379499997, 6.18755874700008], [-2.35506027499997, 6.18758099100017], [-2.35519774999989, 6.18749399500007], [-2.35535956399997, 6.18767117900018], [-2.35540664899986, 6.18787776900018], [-2.35539557999994, 6.18795824200004], [-2.35532757099998, 6.18808519700013], [-2.35539696999996, 6.18819974300004], [-2.35557027099998, 6.18832522200017], [-2.35582328899994, 6.18839261800008], [-2.35601847099986, 6.18839160300007], [-2.35623651399993, 6.18834436400016], [-2.3566612699999, 6.18829573700015], [-2.35690255099991, 6.18828289000004], [-2.35707504399994, 6.18832792500012], [-2.35732846699989, 6.1884530260001], [-2.35739771999994, 6.18851021100011], [-2.35752466199995, 6.18861255300004], [-2.35773140399994, 6.1885884240001], [-2.35783449899992, 6.18851891300011], [-2.35791456099997, 6.18849562600008], [-2.35813344299987, 6.18857465100012], [-2.35821971899998, 6.18860862200017], [-2.35830599599996, 6.18864259500009], [-2.35844461599993, 6.18876850499998], [-2.35847996599995, 6.18892913200006], [-2.3584463819999, 6.18905565400007], [-2.35840132399994, 6.18920546100009], [-2.35842520199992, 6.18938920000011], [-2.3584721119999, 6.18952688600012], [-2.3585761519999, 6.18965856900013], [-2.35884091799988, 6.18974315900016], [-2.35897837899995, 6.18965047700016], [-2.35921867699994, 6.18952256400013], [-2.35934466299989, 6.18945265000002], [-2.35956311099994, 6.18946311500008], [-2.35977049299987, 6.18958833200008], [-2.35998940499996, 6.18967906800009], [-2.36019629299994, 6.1897123010001], [-2.36025438999997, 6.18981550600006], [-2.36027823899997, 6.18998770300016], [-2.36032555499997, 6.19018309400008], [-2.36044154899997, 6.19041241600002], [-2.36068413399988, 6.19060627300018], [-2.36090304799995, 6.19073146000017], [-2.36094998799996, 6.19088034200001], [-2.36080646399995, 6.19121741200001], [-2.36088964699991, 6.19136088000016], [-2.36119483999994, 6.19152309600008], [-2.36140259899992, 6.19169430400007], [-2.36158198599992, 6.19191811500002], [-2.36160164099994, 6.19206687000013], [-2.3615826919999, 6.19219367799997], [-2.36164768099997, 6.19232534300011], [-2.36174040799989, 6.19250856000008], [-2.36190212399993, 6.19264577899997], [-2.36212118299994, 6.19279370200007], [-2.36238663299997, 6.19297613100014], [-2.36264320299989, 6.1931613380001], [-2.36296073499994, 6.19295562300005], [-2.36303004699994, 6.19301857700009], [-2.36318054699996, 6.19317856200013], [-2.36334191599997, 6.19328098500017], [-2.36352553899997, 6.19326862800011], [-2.36362782099991, 6.1930838780001], [-2.36369021899992, 6.19293419800016], [-2.36366052999995, 6.19275030300014], [-2.36368197099995, 6.19252011300006], [-2.36373876299996, 6.1924164400001], [-2.36384229299989, 6.19241583000007], [-2.3639005089999, 6.19256485500006], [-2.36390175499992, 6.19274899499999], [-2.36397130099982, 6.19288662200012], [-2.36408688599988, 6.19298899100016], [-2.36423570499994, 6.19289627800003], [-2.36433793199996, 6.19272324200011], [-2.3643833939999, 6.19263113900001], [-2.36456707199989, 6.19260689600009], [-2.36464794599993, 6.19269850100011], [-2.36477468399994, 6.19272074100019], [-2.36490125299991, 6.19277743200013], [-2.36496042599993, 6.19306460500019], [-2.36501895899988, 6.19323671200016], [-2.36509986299995, 6.19333985800012], [-2.36528400599997, 6.19339605700009], [-2.36551360999988, 6.19336015300013], [-2.36562751399981, 6.19321034100017], [-2.36567259799989, 6.19307173100009], [-2.36571797099992, 6.19294517700007], [-2.36582130199986, 6.19296747700014], [-2.36593743799995, 6.19315080500002], [-2.36593897899991, 6.19341538700007], [-2.36589392399992, 6.19356519500002], [-2.36575689999995, 6.19372678000019], [-2.36579178799997, 6.19380713400005], [-2.36592983099996, 6.19384071400003], [-2.36604553199993, 6.19395496700014], [-2.36610412399989, 6.1941499830001], [-2.36617358499996, 6.19428761000006], [-2.36633547699995, 6.19445910600018], [-2.36651976299993, 6.19450410700011], [-2.3667375469999, 6.19445669200019], [-2.36694425999997, 6.19442101900017], [-2.36723106499988, 6.19437342700013], [-2.36749512299997, 6.19434863100003], [-2.36766793799995, 6.19441691600008], [-2.36797952199993, 6.19466795200009], [-2.36826771999995, 6.19482740800009], [-2.36846336599996, 6.19487203500017], [-2.36873907499995, 6.19489337300018], [-2.36903752699988, 6.19485711800007], [-2.36917568899992, 6.19493686100003], [-2.36940662799992, 6.19508492300002], [-2.36967068699994, 6.19506047000004], [-2.36984265799987, 6.19500197600019], [-2.3700611399999, 6.19505808400004], [-2.37027924099993, 6.19503392200016], [-2.37045066099989, 6.19489481300008], [-2.37054225299994, 6.19483686900008], [-2.37070356299995, 6.19491638], [-2.37091083099995, 6.19499560000003], [-2.37116323899988, 6.19492518300012], [-2.37136916699995, 6.19478598500018], [-2.37142019099991, 6.19466501500011], [-2.37147121399988, 6.19454404500004], [-2.37151577199995, 6.19430225400004], [-2.37161757299998, 6.19404886000018], [-2.3717668139999, 6.19403650200007], [-2.37185927699994, 6.19411636299998], [-2.37190634099983, 6.19431175200009], [-2.37197690299996, 6.19457546700016], [-2.37207015599995, 6.19482809900006], [-2.37231286799988, 6.19510239200014], [-2.37252065799993, 6.19525068500008], [-2.37270468299988, 6.19526106000012], [-2.37285385199988, 6.19523724800013], [-2.37303741399995, 6.19520180500012], [-2.37317560199995, 6.19525846400006], [-2.37327974699997, 6.19539565600007], [-2.37340707099992, 6.1955445000001], [-2.37353361099991, 6.19558964800012], [-2.37364826599998, 6.19553147400012], [-2.37362356899996, 6.19523267200009], [-2.37355390799991, 6.19511830200003], [-2.37354173499995, 6.195003439], [-2.37356407399994, 6.19492259300011], [-2.37364448099993, 6.19489913000018], [-2.3737825529999, 6.19494424800018], [-2.37389825599996, 6.19505867100014], [-2.37407115899987, 6.19516106100008], [-2.37426651799996, 6.19519448900019], [-2.37463468999988, 6.19529568400014], [-2.37481642199998, 6.19688117800007], [-2.37466728299989, 6.19691653300004], [-2.37456418999983, 6.19698621900011], [-2.37451913699994, 6.19713602600018], [-2.37465817299994, 6.19735357100012], [-2.37483153999983, 6.19750195100016], [-2.37486686699998, 6.19765137799999], [-2.37477591799995, 6.19782438700003], [-2.37463834099992, 6.19787108000008], [-2.37462759199991, 6.1979744620001], [-2.37462811799998, 6.19807798600016], [-2.37468633799989, 6.19822718300014], [-2.37473368999997, 6.19843376700015], [-2.3746887559999, 6.19862956700001], [-2.3746093979999, 6.19882545600018], [-2.37443847399982, 6.19905637900018], [-2.3743022669999, 6.19933320300015], [-2.3742689209999, 6.19951743200005], [-2.37445344699989, 6.19965406900008], [-2.37469566299995, 6.19980209900007], [-2.37482239399998, 6.19987041400009], [-2.37494912499994, 6.1999387300001], [-2.37507647999985, 6.20009877000018], [-2.37503186399988, 6.20031748000014], [-2.37492920599993, 6.20045606700018], [-2.37499869599998, 6.20057043800011], [-2.37524024199996, 6.20059220500008], [-2.37534383299993, 6.20061484600006], [-2.37564287299989, 6.20070502100015], [-2.37581627099996, 6.20086459800012], [-2.37593221499986, 6.20107100400014], [-2.3759447089999, 6.20124322800018], [-2.37583080799993, 6.20139355900011], [-2.37571652999998, 6.201497727], [-2.37562546199996, 6.20162474400013], [-2.37559205999997, 6.20182016900003], [-2.37551226499994, 6.20194715600019], [-2.37540993399989, 6.20202818000013], [-2.37539839399994, 6.20210868400005], [-2.37553681599991, 6.2021885960001], [-2.37559471299983, 6.20226303300012], [-2.37564932499993, 6.20233358700006], [-2.37566520299987, 6.20248238400006], [-2.37551672899997, 6.20257889400006], [-2.37547359999991, 6.20267513200002], [-2.37546145499988, 6.20277128800012], [-2.37545459299997, 6.20287318400005], [-2.37544930899998, 6.2029594980001], [-2.3753926629999, 6.20308608100015], [-2.37528953899988, 6.20314422700017], [-2.37509476399993, 6.20323740599997], [-2.37495718499991, 6.20328392800013], [-2.37488944499989, 6.20347978700005], [-2.37490246399994, 6.20372160100015], [-2.37483472799994, 6.20395191200015], [-2.37475571599987, 6.20418225100008], [-2.37453918399996, 6.20444791500006], [-2.37445927199985, 6.2045633620001], [-2.37450589999997, 6.20468933300015], [-2.3745983959999, 6.20478090600017], [-2.37472578399996, 6.20495265900007], [-2.37469240799993, 6.20512517500015], [-2.37463617299994, 6.20534391300009], [-2.37463765999996, 6.20558541299999], [-2.3746531189999, 6.20578075500003], [-2.37458200699996, 6.20589613600004], [-2.37443231399993, 6.20585104900016], [-2.37432866399996, 6.20580584200007], [-2.37423709599994, 6.20584070299998], [-2.37419160899998, 6.20595588900011], [-2.37416932899993, 6.20605947300015], [-2.37408938499988, 6.20612892700007], [-2.37399767399995, 6.2061410500001], [-2.37390517799992, 6.20604965000012], [-2.37380114899992, 6.20595827900013], [-2.37367472599993, 6.20595912400012], [-2.37358310299993, 6.20600569800007], [-2.37350318799997, 6.20608652100009], [-2.37342327299984, 6.20616734500004], [-2.3733670339999, 6.20635146100017], [-2.37327602799991, 6.20653618299997], [-2.37316203599988, 6.20665171900015], [-2.37315204799995, 6.20691633000007], [-2.37320173599988, 6.20698278600008], [-2.37350174299985, 6.20697796600007], [-2.37375293699995, 6.20706258700005], [-2.37389692799997, 6.20709285600014], [-2.37403749299995, 6.20706062400012], [-2.37415250399994, 6.20710580100007], [-2.37434856199991, 6.20720813000008], [-2.37442856599995, 6.20716175800015], [-2.37445090299997, 6.20704663200002], [-2.37450795499996, 6.20697723700005], [-2.37472935099981, 6.20701046800008], [-2.37484127399995, 6.2070097890001], [-2.37499053099992, 6.20698597500007], [-2.37517459399987, 6.20704251400008], [-2.37516352699993, 6.20712264200012], [-2.37523316199992, 6.20722581500002], [-2.37540568999998, 6.20724810500008], [-2.37554283499998, 6.20716661599999], [-2.37565813299994, 6.20722333300017], [-2.37568221799995, 6.20738433100018], [-2.37563687699992, 6.20752242600014], [-2.37551077099988, 6.20754618000018], [-2.37536162999982, 6.20758170800008], [-2.37518959499988, 6.20761712200016], [-2.37498439899997, 6.20794029100017], [-2.37495096399994, 6.20808989700009], [-2.37491846299991, 6.20840056000014], [-2.37494275499995, 6.20864182800005], [-2.37500138399992, 6.20884838299997], [-2.37512833599988, 6.20895123400004], [-2.37527756699996, 6.2089503310001], [-2.37533461599998, 6.20884648400011], [-2.37535645799994, 6.2086738270001], [-2.37544647499982, 6.20833993200011], [-2.37555984999995, 6.20808624800009], [-2.37574288999991, 6.20794727900005], [-2.37599533099996, 6.207888056], [-2.37613302999995, 6.20788752600015], [-2.37619110199995, 6.20797918800008], [-2.37623761599991, 6.20809396200002], [-2.37620412099989, 6.20822048500008], [-2.37612421099993, 6.20833593200013], [-2.37605591499988, 6.20841689700018], [-2.37595287899995, 6.20850949500004], [-2.37589649599994, 6.20867087300007], [-2.37586271399988, 6.20878585600008], [-2.37586329999993, 6.2089122910001], [-2.37591033699994, 6.20909613800018], [-2.37595719799998, 6.20924536300015], [-2.37602697799997, 6.2093714450001], [-2.37614274399988, 6.20950826000012], [-2.37628091099992, 6.20958817200017], [-2.37643002199991, 6.20954127600004], [-2.37657927999993, 6.20951746000003], [-2.37664912399993, 6.2097010760001], [-2.37664999799983, 6.20983887900007], [-2.37654742699988, 6.20997746700016], [-2.37651384599985, 6.21010399100015], [-2.37656047699988, 6.21023047800003], [-2.37674494699996, 6.21034437600002], [-2.37694065999989, 6.21041225300007], [-2.37704454599998, 6.21051499200013], [-2.37702215099989, 6.21060703500018], [-2.37706339299984, 6.21077944300009], [-2.37713850599994, 6.21087080100017], [-2.37725336899985, 6.21085861600017], [-2.3773680569999, 6.21081215400005], [-2.37742522399992, 6.21075412700009], [-2.37755059799991, 6.21058085500016], [-2.3776417279999, 6.21047709200019], [-2.37781955599996, 6.21043571800016], [-2.37791781799984, 6.21050961900011], [-2.37787291499995, 6.21071713200018], [-2.37787384899991, 6.21087767300003], [-2.37795478499987, 6.21095807800003], [-2.37805925299989, 6.21111834900006], [-2.37807110999989, 6.2112101300001], [-2.37812921299991, 6.21131333300002], [-2.37820956399997, 6.2113012370001], [-2.37827829399993, 6.21125489400009], [-2.37839244499992, 6.21115072600014], [-2.37842720799989, 6.21123107900013], [-2.37848583499994, 6.21140318300019], [-2.37856718199993, 6.21157522700003], [-2.37868332799985, 6.21175837700008], [-2.37881039999996, 6.21190721900012], [-2.37894894099998, 6.211998327], [-2.37913303499994, 6.21206623300014], [-2.37922497599982, 6.21204273800004], [-2.37931619099982, 6.21193863000013], [-2.37945280899993, 6.21175396000012], [-2.37955596399985, 6.2117073550001], [-2.37962580499993, 6.21185634699998], [-2.37960378699989, 6.21199438100007], [-2.37967885899997, 6.21208599699997], [-2.37986843999994, 6.21209618300014], [-2.38004090899989, 6.21209556100007], [-2.38018961299997, 6.21199095800006], [-2.38021177299993, 6.21184155500003], [-2.38026853199983, 6.21172616800015], [-2.38037116199996, 6.21161048900007], [-2.38062316699995, 6.21148236100015], [-2.38082904299995, 6.21135487200019], [-2.38098933399993, 6.21123887000016], [-2.38118355699993, 6.21106541800003], [-2.3814470339999, 6.21091452300004], [-2.38173337699988, 6.21078630700009], [-2.38190572799994, 6.21077379900015], [-2.38214719599995, 6.21083001300002], [-2.38230854399995, 6.21092105900004], [-2.38244752599991, 6.21111517400004], [-2.38249456599988, 6.21129902000018], [-2.38250761799998, 6.21155185700002], [-2.38245185099993, 6.2118165870001], [-2.38256777099991, 6.21201145100002], [-2.38275180499994, 6.21205644600013], [-2.38282155699994, 6.21217098500011], [-2.38282205499996, 6.21226296900005], [-2.3829605709999, 6.21237698500011], [-2.38308714599998, 6.21243367000005], [-2.38327126599995, 6.21247866500016], [-2.38338651199996, 6.21254709400006], [-2.38345632499988, 6.21268471500014], [-2.38346912799994, 6.21297714700017], [-2.38340250099998, 6.21338015000003], [-2.38318857799993, 6.2133310960001], [-2.38313952399994, 6.21351990300013], [-2.38315212299995, 6.21368648900011], [-2.38315320999993, 6.21390507800015], [-2.38311986799994, 6.2140893080001], [-2.38319000199988, 6.21428411700015], [-2.38334022599997, 6.21443255300017], [-2.38347818499983, 6.21443202000006], [-2.38361585399986, 6.21441943000008], [-2.38373083799996, 6.21445340800005], [-2.38385807999992, 6.21456762600008], [-2.38392780699991, 6.21470524699998], [-2.38402004799997, 6.21479664700013], [-2.38442303499994, 6.21490928100019], [-2.38459600699997, 6.21503491999999], [-2.38455183299993, 6.2153223570001], [-2.38448380799997, 6.21550667600013], [-2.38445025999988, 6.21564491300012], [-2.38448617699993, 6.21588615000007], [-2.3844526879999, 6.21604729600011], [-2.3843151989999, 6.21612844400005], [-2.38395922099994, 6.21618794200003], [-2.38381045799997, 6.21626946399999], [-2.38367380999995, 6.21644293800017], [-2.38349062499998, 6.21655882900006], [-2.38322670499997, 6.2166063730001], [-2.38290543999994, 6.21667714900008], [-2.38266511199987, 6.21682798400002], [-2.38249337699995, 6.21697846800004], [-2.38238008999991, 6.21723232400012], [-2.38235825399988, 6.2174392610001], [-2.38235921599988, 6.21757706300014], [-2.38244053099993, 6.21770311500006], [-2.38261303599984, 6.21774813800016], [-2.38272898699984, 6.21795437000014], [-2.38261502599983, 6.21808144800002], [-2.38246573599997, 6.21809389700007], [-2.38230538099998, 6.21816967700011], [-2.38237519599994, 6.21832461100013], [-2.38247925699994, 6.21842700400003], [-2.38253748199998, 6.218576369], [-2.38255009699998, 6.2187601330001], [-2.38252834699995, 6.21896707000013], [-2.38243736799996, 6.21912853900005], [-2.38235698999995, 6.21916388900013], [-2.38225362399993, 6.21912988000008], [-2.38213293699988, 6.21915353700018], [-2.38212793199995, 6.21928024400006], [-2.38214030999995, 6.21940630300014], [-2.38222127799992, 6.21949790400015], [-2.38233666999997, 6.21958906900016], [-2.3825325059999, 6.21970293500016], [-2.38269370799992, 6.21973679200005], [-2.38284900299982, 6.21979908700013], [-2.38286761699993, 6.22002297100016], [-2.38278814099993, 6.22017286900012], [-2.38270831599988, 6.22028814400016], [-2.38261733699994, 6.22044961400019], [-2.38260659199995, 6.22055334000009], [-2.38271058599992, 6.22067916000003], [-2.38284943899993, 6.22083933800013], [-2.38290795299997, 6.22099990000009], [-2.38293172199991, 6.22113781500002], [-2.38296670699998, 6.22125279000005], [-2.38309319399997, 6.22127502400014], [-2.38319631999997, 6.22121687600008], [-2.38327655299992, 6.22115878800008], [-2.38336261699993, 6.22115839100013], [-2.3834492389999, 6.22127271400012], [-2.38346211399994, 6.22145682200005], [-2.38347400199984, 6.22156014400008], [-2.38360092699986, 6.22165127900007], [-2.38372735499991, 6.22165043100017], [-2.38386493699994, 6.22160373400015], [-2.38408377899992, 6.22169454300007], [-2.38406161999995, 6.22184386100002], [-2.38393609599996, 6.22195960099998], [-2.38381010699993, 6.22202935000018], [-2.38371848399993, 6.22207592600012], [-2.38363822099984, 6.22212247300013], [-2.38365031099994, 6.22222011000014], [-2.38366239899989, 6.22231774800008], [-2.38378973399995, 6.22246658800009], [-2.38382489499992, 6.22261549700011], [-2.38379187599992, 6.22285743000015], [-2.38367850099996, 6.22311059800012], [-2.3835777459999, 6.22354839100018], [-2.38355710899998, 6.2239508350001], [-2.38352359099986, 6.22410044100019], [-2.38358297999997, 6.22419640400005], [-2.38382258599989, 6.22416787100008], [-2.38392580199991, 6.22414417400017], [-2.38416741799995, 6.22418867100004], [-2.38445581799988, 6.22441701500009], [-2.38468730399995, 6.22466859000008], [-2.38475721299994, 6.2248751140001], [-2.38479304099991, 6.22508172700003], [-2.38475949399998, 6.22522013600002], [-2.38466810499995, 6.22532390100002], [-2.38449653599997, 6.22543993400012], [-2.38433580299983, 6.22548686500016], [-2.38409506399989, 6.22558016900007], [-2.38396922099997, 6.22567300000003], [-2.38389962199989, 6.2257541190001], [-2.3838355019999, 6.2261170810001], [-2.38378792399988, 6.22636475100018], [-2.38363021399988, 6.22662921800008], [-2.38358463899993, 6.22671012600006], [-2.3834940079999, 6.22690604500002], [-2.38341490999994, 6.22710193500006], [-2.38327803299995, 6.22728660700005], [-2.38314047899996, 6.22734484600016], [-2.38294516899987, 6.2273346770001], [-2.38278466199989, 6.22736972100017], [-2.38275073599993, 6.22746213900018], [-2.38281461199989, 6.22759977600009], [-2.38297040599991, 6.22773700099998], [-2.38300541599995, 6.22782872100015], [-2.38293706299993, 6.22792088500012], [-2.3827877409999, 6.22792179300018], [-2.38266142799995, 6.22793400900014], [-2.38247820899994, 6.2280387030001], [-2.38232938199997, 6.22809697100013], [-2.38220260399987, 6.22806302500015], [-2.38211051099989, 6.22802915900019], [-2.38194921799987, 6.22796119500009], [-2.38175393299997, 6.22792777200004], [-2.38148945199993, 6.22789487500012], [-2.38129423199996, 6.22791915700014], [-2.38120210799997, 6.22787357800019], [-2.38116686599989, 6.22775912000014], [-2.38113094899995, 6.22751771100013], [-2.38097934399991, 6.22713914500008], [-2.38087445499997, 6.22685226900018], [-2.38078195399993, 6.22676104400017], [-2.38068434399986, 6.22677301200008], [-2.38058064899997, 6.22677986800011], [-2.38042628799991, 6.22699732799998], [-2.38046358399987, 6.2273411110001], [-2.3803619119999, 6.22760275000019], [-2.3802244499999, 6.22769543900012], [-2.37999488999992, 6.22771998200011], [-2.3797759279999, 6.22761737300004], [-2.37965997499992, 6.22741131400016], [-2.37958984299996, 6.22725078200017], [-2.37941724599989, 6.22717130600017], [-2.37924441999991, 6.22710337200004], [-2.37914006099987, 6.22692019200002], [-2.37902437399993, 6.22678286199999], [-2.37877049099995, 6.22658904800016], [-2.37833409099989, 6.22663721300012], [-2.37818535699995, 6.22676472600011], [-2.37811755599995, 6.22693750400003], [-2.37807241399992, 6.22705268900006], [-2.37788977799994, 6.22724953699998], [-2.37771207899993, 6.22734241700005], [-2.37755852299995, 6.22758457800012], [-2.37747904399993, 6.22773482100018], [-2.37739866099997, 6.22775234300002], [-2.37731827799996, 6.22776986400015], [-2.37718019699992, 6.22772474800013], [-2.37712150899995, 6.22752990800018], [-2.37696015599994, 6.22743868800012], [-2.37687968099993, 6.22740479100003], [-2.37672998199997, 6.22735970700006], [-2.37656964999985, 6.22742954400007], [-2.37643212599994, 6.22749932100004], [-2.37631728899993, 6.22752304800014], [-2.37622475799998, 6.22741993500006], [-2.37644126499987, 6.22710862000014], [-2.37663449799987, 6.22675085800006], [-2.37646120599993, 6.2266024810001], [-2.37631182299992, 6.22658030400015], [-2.37612828199991, 6.22662763600016], [-2.37585311299989, 6.22672085500011], [-2.37558959799992, 6.22686055200006], [-2.37537162999985, 6.22690797400008], [-2.37521033699988, 6.22683966400012], [-2.37499160499993, 6.22672585499998], [-2.37469135699996, 6.22647479800008], [-2.37460954399995, 6.22625693500009], [-2.37443639399993, 6.22609701500005], [-2.37414852299997, 6.22597219000011], [-2.37392924699998, 6.22584701300013], [-2.3737106609999, 6.22575628600015], [-2.37359492099984, 6.22563049500013], [-2.37361708099996, 6.22548091800013], [-2.37373154099993, 6.22541154600009], [-2.37384585299998, 6.22531892000006], [-2.37390290699989, 6.22524935200016], [-2.37385607299996, 6.22511166900006], [-2.37372955599994, 6.22507806400017], [-2.37352314999993, 6.22513665000008], [-2.37343743799994, 6.22521490500003], [-2.37328243799993, 6.22524149100013], [-2.37307553399995, 6.22520809500003], [-2.37289140899998, 6.22516309800011], [-2.37273046499996, 6.22512975400002], [-2.37259244399991, 6.22510737500005], [-2.37243121099993, 6.22506231800014], [-2.3723959109999, 6.22492460500018], [-2.37231485499996, 6.22479889599998], [-2.37216521599993, 6.22477671900003], [-2.37193568499993, 6.22481262800005], [-2.37170632699997, 6.22484853600002], [-2.37151107599988, 6.2248611010001], [-2.37128145999998, 6.22489701000012], [-2.37108684999987, 6.22502446800019], [-2.3710185249999, 6.2251283440001], [-2.37084645699997, 6.22515256200012], [-2.37059359799991, 6.22515390800004], [-2.3704560139999, 6.22520060200003], [-2.37041095899991, 6.22535040900004], [-2.37046906199993, 6.22545326800014], [-2.37049279999991, 6.22557981500006], [-2.37041285199996, 6.22564909800019], [-2.37035576999995, 6.22572443500013], [-2.37036826399992, 6.22587934800003], [-2.37040908599994, 6.22600585100014], [-2.37034668899992, 6.22615570400018], [-2.37014068899992, 6.22627165000017], [-2.36999151299995, 6.22629580800003], [-2.36992292699995, 6.22638228699998], [-2.36988986899996, 6.22659511000012], [-2.36992560499988, 6.22680172500009], [-2.36993783999992, 6.22693967100014], [-2.36982358599988, 6.22705555100009], [-2.36969750299994, 6.22709050200007], [-2.36957151099989, 6.22716024800013], [-2.3694341339999, 6.22728738500012], [-2.36922953099986, 6.22761072500003], [-2.36908140599996, 6.22784158900015], [-2.36888714499997, 6.22800384100003], [-2.36870363199995, 6.22809664700009], [-2.36849783599996, 6.22825858500016], [-2.36830333999995, 6.22836364900019], [-2.36810814699987, 6.22839912300009], [-2.36800498699995, 6.22844572700001], [-2.36805190599995, 6.22858341100005], [-2.36815570999994, 6.22868615100003], [-2.36812224399989, 6.22882438800002], [-2.36799593199993, 6.22887105200016], [-2.36784719199989, 6.22896394000003], [-2.36782479399989, 6.22905615600018], [-2.36776855399995, 6.22924027100004], [-2.36767716199995, 6.22934455100017], [-2.36756281999988, 6.22945991500012], [-2.36748268299993, 6.22950628700005], [-2.36736816499996, 6.22957031900017], [-2.36725313299985, 6.22951919800011], [-2.36728668599994, 6.22938104700012], [-2.36724004199993, 6.22926644500006], [-2.36709128499996, 6.22933642300018], [-2.36701077199996, 6.22935394300004], [-2.36683525299998, 6.22912573700017], [-2.36673155499994, 6.22916631700014], [-2.36669052099984, 6.22930454600009], [-2.36671240199996, 6.22941328300016], [-2.36673593699993, 6.22951097800012], [-2.36598544599985, 6.23081432100008], [-2.36576747499993, 6.23086173900009], [-2.36567593699982, 6.23094276400013], [-2.36564207799995, 6.23102915300007], [-2.36571219499996, 6.23121828199999], [-2.36583883299988, 6.2312980530001], [-2.3659198009999, 6.23138965700008], [-2.36585164799988, 6.23151075800007], [-2.36565653799988, 6.23152917700008], [-2.36555303099993, 6.23154115800008], [-2.36546146299992, 6.23161081500007], [-2.36547392499989, 6.23173704700002], [-2.36553171099996, 6.23181734100012], [-2.36572743099993, 6.23188522100003], [-2.36582604799997, 6.23204542200006], [-2.36566061799988, 6.23224196600017], [-2.3654775089999, 6.23235785100007], [-2.36519208199991, 6.23264694900018], [-2.36510153299997, 6.23287766300007], [-2.36513692099987, 6.23304982800005], [-2.36527503299993, 6.23310648699999], [-2.36538984299995, 6.23307122200004], [-2.36555064399994, 6.23308183100011], [-2.36566557099985, 6.23309255700008], [-2.36574642399995, 6.23317279200006], [-2.36579334199996, 6.233310475], [-2.36563353299994, 6.23348366300013], [-2.36539290499985, 6.23362312500012], [-2.36520970599997, 6.23370473200004], [-2.36503818799997, 6.2338438430001], [-2.36492392999986, 6.23395920600012], [-2.36492445599993, 6.23406255900005], [-2.36496019299994, 6.23426951900012], [-2.36497242599995, 6.23440729400011], [-2.36498547399998, 6.23466030500015], [-2.36502077299997, 6.23479801900015], [-2.36498742399988, 6.23498224800005], [-2.3649536129999, 6.23512031300004], [-2.36480524599989, 6.23525901900013], [-2.36465618599993, 6.23532899700007], [-2.36447283999991, 6.23538752200017], [-2.36420896599992, 6.23545796900004], [-2.36401420699991, 6.23556268900001], [-2.36388815199996, 6.23560935100016], [-2.36369868299982, 6.23588077200014], [-2.36377546999995, 6.23605384500019], [-2.36396049999991, 6.23619535500012], [-2.36412278599994, 6.23644729200009], [-2.36422758099997, 6.23669954900009], [-2.36422842299987, 6.23682598300007], [-2.36416061799986, 6.23699910500005], [-2.36401248899995, 6.23722962300008], [-2.36382981399993, 6.23741475500015], [-2.3637382149999, 6.23747287100014], [-2.36356541599997, 6.23741612900005], [-2.36345002099995, 6.23732495899998], [-2.36338067199989, 6.23723332500003], [-2.36329970499992, 6.23714189300011], [-2.36324162899984, 6.23705023100018], [-2.36313803199988, 6.23702793300009], [-2.36302356599992, 6.23706319700017], [-2.36293780699992, 6.23713258000015], [-2.36285204599994, 6.23720196300013], [-2.36274929099994, 6.23730610000013], [-2.36284231799993, 6.23750102700018], [-2.36298054799983, 6.23756922800004], [-2.36317635999995, 6.23767155800016], [-2.36333774399998, 6.23777397800012], [-2.36338413999982, 6.23784276200013], [-2.36333908299991, 6.23799256899997], [-2.3632479769999, 6.2381080450001], [-2.36324887899991, 6.23825738900007], [-2.36334112199989, 6.23834896400007], [-2.36350279499987, 6.23846292400009], [-2.36351499799997, 6.23858932900015], [-2.36342348799997, 6.23868155100013], [-2.36326315199994, 6.23875172999999], [-2.36310226299986, 6.23874112200002], [-2.36298733299992, 6.23873039400019], [-2.36275881599994, 6.23896163700005], [-2.3624511619999, 6.23937722800008], [-2.36224574099987, 6.23962012499999], [-2.36206355999997, 6.23989706800012], [-2.36190424299986, 6.24016223900009], [-2.36182478799992, 6.24032367700011], [-2.36184861499987, 6.24048467600005], [-2.36195323099992, 6.24066785899998], [-2.36198277799997, 6.24081135900013], [-2.3620123259999, 6.24095485900011], [-2.36196776399987, 6.24119682300005], [-2.36195728099989, 6.2414035590001], [-2.36188950499997, 6.24158804900014], [-2.36174081799993, 6.24170384600018], [-2.36155744199993, 6.24175100200017], [-2.36138501799996, 6.24174042200002], [-2.36122476999992, 6.24184505200014], [-2.36120244399996, 6.24194855000019], [-2.36118011699989, 6.24205204800006], [-2.36120356699996, 6.24216688300004], [-2.36129694099998, 6.24239626100018], [-2.3613789609999, 6.24269491500002], [-2.36137983299989, 6.24283271800016], [-2.36130046599982, 6.2430286070001], [-2.36127815399993, 6.24312064999998], [-2.3613133639999, 6.24322391300012], [-2.36141722799988, 6.24331545800015], [-2.36148654799985, 6.24339537900011], [-2.36146429799987, 6.243544955], [-2.36133913999993, 6.24370668400019], [-2.36120271699997, 6.2439719680001], [-2.36110039699997, 6.24414500600005], [-2.36092939999992, 6.24438746999999], [-2.3608434809999, 6.24444539800004], [-2.36075755999991, 6.24450332600003], [-2.36057386199991, 6.24449312100012], [-2.36045840599996, 6.24437869500008], [-2.36037708699996, 6.24421819000003], [-2.36028412099984, 6.24408062500009], [-2.36014591599996, 6.24398951200016], [-2.35998517399997, 6.24403652300003], [-2.35983584399997, 6.24400306100011], [-2.35982335199998, 6.24386494200013], [-2.35983389399996, 6.24368077200018], [-2.35983308199991, 6.24356622300019], [-2.35970609299994, 6.24345182800005], [-2.35953354999998, 6.24339525600016], [-2.35932661299984, 6.24338511000002], [-2.35920029499994, 6.24339715000013], [-2.35892523299992, 6.24353687200016], [-2.35878842499989, 6.24368708800017], [-2.35874294499996, 6.24377359300013], [-2.35869746599991, 6.24386009700015], [-2.35869303599998, 6.24407844500013], [-2.35877939599993, 6.24412430000007], [-2.3589174519999, 6.24415787900011], [-2.35899879699997, 6.24429513000018], [-2.35891893699994, 6.24443365900004], [-2.35880458799988, 6.24451474200009], [-2.35862097799998, 6.2445389880001], [-2.35839099899994, 6.24448846500013], [-2.35816019199996, 6.24436857700016], [-2.35809190799989, 6.24443854900005], [-2.35797764699993, 6.24455408400013], [-2.35781725099991, 6.24463545899999], [-2.35769116499995, 6.24467092400005], [-2.35757637799998, 6.24468293300004], [-2.3573579369999, 6.24468418500015], [-2.3571054119999, 6.24468552600018], [-2.35696785099998, 6.24474375900007], [-2.35685361999992, 6.24487117900014], [-2.3567490879999, 6.24501894700012], [-2.35661793299988, 6.24522859000018], [-2.35650237099992, 6.24547695400008], [-2.35632449599996, 6.24559369400015], [-2.35628292299998, 6.24551844300009], [-2.35623888299995, 6.24543887200014], [-2.35614399399992, 6.24534671600014], [-2.35600585199995, 6.24531296400005], [-2.35592528699993, 6.24524461400006], [-2.35598187899996, 6.24509477600009], [-2.35605610999994, 6.24504264900014], [-2.35613033899995, 6.24499052200002], [-2.3562789959999, 6.24482856100019], [-2.35634674499994, 6.24463270300015], [-2.35626592199998, 6.24456435200011], [-2.3560932339999, 6.24448487000006], [-2.35588603499991, 6.24443992700003], [-2.35574838499997, 6.244463709], [-2.35557651399995, 6.24456819500011], [-2.35546251199986, 6.24468407300014], [-2.35534781499996, 6.24473070500011], [-2.35520967199989, 6.24469678200001], [-2.35501397699994, 6.24464061300012], [-2.35472711299985, 6.24467649100006], [-2.35456625199987, 6.24467759500016], [-2.35443978799998, 6.24466689500014], [-2.35440443099998, 6.24450627100015], [-2.35440355999998, 6.24436812200003], [-2.35428819399993, 6.24428831900008], [-2.35416214999998, 6.24434075100015], [-2.35394511499987, 6.24455482200017], [-2.35387701799993, 6.24471588599999], [-2.35373983299996, 6.24482045500002], [-2.35362493199995, 6.24482109400003], [-2.35353384899997, 6.24467114100014], [-2.35340157599995, 6.24466321500017], [-2.35333766199989, 6.24479978400001], [-2.3532238059999, 6.24497285200016], [-2.35312067099989, 6.24503099500004], [-2.35300573999996, 6.24501992100005], [-2.35291280299992, 6.24485961599999], [-2.35279543799987, 6.24468166500009], [-2.35263487099985, 6.24475045800006], [-2.35245360399995, 6.24492005200005], [-2.35223585499995, 6.24499020400015], [-2.35204085899989, 6.24507183800017], [-2.35168548899998, 6.24517748400018], [-2.35128131999994, 6.24520870000009], [-2.35083113999991, 6.24524347100004], [-2.35043621499983, 6.24530650000003], [-2.35018891599998, 6.24553969700003], [-2.3501150649999, 6.24581904000019], [-2.35005986199997, 6.24620986200017], [-2.34999263399988, 6.24650941800007], [-2.34994832499996, 6.24675103700008], [-2.34984666799988, 6.24705051000007], [-2.34972118999991, 6.24722360600003], [-2.34955070899991, 6.24753531400006], [-2.34944908299997, 6.24788060700013], [-2.34931325699989, 6.24818034000015], [-2.34921125299991, 6.24844536200004], [-2.34898298599995, 6.2487110510001], [-2.34867444599996, 6.24898883400004], [-2.34863491899989, 6.24909840500015], [-2.34859539199994, 6.24920797600009], [-2.34861961899998, 6.2494261650001], [-2.34882838699991, 6.24974671800004], [-2.34923343499997, 6.25025039500008], [-2.34963813599995, 6.25071927600004], [-2.34970785999997, 6.25083967800009], [-2.34977758599996, 6.25096008000008], [-2.34976765099992, 6.25128188300016], [-2.34974635399993, 6.25156943500014], [-2.34975991699991, 6.25189135000005], [-2.34963545399989, 6.25222550600017], [-2.34937185899997, 6.25234194000001], [-2.34911985299988, 6.25244663000018], [-2.34893689999996, 6.25278697500016], [-2.34884486599998, 6.2530554060001], [-2.34867276599994, 6.25327358100009], [-2.34839741099989, 6.25353784200001], [-2.34825965099986, 6.25372147800016], [-2.34819000299996, 6.25384863500011], [-2.34816772399989, 6.25401767900001], [-2.3481452929999, 6.25412506200013], [-2.34805285699997, 6.2545143430001], [-2.34791387799993, 6.25473345800003], [-2.34775543699988, 6.25490268000016], [-2.34776635899988, 6.25510762500016], [-2.34783431099993, 6.25529172400019], [-2.34797316799995, 6.25542102100013], [-2.34815682199996, 6.25551253500009], [-2.34860454699998, 6.25567330900009], [-2.34884561699994, 6.25583409600011], [-2.34888570399988, 6.25594311800012], [-2.34892579099989, 6.25605214100017], [-2.34895715799991, 6.25621409900003], [-2.34889870499995, 6.25633676100006], [-2.34882724999994, 6.25645464800016], [-2.34872516799993, 6.25664367300004], [-2.34865060999988, 6.25678718300003], [-2.34843264399996, 6.25717773400009], [-2.34831795699989, 6.25746466600003], [-2.34829518699996, 6.25761407200014], [-2.34835269299992, 6.25778618100009], [-2.34851340099988, 6.25795837100014], [-2.34865092399997, 6.25808480100011], [-2.34874297299996, 6.25823391200009], [-2.34875437299985, 6.25838323000005], [-2.34874290499988, 6.25850952399998], [-2.34870834399993, 6.25869306800007], [-2.34874306799998, 6.25880804700012], [-2.34882338399996, 6.25898027100015], [-2.34884649299994, 6.25916401000012], [-2.34889241699989, 6.25945121900003], [-2.34898429699996, 6.25963478200003], [-2.34911042899989, 6.25974969800012], [-2.34923675799996, 6.25980690800003], [-2.3494088789999, 6.25989845200019], [-2.34989066499998, 6.26004776700017], [-2.35001702399995, 6.26011669000007], [-2.3501087279999, 6.26023152300007], [-2.35015493099991, 6.26039246500011], [-2.35016625199995, 6.26064479400009], [-2.35013192599996, 6.26088604200015], [-2.35016645099989, 6.26102375900012], [-2.35026980399994, 6.26115010399997], [-2.35043059299988, 6.2612532170001], [-2.35064845099987, 6.26135670000002], [-2.35076330899989, 6.26147147300003], [-2.35090112599994, 6.26171227900005], [-2.35106193999991, 6.26212597299997], [-2.35123395199992, 6.26227505000014], [-2.35142900299991, 6.26241304400003], [-2.35171608699994, 6.26245846900014], [-2.35194538699989, 6.26249301900015], [-2.35204882199992, 6.26255063200006], [-2.35209471899992, 6.26282612600011], [-2.35214635999995, 6.26299256600004], [-2.35219800199985, 6.26315900600014], [-2.35232444999991, 6.26326238000013], [-2.35248509399997, 6.26330813100009], [-2.35280629099998, 6.26333107400012], [-2.35313909299992, 6.26354898400007], [-2.3533688089999, 6.26377852800005], [-2.35356396599997, 6.26415768000015], [-2.35363283999982, 6.2643642110001], [-2.35367891899989, 6.26474305900018], [-2.35375925399995, 6.26512199100006], [-2.35390840999997, 6.2653860210001], [-2.35405760999987, 6.26546633900017], [-2.35420243599998, 6.26554387900018], [-2.35439800399996, 6.26561238100015], [-2.35463662099983, 6.26566064500008], [-2.35490659499987, 6.26561106800011], [-2.35532865699997, 6.26548346700014], [-2.35556712899989, 6.26538968400013], [-2.35572205199992, 6.26538181600017], [-2.35582851599986, 6.2654390460001], [-2.35594384399997, 6.2655911380001], [-2.35615374299994, 6.26564522500001], [-2.35627248099991, 6.26561487600009], [-2.35642156199998, 6.26564963100003], [-2.35658215299986, 6.26574120100014], [-2.35668542299987, 6.26586737100013], [-2.35683490799988, 6.26592486300007], [-2.35693796699991, 6.26593631000003], [-2.35713303199998, 6.26587896000012], [-2.35745451499992, 6.26587899100002], [-2.35763805499994, 6.26592485200018], [-2.35770689099991, 6.26601631500017], [-2.35785615199995, 6.26611997200013], [-2.35799386799994, 6.26611978900002], [-2.35821173999994, 6.26602775600014], [-2.35836090699996, 6.26606216600015], [-2.35840681999991, 6.26614266300015], [-2.35839550599997, 6.26636077000018], [-2.35838406999983, 6.26649860600003], [-2.3583841119999, 6.26664778100019], [-2.35848734899992, 6.26672812900011], [-2.35863663899994, 6.26684298200013], [-2.35868244099993, 6.26698067000012], [-2.35872854099989, 6.26723325200004], [-2.35883180899992, 6.267325142], [-2.35895807999998, 6.26735943900013], [-2.35908408899991, 6.26732500500009], [-2.35931372999994, 6.26729082000003], [-2.35958921299988, 6.26721017900019], [-2.35991040899989, 6.26719849400001], [-2.36007105399995, 6.26724441499999], [-2.36054353699996, 6.26756603800004], [-2.36074513699998, 6.26774378200003], [-2.36092106199993, 6.26799347200006], [-2.36108858299997, 6.26832656800013], [-2.3612843979999, 6.26856513200011], [-2.36157821599988, 6.26877096300018], [-2.36165189099995, 6.26892603600015], [-2.36154169699995, 6.26909308700004], [-2.36143269499991, 6.26916525100012], [-2.36138130799992, 6.26929477100003], [-2.36138453199993, 6.26942990000009], [-2.36145652399995, 6.2694900940001], [-2.36160891899993, 6.26952995200003], [-2.36176123199994, 6.26953818200019], [-2.3620455279999, 6.26951756200009], [-2.36236681599985, 6.26957460600016], [-2.36252738199988, 6.26968942900015], [-2.36272253799996, 6.26996505000017], [-2.36294082699993, 6.27033242300007], [-2.36302111099997, 6.270688269], [-2.36313599399989, 6.27100991800006], [-2.36318203599996, 6.27123941600007], [-2.36318196999997, 6.27144612500001], [-2.36325110699994, 6.27165265400015], [-2.36336586199991, 6.27182512800005], [-2.36348058399989, 6.27198554600017], [-2.36359535699989, 6.27206586400007], [-2.36373316499993, 6.27210030100014], [-2.36389374899989, 6.27208885800019], [-2.36403134699998, 6.27204268000008], [-2.36421496899993, 6.27201998200019], [-2.36430100399991, 6.27206290800018], [-2.36439852299998, 6.27216919400007], [-2.36447896599998, 6.27238723500011], [-2.36461670499995, 6.27259375600005], [-2.36477757699993, 6.27259402600004], [-2.36524805999994, 6.27262794200004], [-2.36535281499982, 6.27277788200018], [-2.36551305499995, 6.27338680500003], [-2.36563344499996, 6.27351034100013], [-2.36572010399993, 6.27368550500006], [-2.36571827799986, 6.27408804600003], [-2.36587681899994, 6.27459680700014], [-2.36590396599996, 6.27477474800003], [-2.36596493699994, 6.27501611000008], [-2.36603723699994, 6.27519418700018], [-2.36609786999992, 6.27530616400009], [-2.36621318299996, 6.27544962600007], [-2.36639471099994, 6.27564179500007], [-2.36641795999992, 6.27574236800012], [-2.36630466399987, 6.27581985900008], [-2.36618984099988, 6.27581981300006], [-2.36602925599993, 6.27583125700011], [-2.3659259179999, 6.27591179800015], [-2.36582272899989, 6.27604952700005], [-2.36574815399985, 6.27613576400017], [-2.3656735809999, 6.27622200000002], [-2.36554732699994, 6.27639424200009], [-2.36545559399997, 6.27660101700002], [-2.36540973099989, 6.27673894100008], [-2.36545582499997, 6.27688816800008], [-2.36559349399994, 6.27696825300006], [-2.36567963599992, 6.27706001299998], [-2.36560499099988, 6.27715202000007], [-2.3655018209999, 6.27719811000014], [-2.36532965199996, 6.27728968300016], [-2.36522625799989, 6.2773817640001], [-2.36519204799993, 6.27756547900009], [-2.36520348399989, 6.27772633700005], [-2.36527244399991, 6.27786396300007], [-2.36540446899994, 6.27787533200006], [-2.36549058799994, 6.2778756240001], [-2.36562815799994, 6.27781790400007], [-2.36582322099991, 6.27772610000017], [-2.36599547999998, 6.27766863400018], [-2.36614455999995, 6.27766858900009], [-2.36623639099992, 6.27782923700005], [-2.36628804599991, 6.27793262900008], [-2.36634058499993, 6.27802839600008], [-2.3664390909999, 6.27833866600002], [-2.36645691599995, 6.27856288900017], [-2.36644604499986, 6.2788015640001], [-2.36654716199996, 6.27901119400008], [-2.36666816899992, 6.27913451400013], [-2.36683495699998, 6.27918295800009], [-2.36700774599996, 6.27932914400009], [-2.36701722199996, 6.27959747900019], [-2.36700585199998, 6.27979267500018], [-2.36704038399989, 6.27993039100016], [-2.36714368499992, 6.28003364700004], [-2.36748805199994, 6.28038949100016], [-2.36792420599994, 6.28075680700016], [-2.36813082799989, 6.28087150800013], [-2.36825698799993, 6.28089460400014], [-2.36840626799994, 6.28087147700006], [-2.36863556899993, 6.28083711500005], [-2.36879630399989, 6.28088268700009], [-2.36891107899987, 6.28096317500018], [-2.36896269099998, 6.28104925500003], [-2.36901430299997, 6.28113533400011], [-2.36907188499987, 6.28136514600016], [-2.36906028899989, 6.28157188300008], [-2.36898028399992, 6.28172092200009], [-2.36871623199994, 6.28196208200018], [-2.36859011799987, 6.28208850400011], [-2.36856723299996, 6.28219191700009], [-2.36862451099989, 6.28227221100013], [-2.36869335699993, 6.282398468], [-2.36867998199995, 6.28258243400012], [-2.36863159799992, 6.28276082600019], [-2.36853402799994, 6.28280996100005], [-2.36839904999988, 6.28283906700017], [-2.36827275199994, 6.2828911520001], [-2.36820680499989, 6.28294595400018], [-2.36817842299985, 6.28308116400018], [-2.36818169399993, 6.28323354400004], [-2.36827498399992, 6.28326265200013], [-2.36845289999991, 6.28323677899999], [-2.36855609999992, 6.28320223000009], [-2.36879693099996, 6.28313321400009], [-2.36900351299988, 6.28313336300016], [-2.36918711899989, 6.28320230200012], [-2.36943977799996, 6.2834429720001], [-2.36978414599992, 6.28376453400006], [-2.36995932699995, 6.28392757900014], [-2.3700772599999, 6.28397327500005], [-2.37024674899993, 6.28395557900018], [-2.37034640699989, 6.28390207299998], [-2.37044980599984, 6.28384478500004], [-2.37064484099989, 6.283741437], [-2.37080536999997, 6.28374118900018], [-2.37095454399986, 6.28377559400008], [-2.37119551099988, 6.28389037400018], [-2.37158592199995, 6.28414291300004], [-2.37173067599997, 6.28433807400012], [-2.37172505699994, 6.28487158199999], [-2.37188681399988, 6.28502559100008], [-2.37256043199994, 6.28507998100014], [-2.37294940199996, 6.28552595500008], [-2.37331885999993, 6.28537281500019], [-2.37358879499993, 6.28539960600017], [-2.37366336799988, 6.28542817700014], [-2.37377785699994, 6.28549712299997], [-2.37391587999991, 6.28561199900008], [-2.37404201799995, 6.28569211200005], [-2.3742143209999, 6.28574953700007], [-2.37436343799993, 6.28579548300019], [-2.37448946199993, 6.28586422600006], [-2.37456998499994, 6.28597890900005], [-2.3746619879999, 6.28610527500001], [-2.37478815799989, 6.28619727300003], [-2.37493730599988, 6.28625475900014], [-2.37517823999991, 6.28632320000003], [-2.37562572999991, 6.28641504200016], [-2.37583240299995, 6.28644946600002], [-2.37606198399993, 6.28658718300011], [-2.37628011299995, 6.28669030800006], [-2.37652118599993, 6.28671327200016], [-2.37688807099988, 6.28672470900011], [-2.37710625599993, 6.28681646399997], [-2.37737031999984, 6.28690844200014], [-2.37765724999997, 6.28698847300012], [-2.37808168499981, 6.28695393800018], [-2.37865108799991, 6.28683944100004], [-2.37900963099992, 6.2868131940001], [-2.37922148299998, 6.28695064699997], [-2.37953378399988, 6.28682331200002], [-2.37992507299992, 6.28666215800018], [-2.3812948449999, 6.28695278300017], [-2.38153231399986, 6.28703231499998], [-2.38200232199995, 6.28702405300004], [-2.38214955199993, 6.28698856500012], [-2.38224069999995, 6.28689249200005], [-2.38246530199996, 6.28706725500007], [-2.38266046999996, 6.28730806800019], [-2.38286729899983, 6.28762981100004], [-2.38300503599993, 6.28815775400011], [-2.38323482099986, 6.28889267599999], [-2.38340723499982, 6.28951268300005], [-2.38356805299998, 6.28991430200017], [-2.38363694599991, 6.29004064100002], [-2.38370583999995, 6.29016697899999], [-2.38387806899988, 6.29029330300017], [-2.38413061499989, 6.29048831700015], [-2.38433725799996, 6.29070636200015], [-2.38445182999993, 6.29093584700001], [-2.38461266099989, 6.29121171800006], [-2.38494551299993, 6.29156740400015], [-2.38530151899988, 6.29172803600011], [-2.38551949899988, 6.29177362200016], [-2.38576045199994, 6.29175076200005], [-2.3862080639999, 6.29165879699997], [-2.38656364399986, 6.29165871500015], [-2.38678161899998, 6.29167002200012], [-2.3869881629999, 6.29178488500014], [-2.38727541499998, 6.29208315700009], [-2.38770007299991, 6.29255400900018], [-2.38810192699987, 6.29305919800015], [-2.38821666799993, 6.29344905000005], [-2.38822828199994, 6.29377079200003], [-2.38818259799996, 6.29410370900013], [-2.38814816899998, 6.29429896600004], [-2.38818282899996, 6.29448267000015], [-2.38833193499988, 6.29462042200015], [-2.38852697599992, 6.29474668300003], [-2.38864203199995, 6.29493051800006], [-2.38871084999988, 6.29520594200011], [-2.38873402799993, 6.29553884900002], [-2.38953026599989, 6.29650453900018], [-2.38917095199992, 6.29806501000007], [-2.38918247699991, 6.29854729200002], [-2.39011290699989, 6.30082012800011], [-2.3905950169999, 6.30146290300013], [-2.39096236899991, 6.301646581], [-2.39122646699991, 6.30171546800011], [-2.39151319099994, 6.30171522099999], [-2.39178857899998, 6.3016924370001], [-2.39211000599994, 6.30160028500012], [-2.39254604499996, 6.30158861400014], [-2.39499071799997, 6.30283919700014], [-2.3952546999999, 6.30289671300005], [-2.39551871699996, 6.30316058900007], [-2.39559911799995, 6.30335571100005], [-2.39573686599982, 6.30365403100001], [-2.39616162199997, 6.30409041999997], [-2.39637990199998, 6.30434270500018], [-2.39662088199987, 6.30461835600016], [-2.39690799499982, 6.30485943100012], [-2.39971989999987, 6.30594915100005], [-2.40101031099994, 6.30841724000004], [-2.40115621799987, 6.30869630600006], [-2.40247363299989, 6.3094965790001], [-2.40042054299994, 6.3169656610001], [-2.40021353199995, 6.31764283100017], [-2.40021345499991, 6.31791843700006], [-2.40021337799993, 6.31819404400005], [-2.40015324599995, 6.32278752600013], [-2.40003724199994, 6.32808282000008], [-2.39997615099992, 6.33087153000002], [-2.39987239899995, 6.33492726200006], [-2.39979990299997, 6.33776129500018], [-2.39967157899997, 6.34125219099997], [-2.39955654199991, 6.34168847600012], [-2.39601145399996, 6.33882496700005], [-2.3950157349999, 6.33802067500011], [-2.38982328399993, 6.33426048600012], [-2.39003221999997, 6.33541827700009], [-2.39040014099993, 6.33745704400013], [-2.39046877499993, 6.33775589400017], [-2.39043434099995, 6.33807724100018], [-2.39037681799988, 6.33829546900012], [-2.39022736499993, 6.33854805000016], [-2.39013551199997, 6.33870866500001], [-2.39002035599998, 6.33900714600014], [-2.38999736499994, 6.3392941840001], [-2.39000294799996, 6.33946642300003], [-2.39000853099998, 6.33963866200014], [-2.39009995299989, 6.34044267400009], [-2.39015692199996, 6.34114307900018], [-2.39037454499987, 6.34178621100011], [-2.39062677899994, 6.34214244600003], [-2.39077591499995, 6.34250998100015], [-2.39075267999988, 6.34286592100011], [-2.39069521299996, 6.34323349400006], [-2.39068328499991, 6.34360094400006], [-2.39067161599985, 6.34428999300013], [-2.39061387799995, 6.34474903400002], [-2.39042975599989, 6.34530005200014], [-2.39017689499997, 6.34593169900012], [-2.39004483199994, 6.34620145900004], [-2.38991276799993, 6.34647121900014], [-2.38968296999985, 6.34674658100005], [-2.38945325799995, 6.34686122900007], [-2.38909734299989, 6.34697587100015], [-2.38891360099996, 6.3470907410001], [-2.38873002299994, 6.34733170000004], [-2.38847723299983, 6.34757284500017], [-2.38820166599993, 6.34785952599998], [-2.38770793399993, 6.34833007000003], [-2.38715649299996, 6.34878905600016], [-2.3866973399999, 6.34912170300009], [-2.38639874499989, 6.34932826000005], [-2.38610014799997, 6.34953481800005], [-2.38567523299997, 6.34989062700009], [-2.38530792099988, 6.35015464300011], [-2.38486002599996, 6.35038407800016], [-2.38441548199995, 6.35043379700011], [-2.38410669199988, 6.35046833300009], [-2.38358590199994, 6.35052657900013], [-2.38335647399987, 6.35039429800014], [-2.38319593299991, 6.35010740500007], [-2.38295516599987, 6.34969377500016], [-2.38270310499991, 6.34917682299999], [-2.38264596299996, 6.34860267700014], [-2.38255449099995, 6.34797091800016], [-2.38233087899994, 6.34769521700002], [-2.3821072689999, 6.34741951700011], [-2.38169419799993, 6.34705182100004], [-2.38133846899996, 6.34691393200012], [-2.38100576099981, 6.34682162900003], [-2.38081055499993, 6.34686762500007], [-2.38073014299994, 6.34699375700006], [-2.38070715499987, 6.3471545320001], [-2.38071852699994, 6.34738411800009], [-2.38071823399991, 6.34769417799998], [-2.38063779499993, 6.34800445100018], [-2.38046537599996, 6.34842900300015], [-2.38027006699997, 6.34872752400008], [-2.37975329999983, 6.348956794], [-2.3794663679999, 6.34908296000015], [-2.37901849599996, 6.34912842300008], [-2.37867446699994, 6.34911693600014], [-2.37841045199991, 6.34918585200012], [-2.37824963399993, 6.34931185400006], [-2.37812314499996, 6.34949547000002], [-2.37804262599997, 6.34967930800013], [-2.37800815399993, 6.34998911500008], [-2.37809979399998, 6.35026482400008], [-2.37819153999993, 6.350483172], [-2.37850100899993, 6.35112641000012], [-2.37856955299992, 6.35142491800013], [-2.37853512099991, 6.35162017500005], [-2.37847751599998, 6.35171214000007], [-2.37836283299987, 6.35180356900008], [-2.37821357699988, 6.35190714700013], [-2.37802985899998, 6.35203321000017], [-2.37791488799996, 6.35211344200007], [-2.37781161799995, 6.35232025100004], [-2.37774261999982, 6.35259569900012], [-2.37771935999996, 6.35284828700003], [-2.37774225299995, 6.35316982700016], [-2.37782250799995, 6.35330776100005], [-2.37800593199995, 6.35349158700018], [-2.37816662199998, 6.35364102000017], [-2.37825820199993, 6.35389364700001], [-2.37831534699995, 6.35414636600007], [-2.37828090099993, 6.35443343500009], [-2.37814280699996, 6.35472043500005], [-2.3779820179999, 6.35485815000015], [-2.37782147099995, 6.35489251200016], [-2.3776837929999, 6.35491544500019], [-2.37750008299992, 6.35491541700003], [-2.37714434799994, 6.35477718100014], [-2.37692635399998, 6.35463926799997], [-2.37665102599993, 6.35450150700007], [-2.37649031999996, 6.35444371200015], [-2.37628345899998, 6.35447819700005], [-2.37618015299995, 6.35447795400012], [-2.37606549599997, 6.35454681700008], [-2.37595070799995, 6.35469629500017], [-2.37590461799988, 6.35484524700007], [-2.37585854899987, 6.35513251900005], [-2.37585853999997, 6.35525878099997], [-2.37588121899989, 6.35549987900004], [-2.37590980599987, 6.35563192300015], [-2.37593839299984, 6.35576396600015], [-2.3759841989999, 6.35599363300003], [-2.37599554099995, 6.35621202300018], [-2.37598392099994, 6.35640704700018], [-2.37589218399984, 6.35661382500001], [-2.37581157299991, 6.35676304000003], [-2.37579994699985, 6.35692378599998], [-2.37584585899998, 6.35709591900013], [-2.37594915499994, 6.35722242400004], [-2.37614421599989, 6.35731457800017], [-2.37632760899987, 6.35748651800003], [-2.37638493599991, 6.35761314600001], [-2.37644224799988, 6.35783141300004], [-2.37643050699995, 6.35798079000006], [-2.37636157699995, 6.35815271100017], [-2.37623528299997, 6.35831341700015], [-2.37606310899986, 6.358508352], [-2.37595969099993, 6.35869225100004], [-2.37584468999989, 6.35895628000014], [-2.37566072999994, 6.35938103400008], [-2.3754540349999, 6.35957606000005], [-2.37520137799987, 6.35964477300018], [-2.37434050499996, 6.35987426600008], [-2.37404189699987, 6.36008056100019], [-2.37389250499996, 6.36026423700008], [-2.3736054179999, 6.36056248500006], [-2.37338733299987, 6.36078079600009], [-2.37308863799996, 6.36098709000009], [-2.37288210299994, 6.36111304000008], [-2.3727325889999, 6.36125106900005], [-2.37258315099996, 6.36151484500016], [-2.37244542699995, 6.361813557], [-2.37238794899997, 6.36200284600017], [-2.37233046999984, 6.36219213599998], [-2.37219233999997, 6.36246793800007], [-2.37200872499994, 6.36273180500012], [-2.37171014499995, 6.36294981200018], [-2.37138852899989, 6.36321370000013], [-2.37110131899993, 6.36346629900015], [-2.37082589999994, 6.3637186950001], [-2.37054992099996, 6.36405153600003], [-2.3703776829999, 6.364418726], [-2.37020534499993, 6.36487807200018], [-2.37006736599989, 6.36521123500012], [-2.36997515999991, 6.36556701600017], [-2.36990616799989, 6.36571620000007], [-2.36975690999998, 6.3658538840001], [-2.36950440099997, 6.36598029900017], [-2.36904515899988, 6.36628985500005], [-2.36863149499993, 6.36664562500016], [-2.36852242199996, 6.36676046400015], [-2.36841334999991, 6.36687530300014], [-2.36832131899996, 6.36707002399999], [-2.36818337499989, 6.36764434500003], [-2.36797608599989, 6.36852839500017], [-2.36778036399994, 6.36942378200007], [-2.3675963799999, 6.36994052000017], [-2.36749303099998, 6.37025068300017], [-2.36742405299987, 6.37050322000005], [-2.36734336699993, 6.37095112700007], [-2.36727428699993, 6.3712954770001], [-2.36706694999998, 6.3720646320001], [-2.36692907499986, 6.37253559900006], [-2.36680240999993, 6.37294866000002], [-2.36667571099986, 6.37370674900012], [-2.36657207199988, 6.37439553100012], [-2.36645706999997, 6.37488917700011], [-2.36628443699988, 6.37533681000008], [-2.36596280199984, 6.37592229800003], [-2.36573300899994, 6.37620919600016], [-2.36517017499989, 6.3766110090001], [-2.36449271099997, 6.37712733000012], [-2.36397587799985, 6.37754021700005], [-2.36358542199997, 6.37791900700017], [-2.36341305899992, 6.3782748270001], [-2.36333831299993, 6.37844693600005], [-2.36326356699988, 6.3786190460001], [-2.36312538699991, 6.37940007600002], [-2.36305589699992, 6.38011184900006], [-2.36302095199989, 6.380766515], [-2.36296322199991, 6.38143243700006], [-2.3629343419999, 6.38175971400005], [-2.36260830299994, 6.38268964200006], [-2.36248208099988, 6.38304965000003], [-2.36230492299995, 6.38355493900002], [-2.36202506799998, 6.38435313500014], [-2.36186439999994, 6.38481139100003], [-2.36150012199988, 6.38500192500015], [-2.36123527299992, 6.38514045300008], [-2.36097042299997, 6.3852789820001], [-2.36063455399994, 6.38545465700014], [-2.36007239899988, 6.38574868900014], [-2.35949436299995, 6.38605102500009], [-2.35879738199992, 6.38641557400018], [-2.3583602359999, 6.38664421800007], [-2.35760382099994, 6.3870398520001], [-2.35714557199992, 6.38727953200004], [-2.35697086699997, 6.38765949900016], [-2.35685506799996, 6.38791134900003], [-2.35673026599994, 6.38818277900009], [-2.35662194899987, 6.38841835700003], [-2.35649391499993, 6.38869681600011], [-2.35634674999994, 6.38901688400011], [-2.3562616349999, 6.38920199900008], [-2.35617652099995, 6.38938711300011], [-2.35601342699988, 6.38974182100014], [-2.35581804899988, 6.39015506300007], [-2.35558818499993, 6.39041922100006], [-2.35515183399991, 6.39086651500008], [-2.35482993299991, 6.3913260810001], [-2.3546461009999, 6.39161285600011], [-2.35438173899996, 6.39208346700008], [-2.35418650899987, 6.39232428000003], [-2.35381890999992, 6.39272608800007], [-2.35340536599989, 6.39313921400014], [-2.35293450799986, 6.39352923700017], [-2.35260146999991, 6.39378177900011], [-2.35227988699995, 6.39406874300005], [-2.35202711699992, 6.394332615], [-2.35177463199989, 6.39457357700007], [-2.35144151499998, 6.39489502300017], [-2.35113143199987, 6.39513596400013], [-2.34975059599992, 6.40007285500013], [-2.34954316599993, 6.40124405800015], [-2.34817178099996, 6.40916682800002], [-2.3479350689999, 6.41056797100003], [-2.34764343699993, 6.41229419900009], [-2.3472038459999, 6.41489622600017], [-2.34659316199998, 6.41840997800011], [-2.34605075399998, 6.42284202600018], [-2.34591218099996, 6.42400745100002], [-2.34583947899989, 6.42461889200007], [-2.34577360799994, 6.42517287499999], [-2.34557787199992, 6.42627531700009], [-2.34510581499995, 6.42854862900009], [-2.34413285599993, 6.43317174500015], [-2.34402326299988, 6.43369248600015], [-2.34984296499994, 6.43464954400014], [-2.34965895199991, 6.43497077200004], [-2.34942905999998, 6.43516602900013], [-2.34879768299987, 6.43562486500008], [-2.34848738399995, 6.43592299900007], [-2.34821149399994, 6.43640535700018], [-2.34811963099997, 6.43657174100008], [-2.34802776899994, 6.4367381240001], [-2.34788961199996, 6.43720892200014], [-2.34784334499994, 6.43762228900016], [-2.34792356699995, 6.43807011600018], [-2.34801514099996, 6.43841473300017], [-2.34816430399997, 6.43865601600015], [-2.34830182599995, 6.43898914200003], [-2.34842761899989, 6.43937966000016], [-2.34854227799997, 6.43979311800007], [-2.34889795399994, 6.44011481600006], [-2.34916169099989, 6.44034477100018], [-2.34932240599994, 6.44068920500007], [-2.34955180699984, 6.4410568830001], [-2.34965486999994, 6.44125229400004], [-2.34979256299994, 6.44135580100016], [-2.35043556799997, 6.44109192700017], [-2.35065385899998, 6.44103467700006], [-2.35081458599996, 6.44105767899998], [-2.35094074199992, 6.44116121600013], [-2.35099809099995, 6.44139085400013], [-2.35102074099996, 6.44162075700007], [-2.3509977299999, 6.44187317400008], [-2.35089403199987, 6.44225224000019], [-2.35075604199989, 6.44268824199997], [-2.35060659199996, 6.443055716], [-2.35058335499991, 6.44331984700011], [-2.35062926199981, 6.44361859000009], [-2.3506979899999, 6.44395120900015], [-2.35088116199995, 6.44435346000012], [-2.35117960099996, 6.44477848800011], [-2.35144328399991, 6.44521514900009], [-2.35162686099994, 6.44544479700011], [-2.35191360999994, 6.44561750000008], [-2.35207429999991, 6.44575539700003], [-2.35206256899994, 6.44600778300014], [-2.3519936109999, 6.44627186300011], [-2.35163661399991, 6.44656607200005], [-2.35147898099996, 6.44669598000013], [-2.35130840099987, 6.44683655900013], [-2.35112302099998, 6.44698933400008], [-2.35084491499987, 6.44721852600003], [-2.3515449219999, 6.44760356000006], [-2.35187791999994, 6.44764987600018], [-2.35217644799991, 6.44768457000004], [-2.35516141299991, 6.44749681400015], [-2.35487399899995, 6.44795026800017], [-2.35473618999987, 6.44822607099997], [-2.35459808299993, 6.44861642600006], [-2.35434514999997, 6.44924772800005], [-2.3538627339999, 6.44977559600005], [-2.35324238799984, 6.45037238800001], [-2.35257596999986, 6.45093433400018], [-2.35225435799987, 6.45141681600012], [-2.35205323699995, 6.45173249200013], [-2.35185211699991, 6.45204816800015], [-2.35151890999987, 6.45254153299999], [-2.35128911199996, 6.45284014500004], [-2.35108245099991, 6.45296609600007], [-2.35057737299996, 6.45303495900015], [-2.35024407299983, 6.45349387200002], [-2.34992240099996, 6.45398755000002], [-2.34962352499991, 6.45453835600011], [-2.34931305099997, 6.45506645600011], [-2.34896847699997, 6.45538216700004], [-2.35024061099989, 6.461873298], [-2.35071160699988, 6.46242395900003], [-2.35104456099998, 6.46287180300016], [-2.35128568099992, 6.46320465100013], [-2.35133190599993, 6.46349167900007], [-2.35133173099996, 6.46384756200013], [-2.35132062199989, 6.464203645], [-2.35125178999988, 6.46454816900012], [-2.35118311899981, 6.46482361600005], [-2.35119452799995, 6.46509919700003], [-2.35121766099991, 6.46528293300014], [-2.35129814699991, 6.46550096800013], [-2.35157371099996, 6.4658340690001], [-2.35179187699993, 6.46611530000018], [-2.35201004399994, 6.46639653199998], [-2.35238916599997, 6.46691315500004], [-2.35268780199988, 6.46721139700003], [-2.35294036399989, 6.46728048900002], [-2.35336494199993, 6.46737220600011], [-2.35364069699995, 6.46745226000013], [-2.35381292699998, 6.46755567200017], [-2.35397354899993, 6.46776212500009], [-2.35424915699991, 6.46817549500003], [-2.35444452799993, 6.46849674900011], [-2.3546396079999, 6.46861181300005], [-2.35507586399984, 6.46885267100009], [-2.35545488299994, 6.46905354500018], [-2.35583390099993, 6.46925441900009], [-2.35639635299992, 6.46960983300005], [-2.35662612799996, 6.46969018100009], [-2.3571654829999, 6.46974748100007], [-2.35738375099993, 6.46983922700002], [-2.35749866599991, 6.46995415900011], [-2.35759044799988, 6.4700800060001], [-2.35777422199982, 6.47037855100007], [-2.35811894599993, 6.47110196700004], [-2.35827984999997, 6.47150961100004], [-2.3584407539999, 6.47191725500016], [-2.3586244839999, 6.47261767200013], [-2.35886575399996, 6.47309986000005], [-2.35908416999985, 6.4733750580001], [-2.35932514599989, 6.47365071200016], [-2.35945147099994, 6.47384571200013], [-2.35967030799992, 6.47545313400008], [-2.35987652499995, 6.47654897600017], [-2.35992891699993, 6.47682739400011], [-2.36000165499991, 6.47721392100004], [-2.35968254699998, 6.47756581800007], [-2.35962537799986, 6.47792185100013], [-2.35910900899995, 6.47854214800003], [-2.35879911099988, 6.47857656700012], [-2.35853492299998, 6.47870302000001], [-2.35840887299992, 6.47877191600003], [-2.35822524499991, 6.47901339300006], [-2.35743333399995, 6.47934641300009], [-2.35671417099996, 6.47992460400002], [-2.35619385199988, 6.48065594200017], [-2.35519547999996, 6.48135676200008], [-2.35456441799988, 6.48204609300018], [-2.35412849099987, 6.48299914300014], [-2.35287840899991, 6.48372937200008], [-2.35274162099995, 6.483809275], [-2.35218797699997, 6.48413268200005], [-2.35176805199995, 6.48414030700008], [-2.35095946799987, 6.48415498900005], [-2.35054624499998, 6.48409700500002], [-2.3500755469999, 6.4839590740001], [-2.34982321799993, 6.48378680000019], [-2.34950168099994, 6.48359128300012], [-2.34884748199983, 6.48325798400015], [-2.34842288699997, 6.48297058300011], [-2.34804395699996, 6.48285548900014], [-2.34764249799997, 6.48275182300011], [-2.34716035799994, 6.48268247800013], [-2.34681019499993, 6.48260201600004], [-2.34646003299997, 6.48252155400013], [-2.34582859399995, 6.48236027400014], [-2.34527756199992, 6.48225648600004], [-2.34473816499997, 6.48222174200004], [-2.34435922299997, 6.48219863000008], [-2.34398023299997, 6.48225579000018], [-2.34363583999993, 6.48237056300019], [-2.34344059299991, 6.48251939300008], [-2.34336001899993, 6.48269186300013], [-2.3432105579999, 6.4830589930001], [-2.34312436599987, 6.48319099800011], [-2.34303817499995, 6.48332300200002], [-2.34279693099995, 6.48356428400007], [-2.34230289499993, 6.48420690300009], [-2.3420386119999, 6.48452817300017], [-2.34172835599992, 6.48472329900017], [-2.34145265599994, 6.48489542300018], [-2.34093584499988, 6.48545765800009], [-2.34067133099995, 6.48598563600007], [-2.34037238699989, 6.48661688700014], [-2.34014240899995, 6.48717956899998], [-2.34006199999988, 6.48741482600019], [-2.33998159099997, 6.48765008400011], [-2.33991239799985, 6.48792587700012], [-2.33985470199997, 6.48812102500011], [-2.33962519099987, 6.48833936500006], [-2.33901654499988, 6.48866033700011], [-2.33876383899997, 6.48886685100018], [-2.33870632799989, 6.48895287300019], [-2.33869256199989, 6.48951263700013], [-2.33867227699983, 6.49033741800008], [-2.33866183899994, 6.49076181999999], [-2.33865560899994, 6.49101513599999], [-2.33863942599993, 6.49167313400011], [-2.33738278099997, 6.49327046100018], [-2.33530413899996, 6.49096890099997], [-2.32653545799997, 6.49041520700018], [-2.32185168399997, 6.49068462400004], [-2.31758997799994, 6.48987783700017], [-2.31708475299996, 6.48980886800001], [-2.31624683999991, 6.48962569400015], [-2.31587929899996, 6.48945352800013], [-2.31547743899995, 6.48909765100007], [-2.31532816199996, 6.48891389400006], [-2.31521339899996, 6.48885665700004], [-2.31497222599995, 6.48883385500011], [-2.31482299699996, 6.48886800500009], [-2.31458179599991, 6.48883400700009], [-2.31431791699993, 6.48878800900019], [-2.31407677399994, 6.48861008700004], [-2.31383562999997, 6.48843216600017], [-2.31333030899992, 6.48822555900006], [-2.31313525999997, 6.48815698800013], [-2.31288254899994, 6.48813387000018], [-2.31271047399997, 6.48819133400013], [-2.31257259899985, 6.48838668700006], [-2.3124809279999, 6.48850147700011], [-2.3123201329999, 6.4885589110001], [-2.31202183999994, 6.4885245430001], [-2.31180357299991, 6.48850168000007], [-2.31152822399986, 6.48858232000015], [-2.31011072799981, 6.48984562900011], [-2.30748016199993, 6.48426002400009], [-2.30724489499994, 6.48428879600016], [-2.30696925799992, 6.48435789200005], [-2.30682005899996, 6.48440375299998], [-2.30648709399992, 6.48438083900004], [-2.30603950699992, 6.4842546910001], [-2.30556875499997, 6.48409415100014], [-2.30540783499987, 6.48400223500016], [-2.30520692899995, 6.48388173900014], [-2.30413355799988, 6.48353197000006], [-2.30391549899997, 6.48358920300012], [-2.30361690499996, 6.48373863100005], [-2.30334144499989, 6.48387662900006], [-2.30304293099988, 6.48395697899997], [-2.30267558099996, 6.48395706200006], [-2.30243458699982, 6.48400315700007], [-2.30219348199995, 6.48410627100009], [-2.30202153199991, 6.48431325100017], [-2.30190663899992, 6.48443981200006], [-2.30168843899997, 6.48454303800008], [-2.30145329299989, 6.48471237000007], [-2.30128695099989, 6.48486464400003], [-2.30116058399994, 6.48511715600017], [-2.30098854599981, 6.48532413700013], [-2.30071297899991, 6.48562250800006], [-2.30054082199996, 6.48574887100011], [-2.30019081599988, 6.48589842900003], [-2.29987522499988, 6.48603601200017], [-2.29973740099996, 6.48621999400007], [-2.29967991599989, 6.48636931800019], [-2.29962271499994, 6.48669650000011], [-2.29950788199994, 6.48711581600014], [-2.29939329299998, 6.48754624200006], [-2.2990318329999, 6.48794827500018], [-2.2986014199999, 6.48824127199998], [-2.29799297299985, 6.48860302499997], [-2.29724688499994, 6.48891879200011], [-2.29671885699986, 6.48912582100007], [-2.29628282599992, 6.48961374300012], [-2.29599584899989, 6.48999861600009], [-2.29572026499994, 6.49009061800007], [-2.29524966299988, 6.49012541200011], [-2.29475022899993, 6.49023426400004], [-2.29428530499996, 6.49046981200019], [-2.29399859399985, 6.49075701100003], [-2.29380342099995, 6.49106137699999], [-2.2935507659999, 6.49161825000016], [-2.29007231899988, 6.49126321600011], [-2.28902755299993, 6.4912290960001], [-2.28882108599993, 6.49130955000004], [-2.2884648189999, 6.4908961700001], [-2.28824680499991, 6.49076994000012], [-2.28775314099994, 6.49060909800016], [-2.28713320599996, 6.49040258100001], [-2.28681159999991, 6.49027644200015], [-2.28669113899997, 6.49021335600008], [-2.28657067899996, 6.49015026900014], [-2.28634080999996, 6.49003526600012], [-2.28600815599998, 6.49000114100005], [-2.28550293099988, 6.48996693700008], [-2.28506653699992, 6.48987519500008], [-2.28473353399994, 6.48973736900007], [-2.2843318109999, 6.48953081200011], [-2.28396447099988, 6.48919790200011], [-2.28373462899998, 6.48895680200008], [-2.2836427119999, 6.48880734000011], [-2.28347051199995, 6.48868099200013], [-2.28325238799994, 6.48864692000018], [-2.28298830799986, 6.48858970800006], [-2.28283924699997, 6.48858956800007], [-2.28268989499992, 6.48850915600013], [-2.28257516099995, 6.48836009600006], [-2.28242572199991, 6.48821078000014], [-2.28221890399988, 6.48805006599997], [-2.28170242699997, 6.48799263100011], [-2.28136954199994, 6.48790079500014], [-2.28103656999991, 6.487740229], [-2.28068066099996, 6.48756800500018], [-2.28051980099997, 6.48749916200006], [-2.2803247569999, 6.48749948200009], [-2.28012945199993, 6.48743055400007], [-2.27998030099991, 6.48729243300011], [-2.27984257599996, 6.48721233500004], [-2.27962430899987, 6.48718945799999], [-2.27939464599996, 6.48715472400016], [-2.27903885499984, 6.48702866500014], [-2.27877483799995, 6.48723552700017], [-2.27863714499989, 6.4872699820001], [-2.27847625999993, 6.48739631000007], [-2.27843036499985, 6.487534063], [-2.27830415499989, 6.4876489350001], [-2.27812061899988, 6.48763751100006], [-2.27784502999998, 6.48762614800006], [-2.27763830199996, 6.48760324100004], [-2.27751211799989, 6.48762612500019], [-2.27742607099998, 6.48766910600011], [-2.27731710599994, 6.48787880600003], [-2.2772824619999, 6.4880051610001], [-2.2772136879999, 6.4880511560001], [-2.27708741699985, 6.48803958799999], [-2.27691524799997, 6.48795923100005], [-2.27677752399995, 6.48787913200005], [-2.27663968499991, 6.48789050300019], [-2.27651344699996, 6.48806273800017], [-2.27641005599992, 6.48814327200006], [-2.27627236199993, 6.48817755400006], [-2.27611144499991, 6.48818915600015], [-2.27584748099991, 6.48817776200008], [-2.27574418899991, 6.48819494600008], [-2.27561790599992, 6.48828117900018], [-2.27548018399989, 6.48840744899996], [-2.27535391599986, 6.48849958200003], [-2.2748028499999, 6.48852232800016], [-2.27398779099997, 6.48855727900013], [-2.27335649799994, 6.48876385600005], [-2.27271357999996, 6.48897063400011], [-2.27226593699987, 6.48902825900018], [-2.27207073299996, 6.48910282100013], [-2.27187552899989, 6.48917738400019], [-2.27169187899989, 6.48932667800011], [-2.27142802999992, 6.4896024410001], [-2.27125589099995, 6.48977496300017], [-2.27103756599996, 6.48983218400002], [-2.27045231199992, 6.48985552799996], [-2.27008480799998, 6.48990123700014], [-2.26969445599991, 6.48983262100012], [-2.26940741099997, 6.48975220400013], [-2.26921227799988, 6.48964881900002], [-2.26911472599994, 6.48958584400003], [-2.26901717399994, 6.48952286800017], [-2.26876451599998, 6.48941928200014], [-2.26856932699991, 6.48939634300007], [-2.26845443699989, 6.48940791300015], [-2.26833954799997, 6.48941948400017], [-2.26807581099985, 6.48960308500017], [-2.26774269499992, 6.48986713500017], [-2.26738693299995, 6.49016603700017], [-2.2671114559999, 6.49033847200013], [-2.26684734499997, 6.49037272300006], [-2.26645702099995, 6.49034992600002], [-2.26615285399981, 6.49025809400007], [-2.26559752799994, 6.49020586800003], [-2.26505641399996, 6.49015497700015], [-2.26481546699989, 6.49032732400013], [-2.26465479199993, 6.49048818700004], [-2.26449411799996, 6.49064905000012], [-2.26418407899996, 6.49074077700016], [-2.26386275999994, 6.49072934800017], [-2.26376514899994, 6.49076378500007], [-2.26366753899987, 6.49079822300007], [-2.26323125599993, 6.49109697900013], [-2.26293272699991, 6.49117730800009], [-2.2627834349999, 6.49115442500005], [-2.2626341429999, 6.49113154100013], [-2.26228980299993, 6.4910397220001], [-2.26172742499995, 6.49084474400013], [-2.26130251399996, 6.49062668300013], [-2.26107287899987, 6.49050046900015], [-2.26098682299994, 6.49045451800015], [-2.26090076699984, 6.49040856500017], [-2.26061372199996, 6.49036259600018], [-2.26034966699996, 6.49038556000016], [-2.26008561399988, 6.49040852500002], [-2.25983307199994, 6.49035110000011], [-2.25959192699997, 6.49023645600005], [-2.25937377499997, 6.49005267700005], [-2.25913237499998, 6.4897313190001], [-2.25900619299995, 6.48951303100017], [-2.25877655799985, 6.48945572000014], [-2.25859287799994, 6.48942138000012], [-2.25848962899983, 6.4893181060001], [-2.25832888699995, 6.48919172000012], [-2.25825982499993, 6.48912298700003], [-2.25814515099984, 6.48909984300008], [-2.25796149699983, 6.48914577600004], [-2.25781226399982, 6.48911134900015], [-2.25758251399998, 6.48900804500011], [-2.25738738599995, 6.48876701700004], [-2.25726092399992, 6.48822711500014], [-2.25722072899993, 6.48802635700008], [-2.25718053299994, 6.48782559900013], [-2.25711158999985, 6.48756134700017], [-2.25693922599987, 6.48729752300017], [-2.25669822699984, 6.48713653800007], [-2.25656047699988, 6.4870274920001], [-2.25642272699997, 6.48691844700005], [-2.25633061899987, 6.48668870400013], [-2.25620455699993, 6.4864132240001], [-2.25611247699987, 6.48626410100007], [-2.25586005599996, 6.4860461240001], [-2.25563019399993, 6.48593110500008], [-2.25540059099995, 6.48578180500016], [-2.25522851699992, 6.48549506900008], [-2.25502182699995, 6.48506991900007], [-2.25488405299984, 6.4848289200001], [-2.25481490699997, 6.48472573400011], [-2.25474609099996, 6.48465105500003], [-2.25419499199995, 6.48431245799998], [-2.25402280099996, 6.48411719300009], [-2.25383912899997, 6.4838415100001], [-2.25354043999994, 6.48361210400014], [-2.25309285699996, 6.4834857350001], [-2.25264510299996, 6.48339399100013], [-2.25250735299994, 6.48333662300018], [-2.25236960299998, 6.48327925500007], [-2.25218575599996, 6.48317583400012], [-2.25208248099995, 6.483061018], [-2.25185273499994, 6.48299216200019], [-2.25160022499989, 6.48294627400014], [-2.25142794699997, 6.48282008500007], [-2.25134772499996, 6.48259014000013], [-2.25125584899985, 6.48241810400009], [-2.25117539999985, 6.48220004500013], [-2.25117529399995, 6.48194733500014], [-2.25119831999996, 6.48178655700002], [-2.25120403499989, 6.48169481300005], [-2.25120975099992, 6.48160306900007], [-2.25112924099994, 6.48146511300007], [-2.25096850199998, 6.48133872300008], [-2.25060117899994, 6.48121249799999], [-2.25022217899993, 6.48095986100014], [-2.24972690499982, 6.48024343200012], [-2.24952006599995, 6.48017503600016], [-2.24940399999991, 6.48004026700011], [-2.24927354799996, 6.47937840900005], [-2.24936600799987, 6.47915837300013], [-2.24944207999994, 6.47871719300008], [-2.24944285599992, 6.47791237800016], [-2.2493650909999, 6.47766451000007], [-2.24917452899996, 6.47749133800016], [-2.24871415999996, 6.47741529600006], [-2.24848516399993, 6.47730009800011], [-2.24831071599988, 6.47695600100019], [-2.24808433399988, 6.47678291600016], [-2.24775767499995, 6.47617183900013], [-2.24756454899995, 6.47607584600007], [-2.24747888999997, 6.47597958900019], [-2.24693756199997, 6.47547653100014], [-2.24683547799992, 6.4754244130001], [-2.24653503499997, 6.47538931900004], [-2.24582592399997, 6.47501070200008], [-2.24569093499991, 6.47502481400016], [-2.24534653799992, 6.47504495100014], [-2.24488635999995, 6.47504607900004], [-2.24454167199997, 6.47494770000003], [-2.24409844599995, 6.47511967100013], [-2.24386955299985, 6.47504581400011], [-2.24374731199987, 6.47492070400006], [-2.24366250799994, 6.47489197200002], [-2.24331805599996, 6.47489005800003], [-2.24308639999987, 6.47481345100016], [-2.24287508499998, 6.47460311800012], [-2.24266376899993, 6.47439278400009], [-2.24205103199995, 6.47398360600016], [-2.24176075699989, 6.47359844499999], [-2.24161076599984, 6.47311096099997], [-2.24143940899995, 6.47290190700011], [-2.24121041599994, 6.47278670499998], [-2.24109463599996, 6.47276769300004], [-2.24086601999994, 6.47280683900004], [-2.24052142799985, 6.47274704300008], [-2.23993855499992, 6.47215312200007], [-2.23998459999984, 6.47182501900016], [-2.24009113899996, 6.47144440200003], [-2.24010691299992, 6.47113291000005], [-2.24007590999992, 6.47084909500006], [-2.23998123399991, 6.47044416200004], [-2.23982332899993, 6.47010001900009], [-2.23964880899996, 6.46972284200007], [-2.23941378999996, 6.46939542400014], [-2.23916253899995, 6.46919207700012], [-2.23903801099993, 6.46897463900007], [-2.23895742899992, 6.4686992120001], [-2.23895681799996, 6.46844839800013], [-2.23902781499982, 6.46818225000015], [-2.23909880999992, 6.46791610100007], [-2.23947140699994, 6.46703044700013], [-2.23967409399989, 6.46652832100017], [-2.23979371899986, 6.46586378000018], [-2.23951795299996, 6.46577625300012], [-2.23927507099995, 6.465614227], [-2.23896564899991, 6.46528423399997], [-2.23888835399993, 6.46522654199998], [-2.2387723949999, 6.46513311299998], [-2.23854321799996, 6.46494073500008], [-2.23846596299995, 6.46489957900002], [-2.23831413599993, 6.46478694400002], [-2.23815954499992, 6.46467155900018], [-2.23812077999997, 6.46459447900003], [-2.23800619599984, 6.46449966800009], [-2.23789161099995, 6.46440485700015], [-2.23773720899987, 6.46436664499998], [-2.23758546799985, 6.46428984000011], [-2.23738267999994, 6.46418421800007], [-2.23700844899997, 6.46383095300007], [-2.23689519899995, 6.46371822300017], [-2.2367985219999, 6.46362199100002], [-2.23670184499991, 6.46352575800017], [-2.23646284399996, 6.46325898400011], [-2.23631771899994, 6.46306915700012], [-2.23604977999997, 6.46279969800014], [-2.23597206999995, 6.46257112000001], [-2.23589735099995, 6.46243900300004], [-2.23585839899994, 6.46228474900005], [-2.23585770399995, 6.46199810300016], [-2.23581893999994, 6.46192102300017], [-2.23585668099997, 6.46157640300004], [-2.23585617199996, 6.46136693100016], [-2.23581708099988, 6.46115479600007], [-2.23573946599987, 6.46096480500006], [-2.23558441699993, 6.46065924100003], [-2.23550983099994, 6.46058224800015], [-2.23529715099994, 6.46037329000006], [-2.23523886499993, 6.460199789], [-2.23520124799984, 6.46002761700015], [-2.23516363099992, 6.45985544400003], [-2.23516334999988, 6.45973968300012], [-2.23512440599995, 6.45958818500003], [-2.23510474299985, 6.45943388300009], [-2.2350850869999, 6.45928233900014], [-2.23504558199994, 6.45889931900007], [-2.23508378499997, 6.45874487800018], [-2.23504484099993, 6.45859338000008], [-2.23506375499994, 6.45843898500016], [-2.23504418599981, 6.45832327100004], [-2.23512069199984, 6.45805573100006], [-2.23515890099998, 6.45790404700017], [-2.23515852699995, 6.45774969900015], [-2.23456102799997, 6.45679473600012], [-2.23442737799985, 6.45622176500007], [-2.23427228399987, 6.45589690600008], [-2.23412040599993, 6.45576221800013], [-2.23398460199996, 6.45543731300017], [-2.23373572999998, 6.45507409300012], [-2.23363886899989, 6.45490068500015], [-2.23335105399997, 6.45438596700001], [-2.23327352799993, 6.45423180500006], [-2.23319610199991, 6.45411898800006], [-2.23312077799983, 6.45373605400016], [-2.23312049899988, 6.45362029300009], [-2.23290726199991, 6.45317981200014], [-2.23273554499991, 6.45281640500002], [-2.23258087399984, 6.45266518700009], [-2.2321309589999, 6.45217977800019], [-2.23181092199997, 6.45103673700004], [-2.23127383599996, 6.44998928900003], [-2.23008787999987, 6.45005471400003], [-2.22952611199986, 6.44738335200014], [-2.23011749899996, 6.44581087299997], [-2.23031173899994, 6.4452315960001], [-2.23088267199984, 6.44432066300016], [-2.23115101799993, 6.44362131100019], [-2.23133896599984, 6.44329011000008], [-2.23135934299984, 6.44317016499997], [-2.23131998299993, 6.44284502400018], [-2.23107582099993, 6.44246493800017], [-2.2309770249999, 6.44231114300015], [-2.23097618899993, 6.441963859], [-2.23103363299987, 6.44179007800011], [-2.23094759299994, 6.44153119900011], [-2.23086155099986, 6.44127232100016], [-2.23084193799991, 6.44113731300018], [-2.23090200599984, 6.44090840100006], [-2.23149266699994, 6.44018208800014], [-2.23172127099986, 6.44014294900018], [-2.23183676499997, 6.44004620300018], [-2.23189412199986, 6.43983659100002], [-2.23212395999997, 6.43916627200008], [-2.23212312999988, 6.43882174600003], [-2.23202392899992, 6.43849706100008], [-2.2314869029999, 6.43778969300013], [-2.23064925399996, 6.43663960500004], [-2.23047787099989, 6.43641125000005], [-2.23036140999994, 6.43610558800015], [-2.23017612399997, 6.43582489900012], [-2.22984796999992, 6.43571543900009], [-2.22928937399996, 6.43487888700002], [-2.22844728199993, 6.43416980300015], [-2.22879137899997, 6.43288732600013], [-2.22888482899998, 6.43279063300008], [-2.22892285499995, 6.43256177500012], [-2.22890301099989, 6.43233029800007], [-2.22900197799993, 6.43223634900005], [-2.22922819499996, 6.43235156700013], [-2.22936587599992, 6.43231540500017], [-2.22942286399984, 6.4319514450001], [-2.22951906899988, 6.43185474600017], [-2.22986330099997, 6.43177674300017], [-2.2301482929999, 6.43112558700011], [-2.23019182799987, 6.43089671400014], [-2.23028494699992, 6.43066221099997], [-2.23059009999997, 6.43037482900019], [-2.23059064899991, 6.43003029800019], [-2.23055317399991, 6.42991462600003], [-2.23062706399998, 6.42970497400012], [-2.23080300099997, 6.42953642100008], [-2.23084101899985, 6.429304806], [-2.23078265399988, 6.42909547200014], [-2.23058899199998, 6.4287679470001], [-2.23058793199993, 6.42832695100003], [-2.23078218199987, 6.42775318700018], [-2.23074309799983, 6.42754105200009], [-2.23066581599994, 6.42748611200017], [-2.23056868499998, 6.42719694200008], [-2.23053768199998, 6.42690761200009], [-2.23050667799981, 6.42661828100006], [-2.23016859699982, 6.42581427300013], [-2.23033038099987, 6.42434205600011], [-2.23047927499994, 6.42323920300009], [-2.2307452739999, 6.42271212300017], [-2.23108469299996, 6.4217797010001], [-2.23154601699991, 6.42112812100004], [-2.23167717199993, 6.42067027000007], [-2.2305112759999, 6.41935283500004], [-2.22949867699998, 6.41876543199999], [-2.22909343999993, 6.41867820400006], [-2.22886199099997, 6.4186760020001], [-2.22851730499997, 6.41856106800014], [-2.22840415999991, 6.41848692000008], [-2.22771506499993, 6.41837280900012], [-2.22737055799996, 6.41833229100013], [-2.22668183299987, 6.41837252700009], [-2.22585658299988, 6.41777915400013], [-2.22551328799995, 6.41651623900015], [-2.22541754399992, 6.41622844000005], [-2.22574847399994, 6.41519957100013], [-2.22560240799993, 6.41446919400016], [-2.22543057799993, 6.4136099800001], [-2.22601092099995, 6.41318413200008], [-2.22618014599993, 6.41251396200005], [-2.22644801299992, 6.41161478700013], [-2.22719379499995, 6.41124228900009], [-2.22727893999991, 6.41113045800012], [-2.22725756199992, 6.41079536500001], [-2.22715643099997, 6.4102322120001], [-2.22698369799997, 6.40979714400015], [-2.22709891099993, 6.40958463800013], [-2.22759605199997, 6.40893297700012], [-2.22757906599998, 6.40874283700003], [-2.22767472099997, 6.40841737200003], [-2.22759738999997, 6.40834038200006], [-2.22700607499996, 6.40763068600012], [-2.22699601799997, 6.40745706600012], [-2.22698595899993, 6.40728344800016], [-2.22686969499989, 6.40705495800006], [-2.22686864099995, 6.40661396100012], [-2.22656483799989, 6.40630874400017], [-2.22644697599998, 6.4054104920001], [-2.22644669899995, 6.40529473000009], [-2.22631398899989, 6.40510211100008], [-2.2254917489999, 6.40460519400006], [-2.22539477299989, 6.40437665700006], [-2.22434393899988, 6.40391611400008], [-2.22428719399988, 6.40322718900018], [-2.22420117899998, 6.40297381900018], [-2.22387278699989, 6.40275410200002], [-2.22378116099998, 6.40248476600016], [-2.22369113399998, 6.40167684300019], [-2.22357598799994, 6.40075928900012], [-2.22377526699989, 6.39990892400016], [-2.22391502299985, 6.39966287400006], [-2.22396699399997, 6.39950426600006], [-2.2238225289999, 6.39900159500013], [-2.22367806299997, 6.39849892500013], [-2.22363329199987, 6.3982096260001], [-2.22349779099994, 6.39800047400018], [-2.22340898999988, 6.39773332900018], [-2.22327715899991, 6.39753539900016], [-2.22280916099993, 6.39691063900017], [-2.22273174499998, 6.39679643900013], [-2.22265432799998, 6.39668223900009], [-2.22235226899994, 6.39594704000012], [-2.22235106299985, 6.39543952800005], [-2.22231171999988, 6.39511475000018], [-2.22227406999997, 6.39434309000006], [-2.22215794099992, 6.39416972200013], [-2.22211910099992, 6.39405680800019], [-2.22211746499988, 6.39336775100014], [-2.22204004699995, 6.39325217200008], [-2.22150511999985, 6.39191115100004], [-2.22144836599995, 6.39179552200017], [-2.22177394699997, 6.39141438800004], [-2.22203118999994, 6.39068061500018], [-2.2219417309999, 6.39013509000006], [-2.22211763999996, 6.38995827400004], [-2.22225168099988, 6.38955278600002], [-2.22188767399996, 6.38825270300003], [-2.22188663499998, 6.38781446100018], [-2.22226990599995, 6.38678271500009], [-2.22229570699989, 6.38662554900003], [-2.22232150799988, 6.38646838099999], [-2.22244003699984, 6.38649290600017], [-2.22234311099982, 6.38628366100016], [-2.22232603799989, 6.38605493300008], [-2.22216738299994, 6.38537451600018], [-2.22205692399996, 6.38526728500011], [-2.22182797699998, 6.38515206500017], [-2.22167634699997, 6.38394794499999], [-2.22148460699992, 6.38325658100018], [-2.22150583199988, 6.38291199999998], [-2.22146698699987, 6.38279632900009], [-2.22127367999997, 6.38260660600014], [-2.22074123799996, 6.38230743700018], [-2.22058317999995, 6.38187783700016], [-2.22074964499996, 6.38149432400013], [-2.22086985099986, 6.38135484800011], [-2.22077738899992, 6.38128478300013], [-2.22094743399987, 6.38095914300015], [-2.2210047879999, 6.38074677600008], [-2.22096594399989, 6.38063110500002], [-2.22075624399997, 6.38049930200003], [-2.22041149499995, 6.38034576900003], [-2.22031728199988, 6.38011722300013], [-2.22031674099992, 6.37988845500001], [-2.22016384899996, 6.37931276100016], [-2.21997054499997, 6.37912303700011], [-2.21939933399995, 6.37873851300009], [-2.21887260199998, 6.3785220150001], [-2.21836445999998, 6.37801055300008], [-2.21824859099996, 6.37794467700013], [-2.21769044299998, 6.37725693100009], [-2.21757791299996, 6.37627045900018], [-2.21754065499994, 6.37565865900018], [-2.21743243399993, 6.37533092000012], [-2.21730387199995, 6.37513966400013], [-2.21717531099995, 6.37494840800014], [-2.21713642199995, 6.37481344300005], [-2.2169844469999, 6.37462361900015], [-2.21690676599997, 6.37439503400014], [-2.21690875499996, 6.37406979100018], [-2.21710119999995, 6.37272704200018], [-2.21709975799996, 6.37211515700011], [-2.21692989399992, 6.3716407930001], [-2.2167729439999, 6.37138552000005], [-2.21667909799993, 6.37131132299999], [-2.21648543399994, 6.37096724700012], [-2.21648461699994, 6.37061996099999], [-2.21644550199989, 6.37038852800015], [-2.2162738909999, 6.36887850500017], [-2.21610979099989, 6.36763306300014], [-2.21607991699994, 6.36723072100006], [-2.21602703399998, 6.36700207600006], [-2.21591083099997, 6.36679287400017], [-2.21583314599997, 6.36656153200005], [-2.2157940379999, 6.36633285400012], [-2.21589017899987, 6.36553762700015], [-2.21598644899984, 6.3649735680001], [-2.21598583899987, 6.36471448100008], [-2.21548824999991, 6.36399626900015], [-2.21541056599989, 6.3637649260001], [-2.21541030099996, 6.36365192000017], [-2.21556358899994, 6.36322985300012], [-2.21554471299987, 6.36281783699997], [-2.21552583799991, 6.36240582000011], [-2.21556387099997, 6.36217696200015], [-2.21567877099994, 6.36183215900013], [-2.21581047199993, 6.361603081], [-2.21588711199996, 6.361390669], [-2.21602337899998, 6.36037066699998], [-2.21609964099997, 6.35979980900004], [-2.21610034499992, 6.35951315700009], [-2.21613783399994, 6.35905277400013], [-2.21605330699987, 6.35825365800008], [-2.21573751399995, 6.35751848000018], [-2.21557321799992, 6.35677192100013], [-2.21578824099987, 6.35615721500011], [-2.21590708399992, 6.35581747200013], [-2.21609858399995, 6.35524372000009], [-2.21609804699995, 6.35501495200015], [-2.21606200599996, 6.35491856800019], [-2.21615481999993, 6.35455452400009], [-2.21628931999993, 6.35434473200013], [-2.21650090699995, 6.35411270900005], [-2.21711141499992, 6.35364822300016], [-2.21736123299991, 6.35327278500017], [-2.21791633699991, 6.35267888400017], [-2.21805206099987, 6.35240431799997], [-2.21818778599982, 6.35212975100012], [-2.21810756299993, 6.35198937200011], [-2.21806844899987, 6.35175793800016], [-2.21807039499987, 6.35141340200005], [-2.2180120029999, 6.35118476900004], [-2.21783051999989, 6.35081707099999], [-2.21777700699994, 6.35070864900013], [-2.21756495399995, 6.35027901300009], [-2.21734423599992, 6.34955463600011], [-2.21746607799997, 6.3486475410001], [-2.21737997699995, 6.34835006900016], [-2.2172634559999, 6.34800305500005], [-2.21712792799997, 6.34777460300018], [-2.21686120399994, 6.34740175700006], [-2.21659447999997, 6.34702891100011], [-2.21642020399992, 6.34672337500007], [-2.21645823599988, 6.34649451700011], [-2.21678281599992, 6.34628152300007], [-2.21701400099994, 6.34618451100005], [-2.21709096399991, 6.3461099110001], [-2.21710717499991, 6.34597481600002], [-2.21707357999998, 6.34574612600011], [-2.21674764999995, 6.34538306500002], [-2.21655136099997, 6.34508860700015], [-2.21659238699988, 6.34496172300015], [-2.21661113499994, 6.34473290900002], [-2.21666051599993, 6.34464459300017], [-2.21738638299996, 6.34403651300016], [-2.21758678499998, 6.34373561000001], [-2.21768305099988, 6.34366923400006], [-2.21789132199996, 6.34320018100004], [-2.21808561899996, 6.34264571699998], [-2.21815146299991, 6.34252980000008], [-2.21821730899995, 6.34241388300018], [-2.21844849799987, 6.34231962600012], [-2.21890838099995, 6.34224137100011], [-2.21913933699994, 6.34204789000017], [-2.2193677329999, 6.34193710299996], [-2.21967603199994, 6.34183164000007], [-2.22011525599993, 6.34116910600011], [-2.22061427699992, 6.34090346199997], [-2.22079204799991, 6.34080882800015], [-2.22096981799996, 6.34071419600014], [-2.22118236599994, 6.3406010490001], [-2.22126012399991, 6.34055965600015], [-2.22191469399996, 6.34021120600011], [-2.22223926699991, 6.33999821100014], [-2.22242881999989, 6.33977175100006], [-2.22250541799991, 6.33954280200004], [-2.22250736199982, 6.33919826500005], [-2.22248731099995, 6.33887307500015], [-2.22240930699996, 6.33850392100015], [-2.22244732999991, 6.33827230600008], [-2.22254321699995, 6.33804606799998], [-2.22269428599998, 6.33785553100012], [-2.22281219999996, 6.33762372700016], [-2.22286951299992, 6.33739482400011], [-2.22292560599993, 6.33664774800013], [-2.22319661799997, 6.33591808100005], [-2.22321288499984, 6.33580641400016], [-2.22336385599988, 6.33557453300006], [-2.22357548499997, 6.33536455900008], [-2.22372650099987, 6.33515197200018], [-2.22380324599993, 6.33498641600016], [-2.22375970299987, 6.33462820500012], [-2.22371615899982, 6.33426999500011], [-2.22383639099991, 6.33385351900012], [-2.22390495699989, 6.33372381300006], [-2.22395985899993, 6.33364099600004], [-2.22461679399993, 6.33301653500013], [-2.22502549499995, 6.33226587100006], [-2.22508591199983, 6.33218579699997], [-2.22531695299995, 6.33203090200004], [-2.22542908799988, 6.33168610600012], [-2.22542854899984, 6.33145733900011], [-2.22550514399995, 6.33122838900016], [-2.22569996899989, 6.33090269200011], [-2.22569942399997, 6.33067116900008], [-2.22542797799997, 6.33004614000015], [-2.22542710799996, 6.32967680500002], [-2.22546816399984, 6.32956370200003], [-2.22544644499987, 6.32853016000013], [-2.22546491799983, 6.32818558500014], [-2.22550458899991, 6.32806972900011], [-2.22591477799995, 6.3273672950001], [-2.22580817499988, 6.32713740100007], [-2.22575127399989, 6.32695562200007], [-2.22554146299996, 6.32676593600019], [-2.22531520699988, 6.32661211900012], [-2.22505605299995, 6.32652590800018], [-2.22479689899995, 6.32643969700007], [-2.22466435199993, 6.32630495300015], [-2.22462551199993, 6.32618928100015], [-2.2246252459999, 6.32607627600009], [-2.22475440899984, 6.32594367200016], [-2.22554187399987, 6.32577092900016], [-2.22612244999988, 6.32548015300011], [-2.22634080299991, 6.32520263600014], [-2.22655915399997, 6.32492511700002], [-2.22678757999995, 6.32483086600013], [-2.22688377599997, 6.32473692600013], [-2.22692206899995, 6.32462107300006], [-2.22690192899989, 6.3242572960001], [-2.22696199399996, 6.32402838600012], [-2.22726709799997, 6.32374101600016], [-2.22728583599996, 6.32350944700011], [-2.22716959699994, 6.32328095200012], [-2.22694049699987, 6.32308855600019], [-2.22692094599995, 6.32297559600005], [-2.22695924099992, 6.32285974300015], [-2.2271877039999, 6.32278202900011], [-2.22741910399998, 6.32278148300009], [-2.22751249899994, 6.32266825700015], [-2.22761116999993, 6.32245579200003], [-2.22761065299989, 6.32223667200003], [-2.22761013699994, 6.32201755200003], [-2.22757125199985, 6.32188258700012], [-2.22757071199987, 6.32165382000011], [-2.22751263499987, 6.32155748800017], [-2.22742037699987, 6.32098440600015], [-2.22730943699986, 6.32066632000016], [-2.2271984969999, 6.32034823600009], [-2.22712048099993, 6.31997357], [-2.22699695299991, 6.32015853000007], [-2.22676595699994, 6.32032996200019], [-2.22653753899993, 6.32042696900015], [-2.22630925799996, 6.32058185700015], [-2.22584767399997, 6.32109836400002], [-2.22544744399988, 6.32160392499998], [-2.22477649499996, 6.32245145000007], [-2.2244996739999, 6.32295184600008], [-2.22432282599993, 6.32327152700014], [-2.22383859599989, 6.32414684200018], [-2.22376345999993, 6.32510259200001], [-2.22342055799987, 6.32571804400015], [-2.22331053499994, 6.32578996500013], [-2.22276124399997, 6.32649961400017], [-2.22253065099994, 6.32684468800011], [-2.22236652899988, 6.32734119900005], [-2.22204249999987, 6.32778296200013], [-2.2218698019999, 6.32814719300012], [-2.22161969799993, 6.328395844], [-2.2212205699999, 6.32853183900016], [-2.22098947799998, 6.32866468200007], [-2.22079998499993, 6.32891594600005], [-2.22033779899988, 6.32918163200003], [-2.21988160099988, 6.32906260500005], [-2.21953474099996, 6.32975681900007], [-2.21831276899985, 6.33025581200008], [-2.21771778099992, 6.3304934250001], [-2.21747581099987, 6.33164968500006], [-2.21744047299995, 6.331852352], [-2.21740513399988, 6.3320550200001], [-2.21727885799993, 6.33224549800002], [-2.21712482599997, 6.33234784100006], [-2.2165316359999, 6.33314027600017], [-2.2158437029999, 6.33347263800016], [-2.21515290999997, 6.33332297600003], [-2.21450877999996, 6.33354255100016], [-2.21413615899996, 6.33366957200008], [-2.21406310499987, 6.33423753200003], [-2.21391212299989, 6.33446665500003], [-2.21375830299996, 6.33465995300008], [-2.2135687089999, 6.33486987200013], [-2.21289175099992, 6.33518566800012], [-2.21194193299993, 6.33554266800019], [-2.21184761099994, 6.3363457370001], [-2.21173271099997, 6.33669053800014], [-2.21157897899985, 6.33692242300003], [-2.21131092499996, 6.33774717100005], [-2.21137145599982, 6.33800956400017], [-2.21136516399991, 6.33856014200006], [-2.21138473699995, 6.33868412900011], [-2.21134670999982, 6.33891574300009], [-2.21144446699998, 6.33948881700007], [-2.21138439299989, 6.3397177280001], [-2.21124994499996, 6.33994956800012], [-2.21100260499992, 6.34020647800008], [-2.21075526399989, 6.34046338700011], [-2.21052701499985, 6.34063756500012], [-2.21039202599997, 6.34063788000003], [-2.20995075199994, 6.3404266770001], [-2.20955880199995, 6.34010235200014], [-2.20957912999995, 6.34055019800007], [-2.20885517099981, 6.34049670000007], [-2.20873213399994, 6.34056565500003], [-2.20815159799997, 6.34151959500008], [-2.20792280199993, 6.34145949100008], [-2.20782642599994, 6.34147901000017], [-2.20773293999997, 6.34155640300008], [-2.20769490399982, 6.34178526100004], [-2.20763732099994, 6.3419011580001], [-2.20750246599988, 6.34195935400015], [-2.20727389999996, 6.34199847399998], [-2.20683040899996, 6.34201880000006], [-2.20648671399994, 6.34230625200007], [-2.20633432399995, 6.34252435100007], [-2.20618666299993, 6.34299877200016], [-2.20610427199995, 6.34370181300017], [-2.2060921989999, 6.34384103200006], [-2.20578353799993, 6.3443861130001], [-2.20568992899985, 6.34441113800017], [-2.20547228599997, 6.34440888700004], [-2.20534298399991, 6.34448636300004], [-2.20520573199991, 6.34469891500004], [-2.20512912699996, 6.34492786400011], [-2.20495907799994, 6.34525349900014], [-2.2048061349999, 6.34582715800008], [-2.20465510199995, 6.34603698500013], [-2.20438369599992, 6.3466109200001], [-2.20415549399996, 6.34680714600017], [-2.2040045039999, 6.34703626700002], [-2.20382923299996, 6.34748594600018], [-2.2036093829999, 6.34772074000006], [-2.20308502899996, 6.34851300700018], [-2.2026443879999, 6.34857742500014], [-2.20245731399996, 6.34897839200005], [-2.20255091899998, 6.34985103800011], [-2.20254935999998, 6.35036646500004], [-2.20239579399987, 6.35067276800009], [-2.20188168799996, 6.35113425800006], [-2.20168959699987, 6.35145994300012], [-2.20142147799987, 6.35226539700011], [-2.20134486999996, 6.35249434600013], [-2.20101857799995, 6.35316212000015], [-2.20084546199985, 6.35335546100009], [-2.20072477499997, 6.35358451200011], [-2.2002141289999, 6.35435193900008], [-2.20005881899993, 6.3545011380001], [-2.19983189899989, 6.35465877200016], [-2.19969694999992, 6.35467837900012], [-2.19937216499989, 6.35480867600018], [-2.19902779499989, 6.35480947400004], [-2.19843521799982, 6.35469783900015], [-2.19820388999995, 6.35473696300016], [-2.19797552799997, 6.35486703600003], [-2.19788745199997, 6.35490307100008], [-2.19751646899994, 6.35530910300008], [-2.19588942999985, 6.35580899500007], [-2.19503195899995, 6.35573082800005], [-2.19383610999995, 6.35663235100014], [-2.1929250959999, 6.35701757400011], [-2.19248460999995, 6.35715364800018], [-2.19225594699986, 6.35715417500018], [-2.19191146099996, 6.35710535500004], [-2.19150151999997, 6.35734609700006], [-2.19085152899993, 6.35742752500005], [-2.19068367799997, 6.35751611300009], [-2.19045514099997, 6.35757176400017], [-2.19022647799989, 6.35757229000018], [-2.19011068599991, 6.35753672499999], [-2.18988205999989, 6.35755378800008], [-2.18976652799995, 6.3576312300001], [-2.18961278099994, 6.35786311100003], [-2.18949999699993, 6.35793779000005], [-2.18926866099997, 6.35797415300016], [-2.1888118199999, 6.35818743700003], [-2.18858040199996, 6.35818797000013], [-2.18835156099993, 6.3581113190001], [-2.18812289599992, 6.35811184500017], [-2.18789165499987, 6.35818955200011], [-2.18754727499993, 6.35818758700003], [-2.1874064889999, 6.35823467000012], [-2.18697467199996, 6.35837908400015], [-2.18662802399996, 6.35858935700008], [-2.18643845999992, 6.35882132000017], [-2.18640011099995, 6.35891787800017], [-2.18618849499984, 6.35914437900016], [-2.18597929099985, 6.35922203400008], [-2.18538696699994, 6.35922339200005], [-2.18493503299993, 6.35899389000002], [-2.18459504199996, 6.35915456900011], [-2.18408148999993, 6.35939727200002], [-2.18349095399992, 6.36018141000005], [-2.18337532599998, 6.36021750600003], [-2.18321744599996, 6.36032356200013], [-2.18274539399988, 6.36064066000006], [-2.18257458299996, 6.36064105100019], [-2.18205703199993, 6.36081312400012], [-2.18069766699983, 6.36152184000014], [-2.18016357799996, 6.36169119300018], [-2.17997125499994, 6.36192316100005], [-2.17969633099995, 6.36217736700013], [-2.17908772399994, 6.36228900700013], [-2.17885922599993, 6.36236394800017], [-2.1777102499999, 6.36229623900016], [-2.1774922859999, 6.36240147899997], [-2.17679495499993, 6.36324515300015], [-2.17639027199994, 6.36338113300008], [-2.17612084299986, 6.36362981200011], [-2.17589243299994, 6.3637433400001], [-2.17497570299997, 6.36405137400016], [-2.17370973199985, 6.36464685500016], [-2.17268506199997, 6.36488037700013], [-2.1723740139999, 6.36451026600014], [-2.17189069499989, 6.36393517000016], [-2.17130737399992, 6.36324108000008], [-2.17050412499998, 6.36256485000013], [-2.16976190699995, 6.36207315200011], [-2.16936874199996, 6.36198676700013], [-2.16898391299998, 6.36190221300006], [-2.16842437099996, 6.36177927200009], [-2.1679674909999, 6.36167888600016], [-2.16757374199995, 6.36178041800002], [-2.16633240799996, 6.36108587500001], [-2.16470690999995, 6.36044477600018], [-2.16424774699988, 6.36026368100005], [-2.16399979499988, 6.36026423900006], [-2.16376815599989, 6.36016828900011], [-2.16352684599991, 6.35944668000019], [-2.16308205699988, 6.35912513500017], [-2.16300495199982, 6.35891588600015], [-2.16241748399989, 6.35849231900005], [-2.16201840699989, 6.3582045820001], [-2.16135190299991, 6.35772402700007], [-2.16103467299996, 6.35749530000004], [-2.16061422599989, 6.35731014200019], [-2.16006946199997, 6.35707023800006], [-2.15960640999998, 6.35697756000019], [-2.15803240599996, 6.35658142000011], [-2.1571417799999, 6.35624438700017], [-2.15609370099997, 6.35572027299997], [-2.15497964499997, 6.35525970000015], [-2.15411698399993, 6.35510727100007], [-2.15352989199994, 6.35498454500004], [-2.15312959399995, 6.35461609100014], [-2.1525561169999, 6.35442167000008], [-2.15234666399994, 6.35397719899998], [-2.15205786299992, 6.35336435200003], [-2.15189447699987, 6.35281403500005], [-2.15176918099991, 6.35239201400003], [-2.1518282159999, 6.35168350900011], [-2.15169822799993, 6.35107418700017], [-2.1516166319999, 6.35069170400004], [-2.1515115869999, 6.35007494999996], [-2.15145473199993, 6.34974113300018], [-2.15042149699997, 6.34930178900004], [-2.14977811399984, 6.34902821400004], [-2.14910737199995, 6.34845087499997], [-2.14804261299997, 6.3481400120001], [-2.14753325599997, 6.34799130200008], [-2.14595989699995, 6.34787350500017], [-2.14472631299992, 6.34816840300005], [-2.14411191999989, 6.34814675900003], [-2.14340105899987, 6.34812171600004], [-2.1416745059999, 6.34849762800002], [-2.14053016699989, 6.34847297600015], [-2.13966915599991, 6.34845442700009], [-2.13931552499997, 6.34844680700019], [-2.13889682499996, 6.34837440100006], [-2.13811867699997, 6.34823983300009], [-2.13696113599991, 6.34803965400016], [-2.13647187799995, 6.34795504400012], [-2.13596219299995, 6.34762210600007], [-2.13526070199993, 6.34716387400016], [-2.13478822999991, 6.34680313800015], [-2.13372360499994, 6.34599028300016], [-2.13352157999992, 6.34524629600014], [-2.13333111999998, 6.34454489300009], [-2.13264578699994, 6.34346698799999], [-2.13084142399993, 6.3432512660001], [-2.13071146699991, 6.34303379800002], [-2.1305265769999, 6.34289362800018], [-2.13028658299993, 6.34275082100015], [-2.12985908999991, 6.34253400200009], [-2.12921635699996, 6.3421550270001], [-2.12874738999994, 6.34186938799996], [-2.12836378499992, 6.34156426900006], [-2.12757461699994, 6.33972199200014], [-2.12743783199994, 6.33939603100004], [-2.12726722599996, 6.33898947200009], [-2.12683777799998, 6.33867523399999], [-2.12645598099982, 6.33839586300007], [-2.12554541599997, 6.33773631700006], [-2.12464795399995, 6.33676527200009], [-2.12453999199994, 6.33652570400017], [-2.12466817299998, 6.33592454300009], [-2.12484366599989, 6.33554378600007], [-2.1249864429999, 6.33404953700017], [-2.12436824899993, 6.3335464650001], [-2.12409471899991, 6.33318046200014], [-2.12405753999997, 6.33254934000013], [-2.12344374599996, 6.33153081900014], [-2.12333004999988, 6.33118652100006], [-2.12325545899995, 6.33109021000018], [-2.12310027899997, 6.3306715810001], [-2.12298583999996, 6.32998274100015], [-2.12298768499988, 6.32956101600013], [-2.12313788299997, 6.32894878200011], [-2.12118449999991, 6.32909908700003], [-2.12189011299995, 6.32798675499998], [-2.12260748699987, 6.32699843200004], [-2.12349583399993, 6.3263101820001], [-2.12426560399996, 6.32556981700003], [-2.12487989799996, 6.32427300400013], [-2.12561695299996, 6.32241914500014], [-2.12541427599996, 6.32169190700017], [-2.12648610999992, 6.32025186100003], [-2.12725687799991, 6.31921630000005], [-2.12755162499997, 6.31882029400015], [-2.12749016299995, 6.318553447], [-2.12724065899988, 6.31776687500013], [-2.12690214499997, 6.31628530800003], [-2.12642836699985, 6.31583608200015], [-2.12592464299991, 6.31535846000008], [-2.12543264699997, 6.31489195800003], [-2.12523930999987, 6.31466084200008], [-2.1247815989999, 6.31447164200006], [-2.12414888599989, 6.31361027100013], [-2.12408536099997, 6.31322981900007], [-2.12387767399991, 6.31198597600013], [-2.12376933199994, 6.31133710100016], [-2.12408587999983, 6.30984773600011], [-2.12417022499994, 6.30945089400012], [-2.12481384299991, 6.30898368200019], [-2.12473144499995, 6.30754123600008], [-2.12470505699997, 6.30707927900011], [-2.12468355799996, 6.30605120700011], [-2.12475693999994, 6.30531925900016], [-2.12497211999988, 6.30317295600008], [-2.12481957499995, 6.30269367900013], [-2.12481907599994, 6.30246214800007], [-2.12493428299996, 6.30223312100009], [-2.12407901999995, 6.30121450000007], [-2.12334746699992, 6.30091900400015], [-2.12297832499985, 6.30091704200015], [-2.1227012199999, 6.30144134599999], [-2.12288857299995, 6.30273642800006], [-2.12289083099989, 6.30378659300015], [-2.12279849599997, 6.30440421400004], [-2.12233688599997, 6.30495923500018], [-2.12171998999992, 6.30553849400007], [-2.12049214299992, 6.30669143400007], [-2.11950813599998, 6.30772166800006], [-2.11862339999993, 6.30800914900016], [-2.1167576009999, 6.3086154020001], [-2.11640838299996, 6.30872887300018], [-2.11568310099995, 6.30855634800002], [-2.11534109999997, 6.30847499600003], [-2.11496137299997, 6.30838466800003], [-2.11376018999988, 6.30705315799997], [-2.11296165699991, 6.30704074700014], [-2.11257691899988, 6.30703476800005], [-2.11220091899992, 6.30702892300019], [-2.11063081899988, 6.30838840000018], [-2.11013578699993, 6.30878085800015], [-2.10955783499992, 6.30904394300012], [-2.10900467599987, 6.30913224300014], [-2.1074784139999, 6.30926336200008], [-2.10664340299991, 6.30912180400009], [-2.10566911199993, 6.30955386500005], [-2.10492010599995, 6.30969878400003], [-2.10458467399991, 6.30965451800012], [-2.10408261499987, 6.30958826300002], [-2.10286443399997, 6.30942750100007], [-2.10182035899993, 6.30942971000019], [-2.10120280499996, 6.30939015000007], [-2.09936272199997, 6.30927227300003], [-2.09879073499997, 6.3090985880001], [-2.09736143899994, 6.30866457500002], [-2.09497216399996, 6.3082644110001], [-2.09372626499987, 6.3073763220001], [-2.09214400499997, 6.30624846300009], [-2.09130553399996, 6.30565078200016], [-2.09054573899988, 6.30501376000018], [-2.09018142499997, 6.30470831200012], [-2.08824419699988, 6.30308409500014], [-2.0867887689999, 6.30186381800013], [-2.0864979779999, 6.30162000900015], [-2.08620718799995, 6.30137619900006], [-2.08528127099987, 6.30059987200002], [-2.08487732699996, 6.29981888900016], [-2.08461192499993, 6.29930576100014], [-2.08419787799994, 6.29883558500012], [-2.08362338399991, 6.29818320800007], [-2.0831582319999, 6.29797373700006], [-2.08178654599993, 6.29735602300013], [-2.08109489199995, 6.2970445470001], [-2.07909933599996, 6.29651393500006], [-2.0786121669999, 6.29637443600018], [-2.0769107509999, 6.2958872370001], [-2.07586273199996, 6.29530228499999], [-2.07425499499988, 6.29447316200009], [-2.07446200699997, 6.29356036900015], [-2.07450025599996, 6.29340593200004], [-2.07457699999998, 6.29321558300018], [-2.07491984799992, 6.29248718900016], [-2.07493881399989, 6.29233279200008], [-2.07499627299995, 6.29214248300002], [-2.0750345219999, 6.29198804600014], [-2.07518536599997, 6.29166248100012], [-2.07522358099993, 6.29149150500018], [-2.07562435699987, 6.29080158200003], [-2.0756806899999, 6.29073393400012], [-2.07573702399998, 6.29066628700014], [-2.07589097699997, 6.29051436800006], [-2.07629265299994, 6.29026271000004], [-2.07640819399995, 6.29018529200005], [-2.07680900799994, 6.29018446700002], [-2.07736416599994, 6.2902219130001], [-2.07743996099993, 6.29024105100012], [-2.07854922999985, 6.2908960630001], [-2.07958228999996, 6.29049022000004], [-2.07881483699987, 6.28930748800002], [-2.07826409199987, 6.28845872200014], [-2.07800414799993, 6.28797413200004], [-2.0778522469999, 6.28778425400014], [-2.07758413199991, 6.28734378400009], [-2.07720240399988, 6.28657829200017], [-2.07731704199995, 6.28606261100003], [-2.07777849499985, 6.28541115100018], [-2.07800666499998, 6.28518190000011], [-2.07858161499996, 6.28480033300008], [-2.07873268799995, 6.28458777800017], [-2.07880914999993, 6.28426236600006], [-2.07878722999993, 6.28398539400007], [-2.07877199899997, 6.28361193500012], [-2.07880985599991, 6.28326730700007], [-2.07858006899983, 6.28271098900001], [-2.07858234799994, 6.28247944800017], [-2.07867534399998, 6.2821567580001], [-2.07867487199985, 6.28192797800017], [-2.07882822699992, 6.28148663900015], [-2.07894620799993, 6.28125761500002], [-2.07943532199988, 6.28066398200002], [-2.08002357799995, 6.27938931500017], [-2.08003296399994, 6.27926525800012], [-2.07995811099988, 6.27903387599997], [-2.07968728399993, 6.27861270600016], [-2.07957662099994, 6.27838139599999], [-2.07954600199997, 6.27822710200019], [-2.07968301999995, 6.27787951400006], [-2.07970734699984, 6.27765343900006], [-2.07999784399988, 6.27692515300004], [-2.08003318199997, 6.27669629900009], [-2.0799969009999, 6.27646759300018], [-2.07999623099994, 6.27614234000004], [-2.08024567999996, 6.27554644500003], [-2.08023580299994, 6.27543207500014], [-2.08022592599991, 6.27531770500008], [-2.08028334299996, 6.27510810100017], [-2.0804534209999, 6.27476320100004], [-2.08064584999994, 6.27456985600014], [-2.08078035599988, 6.27434079799997], [-2.08070251599992, 6.27399641000011], [-2.08085630499994, 6.27376731300006], [-2.08091368099997, 6.27353841300015], [-2.08110347899998, 6.27340571499997], [-2.08133553499988, 6.27239088400012], [-2.0814482369999, 6.27227488300002], [-2.08156385099994, 6.27223605500018], [-2.08179252599996, 6.27225487800007], [-2.08190818099996, 6.27223534400002], [-2.08200301999989, 6.27214005300004], [-2.08209785899993, 6.27204476200006], [-2.08236769399997, 6.27198632100016], [-2.08259601599991, 6.27183424800006], [-2.08280765099994, 6.2716050300001], [-2.08298028299993, 6.27116365100011], [-2.08308738299991, 6.27100355900018], [-2.08336242599984, 6.27079901800005], [-2.08355202299987, 6.27056984600011], [-2.08364923999994, 6.27029262800005], [-2.08374645799989, 6.27001541000004], [-2.08387820199988, 6.26978360000004], [-2.08401301899994, 6.26970614300012], [-2.08424306999996, 6.26905791500013], [-2.08468561799998, 6.26859944000012], [-2.08491392699995, 6.26844185400006], [-2.08501012199991, 6.26833691100018], [-2.08543249199994, 6.26744572400008], [-2.08516300099996, 6.26633545700014], [-2.08516545999987, 6.26619211900015], [-2.08493290699994, 6.26562754000008], [-2.08489339799996, 6.26517006100016], [-2.08495887599992, 6.26486396700005], [-2.08494753399998, 6.264706875], [-2.08487848699997, 6.26461881300003], [-2.08484519799993, 6.26450587000016], [-2.08493309399995, 6.26438440699997], [-2.08523817699995, 6.26405576600007], [-2.08535367699994, 6.26396181100017], [-2.08550221899998, 6.26386227300014], [-2.08565076199989, 6.26376273600016], [-2.08577433699998, 6.26357780300003], [-2.08577645999998, 6.26327183900014], [-2.08588915899998, 6.26315583800005], [-2.08600465799998, 6.26306188100017], [-2.08623317499996, 6.26300628000007], [-2.08669263699994, 6.26273796000009], [-2.08692118699986, 6.26269889800005], [-2.08703672099989, 6.26262148000006], [-2.08682870199993, 6.26193281300016], [-2.08680918099998, 6.26181708500019], [-2.08684751199996, 6.26170399400019], [-2.08703725899994, 6.26154924300005], [-2.08726580799993, 6.26151018100001], [-2.08800353199996, 6.2612660910001], [-2.0882122349999, 6.26095418700004], [-2.08953537799988, 6.2594147580001], [-2.08930380499993, 6.25865861000005], [-2.08899717699995, 6.25823751800004], [-2.08895841299994, 6.25814112500018], [-2.08882300599993, 6.25793192000015], [-2.08872887799993, 6.25770333499997], [-2.08861294699994, 6.25758780700005], [-2.08834890399993, 6.25711287600006], [-2.08851530099986, 6.25698987200019], [-2.08864443899995, 6.25683249100007], [-2.08927320599997, 6.25585267100018], [-2.08989607199987, 6.25468542800013], [-2.0900799069999, 6.25433774200013], [-2.09020029699991, 6.25394608600004], [-2.09039488099995, 6.25346882700012], [-2.09213182799994, 6.25199236500015], [-2.09228682799989, 6.2516878940001], [-2.09250521699994, 6.25140043100004], [-2.09311392699993, 6.2510902790001], [-2.09356173899994, 6.25081439900003], [-2.09390641099998, 6.25044691099998], [-2.0941589489999, 6.24973403400008], [-2.09438881199998, 6.24863100200014], [-2.09459554099988, 6.24815991900016], [-2.09491705399984, 6.24779196300005], [-2.09537644099993, 6.24761993900006], [-2.09635266899994, 6.24737827200005], [-2.09690370399989, 6.24719468600011], [-2.09728285499989, 6.2469764870001], [-2.09747235599997, 6.2467694500001], [-2.0976618549999, 6.246562412], [-2.09785709999989, 6.24603398599999], [-2.09797201099991, 6.24499975800006], [-2.09814444199998, 6.24405723400002], [-2.09838551099995, 6.24317262200003], [-2.09856928399995, 6.24213825099997], [-2.09850046899993, 6.24133387600011], [-2.09847745099989, 6.24086258300014], [-2.09855788999988, 6.24034559400008], [-2.09863823699988, 6.23990871300009], [-2.09994132099996, 6.23935489000019], [-2.10002177099994, 6.23950460100002], [-2.10015985399991, 6.23967710300008], [-2.10037787999994, 6.23975692800002], [-2.10055595099993, 6.23980832400002], [-2.10073402299992, 6.23985972000003], [-2.10081430399981, 6.23992863400002], [-2.10088347799996, 6.24007819600018], [-2.1009982139999, 6.24015840800007], [-2.10114759099991, 6.24021563500008], [-2.10126238799995, 6.24028430400017], [-2.10137756199987, 6.24049165300016], [-2.10148095699998, 6.24066439900008], [-2.10161882299985, 6.2407330210001], [-2.10191717399994, 6.24077805000013], [-2.10212391599981, 6.24081172699999], [-2.10241135299998, 6.24103025800008], [-2.10282483999987, 6.24130537400009], [-2.10325001199988, 6.24148830100006], [-2.10341075299988, 6.2415456760001], [-2.10356014699988, 6.24177569200009], [-2.10363492399995, 6.24190801300011], [-2.10370969999991, 6.24204033600017], [-2.10389359899995, 6.24230490700012], [-2.10410038999993, 6.24236218500005], [-2.10449086799997, 6.24241821700008], [-2.10483526399997, 6.24262456700006], [-2.10501923899983, 6.24284331300004], [-2.10509994299991, 6.243154097], [-2.10507742699991, 6.24350024100005], [-2.10500890499986, 6.24395019100018], [-2.10508977799998, 6.24434194300005], [-2.10514730099993, 6.24453778300011], [-2.10520482399988, 6.24473362400005], [-2.10534287199994, 6.24492938100019], [-2.10564139499996, 6.24505520300011], [-2.10584824599994, 6.24518121700004], [-2.10599759199994, 6.24546894500008], [-2.10610128299993, 6.24569957300014], [-2.10640013399995, 6.24594064400009], [-2.10660667899998, 6.24604391900004], [-2.10704333299998, 6.24615773500005], [-2.10744512399998, 6.24627145100004], [-2.10814564199995, 6.24636128200007], [-2.10846130599987, 6.24634873000014], [-2.10877696899996, 6.24633617800015], [-2.10929350899988, 6.24620760900007], [-2.10972991099993, 6.24607903400016], [-2.11010871299993, 6.2460663490001], [-2.11030371399988, 6.24604268100012], [-2.11053367199992, 6.24614556000017], [-2.11074020499996, 6.24628345900015], [-2.11103908299998, 6.24653624200016], [-2.11117128199993, 6.24665104100018], [-2.11130348199993, 6.24676583999997], [-2.11152188799997, 6.24706479000002], [-2.11176322199998, 6.24721433000013], [-2.11205006599988, 6.24727091800003], [-2.11227979499989, 6.24722409100013], [-2.11241756699991, 6.24724636900004], [-2.11253254099995, 6.24731537900004], [-2.11279693599994, 6.24770656900012], [-2.11301555399984, 6.24806357300014], [-2.11319921399985, 6.24821271700006], [-2.11339437599992, 6.24822350200014], [-2.11358945299997, 6.24815383500015], [-2.11381930399989, 6.24816437400005], [-2.11407186599985, 6.24820957900016], [-2.11432442799997, 6.24825478200006], [-2.11510521899982, 6.24844796800005], [-2.11528938499993, 6.24863208300013], [-2.11542730499997, 6.24872412799999], [-2.11565682299988, 6.24878083699997], [-2.11582902499993, 6.24880321100005], [-2.11605877799991, 6.24876758000005], [-2.11625386799989, 6.24866328600012], [-2.11640267499996, 6.24840904100012], [-2.11659770299991, 6.24823514800005], [-2.11679304999984, 6.24821147700015], [-2.11713738299989, 6.24822177100009], [-2.11748183799989, 6.24828994900008], [-2.11784950899994, 6.24850778200005], [-2.11828594299982, 6.24867912700012], [-2.11874526199989, 6.24872363100008], [-2.11918148899991, 6.24867584600008], [-2.11957203399993, 6.24872066700016], [-2.11983622799994, 6.24889289400011], [-2.1199281829999, 6.24898469200008], [-2.12006602899993, 6.24904193700013], [-2.12029565799992, 6.24911035700006], [-2.12046817999988, 6.24928260700011], [-2.12065211399994, 6.24955905800016], [-2.12081276999982, 6.2496159100001], [-2.12108840199988, 6.24966114699998], [-2.12129541699994, 6.24990240300008], [-2.12142165499984, 6.24992504700015], [-2.12162843699997, 6.24985518000017], [-2.12178889799992, 6.24973924300008], [-2.12190367599993, 6.24971574200015], [-2.12205324199994, 6.24981930300009], [-2.12222532099997, 6.24994503900007], [-2.12239750099991, 6.24995621400018], [-2.12258125199992, 6.24994410800008], [-2.1229489239999, 6.25000017300016], [-2.12350000299995, 6.25004430399997], [-2.12383319599996, 6.25015849800019], [-2.12413187199996, 6.25043435700019], [-2.12429265299988, 6.2505489190001], [-2.12451083399998, 6.25053656600005], [-2.12463721999995, 6.25046669800014], [-2.12478657599996, 6.25051254700008], [-2.12495875599984, 6.25068514000009], [-2.12514240799993, 6.25062669200003], [-2.12524579899997, 6.25051070400002], [-2.12542947499998, 6.25046414200011], [-2.12560172699995, 6.25050925400012], [-2.12580837599995, 6.25065851500011], [-2.12600369699987, 6.25070392200001], [-2.12616451399992, 6.25063415200015], [-2.12627541599988, 6.25048600900004], [-2.12647398299987, 6.25024053700014], [-2.12658899499996, 6.25028628700005], [-2.12666947799988, 6.25044736100006], [-2.1267384649999, 6.25066651600014], [-2.12684207899997, 6.25081617100017], [-2.1270601629999, 6.25091923899998], [-2.12730144999995, 6.25104517000005], [-2.12755422399994, 6.25130958300014], [-2.12771521499991, 6.25148202600013], [-2.12795647899998, 6.25159658600018], [-2.12805411099987, 6.25166554400005], [-2.12899149299989, 6.25356929200018], [-2.12947497899995, 6.25424355999996], [-2.12970402199988, 6.25443876800017], [-2.13016426599995, 6.25455078900012], [-2.13026083899996, 6.25462775900007], [-2.13039354599994, 6.25485625100015], [-2.13046976899983, 6.25507659500011], [-2.13054599099991, 6.25529693900017], [-2.13065929799996, 6.25547034500016], [-2.1306605719999, 6.25606295800009], [-2.13092891399998, 6.25659986800008], [-2.13092957699996, 6.25690857900014], [-2.13077676299991, 6.25757870000007], [-2.13089265499991, 6.25767216599996], [-2.13097741799993, 6.25770092600004], [-2.13110228799985, 6.25780677700004], [-2.13138843399997, 6.25893626300007], [-2.13218576099996, 6.25824545900008], [-2.1349050849999, 6.25574645400019], [-2.13812493999995, 6.25278747300001], [-2.13831878799994, 6.25278756900002], [-2.13879819299996, 6.25236653400009], [-2.14047473899996, 6.25078041700004], [-2.1409915349999, 6.25029745300009], [-2.14130157799997, 6.24997566800016], [-2.14250735699989, 6.24803379300016], [-2.14375331899987, 6.246051346], [-2.14499928299995, 6.24406890000012], [-2.14814559199993, 6.23934561600009], [-2.14832941999987, 6.23907552500009], [-2.14851324999989, 6.23880543400003], [-2.14892650999997, 6.2384953080001], [-2.15084421199992, 6.23712760100017], [-2.15241627299997, 6.2359844230001], [-2.15269309399997, 6.23578312300015], [-2.15362337199986, 6.23510492600008], [-2.15453036999992, 6.23444969200006], [-2.15538023099992, 6.23364522200006], [-2.16050401399991, 6.22879907900011], [-2.16122500499989, 6.22811715600011], [-2.16792348599989, 6.22172835200013], [-2.17123791999995, 6.21856714700016], [-2.17554680199987, 6.21432892800004], [-2.19174502999994, 6.20370623300016], [-2.19465019799998, 6.2018784710001], [-2.19624308199997, 6.20094049700009], [-2.19660195199992, 6.20072917400012], [-2.19882958199992, 6.20001629300003], [-2.20325025599993, 6.19868274600009], [-2.20542054599991, 6.19808487300008], [-2.20592567099987, 6.19797002700017], [-2.20108164599992, 6.18386365600014], [-2.19972253299994, 6.17990576100016], [-2.19732110699994, 6.17261390800019], [-2.19419266299997, 6.16324097300009], [-2.19234921699996, 6.15771772400007], [-2.19200336299991, 6.15644335000013], [-2.18921327099991, 6.14784513399997], [-2.18900068399989, 6.14717893200009], [-2.18985028999992, 6.14672457100011], [-2.19045309899991, 6.14659239200006], [-2.19164704699995, 6.14630514400011], [-2.19324309299992, 6.14610933299997], [-2.19475859499988, 6.14587941700017], [-2.19548185499997, 6.14569571300007], [-2.19582641199997, 6.14545428400004], [-2.19615922399987, 6.14504026700018], [-2.19657275899988, 6.14462658700006], [-2.19685970099994, 6.14448296200015], [-2.19714664499998, 6.14433933599997], [-2.19785852199988, 6.14422421900014], [-2.19890335899993, 6.14422411800007], [-2.20031554299987, 6.14436186600011], [-2.20147520599988, 6.14448812000006], [-2.20191148899994, 6.14439618200009], [-2.20227907799989, 6.1441431560001], [-2.20282996599991, 6.14381012899997], [-2.20327788199995, 6.14376398800016], [-2.20381738099996, 6.14387905500018], [-2.20503460799989, 6.14438433400016], [-2.20557413399996, 6.14462567100014], [-2.20593005399991, 6.14469446500016], [-2.20651577499996, 6.14454499400011], [-2.2084904809999, 6.1440161540001], [-2.20896128599998, 6.14374032300009], [-2.20923659099992, 6.14347595900006], [-2.20933417299983, 6.14345299900009], [-2.20977621799989, 6.14341858], [-2.21029303899996, 6.14336090800003], [-2.21064869799989, 6.14320023900018], [-2.21097041199994, 6.14283223600017], [-2.21133773599996, 6.14234974400006], [-2.21162478899993, 6.14225744700013], [-2.21202921499997, 6.14223741000018], [-2.21262373199994, 6.14244123400016], [-2.21362254899998, 6.14268272800007], [-2.21455572599996, 6.14176548400019]]]]}, "properties": {"REGION": "Western North", "DISTRICT": "Bibiani-Anhwiaso-Bekwai-"}}, {"type": "Feature", "geometry": {"type": "MultiPolygon", "coordinates": [[[[-2.94823591999995, 6.16542587800012], [-2.94897161499989, 6.16538948200014], [-2.94929053099992, 6.16540282300008], [-2.94956612399989, 6.1654598400001], [-2.94977145799993, 6.16560712100011], [-2.95037019699987, 6.16648799699999], [-2.95042755299994, 6.16655115900011], [-2.95058799599997, 6.16660843400012], [-2.95081761299997, 6.16661999200016], [-2.95103558399995, 6.16651673100006], [-2.95124221099991, 6.1662638630001], [-2.95136831699995, 6.16596531100009], [-2.95143714099987, 6.16551749299998], [-2.9514601059999, 6.16509257400008], [-2.95145992399989, 6.16473662200013], [-2.95144849899992, 6.16455291900013], [-2.95149431899989, 6.16443771700017], [-2.95173546799987, 6.16442650200008], [-2.95186166399992, 6.16454107400011], [-2.95201066199991, 6.16463317600011], [-2.95219444999992, 6.1648284740001], [-2.95224025199997, 6.1649316320001], [-2.95232063499998, 6.16508081300009], [-2.95244687599995, 6.16519590100006], [-2.95264195599992, 6.16516160600014], [-2.95285988699993, 6.16498911700018], [-2.95308935599991, 6.16472514500015], [-2.95322706599984, 6.16451816400019], [-2.9533074389999, 6.16428848999999], [-2.95336479799994, 6.16408180400015], [-2.95339922999995, 6.16386383600002], [-2.95346780199986, 6.16379470200019], [-2.95368602299988, 6.16377186000005], [-2.95392681199991, 6.16389823900016], [-2.95410768599987, 6.16396680300011], [-2.95416823999989, 6.16370966200009], [-2.95386280199995, 6.16326819700004], [-2.95389062199996, 6.1629489610001], [-2.95409349399995, 6.16271846500007], [-2.95417632999994, 6.16272844100018], [-2.95454219999993, 6.16277250100006], [-2.95461791399981, 6.16285663100012], [-2.95523485599995, 6.1635421420001], [-2.95539559199995, 6.16367949000005], [-2.9556021869999, 6.16379445500007], [-2.95567092099998, 6.16384052700016], [-2.95571676599997, 6.16395522000016], [-2.95568243099996, 6.16405866999997], [-2.95557914099993, 6.16418510400018], [-2.95551048399994, 6.16423099100012], [-2.95551026099992, 6.16432277799998], [-2.95562509899992, 6.16448354200014], [-2.95557936099993, 6.1646211310001], [-2.95555629799992, 6.16471334600016], [-2.95569389699995, 6.16478189600014], [-2.95606116999994, 6.16471304400017], [-2.95695603699983, 6.16452928700011], [-2.95752987899988, 6.16433413700014], [-2.95778230599996, 6.16417340200007], [-2.95793153299996, 6.16410448900012], [-2.95811508099996, 6.16408142800009], [-2.95825263899997, 6.16413878400004], [-2.95837896499995, 6.16427677400009], [-2.95844772999988, 6.16448334100005], [-2.9585167109999, 6.1646785420001], [-2.95879200399992, 6.16474744700008], [-2.9589870399999, 6.16471314900008], [-2.95922815499995, 6.16454091800011], [-2.95942328399997, 6.16437970499999], [-2.95959538799997, 6.1643912990001], [-2.95966403199998, 6.1644945430001], [-2.95967553899993, 6.16478174000014], [-2.95968713499991, 6.16501142100003], [-2.95966403099987, 6.16509192600006], [-2.95951510399982, 6.16517220500003], [-2.95928553699991, 6.16510347800011], [-2.95928565699995, 6.16520680100007], [-2.95938866099993, 6.16544785600018], [-2.95937724799995, 6.16564318000019], [-2.95933133099987, 6.16588426500016], [-2.95936598599991, 6.1660909580001], [-2.95956090899995, 6.16640107300009], [-2.95965276899994, 6.16667661000008], [-2.95967000699994, 6.16683161800012], [-2.95968724499994, 6.16698662700003], [-2.95979060399998, 6.16710179800009], [-2.95988238599983, 6.16727383800009], [-2.95955125499995, 6.16759122600007], [-2.95920705399993, 6.16802748500004], [-2.95888568299995, 6.16860177000018], [-2.95879388899994, 6.168865928], [-2.95870209599997, 6.16913008500012], [-2.95862184499981, 6.16947444800013], [-2.95859884499993, 6.16987663500009], [-2.95857596399992, 6.17039333800011], [-2.95854173499993, 6.17081829699998], [-2.95846144899997, 6.17107104700011], [-2.95812850999994, 6.17157614700017], [-2.95794501099994, 6.17205865500011], [-2.95791048599995, 6.17240319500007], [-2.95784166399983, 6.17293143300003], [-2.95778443599988, 6.17316119400016], [-2.95760072499996, 6.17358618700007], [-2.95748601399987, 6.17398802200017], [-2.95746328199994, 6.17424056100003], [-2.95747483299994, 6.17453946800015], [-2.95753197899995, 6.1748147890001], [-2.95760085099988, 6.17508481300007], [-2.95766972199988, 6.17535483800009], [-2.95779593299994, 6.1759173160001], [-2.95779615899988, 6.17635368600014], [-2.95776175599997, 6.17680155000011], [-2.95771578799997, 6.1771805730001], [-2.95757823899987, 6.17751361000001], [-2.95746345499987, 6.17774323900011], [-2.95719947799989, 6.17812237600015], [-2.95702733799993, 6.17855886300009], [-2.95672905099997, 6.17986821400018], [-2.95877195399987, 6.18634494900004], [-2.95882961399997, 6.18674701000015], [-2.95887549199983, 6.18709159800005], [-2.95888687999997, 6.18727530000018], [-2.9589557409999, 6.18742469400013], [-2.95909333399993, 6.18771142600002], [-2.95917393199994, 6.18798734800009], [-2.95921985599989, 6.18827441800005], [-2.95931145199995, 6.18877967800012], [-2.95936896299997, 6.18951461400019], [-2.95941495899996, 6.19004294500013], [-2.95948396299991, 6.19068605300004], [-2.95955280599992, 6.19114541700003], [-2.95956430299998, 6.19131189700011], [-2.95957579999987, 6.19147837800011], [-2.95965605499993, 6.19174259100004], [-2.95974780099988, 6.19191480199999], [-2.95982236899994, 6.1919779860001], [-2.95989693599995, 6.19204116800017], [-2.96008065799981, 6.19213279200011], [-2.9604823489999, 6.19228233400003], [-2.96113650399997, 6.192511878], [-2.96203138099992, 6.19284471600002], [-2.96291511599992, 6.19321238000009], [-2.96330544299991, 6.19348784400012], [-2.96344304699994, 6.1936600570001], [-2.96358065199996, 6.19383227000003], [-2.96378725599988, 6.19401611000012], [-2.96406264799992, 6.19418850200003], [-2.96424051799983, 6.19434351700016], [-2.96444239099992, 6.19447519800013], [-2.96449121999996, 6.19470929700003], [-2.9646763589999, 6.19512729700017], [-2.96497508099992, 6.19568051100009], [-2.96501239299994, 6.19574961200004], [-2.96555537799998, 6.19626191900005], [-2.96603070699996, 6.19674674900006], [-2.96626546499994, 6.19751469500017], [-2.96657188899997, 6.19806478400011], [-2.96682787499992, 6.198118491], [-2.96698854599993, 6.19816473500009], [-2.96721786799998, 6.198313875], [-2.96742447899993, 6.19841729300003], [-2.96753920599991, 6.19847472800012], [-2.96767698999986, 6.19850917500003], [-2.96796513399988, 6.19853831200004], [-2.96835488699998, 6.19800978400002], [-2.96852697799994, 6.19760784700003], [-2.96868604099996, 6.19750571500015], [-2.96889305599984, 6.19761332700017], [-2.96903079099997, 6.19778519300013], [-2.96922611799994, 6.19826784700012], [-2.96930638499992, 6.19838275400014], [-2.96940966699987, 6.19846296300011], [-2.96959326699994, 6.19845125900002], [-2.96969664699998, 6.19826764900012], [-2.96973085299987, 6.19806087600011], [-2.96977663299992, 6.19786576999996], [-2.96988007299996, 6.19776817600007], [-2.97015536499993, 6.19776241800014], [-2.97025873599995, 6.19779699200018], [-2.97031611799997, 6.19790010100007], [-2.97031623699991, 6.19815272500017], [-2.97020132599982, 6.19842833600018], [-2.96974252099994, 6.19897971900002], [-2.96968521499991, 6.19911752399997], [-2.96970805499996, 6.19919785900015], [-2.96992602499995, 6.199243545], [-2.97010984199989, 6.19922081900012], [-2.97051128999988, 6.19908294100009], [-2.97103907699994, 6.19908304500007], [-2.9715669069999, 6.19902528900008], [-2.97184226699994, 6.19896778100014], [-2.97212915299997, 6.19896792000003], [-2.97226706599986, 6.19903680600004], [-2.97230130399993, 6.19920922800014], [-2.97225565599996, 6.19936972000005], [-2.97223255099993, 6.19953064500015], [-2.97237020499995, 6.19959953200009], [-2.97261123599998, 6.19956505500016], [-2.9729097419999, 6.19942738600002], [-2.97301298799994, 6.19931816800005], [-2.97311623399986, 6.19920895100017], [-2.97319655299992, 6.19903662000007], [-2.97327661499997, 6.19880677300011], [-2.97335710599998, 6.19868059099997], [-2.9734486939999, 6.1985888100001], [-2.97358652299994, 6.1985542000001], [-2.97372426599998, 6.19857728000005], [-2.97385051999993, 6.19869201400013], [-2.97396515799994, 6.19887584700018], [-2.97402275099989, 6.19910552600004], [-2.97404567499996, 6.19927764500017], [-2.97403704399994, 6.19947859700011], [-2.97404562299994, 6.19956471000006], [-2.97411466299997, 6.19969085100007], [-2.97422938999995, 6.19974828500006], [-2.9747227609999, 6.19981739600018], [-2.97517035999982, 6.1998746220001], [-2.97550318599991, 6.20001252400016], [-2.97576696499988, 6.20024212200013], [-2.97588181799989, 6.20048329700012], [-2.97595076899989, 6.20073583500005], [-2.97600234099991, 6.20101719700006], [-2.97605391199994, 6.20129856000017], [-2.97611150599988, 6.20160865800005], [-2.9764443709999, 6.20198764400016], [-2.97720169299993, 6.20241240200011], [-2.97741979299997, 6.20253290600016], [-2.97760479399989, 6.20262211000005], [-2.97773600099993, 6.2028247020001], [-2.9776511419999, 6.20339074700013], [-2.97786942599993, 6.20362202500013], [-2.97839133699995, 6.20364908800013], [-2.97871005499996, 6.20360438100005], [-2.97885478399985, 6.20354581700019], [-2.97908583099996, 6.20331286100009], [-2.97911325099983, 6.2028920890001], [-2.97921319699992, 6.20248555300003], [-2.97950276299997, 6.20239743600013], [-2.97979335599996, 6.20258492599999], [-2.97996799399994, 6.20277284899998], [-2.98001494099992, 6.2037010470001], [-2.98008811799991, 6.20388935000011], [-2.98026243099997, 6.20399023900018], [-2.98048376999998, 6.20397357300004], [-2.98055242899989, 6.20377838200017], [-2.98059828999993, 6.20352576000005], [-2.98060977899991, 6.20328463199996], [-2.98062118199988, 6.20308931000017], [-2.98065581299994, 6.20292851300007], [-2.98073587099998, 6.20283677400005], [-2.98089675899996, 6.20279071100009], [-2.98099991499987, 6.20284818500005], [-2.98109175599984, 6.20296287400004], [-2.98112608299994, 6.20308931600016], [-2.98114930899987, 6.20347996000015], [-2.98124118799996, 6.20397349700005], [-2.98143618599994, 6.20421471400005], [-2.98180334499983, 6.20426052500017], [-2.98233139099989, 6.20432932500017], [-2.98285904899996, 6.20452469600008], [-2.98336420699991, 6.20480022500004], [-2.98355903399988, 6.204926237], [-2.98369686299992, 6.20504109700011], [-2.98383469399994, 6.2050872480001], [-2.98397226399987, 6.20506400200014], [-2.98407550899998, 6.20491465900011], [-2.98409839599992, 6.20470810100011], [-2.98413272499994, 6.20453577000012], [-2.98423605499994, 6.20448974900012], [-2.98447704199998, 6.20443236300002], [-2.98467216999995, 6.20448966500015], [-2.98493617299994, 6.20455876200009], [-2.98518860099989, 6.20454696800016], [-2.98538368799996, 6.20437472200013], [-2.98549846099996, 6.20421379800013], [-2.98571638999994, 6.20404163800009], [-2.98587706199993, 6.20400711200006], [-2.98599161999988, 6.20401890900007], [-2.98608640899994, 6.20407034400017], [-2.98610643299997, 6.20430588700003], [-2.98608350499995, 6.20458149799998], [-2.98594584599994, 6.20479967900019], [-2.9858771019999, 6.20497179600017], [-2.98586861699994, 6.20507514900009], [-2.9858771449999, 6.20528210600008], [-2.98599191799991, 6.20541995500002], [-2.98608384599987, 6.20548866400009], [-2.98648528999996, 6.20527035500004], [-2.98659993399997, 6.20478810000003], [-2.98673763499988, 6.20450103700017], [-2.98687533499998, 6.20429404900011], [-2.98705893699992, 6.20391520200013], [-2.98711627899996, 6.20371988100004], [-2.98719637999994, 6.20342149600015], [-2.98724245199992, 6.20315733600012], [-2.98725376499988, 6.20300799300009], [-2.98723087999991, 6.20285860700017], [-2.98710453699994, 6.20272080100017], [-2.98679465999982, 6.20253150600018], [-2.98673746599997, 6.20239929600012], [-2.98673738099995, 6.20230751200012], [-2.98682905199991, 6.20222709400008], [-2.98717323799997, 6.20216983700004], [-2.98752903799993, 6.20212390200004], [-2.98781596599991, 6.20213522500018], [-2.9879421359999, 6.20207758000015], [-2.98795357899996, 6.20197421500018], [-2.98793628499993, 6.20187664100013], [-2.98791899299994, 6.20177906700019], [-2.98779286499996, 6.20162972300011], [-2.98757485199997, 6.20156097000017], [-2.98746012299989, 6.20150354000003], [-2.98731089599988, 6.20135428300006], [-2.98728783799993, 6.20122797199997], [-2.98734526699997, 6.20105572600011], [-2.98757489599996, 6.20090642600002], [-2.98787309399995, 6.20076857800018], [-2.98798790899997, 6.20063072900007], [-2.98806804999992, 6.20049283800012], [-2.98832051999995, 6.20027457100008], [-2.98894023199995, 6.20019423800011], [-2.98946801299985, 6.20012509800006], [-2.98967458299995, 6.19999896000007], [-2.98980062499993, 6.19983816500019], [-2.9898925949999, 6.19961981100005], [-2.99009894999983, 6.19943615700015], [-2.99039718899991, 6.19924079200007], [-2.99059240099996, 6.1989536860001], [-2.99074128299986, 6.1986435070001], [-2.99090216699994, 6.19836789400011], [-2.99100536499986, 6.19813830500004], [-2.99110860599995, 6.19777095300003], [-2.99114297599988, 6.19754127700003], [-2.99117164699993, 6.19740340700002], [-2.99120031699994, 6.19726553700013], [-2.99118878799993, 6.19697851800009], [-2.99120022999989, 6.19687515300018], [-2.99128049899997, 6.19677170200004], [-2.99144112499994, 6.19672563800015], [-2.99155567999992, 6.19673709000006], [-2.99167045099989, 6.19680605700012], [-2.99181976299991, 6.19689779600003], [-2.99196881699993, 6.19693219400017], [-2.99224434299987, 6.19698970800016], [-2.99260013799994, 6.19708136100019], [-2.99284099299996, 6.19715054300002], [-2.9929672479999, 6.19719639100009], [-2.99308193199988, 6.19723091700013], [-2.99320814399994, 6.19719617400017], [-2.99334579799989, 6.19711575500003], [-2.99339182599988, 6.19698952900006], [-2.99339169599995, 6.1968744990001], [-2.99340313699992, 6.19670225300007], [-2.99340317999992, 6.19656449000013], [-2.99343754899991, 6.19640386900011], [-2.99366700099989, 6.19628883600006], [-2.99411463599989, 6.19620845700007], [-2.99461952899992, 6.19627733400017], [-2.99480308199992, 6.19625425700013], [-2.99490623699995, 6.19623131000009], [-2.99494082099994, 6.19605897800005], [-2.99477997799988, 6.19574910199998], [-2.99446999299983, 6.19524382000009], [-2.99427499399997, 6.19485330800012], [-2.99413725099993, 6.19453180700009], [-2.99410288099989, 6.19439417400014], [-2.99407986499995, 6.19421034900012], [-2.99490578399991, 6.19339479200005], [-2.99507083299989, 6.19331581900019], [-2.9951698619999, 6.1932684360001], [-2.99544512599994, 6.19310759699999], [-2.99558290799996, 6.19307315600008], [-2.99580070199988, 6.19315344400019], [-2.9960189709999, 6.19335995400019], [-2.99637459499985, 6.19377328000013], [-2.99650089599993, 6.19404918900011], [-2.99660422599993, 6.19430176600014], [-2.99670759699995, 6.19455434200006], [-2.99682228199993, 6.19466911399996], [-2.99718964799996, 6.19484131200005], [-2.99729574999986, 6.19488723400008], [-2.99740185099995, 6.19493315799997], [-2.99761405499993, 6.19502500400012], [-2.99776341199993, 6.19513998900015], [-2.99778625599993, 6.19535808300009], [-2.99782080099988, 6.19561057400006], [-2.99787246799997, 6.19577147400008], [-2.99797003099997, 6.1958404180001], [-2.99811925599994, 6.19584002800008], [-2.99833709199987, 6.19571384400012], [-2.99850932899989, 6.19552997200014], [-2.99872729299989, 6.19536934800004], [-2.99899120299989, 6.19541519299997], [-3.00059436199996, 6.19739291600013], [-3.00095579599991, 6.19895290600005], [-3.00100596099998, 6.19915453800002], [-3.00117631999996, 6.199431312], [-3.00132465099995, 6.19955887000009], [-3.00163442599995, 6.19957251000017], [-3.00193327299996, 6.19954038500009], [-3.00220850599993, 6.19958825200001], [-3.00263112699997, 6.1998904190001], [-3.00338426799993, 6.20051645300003], [-3.00402503699985, 6.20084310900006], [-3.00460807699994, 6.20118065800017], [-3.00521349099995, 6.20162195800009], [-3.00587453499992, 6.20228174300007], [-3.00681222799989, 6.20279428100002], [-3.00762366399988, 6.20332899100003], [-3.00832096699992, 6.2037475520001], [-3.00913347499994, 6.20413295700013], [-3.00988919499991, 6.20441456600003], [-3.01070148899981, 6.20481116200017], [-3.01222531199994, 6.20586361600004], [-3.02067523799991, 6.21169951600007], [-3.02082666499984, 6.21141317199999], [-3.02117388799996, 6.21105952600004], [-3.02178575499988, 6.21059293799999], [-3.02227169999992, 6.21009067], [-3.02294189099996, 6.20953276400002], [-3.02362343899995, 6.20899789100008], [-3.02447518199983, 6.20869363000008], [-3.02528034599993, 6.20851559500016], [-3.02678021399993, 6.20867603200003], [-3.02737865799998, 6.20880980500016], [-3.02771459099989, 6.20888199800004], [-3.0282536659999, 6.20897369500005], [-3.02916305099984, 6.20912838100008], [-3.02978059499986, 6.20899696100003], [-3.03018547899995, 6.20904026700003], [-3.03009742599994, 6.20934523900007], [-3.03011928799998, 6.20957609300018], [-3.03028763699996, 6.20971191000012], [-3.03066584699991, 6.20986791700017], [-3.03091871199996, 6.21016086700007], [-3.03096293699997, 6.21044922800019], [-3.03104468299989, 6.2105973730001], [-3.03146877299992, 6.2113659310001], [-3.03135418299996, 6.21173224200015], [-3.03120405999994, 6.2118576630001], [-3.03098429599987, 6.21205136900016], [-3.03087896499989, 6.21230318300019], [-3.03077325699991, 6.21265883500013], [-3.03066843499994, 6.21283023100011], [-3.03050695299993, 6.21293262000017], [-3.03035716699998, 6.21300035200005], [-3.03022937799994, 6.21320644800005], [-3.03022814499997, 6.21337865100003], [-3.03006589599994, 6.21357299800019], [-3.02977811199992, 6.21369722400016], [-3.02961647799998, 6.2137995280001], [-3.02945484399993, 6.21390183100016], [-3.02929323199993, 6.21403814400014], [-3.0292573289999, 6.21423338300002], [-3.02924469599992, 6.21438272800003], [-3.02921946999987, 6.2146927820001], [-3.02909134099986, 6.21495622200007], [-3.02907759899995, 6.21524333000002], [-3.02912235499991, 6.21542741100006], [-3.02913843499994, 6.21556545300012], [-3.02915451499985, 6.21570349500018], [-3.02915272999996, 6.21595628900013], [-3.02917417199995, 6.21616353500002], [-3.02939083399986, 6.21638329000018], [-3.02965382299993, 6.21653467600009], [-3.02977902099991, 6.21666196700005], [-3.02988090999997, 6.21688130199999], [-3.02989005699993, 6.21719139700002], [-3.02983745699993, 6.21732892700004], [-3.02978485799997, 6.2174664580001], [-3.02971364599983, 6.21777617200019], [-3.02960780499996, 6.21810857800011], [-3.02951295199983, 6.21832256700014], [-3.02911536499988, 6.21858652300017], [-3.02877625399998, 6.21938549700019], [-3.02878043599998, 6.21974592200007], [-3.0287967299999, 6.21986665600014], [-3.02881302399993, 6.21998739100007], [-3.02892516699995, 6.22036751999997], [-3.02912813599988, 6.22088609200006], [-3.02928723999997, 6.22109401400007], [-3.02959647099982, 6.221188052], [-3.02988256499987, 6.22133969400011], [-3.03011037599987, 6.22158282300006], [-3.03032788899992, 6.22166464300011], [-3.03064916399995, 6.22172471100009], [-3.0309126219999, 6.2217955050001], [-3.03114009399991, 6.22209615000003], [-3.03117166499993, 6.22249845699997], [-3.03111130699983, 6.22291179400003], [-3.03111913799995, 6.22338289900017], [-3.03107124199988, 6.22366979399999], [-3.03086245099985, 6.22393268299999], [-3.03079217499987, 6.22412736600006], [-3.03080153799993, 6.2244147290001], [-3.03085633599994, 6.22477131300013], [-3.03088939299994, 6.22495535300004], [-3.03103019499997, 6.2255492860001], [-3.03135568799996, 6.22584719200006], [-3.03155299199994, 6.22651619200013], [-3.03203674899993, 6.22815646100008], [-3.03105511099989, 6.23097425800006], [-3.03172757599992, 6.23378568700008], [-3.03040937999992, 6.23511500800004], [-3.03042275299987, 6.23859109900013], [-3.02811461199997, 6.24058635800009], [-3.02795874599991, 6.2430699200001], [-3.02829785499995, 6.24522051300011], [-3.02847155199993, 6.24737174300009], [-3.02964285499991, 6.25084336800001], [-3.0283329159999, 6.25432456600009], [-3.02850407699992, 6.25581368200005], [-3.02751666999995, 6.25714173900008], [-3.02686073699994, 6.2586340470001], [-3.02587140799989, 6.25946551800007], [-3.02587651099998, 6.26078974600017], [-3.02637978999996, 6.26260864300014], [-3.02671637599997, 6.26409712100002], [-3.02523843499984, 6.26691685200018], [-3.0254121559999, 6.26906808300009], [-3.02409132799994, 6.26973530600014], [-3.02178751899993, 6.27288928900009], [-3.01980943699988, 6.27471776200008], [-3.01799612999986, 6.27638006500007], [-3.01485112999995, 6.27589557800019], [-3.01269297099992, 6.27391748900004], [-3.00722252299988, 6.27095888600013], [-3.00009787699997, 6.26800651600007], [-2.99197697099987, 6.26406460099997], [-2.98899556899994, 6.26308270200019], [-2.98669369099997, 6.26475754300014], [-2.98403782599996, 6.26442574600014], [-2.97989782099989, 6.26328263400006], [-2.97675909299983, 6.26445321500017], [-2.97263213599996, 6.26678625200003], [-2.97081367599986, 6.26712415899999], [-2.96700883799997, 6.2671384410001], [-2.96336941899995, 6.26715207600012], [-2.96121699499986, 6.26666351600016], [-2.95890655199992, 6.26816198600017], [-2.96040901299989, 6.27179819300005], [-2.96123987499988, 6.27278830800014], [-2.96030536899991, 6.27472229200009], [-2.95959608299995, 6.27560859200008], [-2.95546276199997, 6.27628618900013], [-2.95414424099988, 6.27761541200005], [-2.95151416799996, 6.27770798900013], [-2.95033290599991, 6.28036100100013], [-2.94901485299994, 6.28182264800017], [-2.9483565619999, 6.28275211400017], [-2.94882751099988, 6.28332921900005], [-2.94756936899995, 6.28460907500005], [-2.94810418099996, 6.28606382200007], [-2.94920643099988, 6.28706883600012], [-2.94861634699993, 6.28783383700005], [-2.94895863199997, 6.28876487300016], [-2.94836696899995, 6.28910610100019], [-2.94616561999982, 6.2893685680001], [-2.94531921199996, 6.28954123], [-2.94574682799987, 6.29064146400009], [-2.94464505999997, 6.29071642899999], [-2.94439345299992, 6.29115503600013], [-2.94367228899995, 6.29110658700012], [-2.94304164899995, 6.29209237800006], [-2.94236495799993, 6.29234916200016], [-2.94168543499995, 6.29184315200007], [-2.94065353199983, 6.29138805300016], [-2.93948311899987, 6.29185133100009], [-2.93821160899995, 6.29160178100005], [-2.93745303499998, 6.29262166800015], [-2.93711296099997, 6.2922839040001], [-2.93687263899989, 6.29100550600003], [-2.93615796599994, 6.29158365899997], [-2.93584364399993, 6.29262763400016], [-2.93694825899985, 6.29355585700011], [-2.9374630829999, 6.29533382800003], [-2.93814480899982, 6.29643312800005], [-2.93809165599993, 6.29793256300002], [-2.93832333499995, 6.29889039300008], [-2.93900475399994, 6.2999049340001], [-2.93985338599987, 6.30032556000003], [-2.94069981399991, 6.30015290100005], [-2.94061948799992, 6.30211044300006], [-2.94207401699992, 6.30523314400006], [-2.94131291999992, 6.30557500200007], [-2.94030148099989, 6.30693486200016], [-2.93961741899989, 6.30709919800006], [-2.93886300799983, 6.30728043200014], [-2.93658034899994, 6.30855906600004], [-2.93667260799987, 6.31059287100004], [-2.93701458599992, 6.31143916200017], [-2.93566366599987, 6.31263077000017], [-2.93482098799996, 6.31382048900008], [-2.9337188369999, 6.31357031400012], [-2.93242528699989, 6.31372557800017], [-2.93152112999996, 6.31484981500017], [-2.93041960399995, 6.31476914500007], [-2.93008202399989, 6.31510942200009], [-2.92932246899994, 6.3158750450001], [-2.92856193599988, 6.31583892700013], [-2.92754514799998, 6.31630541300018], [-2.9263617279999, 6.31698784700018], [-2.92610947999992, 6.31749732000014], [-2.92602853099987, 6.31851470000009], [-2.92518237499996, 6.31877210099998], [-2.92425307399998, 6.31945359200017], [-2.92349068599998, 6.31945641200002], [-2.92069588599998, 6.31963624999997], [-2.91959653099997, 6.32014884900002], [-2.91926112699997, 6.3210824140001], [-2.91731403799997, 6.32142862300009], [-2.9167185689999, 6.32075276000018], [-2.91612746799984, 6.32126348100007], [-2.91502591999989, 6.32118278100018], [-2.91358552899993, 6.32110332400003], [-2.91104483299995, 6.32128218000014], [-2.90952408099997, 6.32238961300015], [-2.90707460399989, 6.32434802500001], [-2.90351610099998, 6.32419155100007], [-2.90215885699996, 6.32368797100014], [-2.90122610199995, 6.32343710900017], [-2.89867702499987, 6.32132747400016], [-2.89738681599988, 6.32077979400009], [-2.89596379199992, 6.32065930700003], [-2.89485945999996, 6.31981575000009], [-2.89384261599992, 6.31973469400015], [-2.89171713799993, 6.31762346900018], [-2.89081202999989, 6.31742110700014], [-2.88959628599997, 6.31678359000006], [-2.88798677599993, 6.31678942999997], [-2.88679989899993, 6.31653945800008], [-2.88536164999994, 6.31705322100004], [-2.88398144599989, 6.31701493300011], [-2.88162914599997, 6.31562582800018], [-2.87993308599994, 6.31512340200015], [-2.87815414899995, 6.31512982300006], [-2.87637948299982, 6.31632284900019], [-2.87477026599981, 6.31641340700008], [-2.87316409599987, 6.31735153900007], [-2.87274632499987, 6.31896346900004], [-2.87029210399993, 6.31965037000009], [-2.86917149099992, 6.31945270600011], [-2.8660537429999, 6.31890275400008], [-2.86223682899993, 6.31756027199998], [-2.85841811199987, 6.31570920500008], [-2.8559602439999, 6.31537893300009], [-2.85070685999983, 6.31505859300006], [-2.8450356059999, 6.31635012900017], [-2.84225682499994, 6.31794640800018], [-2.8363975339999, 6.31714352300008], [-2.83361014099995, 6.31793550900005], [-2.83275692999996, 6.31774968300016], [-2.83089232899994, 6.31750196200016], [-2.82984258999994, 6.31865575100016], [-2.8286936319999, 6.3186115900001], [-2.82795957499985, 6.3188644980001], [-2.82538888099987, 6.31836890800014], [-2.81676307299989, 6.32272194700016], [-2.81948581999995, 6.32610289700011], [-2.82390738999993, 6.33074928100012], [-2.82204778599993, 6.33194246900013], [-2.81908358699997, 6.33220714700013], [-2.81764606599995, 6.3329750370001], [-2.81535810999992, 6.33281351800014], [-2.81273364799995, 6.33333125800016], [-2.81189120199997, 6.33469039200003], [-2.80961179499991, 6.33698692100006], [-2.80766829099997, 6.33843465199999], [-2.80656960499982, 6.33920134000005], [-2.80563593099993, 6.33869601700007], [-2.80493193399985, 6.3376253130001], [-2.80410965899995, 6.33683398200009], [-2.80291757699996, 6.3365864110001], [-2.80164709399992, 6.33667558700006], [-2.80012039799993, 6.33617231000005], [-2.79817157899987, 6.3360943030001], [-2.79630630399993, 6.33567694900017], [-2.79545853299993, 6.33551035799996], [-2.79452955499988, 6.33636119800002], [-2.79376650099988, 6.33619431099999], [-2.79291755799983, 6.33568866700011], [-2.79173120299981, 6.33560800099997], [-2.78986972499996, 6.33629252800006], [-2.7888577679999, 6.33765222700004], [-2.78682363099983, 6.33740494700015], [-2.77611507999995, 6.32752436700014], [-2.76379242499996, 6.31620793100012], [-2.72240511199993, 6.37401205900017], [-2.73147362499998, 6.37973631300008], [-2.72990549099995, 6.38827536700012], [-2.72908401099994, 6.38996374200013], [-2.72863731499996, 6.39255651000008], [-2.72802011299996, 6.39260800000005], [-2.7275452589999, 6.39270274100016], [-2.72661184499992, 6.39272548100007], [-2.72607478099991, 6.39332545000008], [-2.72165679999995, 6.39413308600012], [-2.72094856699988, 6.39453065300006], [-2.72004968299996, 6.39562664500016], [-2.71947882299997, 6.39605266200016], [-2.71882843099996, 6.39646494900006], [-2.71850702299992, 6.39631497900007], [-2.71785227699991, 6.39644560300007], [-2.71738133499997, 6.3964396450001], [-2.71719766699994, 6.39637050600015], [-2.71699150999996, 6.39593373500014], [-2.71695778199989, 6.3954738270001], [-2.71683185399996, 6.39514064200017], [-2.71655674799996, 6.3949102580001], [-2.71584213599988, 6.39474099100005], [-2.71566408299998, 6.39380659500017], [-2.71542157899989, 6.39350677000016], [-2.71526123999996, 6.39323088000009], [-2.71473338299995, 6.39254097399998], [-2.71436413399988, 6.39190780100012], [-2.71385597499994, 6.39165573300005], [-2.71330334199996, 6.39138160300007], [-2.71289314699993, 6.39117812800004], [-2.71188576499998, 6.38934504900016], [-2.71041057599996, 6.38734657100002], [-2.71082902599994, 6.38617515000016], [-2.71127036399997, 6.38493965600009], [-2.70844188699988, 6.38302407300012], [-2.70428740899996, 6.38126505300005], [-2.70310419999993, 6.38148149500006], [-2.70278215599996, 6.38163050400004], [-2.70267821499993, 6.38211274500003], [-2.70267800999994, 6.38228531999999], [-2.70275538199996, 6.38369906200012], [-2.70232446799997, 6.38439883000012], [-2.70207464999993, 6.38468869700017], [-2.70056162199995, 6.38644427800006], [-2.69853269999987, 6.38529915400017], [-2.69361098399997, 6.38389615500017], [-2.69367850699996, 6.38206369500006], [-2.69340300399989, 6.38189099300018], [-2.69258787899997, 6.38169440000013], [-2.69215149299993, 6.38152136500014], [-2.68979661199995, 6.38221016599999], [-2.68858219399982, 6.38437814800017], [-2.68829486899995, 6.38453857500002], [-2.68693865199998, 6.38508810500002], [-2.68532074099988, 6.38699916600012], [-2.68494189599988, 6.38723979800017], [-2.68335930899997, 6.38658927000017], [-2.68138049699991, 6.38786113800006], [-2.6786214149999, 6.38792870000015], [-2.67773662699994, 6.38715927200008], [-2.67756850599989, 6.386332342], [-2.67762005799989, 6.38522887100009], [-2.67708960599987, 6.38428135200013], [-2.67673366099984, 6.3839629580001], [-2.67358735499994, 6.38298021500003], [-2.67358885299996, 6.38243814600003], [-2.67336159599989, 6.3813811550001], [-2.67545267599996, 6.380050396], [-2.67484056899997, 6.3783422620001], [-2.67345667199993, 6.37669179700003], [-2.67163630099998, 6.37647703900001], [-2.67098047499996, 6.37345868200015], [-2.66864838899994, 6.37376522400012], [-2.66759168199997, 6.37384390500011], [-2.66562776899991, 6.37378325100008], [-2.66427523999994, 6.37420835000017], [-2.66317265799984, 6.37384460900017], [-2.66276939599993, 6.37283640700008], [-2.66215030999996, 6.37219218300004], [-2.66099189899995, 6.37121349600017], [-2.66059057199988, 6.37069602100007], [-2.66000675699996, 6.36945420400008], [-2.65994969799988, 6.36926992700006], [-2.65959472099991, 6.36868358100003], [-2.65936599799988, 6.36806272700017], [-2.65895286999989, 6.36772888800016], [-2.65860426599994, 6.36709241400007], [-2.65819698099989, 6.36634879900009], [-2.65834910699988, 6.36596795000014], [-2.6588024109999, 6.36483309800019], [-2.65891217399991, 6.36440801900011], [-2.65874149699994, 6.36350003700011], [-2.65886867299997, 6.36278778900015], [-2.65873151499989, 6.36253470200012], [-2.65827264999996, 6.36218964100004], [-2.65772183999985, 6.36186692100017], [-2.65761892999996, 6.36155654200019], [-2.65750527699987, 6.36082112600008], [-2.65757629599989, 6.36037050099998], [-2.65769087399997, 6.35964348800013], [-2.65785225399998, 6.35923598300008], [-2.65819674699998, 6.35929378200018], [-2.65847267399988, 6.35920230300013], [-2.65942667099995, 6.35856043000007], [-2.65996685399995, 6.35838887500017], [-2.66035785299988, 6.35807897800004], [-2.66046567799992, 6.35766296300017], [-2.66112872899993, 6.35807766800008], [-2.66150643299989, 6.35696387700006], [-2.66171141299998, 6.35635942200003], [-2.66087679299994, 6.35600827600013], [-2.66047499199993, 6.35617665400002], [-2.6598490479999, 6.35643895900012], [-2.65833041999991, 6.35671354600004], [-2.65804043999992, 6.35650134900015], [-2.65794941199994, 6.35603023800013], [-2.65784619499993, 6.35589209300002], [-2.65731843899994, 6.35545458900003], [-2.65655412999996, 6.354580693], [-2.65634689199993, 6.35424190400016], [-2.65573895099993, 6.35389628200016], [-2.65522208599998, 6.35384936500009], [-2.65511844399992, 6.35346992200004], [-2.65501493199997, 6.35331989300016], [-2.65436020799996, 6.35274414300011], [-2.65354608199993, 6.35160517900005], [-2.65261834899991, 6.35068462300006], [-2.65237764799997, 6.35051212500002], [-2.65192997899987, 6.34994810900008], [-2.65145722799986, 6.34921107800011], [-2.65108846299989, 6.34877288500019], [-2.65020352599993, 6.34798980100004], [-2.64998539899995, 6.34793176400012], [-2.64945683999997, 6.34764340500016], [-2.64906046699997, 6.34718046000012], [-2.64908169999995, 6.34615056200016], [-2.64942168699991, 6.34516868800011], [-2.64858173199997, 6.34306265800012], [-2.64811203499983, 6.34095185400008], [-2.64739926499993, 6.33774863100018], [-2.64733862099996, 6.33747609000011], [-2.64717515999985, 6.33662293600003], [-2.64701466299988, 6.33578525000019], [-2.6464331389999, 6.33536255199999], [-2.64616933699995, 6.33504044800003], [-2.64544439899993, 6.33440634100003], [-2.64482286299989, 6.33402543300014], [-2.64407572199997, 6.33369056500015], [-2.63981366099995, 6.32916208100011], [-2.63614423599984, 6.32526317200018], [-2.63571942199997, 6.32483702100018], [-2.63543245799991, 6.32461797900015], [-2.63514599699994, 6.32446884200016], [-2.63450282299993, 6.32413399200016], [-2.63418152399987, 6.32383462400009], [-2.63389434699991, 6.3236846480001], [-2.63365325099994, 6.32362701700004], [-2.63263946299992, 6.32357066500003], [-2.63197693599989, 6.32330302500009], [-2.63157139899994, 6.32323646500009], [-2.63023794499998, 6.32353515900007], [-2.62938127599989, 6.32317142300019], [-2.62918132899995, 6.32272331000019], [-2.62856819999996, 6.32257810900012], [-2.62814213699994, 6.32212989800007], [-2.62796126199993, 6.32069342600005], [-2.62818576899991, 6.31985893500001], [-2.62874044199998, 6.31947474800012], [-2.62908503199998, 6.31929704200019], [-2.62914291399989, 6.31895256100017], [-2.62905115899997, 6.31867640999997], [-2.62862615399996, 6.31802031500013], [-2.62852279399993, 6.31772129199999], [-2.62871823699993, 6.31713525000004], [-2.62863791599995, 6.31674435399998], [-2.62858634099996, 6.31666942000004], [-2.62837048499995, 6.31638333200016], [-2.62800629999992, 6.31615693700013], [-2.62767353899983, 6.31568501700002], [-2.62758894399991, 6.31540470500011], [-2.62773369999991, 6.315043253], [-2.62791162499997, 6.31459897600013], [-2.62792738999997, 6.31449102400006], [-2.62713274599992, 6.31289866000014], [-2.62707018399993, 6.31277329400007], [-2.62543280699987, 6.31301093200017], [-2.62549686399996, 6.31243786300013], [-2.62412188199994, 6.31214471200008], [-2.62450206199998, 6.31195358600007], [-2.62570428999987, 6.31134919100009], [-2.62746917699997, 6.31172430200013], [-2.62760828599994, 6.31169324600006], [-2.62914800599998, 6.311349506], [-2.62994598799992, 6.31075400500004], [-2.63060489999998, 6.310626985], [-2.63133236799996, 6.31092614500005], [-2.6316421169999, 6.31155307500006], [-2.63171206199985, 6.31163599300004], [-2.63211800799996, 6.31204652000014], [-2.63224021399992, 6.31206905100015], [-2.63238237299987, 6.31209526000009], [-2.63264372999993, 6.31213176100016], [-2.6327702879999, 6.31214943600014], [-2.63329884699993, 6.31209238700012], [-2.63367939699998, 6.31233076800004], [-2.63389104499993, 6.31242557500013], [-2.63418261399988, 6.31187523600016], [-2.63443276599997, 6.31129459499999], [-2.63465756199992, 6.3106636120001], [-2.6348086989999, 6.31030169400003], [-2.63530771099988, 6.30907520800014], [-2.63713231499997, 6.30459061700009], [-2.63525954399989, 6.28231816100003], [-2.64353503099994, 6.27020754000011], [-2.64676628699993, 6.27119007400006], [-2.65067472099986, 6.27237851900009], [-2.65365910699995, 6.27322201600015], [-2.65470382799987, 6.27344193400006], [-2.6593659109999, 6.27373600800007], [-2.66144492099994, 6.27346332100012], [-2.66273100799998, 6.27345373100007], [-2.66373007099986, 6.27352410300017], [-2.66464852599989, 6.27368618600002], [-2.66861458099987, 6.27075043600013], [-2.67179098299988, 6.27060029300003], [-2.67424090999998, 6.27125264300003], [-2.68376208499996, 6.26502732400013], [-2.68691908499989, 6.26296315300016], [-2.68654321999998, 6.26251250299998], [-2.68076210899989, 6.25558114500006], [-2.67986572699982, 6.25450641300017], [-2.67981534199993, 6.25444600300011], [-2.67879807799994, 6.2525840130001], [-2.67819672399992, 6.25148329200005], [-2.67632638299989, 6.24850252900006], [-2.67915246199993, 6.24143372100013], [-2.68120081899997, 6.2396650820001], [-2.68477341299996, 6.236240006], [-2.68600973799994, 6.23506628700017], [-2.68633002599989, 6.23501060400008], [-2.69027434999992, 6.23432485400002], [-2.69053010199997, 6.23428038900016], [-2.69141984699996, 6.23458376300005], [-2.69155768199988, 6.23454904699997], [-2.69170120499996, 6.23448764200015], [-2.69182480999996, 6.23442584500009], [-2.69198360199988, 6.23436924200013], [-2.69215484199992, 6.23434252100014], [-2.69232462799994, 6.23435352700017], [-2.69245358699993, 6.23441114300016], [-2.69259119999987, 6.23446857100009], [-2.69275203699993, 6.23454917600009], [-2.69288982299997, 6.23468737900009], [-2.69297039399981, 6.23480217100018], [-2.69305065799995, 6.23492850300011], [-2.69310810599984, 6.23507798700007], [-2.69321144499997, 6.23518151000019], [-2.6932690779999, 6.23530808800018], [-2.69333784699995, 6.23544582300013], [-2.69344111199996, 6.23560670000001], [-2.69359044299995, 6.23572178700005], [-2.69368518899989, 6.23578206600013], [-2.69385475299987, 6.23589403000017], [-2.69394656199995, 6.23599759000001], [-2.69404993799998, 6.23611248100002], [-2.69418765099988, 6.23622743300012], [-2.69434856199996, 6.23633077100015], [-2.69445190199991, 6.23643429400011], [-2.69454388199989, 6.23653768200012], [-2.6946472599999, 6.23665274400008], [-2.69480813299998, 6.236744542], [-2.69496888399988, 6.23682514600011], [-2.69509529899995, 6.23690551600004], [-2.6952558289999, 6.23699748800016], [-2.69547434699996, 6.23711252400011], [-2.69562345599996, 6.23715837500009], [-2.69576125499998, 6.2371928930001], [-2.69589920099992, 6.23719296700011], [-2.69608292899994, 6.23719306400017], [-2.69625522199982, 6.23716977600003], [-2.69645062899991, 6.23713539000005], [-2.69658842799993, 6.23708947700004], [-2.6967606849999, 6.23705499300002], [-2.69689855699994, 6.23703198700008], [-2.69703640499995, 6.23697436300012], [-2.69718573399996, 6.23692841200011], [-2.69733503999981, 6.23692862100006], [-2.69749564199998, 6.23688263499997], [-2.69762209399994, 6.23681385200007], [-2.69775994199989, 6.2367564000001], [-2.69795527199989, 6.23669859000012], [-2.69808137999991, 6.23662998000015], [-2.69820779299988, 6.23654931400006], [-2.69836862899996, 6.23646888100006], [-2.69849504199993, 6.23638821400004], [-2.69863299999992, 6.23628512000005], [-2.69877083399996, 6.23616997099998], [-2.69887402499995, 6.23606664400006], [-2.69900043899992, 6.23598632199997], [-2.69914977899987, 6.23591712000012], [-2.69928757699989, 6.23587120800005], [-2.69944826499994, 6.23582522100008], [-2.69958613699993, 6.23572178300003], [-2.69975855099995, 6.23562977300008], [-2.69994208099996, 6.23551481900017], [-2.70008011099992, 6.23543445999996], [-2.70021783499993, 6.23536564000017], [-2.70035563099998, 6.23523895100004], [-2.70048223999987, 6.23511264200016], [-2.70063153099989, 6.23497454800014], [-2.70070027299988, 6.2348365420001], [-2.70082664999995, 6.234744681], [-2.70094162999987, 6.23464131600008], [-2.70106804299996, 6.23456099300012], [-2.70120558199994, 6.23451508100004], [-2.7013436119999, 6.23443437600002], [-2.70149290299992, 6.23437688600006], [-2.70164224299992, 6.23430802800004], [-2.70176843499991, 6.23423907400019], [-2.70191795899984, 6.23414713700015], [-2.70429540599991, 6.23359538400007], [-2.70489270499996, 6.23351491600016], [-2.70506507099998, 6.23351487600013], [-2.70521429099989, 6.23359551300013], [-2.70535205199985, 6.23361849100007], [-2.70548999799996, 6.23369882200006], [-2.70562783299994, 6.23374487700005], [-2.70577723599996, 6.23380226400013], [-2.70591484999994, 6.23385968800005], [-2.70606410699997, 6.23395186500017], [-2.70616766899991, 6.23404384500014], [-2.70627104699997, 6.23415855900004], [-2.70637438799997, 6.23426225200018], [-2.70650053399993, 6.23436569800003], [-2.70662698599989, 6.23445760500005], [-2.70675351199998, 6.23457241700015], [-2.70681665899997, 6.23464713300012], [-2.70687980699995, 6.23472184700006], [-2.70690283699992, 6.23487144100005], [-2.70701752499997, 6.23499783099999], [-2.70714405099989, 6.23511264300009], [-2.70721282499989, 6.23525072100017], [-2.70729331399997, 6.23536568200018], [-2.7073621109999, 6.23553786100013], [-2.70750013299994, 6.23564126800005], [-2.70758036299992, 6.23575623000016], [-2.70767243099982, 6.23585978600016], [-2.70776419299995, 6.23597471099998], [-2.70786757199988, 6.23608959800004], [-2.70802837399998, 6.2362389160001], [-2.70817781599987, 6.23630801300004], [-2.70831550499992, 6.23638851500016], [-2.70846476299994, 6.23648034700011], [-2.70862560099988, 6.23656077300018], [-2.70879785799985, 6.23660688900009], [-2.70894733399996, 6.23660657700009], [-2.70911962699984, 6.23658380000006], [-2.70925716499994, 6.23653788500008], [-2.70944118399996, 6.23646891400011], [-2.7095790539999, 6.2364459050001], [-2.70972824799992, 6.23641149100007], [-2.7098775739999, 6.23636519400009], [-2.71003851799992, 6.23631920300011], [-2.71019931799998, 6.23630800300003], [-2.71037149799992, 6.23625043700008], [-2.71055522099994, 6.23617009800012], [-2.71070463399997, 6.23612397300008], [-2.71084235599989, 6.23605515100007], [-2.71098018899994, 6.23602060200017], [-2.7111525549999, 6.23602055900005], [-2.71134777499998, 6.23600907500003], [-2.71142822899998, 6.23602052500007], [-2.71150868399997, 6.23603197600005], [-2.71164633699982, 6.23610111000005], [-2.71180730899988, 6.23616999600011], [-2.71201387999992, 6.23626181200007], [-2.71216329499987, 6.23629646100017], [-2.71227820499996, 6.23641113800016], [-2.71235847399993, 6.23653763700003], [-2.71246185499996, 6.23665286700015], [-2.71251949199996, 6.23677944100018], [-2.71255391799997, 6.23694001900014], [-2.71258825999996, 6.23710111400004], [-2.71264579899992, 6.23725042200016], [-2.71268010299991, 6.23739980600004], [-2.71273756799997, 6.23752638000008], [-2.71287551499989, 6.23760653400012], [-2.71303623099988, 6.23767576500006], [-2.71323141399995, 6.23765291300015], [-2.71338093499998, 6.23756080100014], [-2.71350712499992, 6.2374918430001], [-2.71364495799997, 6.23745729400002], [-2.71381728799992, 6.23744588300008], [-2.71392062999996, 6.23754922900008], [-2.71398962599989, 6.23767576600017], [-2.71408135099995, 6.23777897700006], [-2.71412749899991, 6.23799773000013], [-2.71418472999994, 6.23815840500004], [-2.71426511199996, 6.23831935100003], [-2.71435707299992, 6.23846871900014], [-2.71451786299991, 6.23856085500012], [-2.71477053899986, 6.23843430500011], [-2.71488541499986, 6.23827358700015], [-2.71495432699987, 6.23813557900007], [-2.71510377399989, 6.23802073200011], [-2.71602250499996, 6.23694027700014], [-2.72222033799994, 6.23458275100012], [-2.71893983299992, 6.23136537200008], [-2.72049040999997, 6.22874502600018], [-2.72547524499987, 6.2315607000001], [-2.73456054399992, 6.22931761200016], [-2.73966593799992, 6.22665677900017], [-2.74576119299996, 6.22375944400017], [-2.74677977599993, 6.21450270100013], [-2.74979511999993, 6.21057183400006], [-2.75107785699993, 6.20893557800002], [-2.75228402499988, 6.20730508700018], [-2.75237017299992, 6.20712706500001], [-2.75555097099993, 6.19607100900009], [-2.75600795999992, 6.19437376400009], [-2.75866405299996, 6.1845089900001], [-2.76148055699991, 6.17398758200011], [-2.76876836199995, 6.16439840600003], [-2.78018732699991, 6.14990394900008], [-2.78008436599993, 6.14932940900013], [-2.77730622099989, 6.13712030100015], [-2.77623682199987, 6.13242036100013], [-2.77598298599992, 6.13130481200011], [-2.77317666999988, 6.11866748500017], [-2.77311945499997, 6.11839185600019], [-2.77369045399996, 6.11803225400007], [-2.77719873899997, 6.11582280500016], [-2.78240305299983, 6.11297284300008], [-2.79417869499997, 6.10652405800005], [-2.8010103069999, 6.10284406200003], [-2.80448361999987, 6.10097304100003], [-2.80931776099993, 6.09836891100002], [-2.8182915459999, 6.09363168100009], [-2.82438762799995, 6.0904134650001], [-2.83680689199991, 6.08353086300014], [-2.83966918099998, 6.08536810200019], [-2.83969785699992, 6.0854658240001], [-2.8397898049999, 6.08562670800006], [-2.83986998599988, 6.08572976500017], [-2.83998469499994, 6.08586766600013], [-2.84019125799989, 6.08606311900002], [-2.84058116999995, 6.08641922900017], [-2.84098287099994, 6.08676367300006], [-2.84118937199997, 6.08701647500004], [-2.84125786999988, 6.08732649300009], [-2.84141861499995, 6.0878090170001], [-2.8415332109999, 6.08815357900016], [-2.84171671199994, 6.08837175700012], [-2.84299608299989, 6.08877425499998], [-2.84304769199991, 6.08885467700009], [-2.84311644999991, 6.08916469300016], [-2.84315076299993, 6.08945166400002], [-2.84320788999992, 6.08981932600005], [-2.84342605899997, 6.09042814700007], [-2.84355201499989, 6.09127804400015], [-2.84367166999994, 6.09484405700005], [-2.84367732999993, 6.09509095600015], [-2.84363139999988, 6.09558486200012], [-2.84353941299992, 6.09605584800005], [-2.84337873099986, 6.09640023200012], [-2.84316066799994, 6.09688267100012], [-2.84301159599994, 6.09723863900012], [-2.84293116099997, 6.0976290750001], [-2.84293099999985, 6.09798505000015], [-2.84294235399989, 6.09824928000018], [-2.84298251599995, 6.09847896800017], [-2.84332077199986, 6.09958164299996], [-2.84344688899989, 6.09983445800003], [-2.84364186599987, 6.10009857600005], [-2.84395177599993, 6.1004890530001], [-2.84416948299992, 6.10096009900019], [-2.84434158899995, 6.10145386099998], [-2.84454800799995, 6.10224639000012], [-2.84449046499998, 6.10248769300011], [-2.84445599499998, 6.10279780300016], [-2.84442159199989, 6.10303876800015], [-2.84434124599983, 6.10329142800009], [-2.84421493599996, 6.10362450000008], [-2.84408863299996, 6.10380843100012], [-2.84390519999988, 6.10401520500017], [-2.84354920499993, 6.10432503900006], [-2.84309034699987, 6.10481872300005], [-2.84286069799987, 6.1052091520001], [-2.84278023499996, 6.10542737000003], [-2.84267692099996, 6.10580634600012], [-2.84238994899994, 6.10641517200008], [-2.84196541299997, 6.107046771], [-2.84140316199989, 6.1074945690001], [-2.8406455139999, 6.10828686800005], [-2.84007181299995, 6.10901025300012], [-2.83963549399994, 6.10974522400011], [-2.83931402899998, 6.11033100500015], [-2.83886599799996, 6.1134316080001], [-2.83878558999987, 6.11399469200018], [-2.83869381099993, 6.11460328200008], [-2.83864757999993, 6.11509701900013], [-2.83864743499987, 6.11553342100018], [-2.83875080099983, 6.11605041100017], [-2.83891119699996, 6.11659045600015], [-2.83910612199992, 6.11716448100015], [-2.83920933699994, 6.1178764230001], [-2.83930113399987, 6.11839345300007], [-2.83953033199992, 6.11900214900015], [-2.83969094999998, 6.11953065400007], [-2.83979405199989, 6.11980602200015], [-2.84000071699995, 6.12026548100005], [-2.84012665799997, 6.12055282600011], [-2.84039058599996, 6.12085140900018], [-2.84065445399995, 6.12120768500017], [-2.84121670199994, 6.12187396400014], [-2.84157226499997, 6.1224023150001], [-2.84177868899997, 6.12295356600015], [-2.8419506859999, 6.12342468100013], [-2.84218006299989, 6.12375748000005], [-2.84258168199989, 6.12406781600015], [-2.84285704099995, 6.12441234000005], [-2.84302892399995, 6.12483730000002], [-2.84308643999992, 6.12522786500011], [-2.84312050699998, 6.12577936200017], [-2.84327778699992, 6.12631289299998], [-2.84301724399995, 6.12681268100016], [-2.84299406899993, 6.12719198399998], [-2.8430400499999, 6.12760514900015], [-2.84317764799994, 6.12790381899998], [-2.84334982099995, 6.12809921100018], [-2.8435906769999, 6.12832881000008], [-2.84403803399994, 6.12889180300004], [-2.84453127399991, 6.12950079000007], [-2.84496733599991, 6.13014372900005], [-2.84520801699995, 6.13081007200003], [-2.84524815099996, 6.13094796600006], [-2.84528828499992, 6.13108586100003], [-2.84540320499985, 6.1312811040001], [-2.84559830599983, 6.13133829800006], [-2.84575891599997, 6.13137305000009], [-2.84585055999992, 6.13144179300002], [-2.84590787199994, 6.13153373200004], [-2.84599974899993, 6.13168290100003], [-2.84611453799982, 6.13175208200016], [-2.84622916299998, 6.13178630300007], [-2.84622923599989, 6.13197005900003], [-2.84581590299996, 6.13209634000009], [-2.84577001699989, 6.13219982900017], [-2.84606841399989, 6.13234932000006], [-2.84630937999987, 6.13237208300006], [-2.84627507899995, 6.13256732400015], [-2.84617161699992, 6.13273972500008], [-2.84607966199997, 6.13298080300012], [-2.84604533399994, 6.13340578200007], [-2.84599932299994, 6.13363550700012], [-2.84591888099988, 6.13378492400017], [-2.84581561499994, 6.13401450100008], [-2.84578113499992, 6.13423247600008], [-2.84588442599994, 6.13448545200004], [-2.84602218799989, 6.13468061600003], [-2.8461252809999, 6.1348759010001], [-2.84615986499995, 6.13516321200018], [-2.84612533899991, 6.13553050000019], [-2.84611363799991, 6.13581779900005], [-2.84612521399993, 6.13621937100004], [-2.84615963399989, 6.13662155200001], [-2.84615955899989, 6.13679962500009], [-2.84615948299989, 6.13697769900011], [-2.84604474399993, 6.13731064700011], [-2.84597560999987, 6.13762087600008], [-2.84597569499988, 6.13804573700003], [-2.84598717599994, 6.13834432300018], [-2.84589511899998, 6.13863121000003], [-2.84579179699995, 6.13876916900017], [-2.84557375999992, 6.13901050900006], [-2.84549347499996, 6.13920556300002], [-2.84552780099995, 6.13949287600008], [-2.84563094299995, 6.13995199699997], [-2.84566538799987, 6.14027375300014], [-2.84563104299997, 6.14061830700007], [-2.84553918499989, 6.14096288700011], [-2.84548153599985, 6.1414108510001], [-2.84563065099991, 6.14162905400008], [-2.84576851899988, 6.14176686900004], [-2.8460093459999, 6.14198509900018], [-2.84658314199987, 6.14241004600007], [-2.84720267199998, 6.14267432800006], [-2.84789102799988, 6.14293871600012], [-2.84820099899997, 6.14324901500009], [-2.84821240699995, 6.14336367200008], [-2.84816629399995, 6.14365074500012], [-2.84801716799996, 6.14375407400007], [-2.84769591599991, 6.14391483000003], [-2.84764496599996, 6.14403418000018], [-2.84796114299991, 6.14450961400007], [-2.84813320799998, 6.14450953500011], [-2.84825953199993, 6.14441765200007], [-2.84829681299982, 6.14425116100006], [-2.84853488199997, 6.14426842100011], [-2.84873003099995, 6.14417647100009], [-2.84877575999991, 6.14402734500004], [-2.84886760999996, 6.14399275700003], [-2.84897096899982, 6.14402753200011], [-2.84915442399989, 6.14406185700005], [-2.84930356399997, 6.14419963300008], [-2.84941842999996, 6.1444522220001], [-2.84955615799993, 6.14463601800003], [-2.84973972199992, 6.1443031770001], [-2.84979705899997, 6.14416520500009], [-2.84995783599993, 6.1440849120001], [-2.85008395699987, 6.14409635900006], [-2.85023319999988, 6.14417678500013], [-2.85038218199998, 6.14426857799998], [-2.85054305399996, 6.144303154], [-2.85069211899992, 6.14425717200015], [-2.85093305499987, 6.14410806000006], [-2.85101355599988, 6.14390129300006], [-2.85102501199987, 6.1437059590001], [-2.85102499199996, 6.14362553400008], [-2.85105937399993, 6.14329252000005], [-2.85117404599993, 6.14317776999997], [-2.85255102999992, 6.14307466800017], [-2.85261991499993, 6.143166393], [-2.85260851899994, 6.14330420700009], [-2.85256253499989, 6.14345350600007], [-2.85252815799987, 6.14362584200012], [-2.85257393999996, 6.14372918500004], [-2.85266584599998, 6.14379809900009], [-2.85274608199995, 6.14391303300016], [-2.85274599899998, 6.14405080700004], [-2.8527000549999, 6.14421164499998], [-2.8525510259999, 6.14442984300013], [-2.85251655099989, 6.14464816200012], [-2.85257402299993, 6.14478573600019], [-2.85275741899994, 6.14487758200011], [-2.85349180199995, 6.14500402700003], [-2.85403117899989, 6.14517626900005], [-2.85416886999991, 6.14534869700009], [-2.85421459299988, 6.1455093890001], [-2.85429492599997, 6.14573919200018], [-2.85442114599994, 6.1458539680001], [-2.85466213899997, 6.14595749600011], [-2.85501772099991, 6.14608387499999], [-2.85515551099985, 6.14635945900005], [-2.8553503739999, 6.14666963499997], [-2.85553408899989, 6.14685326900008], [-2.85563732899993, 6.1471635900001], [-2.85574056199994, 6.14764595400004], [-2.85577486999995, 6.14832333600015], [-2.85567142499997, 6.14905837100008], [-2.8555224129999, 6.14967852399997], [-2.85536165199994, 6.15032162299997], [-2.85538453299995, 6.15064324400004], [-2.85552223499991, 6.15078122800008], [-2.8564744919999, 6.15096512000002], [-2.85726631999995, 6.15105691400015], [-2.85793176499988, 6.15114880400012], [-2.85856281899993, 6.15132123600017], [-2.85888402899997, 6.15161960199998], [-2.85925128699989, 6.15217113900007], [-2.85945768999994, 6.15245802200008], [-2.85973323699989, 6.15268800400014], [-2.8601575909999, 6.1528833700001], [-2.86080031699981, 6.15315874400017], [-2.86125930499986, 6.15349193200001], [-2.86135089899989, 6.1537793870001], [-2.86143113899993, 6.15421584600006], [-2.86250968199994, 6.15576616300018], [-2.86302613299995, 6.15630598000018], [-2.86341615599997, 6.1565243660001], [-2.86366856399997, 6.15658754900011], [-2.8639209719999, 6.15665073200006], [-2.86428822999994, 6.15673090800016], [-2.86464381999986, 6.15685727800013], [-2.86479291099994, 6.15705273900005], [-2.86481603899989, 6.15744307099999], [-2.86485049499981, 6.15761533900007], [-2.86491928299989, 6.15776458100015], [-2.86513708199988, 6.15792553100016], [-2.86536668899987, 6.15816669100019], [-2.86540098599988, 6.15845382700013], [-2.86540103299996, 6.15877552500012], [-2.86540087699996, 6.15905107100002], [-2.86546968899995, 6.15944141500017], [-2.8658369989999, 6.15984363300004], [-2.86607787599985, 6.15992407600004], [-2.86633030399997, 6.15991234400013], [-2.86665163999987, 6.1599239630001], [-2.86704182499994, 6.16002730500014], [-2.86709346899994, 6.16010772200013], [-2.86717489999995, 6.16027680000008], [-2.86708084899988, 6.16074435100012], [-2.86707534399994, 6.16102208600012], [-2.86726332299997, 6.16152012400011], [-2.86737440699994, 6.16168113200013], [-2.86753514499998, 6.16174997100001], [-2.86769582499994, 6.16171582700002], [-2.86794833099998, 6.16156632100012], [-2.86831528699997, 6.16132514000014], [-2.86848747499982, 6.16127933100017], [-2.86865966399995, 6.16123352], [-2.8690841429999, 6.16130229700013], [-2.86923345299982, 6.16148604500006], [-2.86929065499993, 6.16170404100012], [-2.86925638799994, 6.16197970600012], [-2.86922174099993, 6.16223263899997], [-2.86918741599993, 6.16256547800009], [-2.86922175599983, 6.16286415200011], [-2.86927917699995, 6.16298476000014], [-2.86933659699991, 6.16310536700007], [-2.86966915499988, 6.16349581900005], [-2.87071338799996, 6.16427676900003], [-2.87112069199992, 6.16458119300017], [-2.87213626699992, 6.165230151], [-2.87245754599996, 6.16531065200019], [-2.8728819669999, 6.16527626800018], [-2.87329526999997, 6.16513842200015], [-2.87365102199993, 6.16514991500014], [-2.87425911099996, 6.16536821300008], [-2.87517707199981, 6.16570149200004], [-2.87527454299988, 6.16582195700016], [-2.87537201399994, 6.16594242300016], [-2.87542929499989, 6.16602299000016], [-2.87550968399995, 6.16625278599997], [-2.87562451499997, 6.1667351000001], [-2.87575078099985, 6.16725181600003], [-2.87585967099989, 6.16756761800008], [-2.87596856199991, 6.16788342100017], [-2.87611763099983, 6.16838886300008], [-2.87632412899995, 6.16871052100004], [-2.87677168999994, 6.1690662900001], [-2.87729947999992, 6.16961775500016], [-2.8774838679999, 6.16985583300016], [-2.87759515399995, 6.17002383699997], [-2.87766718199987, 6.17036037300011], [-2.87760929099989, 6.17058244200012], [-2.87747150899992, 6.17093837900018], [-2.87729959699993, 6.17137485900003], [-2.8770471119999, 6.1719948600001], [-2.87665677199993, 6.17310891300002], [-2.87662242799996, 6.1733613290001], [-2.87665661299991, 6.17361419100007], [-2.87692072899995, 6.17425717000003], [-2.87704681399987, 6.17464782400003], [-2.87701234899987, 6.17486579700005], [-2.87693206099988, 6.17513008500009], [-2.87689753899997, 6.17541728800012], [-2.8769664859999, 6.17556652700011], [-2.87734212299989, 6.17598850500002], [-2.87754017799995, 6.17604877000014], [-2.87774668899988, 6.17614103700004], [-2.87838927999985, 6.17622143200003], [-2.87879092799994, 6.17627856800016], [-2.87915812199998, 6.17633634100002], [-2.87947952899998, 6.17645093300013], [-2.87960566699996, 6.17661185200018], [-2.87980071099992, 6.17680679800014], [-2.88006449799997, 6.17681861000005], [-2.88023661199992, 6.17683005700002], [-2.88031707899984, 6.17692190700018], [-2.88038599799995, 6.17710576100012], [-2.88046634199992, 6.17717453500012], [-2.8806613779999, 6.17720880500013], [-2.88087942499993, 6.17727812500016], [-2.88104003299998, 6.17738140300003], [-2.88108587299996, 6.17746166500007], [-2.88113171299983, 6.17754192600006], [-2.88112039299995, 6.17777187200005], [-2.88102838999987, 6.17790962400011], [-2.88082188599986, 6.17797837900002], [-2.88062670899996, 6.17798991799998], [-2.88031711299993, 6.17795536400018], [-2.87996125699988, 6.17799003200003], [-2.87978916799995, 6.17805900800005], [-2.87965137899982, 6.17825392500009], [-2.87945629099994, 6.17844921600016], [-2.87928436399994, 6.17856417400009], [-2.87905467499991, 6.1786214710001], [-2.87881364999987, 6.17858701900013], [-2.87852683999995, 6.17861007500005], [-2.87835481299993, 6.17878203599997], [-2.87841204899996, 6.17908079800003], [-2.87868734299991, 6.179391017], [-2.87906620899997, 6.17978146600007], [-2.87927269899996, 6.18017200700018], [-2.87934142399985, 6.18045919000002], [-2.87944462099995, 6.18067736400013], [-2.87965129599991, 6.18081509500007], [-2.88001274399988, 6.18099309100006], [-2.88037419199992, 6.18117108800016], [-2.88071271499996, 6.18133194400014], [-2.88105123699989, 6.18149280000011], [-2.88132654299994, 6.18196369300006], [-2.88138410499994, 6.18235407000014], [-2.88137828799989, 6.18249763100005], [-2.88137247099996, 6.18264119200006], [-2.88130373099995, 6.18282484300011], [-2.88120025199981, 6.18291682700004], [-2.88099378699997, 6.18299746499997], [-2.88084461899996, 6.18310063299998], [-2.88072981199997, 6.18324983100007], [-2.88060367499992, 6.18347966700009], [-2.8805346449999, 6.183812628], [-2.88048881299994, 6.18408816099998], [-2.88054619799988, 6.18450144399998], [-2.8806036549999, 6.18478901000015], [-2.88076411199995, 6.18500698200006], [-2.88089043799994, 6.1853054980001], [-2.88100523299994, 6.18561559400018], [-2.88113130099987, 6.18592599400012], [-2.8812689589999, 6.18604080300008], [-2.88140661699993, 6.18615561400009], [-2.8817970259999, 6.18630457300009], [-2.88232472399994, 6.186591851], [-2.88267765599994, 6.18668394100018], [-2.88282482699992, 6.18641744600006], [-2.88293310099994, 6.18617862100012], [-2.88303614299991, 6.18612108100018], [-2.88328875799994, 6.18608660400008], [-2.88346073899987, 6.18613266400013], [-2.88357542899996, 6.18633943100008], [-2.88366728699992, 6.18669541500009], [-2.88383948599994, 6.18734990600012], [-2.88414936599992, 6.18770597700018], [-2.88433286199984, 6.18782070999998], [-2.88445906499987, 6.18769471800005], [-2.88451648899991, 6.18751076300003], [-2.88467703599997, 6.18751070900004], [-2.88478048599984, 6.18756820699997], [-2.8848606549999, 6.18766022800003], [-2.88492956399989, 6.18780369700011], [-2.88499847299994, 6.18794716400015], [-2.8851819969999, 6.18814266400017], [-2.88536572599992, 6.18816543299999], [-2.88553776199996, 6.18815397300011], [-2.88580156699993, 6.18809655000007], [-2.88601971199995, 6.18811954100011], [-2.88612286299997, 6.18816550000014], [-2.88622621499991, 6.18828034400002], [-2.88628370399994, 6.18841808300016], [-2.88638698799997, 6.18865933100005], [-2.88655909199991, 6.18873983300011], [-2.88678848799998, 6.18875684200003], [-2.88693196799994, 6.18880859900014], [-2.88704101299993, 6.18885470900005], [-2.88709833899986, 6.18894646700016], [-2.88709822799996, 6.18907270000005], [-2.8870754109999, 6.18915286000009], [-2.8870064809999, 6.18944035699997], [-2.88702963599997, 6.18960077700012], [-2.88712124099987, 6.18973891200011], [-2.88737384099983, 6.19000305000009], [-2.88751154299996, 6.19001444300005], [-2.88761468099995, 6.18991126600014], [-2.88767213099982, 6.18980773300018], [-2.88777539299991, 6.18972746000003], [-2.88792460499991, 6.18972744500013], [-2.88807381799984, 6.18972743200004], [-2.88831462999997, 6.18977324500003], [-2.88848688099989, 6.18997997800017], [-2.88873639699995, 6.19012771400008], [-2.8893016159999, 6.19046237600008], [-2.88939323499994, 6.19051956900012], [-2.8894507789999, 6.1906001320001], [-2.88943924799992, 6.190841616], [-2.88936458799998, 6.19105964500005], [-2.88928992899991, 6.19127767400005], [-2.88908356899998, 6.19193264600005], [-2.88902596599991, 6.19215052800013], [-2.88900314699981, 6.19247213200009], [-2.8890375339999, 6.19262166200002], [-2.88915220199988, 6.19273646500005], [-2.88939321999993, 6.19283962400016], [-2.88968025199995, 6.19280536500008], [-2.8901162599999, 6.1927707480001], [-2.89032265599991, 6.19282804800008], [-2.89048355699992, 6.19301191599999], [-2.89064397999994, 6.19344824900014], [-2.89074728099996, 6.1936207820001], [-2.89079319899997, 6.19375838900004], [-2.89075882399993, 6.19399960999999], [-2.89080477099992, 6.19421781200015], [-2.89088495499982, 6.19447050700018], [-2.89093662599993, 6.19456237100013], [-2.89098829599993, 6.19465423399998], [-2.89097675299996, 6.19473469899998], [-2.89087347699984, 6.19488385900007], [-2.89056385899988, 6.19491837200019], [-2.8904374949999, 6.19499872900019], [-2.89038013299995, 6.19509063700013], [-2.89032276999984, 6.19518254500008], [-2.89034566999987, 6.19534348200017], [-2.89052922399998, 6.19540069200013], [-2.89067854099994, 6.19542375300017], [-2.89082765299997, 6.19538946800009], [-2.89111459199989, 6.19517128400014], [-2.89127509799994, 6.19494149700006], [-2.89141278799997, 6.19479221400007], [-2.8917342229999, 6.19459681200004], [-2.8919637109999, 6.19448216100005], [-2.89210153699992, 6.19429843500012], [-2.89221632899995, 6.19397667699997], [-2.89236549399993, 6.19365514000009], [-2.89250325299997, 6.19336808700007], [-2.89254904799992, 6.19301196000004], [-2.89266952899993, 6.19286256500015], [-2.89279001099987, 6.19271317200014], [-2.89299666799991, 6.19252988900018], [-2.89314568299989, 6.19232322000005], [-2.89322609899989, 6.19201294900006], [-2.89332924999991, 6.19159944300009], [-2.89348990599996, 6.19125513300003], [-2.89362763399993, 6.19088748500019], [-2.8937080639999, 6.19073823399998], [-2.89385728199989, 6.19058891000009], [-2.89397778299991, 6.18975058000018], [-2.89405240599996, 6.18971612900009], [-2.89421303299991, 6.18975051500007], [-2.89431634799996, 6.18984245200011], [-2.89438505599998, 6.19003749600012], [-2.89447692099992, 6.19016391800011], [-2.89462622199994, 6.19026740100003], [-2.89482131999989, 6.19023277899998], [-2.89493580899995, 6.19015246400005], [-2.89501611599997, 6.18996894300005], [-2.89508498599997, 6.18975050400019], [-2.89514253299984, 6.18958979600018], [-2.8952916959999, 6.18949781900011], [-2.89541782699996, 6.18950959600011], [-2.89555563699992, 6.18962414200018], [-2.8957047049999, 6.1898192430001], [-2.89592282599983, 6.19022144200005], [-2.89609478099993, 6.19041663400003], [-2.89625565299991, 6.19051990300017], [-2.8963587099999, 6.19062355099999], [-2.89641621199996, 6.19069223100018], [-2.8964047099999, 6.19078388900016], [-2.89623248399994, 6.19089885300008], [-2.89598021199987, 6.19094504600008], [-2.89568167499993, 6.19085294500019], [-2.89559011199992, 6.19095625600011], [-2.89560151999996, 6.19115167600012], [-2.89576223099994, 6.19143869700014], [-2.89589994999989, 6.19159974000007], [-2.89602037099991, 6.191714305], [-2.8961062919999, 6.19171438600011], [-2.89625548399982, 6.19170283100016], [-2.89641631399996, 6.19156500300011], [-2.89663433499982, 6.19132381600014], [-2.89677206499994, 6.19118607100017], [-2.89687518699992, 6.19115143200008], [-2.89698992399991, 6.19112880600017], [-2.89705895899993, 6.19118607900003], [-2.89710478299992, 6.19138137600009], [-2.89717357399991, 6.1915994950001], [-2.89726539999998, 6.19171437800014], [-2.89738003899987, 6.19174875500005], [-2.89750642999985, 6.19174881900005], [-2.89759826499989, 6.19156491300009], [-2.89771306599988, 6.19117461400003], [-2.89778188299988, 6.19101386600005], [-2.89818342899991, 6.19073826800019], [-2.89869968099993, 6.19060054700009], [-2.89907843499998, 6.1902673400001], [-2.89921038399996, 6.19008931700006], [-2.89934233299988, 6.18991129400013], [-2.89954894199991, 6.18948656900011], [-2.89966378199989, 6.18910746300014], [-2.89970958699996, 6.188671086], [-2.89978983399993, 6.18832637500003], [-2.89983585999994, 6.1881083610001], [-2.90000796099997, 6.18795895500017], [-2.90016859999992, 6.18792479900003], [-2.90027192599996, 6.187947506], [-2.90031794299995, 6.18802810800014], [-2.90035224899992, 6.18815421800008], [-2.90032936799992, 6.18837249199998], [-2.90027200299988, 6.1884989290001], [-2.90034077799987, 6.18856774000017], [-2.90046694799992, 6.18859070900004], [-2.90058186099992, 6.18853329600017], [-2.90069651199991, 6.18849878700007], [-2.90077668399988, 6.18859080600015], [-2.90078831199997, 6.18876297599996], [-2.90077691099998, 6.18926828800005], [-2.90076547999996, 6.18945207900009], [-2.90076549399993, 6.18961275200013], [-2.90084558399991, 6.18968169500005], [-2.90093761099996, 6.18962419100012], [-2.90104084099988, 6.18946349200002], [-2.90116684699996, 6.18944048100019], [-2.90123582699994, 6.18956663800003], [-2.90131613699992, 6.18961302000014], [-2.90140793299997, 6.18964730600015], [-2.90148830599998, 6.18956694000008], [-2.90147683599992, 6.18896957700014], [-2.90154556699991, 6.18879746300007], [-2.90160303999994, 6.18854479500015], [-2.90163753299987, 6.18833801700009], [-2.90158020699994, 6.18823455100005], [-2.90149980499996, 6.18823466600014], [-2.90137367599982, 6.18822323500018], [-2.90124721599994, 6.18813138200011], [-2.90122448099993, 6.18800506100007], [-2.90125868699988, 6.18771768800002], [-2.90149975199995, 6.18729318400005], [-2.90175216699987, 6.18690256500014], [-2.90185539499987, 6.18674152100016], [-2.90198173999994, 6.18650066100014], [-2.90193590199988, 6.18638578700001], [-2.90175213199996, 6.18635131400009], [-2.90166607399993, 6.18634550800016], [-2.90158001599991, 6.1863397030001], [-2.90156877099997, 6.18619043600012], [-2.90172925799993, 6.18602970400013], [-2.90210789999998, 6.18582290000006], [-2.90252098499997, 6.18569656700004], [-2.90284242599995, 6.18566200700019], [-2.90299155799994, 6.18548995000009], [-2.90322108299989, 6.18530331200009], [-2.90332429599994, 6.18529467600007], [-2.90347339099998, 6.18534081100006], [-2.90361126799996, 6.18531758500012], [-2.90370303499998, 6.18527179200015], [-2.90378346199998, 6.18512254200004], [-2.90381773299987, 6.18469757200006], [-2.90389799099995, 6.18427261100015], [-2.90396703399989, 6.18403161100014], [-2.90409306299995, 6.18385912000014], [-2.90435705399995, 6.18368716800012], [-2.90452913899998, 6.18361818300002], [-2.90466693099989, 6.18358342000005], [-2.9048389109999, 6.18362947300005], [-2.90495375399991, 6.1837213660001], [-2.90510297299983, 6.18379023300002], [-2.9052061349999, 6.18376730400018], [-2.90536690799991, 6.18368699300004], [-2.90550465999985, 6.18364103600004], [-2.90568826399993, 6.18362935600015], [-2.90583730599991, 6.18373283700009], [-2.9059519839999, 6.18377857800004], [-2.90615869099997, 6.18375579500002], [-2.90625053499991, 6.18376157800009], [-2.90634237799998, 6.18376736300007], [-2.90647987999989, 6.18380751200016], [-2.90646864499985, 6.18397408000004], [-2.90633066299989, 6.18411182800008], [-2.90621608299989, 6.18424966400011], [-2.90613578099993, 6.18443352900016], [-2.90618151199988, 6.18467463300004], [-2.90633088199991, 6.18486972900018], [-2.90664052599993, 6.18514536300006], [-2.90682433399996, 6.1852027380001], [-2.90706506299989, 6.18522598400006], [-2.90726024999998, 6.18514537800019], [-2.90737506599987, 6.18514548200017], [-2.90744381799988, 6.18535206100012], [-2.90754720299998, 6.18554732200005], [-2.90768484899985, 6.18562794000013], [-2.90784553899982, 6.18552420800006], [-2.90793719399994, 6.18536355000009], [-2.90797163399986, 6.18521446300008], [-2.90791432899994, 6.18497322900004], [-2.90779961899995, 6.18484689300004], [-2.90767348599996, 6.18460573400012], [-2.90768472699995, 6.18451356000008], [-2.90782243899997, 6.18445640900006], [-2.90833894699995, 6.18453669900015], [-2.90856853699995, 6.18452536900008], [-2.90876354799991, 6.18446783900015], [-2.90879798599991, 6.18433029200003], [-2.90872897399993, 6.18412336800014], [-2.90840785299997, 6.18379026000014], [-2.90821278499993, 6.18366386800017], [-2.90784537399998, 6.18362971100009], [-2.90765034499992, 6.1835262240001], [-2.90755861399987, 6.18335382400005], [-2.90757022199995, 6.18313559100005], [-2.9076503579999, 6.18291762900014], [-2.90777673999997, 6.18268778900011], [-2.90789141499988, 6.18249260700014], [-2.90796029199981, 6.18220562800013], [-2.90798329599994, 6.18213080500004], [-2.90800630099989, 6.18205598300005], [-2.90810935099995, 6.18193007100012], [-2.9083961959999, 6.18191819200013], [-2.90855692699995, 6.18182651600017], [-2.90859145999997, 6.18163127600019], [-2.9084994829999, 6.18138999400014], [-2.90835034199995, 6.18110276400017], [-2.90807496399998, 6.18070095000013], [-2.90804060899995, 6.18060343000008], [-2.90815518499994, 6.17996618100017], [-2.90844224299997, 6.17970201200006], [-2.90869465499998, 6.1795412940001], [-2.9087807379999, 6.17951239800004], [-2.90886682099995, 6.1794835020001], [-2.90898151199991, 6.17946087500013], [-2.90907326699988, 6.17947242899999], [-2.90909613699989, 6.17956396300013], [-2.90907338299996, 6.17981685100006], [-2.90902744899989, 6.18028749700011], [-2.90900455899987, 6.18058636500018], [-2.90901605399995, 6.18079297700018], [-2.90906179699982, 6.18096519700003], [-2.90919378199982, 6.18106865300007], [-2.90932576599988, 6.18117210800006], [-2.90953236199994, 6.1812867480001], [-2.90965850799989, 6.18144748499998], [-2.90966999999995, 6.18154517300007], [-2.90968149199995, 6.18164286100017], [-2.90971588299993, 6.18179204500007], [-2.90975036799995, 6.18188388200014], [-2.90991090999989, 6.18189553200006], [-2.91006013899982, 6.18189551200004], [-2.91018057999992, 6.18209053900011], [-2.91039284199991, 6.18215969500011], [-2.91054221899992, 6.1825844330001], [-2.91055368599996, 6.18271070900005], [-2.91076017799992, 6.18295192300013], [-2.91081762999988, 6.183078464], [-2.91081755499988, 6.18328511699997], [-2.91080602199997, 6.18344591800007], [-2.91088653199989, 6.18370988600003], [-2.91121907099995, 6.18392808800019], [-2.91141422399994, 6.18406601600003], [-2.91151174299995, 6.1840831450001], [-2.91181014799992, 6.18388213499998], [-2.91188481099988, 6.18370991300014], [-2.91207977899995, 6.18364084400002], [-2.91222886299994, 6.18375586200011], [-2.91243552299989, 6.18403151600018], [-2.9126535769999, 6.18434140000005], [-2.91273382099996, 6.18452520500011], [-2.91286007399992, 6.18457142000011], [-2.91299764799987, 6.18454819200014], [-2.91311239199996, 6.18445633600015], [-2.91310119499991, 6.18424955000012], [-2.91303214199996, 6.18403143600017], [-2.91303229899989, 6.18384768600009], [-2.91310119299993, 6.18371001400004], [-2.91337650699995, 6.18370988400005], [-2.91411076199995, 6.18385930300008], [-2.91444352799994, 6.18399690500007], [-2.91473060099997, 6.18420373000004], [-2.91490251699992, 6.18438737600013], [-2.91498291199997, 6.18442755600012], [-2.91506330599998, 6.18446773600004], [-2.91523540999992, 6.18454822600012], [-2.91537320199996, 6.18451346000012], [-2.91548785199996, 6.18446758300013], [-2.91547653099997, 6.18422652900006], [-2.91540743399986, 6.18399670500008], [-2.91540767399988, 6.18383620400004], [-2.91549926199991, 6.18381314200008], [-2.91576322499998, 6.18379014700002], [-2.91671512199997, 6.18429025900002], [-2.91660666699994, 6.18387631200017], [-2.91653209999993, 6.18369851500006], [-2.91649771899984, 6.18346856600016], [-2.91653198099993, 6.18304377100009], [-2.91660075999994, 6.18280277300005], [-2.91679594399989, 6.18242372300011], [-2.91686479999993, 6.18223998400009], [-2.91693365499992, 6.18205624600017], [-2.91702539999989, 6.18183789600005], [-2.91711721599995, 6.18172287300007], [-2.91731218299998, 6.1816656850001], [-2.91748451299992, 6.18165404300004], [-2.91772540199997, 6.18173445700012], [-2.91809261499998, 6.1819411620001], [-2.91840240499994, 6.18211346100003], [-2.91850000199986, 6.18218819200007], [-2.91859759899995, 6.18226292300017], [-2.91891883599988, 6.18240056499997], [-2.9190909909999, 6.18242370900015], [-2.91933180899991, 6.18240079700018], [-2.91973366399998, 6.18221697500007], [-2.91996312599986, 6.18218239400017], [-2.9201580809999, 6.18219391600019], [-2.92021558699997, 6.18225122700005], [-2.92016945599994, 6.18236608600006], [-2.92006636899987, 6.18248097700007], [-2.9199056839999, 6.18258436700012], [-2.91977950399996, 6.18264165200014], [-2.9196761579999, 6.18276825600014], [-2.91969923899995, 6.18290594000013], [-2.91980237799987, 6.18303231500005], [-2.91994015899991, 6.18306677600015], [-2.92028443899989, 6.18302093000005], [-2.92100737499993, 6.18285988400004], [-2.92140900299995, 6.18276802299999], [-2.92151798399988, 6.18264165700003], [-2.92197112199989, 6.18083861700006], [-2.92201707299989, 6.18045958900012], [-2.92215483299992, 6.18002322700011], [-2.92220062199988, 6.17989700400005], [-2.92228095799987, 6.1797245030001], [-2.92239552299992, 6.17966743300013], [-2.92249900299987, 6.17980499900017], [-2.92259067499992, 6.17996017300004], [-2.92273996599994, 6.17997754300006], [-2.92286598699997, 6.17980505000008], [-2.92294633299997, 6.17956366599998], [-2.92314154399992, 6.17926520800017], [-2.92371511199997, 6.17882882200013], [-2.92427759299994, 6.17830051300001], [-2.92501174999995, 6.17781825399999], [-2.92547097799996, 6.17735885799999], [-2.92584941199988, 6.17694521900017], [-2.92595289099995, 6.17678486200015], [-2.92609041799994, 6.17644011700008], [-2.9261478489999, 6.17610719999999], [-2.92618221799989, 6.17594623200017], [-2.92621658799982, 6.17578526400018], [-2.92622805599996, 6.17560181900001], [-2.92630848399995, 6.17538351100006], [-2.92641178499997, 6.17524571300004], [-2.92656094999995, 6.17522846900005], [-2.92668703399994, 6.17538351800016], [-2.92670989799996, 6.17554445100006], [-2.92670995199995, 6.17578554400006], [-2.92664120099994, 6.17618738600009], [-2.92656084699996, 6.17649748200017], [-2.92673313699993, 6.17678479200009], [-2.92692807899988, 6.17687639000007], [-2.92715762199987, 6.17685351600011], [-2.92753631699992, 6.17673865900014], [-2.92824759099989, 6.17617588400003], [-2.92862634699998, 6.17592325900017], [-2.92871808599995, 6.17571644700007], [-2.92889011899996, 6.17532628600003], [-2.92899352099988, 6.17506191400003], [-2.92903931599994, 6.17486663500011], [-2.92918851999997, 6.17470611300018], [-2.92932623499996, 6.174568018], [-2.92946397299994, 6.17459128399997], [-2.92959586299997, 6.17475182100003], [-2.92962460699988, 6.17485521400016], [-2.92962452799998, 6.17514228700003], [-2.92955586199997, 6.17556720500016], [-2.92952131899995, 6.17591174900008], [-2.92957885699991, 6.17606101700017], [-2.92967060099994, 6.17615281600007], [-2.92981977599987, 6.17622202100017], [-2.93000341599998, 6.17622187100017], [-2.93007794599993, 6.17619886900002], [-2.93015247499994, 6.1761758670001], [-2.93030162699995, 6.1760838830001], [-2.93046233599995, 6.17576230200007], [-2.93055402399995, 6.17561318100007], [-2.93065731599989, 6.17554409500002], [-2.93078357399986, 6.17552142200003], [-2.93085229999997, 6.17564757400015], [-2.93092131699996, 6.17584260900003], [-2.93102440399997, 6.17603786400014], [-2.93119676499992, 6.17611835000002], [-2.93139176099993, 6.17613004000015], [-2.93216054099992, 6.17593454900003], [-2.93259649699985, 6.17575094], [-2.93284894899995, 6.17552133000004], [-2.93300968799991, 6.17527982600012], [-2.93313574799987, 6.17511938600018], [-2.93321618899995, 6.17475142800009], [-2.93330783699997, 6.17421190900012], [-2.93334797399996, 6.17401088200012], [-2.93338811199988, 6.17380985400018], [-2.93348002499994, 6.17356877200012], [-2.93365219299989, 6.17344243400015], [-2.93390448199989, 6.17347682100007], [-2.93413405699988, 6.17353436500002], [-2.93430607199997, 6.17360331300006], [-2.93444385999993, 6.17355735000007], [-2.93454707599994, 6.17340818600013], [-2.93469637799996, 6.17312108800019], [-2.93487990699987, 6.17294872900004], [-2.93529301799992, 6.17275314800014], [-2.93549951499995, 6.17261549200009], [-2.93564873299988, 6.17230549100015], [-2.93602720299992, 6.17183432900003], [-2.93640588599993, 6.17140983600018], [-2.93675022599996, 6.17108810400003], [-2.93702560099996, 6.17012359500006], [-2.93725492999982, 6.17005473900008], [-2.93741567499995, 6.17011201600008], [-2.93754178899991, 6.17020386100018], [-2.93759919499996, 6.17038757100005], [-2.93758773899998, 6.17086979700002], [-2.93766807799989, 6.17100761600011], [-2.93782871599996, 6.17127188800015], [-2.93793210599989, 6.17146714100005], [-2.93803548699992, 6.17173127700005], [-2.93817299699992, 6.17184581100014], [-2.93834523099997, 6.17189185300003], [-2.93850585799993, 6.17185734200007], [-2.93866635399996, 6.17146687900004], [-2.93889598999988, 6.17095027900007], [-2.9392516499999, 6.17055962100011], [-2.9395499389999, 6.17044504900002], [-2.93985962099993, 6.17036418999999], [-2.93999741499988, 6.17024934099999], [-2.94011207599988, 6.17005450100004], [-2.94016957099984, 6.16982473800016], [-2.94026118799997, 6.16950306300009], [-2.94031854999997, 6.16929620500002], [-2.9404334699999, 6.16910136300004], [-2.94074328399995, 6.16898606000018], [-2.94085799399994, 6.16892295800011], [-2.94097270399993, 6.16885985700014], [-2.94116763499989, 6.16863028200009], [-2.94155629699998, 6.16871959000002], [-2.94186774999991, 6.16879115600005], [-2.94198235199997, 6.16911242300006], [-2.94212019099996, 6.16938814300016], [-2.94229219799996, 6.16952597000011], [-2.94253316499993, 6.16961774000004], [-2.94267666199988, 6.16967525000018], [-2.94282015799996, 6.16973276199997], [-2.94292350699988, 6.16991630200005], [-2.94298087199991, 6.17008864600012], [-2.94303827099998, 6.17035260300003], [-2.94311847199992, 6.17060562900002], [-2.94325619799997, 6.17070862300017], [-2.94339380099996, 6.17076598300014], [-2.94355450499995, 6.17082360300009], [-2.9437266619999, 6.17076614600006], [-2.94384141799998, 6.17045609800016], [-2.94400192899985, 6.16985863899998], [-2.94407079899997, 6.16964063100011], [-2.94413966899998, 6.16942262300017], [-2.94439204299988, 6.16902045800003], [-2.94475917599988, 6.1686874450001], [-2.94491995099997, 6.16845782199999], [-2.94502299299995, 6.16826233400019], [-2.94506900899995, 6.1679639030001], [-2.94506890399992, 6.16771110200006], [-2.94509194499989, 6.16745873400015], [-2.94516065199997, 6.16735533100018], [-2.94543604599994, 6.16729784100005], [-2.94576887799985, 6.16733795500016], [-2.94610170899995, 6.16737807100009], [-2.94635403899997, 6.16741279600006], [-2.94650330299987, 6.167424133], [-2.94658357999992, 6.16732068700014], [-2.94659512399983, 6.16717168600019], [-2.94651474199992, 6.16702233100017], [-2.94634248299997, 6.16681545000017], [-2.94629659799989, 6.16668921700011], [-2.94629670399991, 6.16649410600007], [-2.94634257699988, 6.16631019200014], [-2.94639983899992, 6.16622973500012], [-2.94656046499989, 6.16619556800003], [-2.94670963799996, 6.16625288400019], [-2.94687033099996, 6.16639058000004], [-2.94705408499988, 6.16649409400009], [-2.94724906599993, 6.16658568500009], [-2.94736378399983, 6.16664312800015], [-2.94753584799986, 6.16664335999997], [-2.94765061399994, 6.16663157500017], [-2.94774258899992, 6.16656270100015], [-2.94779973899995, 6.16631003500004], [-2.94786871999997, 6.16604613400011], [-2.94794896199994, 6.16586226700008], [-2.94806374899991, 6.16563229500008], [-2.94823591999995, 6.16542587800012]]]]}, "properties": {"REGION": "Western North", "DISTRICT": "Bodi"}}, {"type": "Feature", "geometry": {"type": "MultiPolygon", "coordinates": [[[[-3.03135568799996, 6.22584719200006], [-3.03173563999997, 6.22619494100013], [-3.03236574099998, 6.22645425600018], [-3.03299584099989, 6.22671357300004], [-3.03454353699993, 6.22717650500016], [-3.03548961399997, 6.22740868200009], [-3.03643568999991, 6.22764085900002], [-3.03976490199994, 6.22765469400002], [-3.0414271169999, 6.22811802200016], [-3.04505541099991, 6.22833098800004], [-3.04558995899993, 6.22833778300014], [-3.04572676799995, 6.22845272000018], [-3.04696625199995, 6.22771977800011], [-3.04751670899998, 6.22748004900006], [-3.04831915899996, 6.22666518500012], [-3.05108749599992, 6.22433434600009], [-3.05189278199987, 6.22393817900013], [-3.05252819799995, 6.22308454299997], [-3.05270262999983, 6.22262892300012], [-3.05287706299987, 6.22217330199999], [-3.05483546699998, 6.22064037500007], [-3.05618752899994, 6.21993272700018], [-3.05753959099991, 6.21922507800014], [-3.05868693499997, 6.21912298500013], [-3.05987363399993, 6.21948575600004], [-3.06213880899998, 6.21960447200007], [-3.06337936599994, 6.22008090300017], [-3.0653962369999, 6.2204555890001], [-3.06574909599988, 6.22071732300009], [-3.06671159799993, 6.22143109500013], [-3.06785820799996, 6.22166406400015], [-3.06900481699995, 6.22189703200007], [-3.07009302199987, 6.22235821100014], [-3.07318652199996, 6.22351200500003], [-3.07571004399983, 6.22383614900002], [-3.07622584999996, 6.22398083100006], [-3.07659925299987, 6.22389679500003], [-3.07697265599995, 6.2238127600001], [-3.0781218649999, 6.22347487200005], [-3.07889883399997, 6.22296453200011], [-3.07969939699996, 6.22245219500007], [-3.08042542199996, 6.22258711900002], [-3.08130392899994, 6.22237239700007], [-3.08154952399991, 6.22279602000003], [-3.08179561999992, 6.22320487000007], [-3.08205046899997, 6.22391906900015], [-3.08230927199997, 6.22462525500009], [-3.08276753699988, 6.22646039200015], [-3.08319990599995, 6.22704650800017], [-3.08355537399996, 6.227291734], [-3.08392572399987, 6.22756848400019], [-3.08477535899993, 6.22769923199996], [-3.08533686399994, 6.22787385600003], [-3.08582975299993, 6.22803669700011], [-3.08643712199995, 6.228245921], [-3.08720511499996, 6.22843264000011], [-3.08778976499991, 6.22860734200015], [-3.08889582699987, 6.23087125500018], [-3.10144216199996, 6.23063597500004], [-3.11209428399997, 6.22934757400014], [-3.11257262899994, 6.23057498900016], [-3.11291110799988, 6.23177448500013], [-3.11342527399995, 6.23223303300006], [-3.1148576789999, 6.23263813600005], [-3.11623180799984, 6.23327127300013], [-3.11732046499992, 6.23350383600012], [-3.11800966299995, 6.23339224400013], [-3.11881577399993, 6.23271058100011], [-3.11968174999993, 6.23154448000003], [-3.12054772799996, 6.23037837900006], [-3.12175713299996, 6.22941339100015], [-3.12238899399989, 6.22921627700003], [-3.12302085499988, 6.22901916200016], [-3.12423160599997, 6.22771168300005], [-3.12460353099993, 6.22734500700005], [-3.12497545499997, 6.22697833100011], [-3.12521139499995, 6.22674572100004], [-3.12585038799995, 6.22503658800014], [-3.12580846099996, 6.22479392800011], [-3.12476426899997, 6.22221827300007], [-3.12454964799997, 6.22100933900009], [-3.12443964799996, 6.22001057100005], [-3.12409924399992, 6.21915323400003], [-3.12418839299994, 6.21852593700009], [-3.1242762629999, 6.2181267950001], [-3.12479475399994, 6.2176725440001], [-3.12536904099994, 6.21750372800017], [-3.12565618399998, 6.21741932100002], [-3.12594332799983, 6.21733491300017], [-3.12631854299997, 6.2168513630001], [-3.12669375899992, 6.21636781300009], [-3.12738632699995, 6.21545793800004], [-3.12784822399988, 6.21483206900018], [-3.12900955199996, 6.21181289700013], [-3.12929926699996, 6.21118651600011], [-3.12924571499997, 6.21033044000012], [-3.12908977899991, 6.20995905500007], [-3.12905267399998, 6.20798420600016], [-3.13093876799996, 6.20807192400014], [-3.13525781899995, 6.21626442100006], [-3.14130883999991, 6.22704783800009], [-3.14721998999988, 6.23918559700013], [-3.15480978499994, 6.25222647200007], [-3.17429566499982, 6.25157012700004], [-3.17436866799989, 6.25279596500019], [-3.17367059999998, 6.25389935200013], [-3.17386121499993, 6.25567159100012], [-3.17377878999986, 6.25790350100004], [-3.17393291899998, 6.25972542900013], [-3.17358579499995, 6.26086620100006], [-3.17179992799993, 6.26388696800012], [-3.17169511699996, 6.26434015700005], [-3.17181248199995, 6.26998657400014], [-3.17155115199995, 6.2710380740001], [-3.17136157499988, 6.27176147099999], [-3.17164145499993, 6.27295252000005], [-3.1713117349999, 6.27448236000015], [-3.17174753199993, 6.27643699900017], [-3.17153798699991, 6.27747722900006], [-3.17122607799996, 6.28019904600012], [-3.17118258099981, 6.28103121500016], [-3.17111969699994, 6.28246627800013], [-3.1711732949999, 6.28337363200006], [-3.17118070499993, 6.28442942900011], [-3.17105030999994, 6.28545101500009], [-3.17078197599994, 6.28654067000008], [-3.17082547099994, 6.28713762100017], [-3.17079814799996, 6.28825141500016], [-3.17084164299985, 6.28884836500015], [-3.17083913099998, 6.28950267100009], [-3.17083506299991, 6.29051323100009], [-3.17076163599995, 6.29166096400007], [-3.17087296499994, 6.29254535000007], [-3.17074229799988, 6.29363546700012], [-3.17073435699996, 6.29420955800009], [-3.17091152099994, 6.29585207300005], [-3.17183554499991, 6.2976518270001], [-3.17181401599993, 6.29982234600016], [-3.17258097299998, 6.30058338900017], [-3.17338026599992, 6.3017722670001], [-3.17344938399998, 6.30369784999999], [-3.17354727499998, 6.30519534300004], [-3.17438502899984, 6.30827935600018], [-3.17463708799988, 6.31011246700007], [-3.17695647399995, 6.31288985200013], [-3.17202113799993, 6.31286586300018], [-3.17058498299991, 6.31285887400003], [-3.16765239399984, 6.31284459000011], [-3.16520406299986, 6.31283265100006], [-3.16420835599996, 6.31876663700007], [-3.16392392599988, 6.32046171100018], [-3.16399072299993, 6.32074376700007], [-3.16401258999997, 6.32103647500014], [-3.16391713899998, 6.32192017400013], [-3.16376879599994, 6.32252249000004], [-3.16363743599993, 6.32305585600017], [-3.16351859199995, 6.32407705499998], [-3.16337783799992, 6.32485728900008], [-3.16297334199993, 6.32552153500012], [-3.16269440099995, 6.3259924620001], [-3.16221587199988, 6.32680034900005], [-3.16179180399996, 6.32751629000006], [-3.16019515299985, 6.3302118470001], [-3.15920574199987, 6.33127013700005], [-3.15744736199997, 6.3331509190001], [-3.15731082399992, 6.33357389100007], [-3.1564741439999, 6.33616578900012], [-3.15189660199997, 6.3408158690001], [-3.15165272899992, 6.3415037260001], [-3.15161547299988, 6.342215522], [-3.15164712699993, 6.34293873900009], [-3.15167834499994, 6.34369691200004], [-3.15165243799993, 6.34448907000018], [-3.15160470599994, 6.34493075000017], [-3.15155697299991, 6.34537243099999], [-3.15130235099997, 6.34592241400014], [-3.15081865199994, 6.34634541400015], [-3.15035805599985, 6.34676831800016], [-3.14961051499989, 6.34717863900005], [-3.14894325099993, 6.34756658600008], [-3.14860992799987, 6.34773154500016], [-3.14832208499996, 6.34795511400011], [-3.1452115969999, 6.34811428000012], [-3.14307505499994, 6.34864519200016], [-3.14142718999994, 6.34909061600007], [-3.13953784499995, 6.34934270900004], [-3.13940680199994, 6.34963672600014], [-3.13593661699997, 6.35742262300016], [-3.13544118099992, 6.35787975800008], [-3.13470502299992, 6.35832462899998], [-3.13395831999998, 6.35848233399997], [-3.13331509499994, 6.35862910800006], [-3.13278626999988, 6.35886787499999], [-3.13218807099997, 6.35924450500011], [-3.13165659499987, 6.36011469100015], [-3.13116037299994, 6.36084767100004], [-3.13068713399986, 6.36154611800004], [-3.13007765299994, 6.36179623600009], [-3.1299322459999, 6.36232975400003], [-3.12880438599996, 6.36273625000007], [-3.12816260999995, 6.36322325400005], [-3.12755303199998, 6.36368582400013], [-3.12706336299993, 6.36405740300006], [-3.12639937299991, 6.36456126000007], [-3.12490936199993, 6.36511953100018], [-3.12469705299992, 6.36506420800015], [-3.12392324599995, 6.36486257400014], [-3.12254857699998, 6.36405997400016], [-3.12065985299995, 6.36239957000009], [-3.11996816199996, 6.36210898000002], [-3.11888365799996, 6.36165336000016], [-3.11745024299995, 6.36136444800007], [-3.11532798499991, 6.3612446840001], [-3.11286264899996, 6.36066777500008], [-3.11165863799988, 6.36037928500002], [-3.10953661399992, 6.36011709499996], [-3.10718435899997, 6.36011119100004], [-3.10344754299996, 6.35938888400005], [-3.10104853299987, 6.35892515000006], [-3.09906630899991, 6.35654533000013], [-3.09790330999988, 6.35514903600006], [-3.09733170299995, 6.35429160600017], [-3.09659957699995, 6.35371805500006], [-3.09601510799996, 6.35326017900019], [-3.09481736799989, 6.35184210900007], [-3.09346534699995, 6.35024136300018], [-3.09160852799988, 6.34902384600008], [-3.09166306099996, 6.3500516090001], [-3.09165963999993, 6.3512509360001], [-3.09165735799991, 6.35204991300009], [-3.09136647499992, 6.35359082500003], [-3.09170525899998, 6.35559014700004], [-3.0917021969999, 6.35667496500014], [-3.09215931599988, 6.35741836000005], [-3.09227112699989, 6.35844623500014], [-3.09267100599993, 6.35913269300005], [-3.09280554799989, 6.36005713900016], [-3.09325813699996, 6.36260222000016], [-3.09408349099994, 6.36724337300006], [-3.09436704699993, 6.36844273900016], [-3.0952811549999, 6.3699295130001], [-3.09619526299997, 6.37141628700016], [-3.09656382999998, 6.37210406200012], [-3.09745115399994, 6.37375986500012], [-3.09796388199993, 6.37510284600012], [-3.09820362799996, 6.37622140000013], [-3.09911844499987, 6.38196244100004], [-3.09952789599993, 6.38453191400009], [-3.09919897699996, 6.38640203800009], [-3.09813144099985, 6.39164053600012], [-3.09744068599997, 6.39283473800015], [-3.09689672699983, 6.39377515100006], [-3.09693494099997, 6.39476662700002], [-3.09697611799993, 6.39583496700016], [-3.09703145699996, 6.397270736], [-3.09707883199997, 6.39849981100002], [-3.09697718699994, 6.40656454399999], [-3.09662501399993, 6.40717366900003], [-3.09500618099997, 6.40997360799997], [-3.09491281699991, 6.41034626600009], [-3.09476099999995, 6.41100017700012], [-3.0948721819999, 6.4118617100001], [-3.09491369799997, 6.41298697899998], [-3.09466959799994, 6.41370928300006], [-3.09448478599984, 6.41401283500016], [-3.09432117599988, 6.41432742300009], [-3.09272893799994, 6.41702956400007], [-3.09266794699988, 6.42053268800004], [-3.09868367099989, 6.42575390200005], [-3.11088817199993, 6.43634587400015], [-3.11117732399987, 6.43859845800017], [-3.11186234699989, 6.43948532500013], [-3.11248981399984, 6.44042925100007], [-3.11324317499998, 6.44152297400007], [-3.11362967399998, 6.44240883500004], [-3.11390161399993, 6.44329396200004], [-3.11395725599994, 6.44373040200009], [-3.11401874999996, 6.44425837500017], [-3.11405432399988, 6.44535281500009], [-3.11421310499998, 6.44621385300013], [-3.11438650899993, 6.44685746500011], [-3.11459233799997, 6.44783475400004], [-3.11483703599987, 6.44882740600008], [-3.11487235899989, 6.44985974200006], [-3.11494416899995, 6.45033298800013], [-3.11499346799997, 6.45099264100008], [-3.11476425199993, 6.4518630500001], [-3.11470364699994, 6.45230401100008], [-3.11464463999994, 6.45272284599997], [-3.11461810399987, 6.45362969900015], [-3.1147515159999, 6.45470945500017], [-3.11492627199982, 6.45557242500013], [-3.11495397099998, 6.4557092010001], [-3.11530560899996, 6.45675550700014], [-3.11533073399988, 6.45692402900005], [-3.11549569599993, 6.45803046000003], [-3.11564265799996, 6.4585993610001], [-3.1157870909999, 6.45915401700017], [-3.11615713699996, 6.46006349200019], [-3.11626082799984, 6.46031833500007], [-3.11744550999987, 6.46180073700015], [-3.11753634099995, 6.46193579900012], [-3.11807755599995, 6.46292653300003], [-3.11884592299992, 6.46404193200004], [-3.11891156099995, 6.46413721500005], [-3.11998019299989, 6.46481387300008], [-3.11751701199995, 6.46831140100005], [-3.11012635399993, 6.47880529900004], [-3.10088896699995, 6.49192078700008], [-3.09134560799987, 6.50547005100009], [-3.08239383599994, 6.51878780600003], [-3.08194625399994, 6.52066791700008], [-3.08173548799994, 6.52139009700016], [-3.08182434699989, 6.52189580100008], [-3.08191283599996, 6.52244730900003], [-3.08203883599998, 6.524411493], [-3.08075938499991, 6.52546957200008], [-3.07824392499987, 6.52553692700008], [-3.07761041599997, 6.52588908800016], [-3.07712471999992, 6.5264830860001], [-3.07669640799998, 6.52710060900012], [-3.07592695199992, 6.52898257800013], [-3.07428317099988, 6.52792003600013], [-3.07162784699995, 6.52813809500014], [-3.07089162299997, 6.52836359300017], [-3.07039512599988, 6.5288772180001], [-3.06996654599988, 6.52949474000008], [-3.06971148499991, 6.5299062950001], [-3.06897539799985, 6.53016605900007], [-3.06642536099997, 6.52849764300009], [-3.06585486199992, 6.5278971350001], [-3.06517005899985, 6.52722718300009], [-3.06457687199998, 6.52660351900005], [-3.06290257199993, 6.52438925100012], [-3.05979738299993, 6.52342922500009], [-3.05942148599991, 6.52292175500003], [-3.05916117099997, 6.52231187400014], [-3.05885500699986, 6.52167859000014], [-3.05677290999989, 6.52050652100002], [-3.05639636699993, 6.52011373200014], [-3.05589345199996, 6.51973178800017], [-3.05540358499991, 6.51909735400005], [-3.05491458699987, 6.51834823400009], [-3.05442500599997, 6.51765645600005], [-3.05381846399996, 6.51733106700004], [-3.05298164499982, 6.51714281799997], [-3.05120061499997, 6.51554744300006], [-3.04983974499993, 6.51465531900016], [-3.04931426699994, 6.51421577100018], [-3.04871902799982, 6.51394818500006], [-3.04798502699992, 6.51385163400016], [-3.04722835499996, 6.51365220000002], [-3.04659917799995, 6.51331535400004], [-3.04614306199994, 6.51278443000018], [-3.04588141499994, 6.51239254000006], [-3.04530919999996, 6.51210195400017], [-3.04421927399994, 6.51199202700008], [-3.04353058399994, 6.51198792600013], [-3.04114097399997, 6.51094603600012], [-3.03920817099993, 6.50888645900011], [-3.03743555799997, 6.50816637300005], [-3.03735367899992, 6.5204437860001], [-3.03731012799989, 6.52697965800013], [-3.03723325299984, 6.53170693100003], [-3.03719928599998, 6.53517492000003], [-3.03705768299994, 6.53986513600012], [-3.03557678999994, 6.53900386800012], [-3.03297037699991, 6.53779381200019], [-3.03194068799996, 6.53731615800007], [-3.03065276899997, 6.53651833200013], [-3.02704867999995, 6.5347983260001], [-3.02614798499997, 6.53444862000015], [-3.02469949399989, 6.53365142100017], [-3.02658456799992, 6.53120263600016], [-3.02763937699996, 6.52994567100018], [-3.02901482899983, 6.52855892900016], [-3.02932157899988, 6.52783489000001], [-3.02956215499989, 6.52753302000008], [-3.02959806099994, 6.52725185100019], [-3.02901596899994, 6.52662877500018], [-3.02825113599988, 6.5257861930001], [-3.02720055599991, 6.52471229200012], [-3.02621701499987, 6.52400662100007], [-3.02549733499995, 6.52329058900017], [-3.02506365999994, 6.52279485200012], [-3.02422932499991, 6.52212404800002], [-3.02337318299993, 6.52117764100012], [-3.02236797899991, 6.52021908800015], [-3.02146596499989, 6.51929558900002], [-3.02057589399988, 6.51826872200007], [-3.02022312699989, 6.51767544900008], [-3.01987035999986, 6.51708217500004], [-3.01939426999996, 6.51596548100002], [-3.01902037899987, 6.51505639300012], [-3.01849733299991, 6.514111738], [-3.0179400639999, 6.51314414600006], [-3.01746439099998, 6.51192447100016], [-3.01713713599992, 6.5108889710001], [-3.01705824999988, 6.51058991900004], [-3.01711867099982, 6.51032233199999], [-3.01728685699987, 6.50865031200004], [-3.0182041889999, 6.50551479300003], [-3.01750316599993, 6.5047930660001], [-3.01453408699984, 6.50391566900009], [-3.01346133099997, 6.50332793100011], [-3.01282106899993, 6.50253009000011], [-3.01124256999998, 6.50382676300018], [-3.01046282699997, 6.50429730100001], [-3.00828913299995, 6.5047846600001], [-3.00656847099998, 6.5044850810001], [-3.00625288999987, 6.50443315800015], [-3.00488469599992, 6.50394761500007], [-3.00458681999987, 6.50384190500017], [-3.00308714899995, 6.50387589800005], [-3.00265210699985, 6.50444137400012], [-3.00176542799994, 6.50559389200009], [-2.99957620999987, 6.50821856100009], [-2.99934747599997, 6.50836979600012], [-2.99878538999991, 6.50862325900005], [-2.99838419999986, 6.50882777700008], [-2.99802786599997, 6.50876212100013], [-2.99751776799991, 6.50862154000015], [-2.99683529899994, 6.50843345300012], [-2.99570803499995, 6.50812278000012], [-2.99525437599988, 6.50796270200016], [-2.99404120199995, 6.50771673900016], [-2.99212477399993, 6.50739013200007], [-2.98980566099988, 6.50699488600003], [-2.98878380499997, 6.50689300400012], [-2.98823285699996, 6.50689379400018], [-2.98753254699994, 6.50688346000004], [-2.98687814799996, 6.5067809900001], [-2.98675529099995, 6.50675243400002], [-2.98633828199996, 6.50665551000003], [-2.9856009799999, 6.50643367300006], [-2.98491757899995, 6.50622805199998], [-2.98261245599997, 6.50595825200008], [-2.98166334999996, 6.50584716100019], [-2.97971066299988, 6.50597690600017], [-2.97692381199994, 6.50616206400002], [-2.97679110499996, 6.50617088100017], [-2.97496125099991, 6.50585111200007], [-2.97240222299985, 6.50547722700014], [-2.97153869499988, 6.50535105900002], [-2.97120549299996, 6.50517352400016], [-2.97021538799993, 6.50484739399997], [-2.96991941299996, 6.5049228150001], [-2.96954095599989, 6.50507272800013], [-2.96938931799997, 6.50502469600008], [-2.96356861299984, 6.50230541500008], [-2.96312500999989, 6.50207446600007], [-2.96190651399996, 6.50156826300002], [-2.96109071699988, 6.50125784199997], [-2.96090664399992, 6.5010972], [-2.9606884129999, 6.50108564700002], [-2.95941267199987, 6.5005794870001], [-2.95882648299994, 6.50037252700002], [-2.95822308499993, 6.50006213900008], [-2.95774011799995, 6.49973209100011], [-2.95306608399994, 6.49653792000009], [-2.95151181099993, 6.49547572900002], [-2.94914966099998, 6.49491017200006], [-2.94721857199988, 6.49426928600013], [-2.94655282899987, 6.49404833800014], [-2.94604586499986, 6.4938800860001], [-2.94533556899995, 6.49364435000012], [-2.9451288539999, 6.49357574400011], [-2.94501495999998, 6.49353794400002], [-2.94431318099993, 6.49330503300018], [-2.9436238639999, 6.49303456000013], [-2.9431644469999, 6.49283914700004], [-2.94231441499994, 6.49213791199998], [-2.94161361199997, 6.49142490900005], [-2.94128072199993, 6.49096501600013], [-2.94083270499982, 6.49065452200017], [-2.93986790699984, 6.49026334700005], [-2.93944283499991, 6.48997601200017], [-2.93928214199997, 6.48980355900005], [-2.93914421199997, 6.48953940500019], [-2.93898339799995, 6.48948147100003], [-2.93871932599984, 6.48886098700001], [-2.93846663499988, 6.48848172200019], [-2.93831761999991, 6.48790695000002], [-2.93811110799987, 6.48743572100005], [-2.93795023499996, 6.48714823500006], [-2.93769523499992, 6.48690427500014], [-2.93729510699995, 6.48749291200005], [-2.93707684999993, 6.48768799500016], [-2.93662852999995, 6.48787173100004], [-2.93616889299994, 6.48811862300005], [-2.93570925599994, 6.48836551400018], [-2.93524965199992, 6.48848023700015], [-2.9348588389999, 6.48872144000012], [-2.93464033399994, 6.4890661710001], [-2.93464029899991, 6.48920393600008], [-2.93469759999988, 6.48935319400016], [-2.93522601799998, 6.48965236600003], [-2.93532954599993, 6.48979025200009], [-2.93539836299993, 6.49027303000008], [-2.93529462199996, 6.49074441199997], [-2.93512224899985, 6.49097393300008], [-2.93496118899992, 6.49107735600018], [-2.93475445599995, 6.49111172500011], [-2.93393873999997, 6.49103114600007], [-2.9337202129999, 6.49108846400003], [-2.93358240099997, 6.49128341199997], [-2.93358241199996, 6.49143306000013], [-2.93382342499996, 6.49163999300009], [-2.93370834899991, 6.49195040500001], [-2.93335238599997, 6.49200755800007], [-2.93306506699997, 6.49193839399999], [-2.93238717799994, 6.49194959100015], [-2.93184691399989, 6.492156405], [-2.93170922299987, 6.49223683400004], [-2.93121486699994, 6.49284574900003], [-2.9307895739999, 6.4931500240001], [-2.93036428099981, 6.49345430000005], [-2.92987023499995, 6.4935691500001], [-2.92972091599995, 6.49355732000004], [-2.92945633499983, 6.49367215600012], [-2.92921521699992, 6.4938674980001], [-2.92890459699993, 6.49426957900005], [-2.92808868399982, 6.49463690400017], [-2.92782423699987, 6.4948666030001], [-2.92757728099997, 6.49497568900006], [-2.92733032399997, 6.49508477500018], [-2.92697384099995, 6.49515363700004], [-2.92679021299995, 6.49510749600006], [-2.92654902899994, 6.49493482800011], [-2.92619275099997, 6.49483148000013], [-2.92603180899988, 6.494819694], [-2.92560684499989, 6.49492325700015], [-2.92539355199995, 6.49517713800009], [-2.92527337499985, 6.49604229800013], [-2.92537073499989, 6.49664433200019], [-2.92567872399997, 6.49675256800009], [-2.92618032399992, 6.49692884500018], [-2.92669735299989, 6.49706120000002], [-2.92696171299991, 6.49681996400017], [-2.92729495299994, 6.49671674900003], [-2.92774304199997, 6.49676291600002], [-2.92786942299995, 6.49682064200005], [-2.92844365599996, 6.49729168100004], [-2.92869638499991, 6.4976020690001], [-2.92901819199989, 6.49776323400005], [-2.92938543399993, 6.49828069500012], [-2.92964977799994, 6.49846481100008], [-2.92986781599996, 6.49878635200014], [-2.92982755999998, 6.49895879799999], [-2.92978730399994, 6.49913124500017], [-2.92962638099993, 6.49940687400016], [-2.92924692699989, 6.49974016400017], [-2.92906301499994, 6.49998126700012], [-2.92883318599996, 6.50039492399998], [-2.92877554399996, 6.50063046500003], [-2.9287179019999, 6.50086600600008], [-2.92863737399983, 6.50099254100013], [-2.92862593599995, 6.50116479200011], [-2.92885571699998, 6.50132596300006], [-2.92917743599992, 6.50145217000011], [-2.92948080999997, 6.50236299300002], [-2.92987557399994, 6.50251918300017], [-2.92988964499995, 6.50277496600012], [-2.93005386599998, 6.50307997400012], [-2.93012189799992, 6.5033033680001], [-2.93015489599998, 6.50341172300011], [-2.93013007199988, 6.50379291300004], [-2.93034340099996, 6.50460685700006], [-2.93054784099996, 6.5049634130001], [-2.93062843699988, 6.5052159060001], [-2.93061696599995, 6.50553763300019], [-2.93054793899989, 6.50577864200011], [-2.9304791269999, 6.50600845700006], [-2.93047922999989, 6.50626108400007], [-2.93065159299994, 6.50644468800016], [-2.93075487299996, 6.50666316900003], [-2.93080081899996, 6.50692698699999], [-2.93077807099985, 6.50724858400008], [-2.93073216899995, 6.50763880900013], [-2.93065165699994, 6.50798353100004], [-2.93043364999994, 6.50816742000006], [-2.93013522599995, 6.50822504400003], [-2.92987106499993, 6.50830535300003], [-2.92960690599995, 6.50838566400017], [-2.92936574299995, 6.50864971700008], [-2.92933137299997, 6.50894862800004], [-2.92925102899989, 6.50926992900008], [-2.92914795099989, 6.50946543300006], [-2.92888390299987, 6.50993622200002], [-2.92878056799987, 6.51018304600001], [-2.92865741199989, 6.51039544600019], [-2.92868474299991, 6.5106713080001], [-2.92876457899996, 6.51093382900007], [-2.92891899599994, 6.51112039200012], [-2.92904170099996, 6.51124816100014], [-2.92905915899991, 6.51137127300001], [-2.92913295699998, 6.51189170399999], [-2.92914972299997, 6.51200994100009], [-2.92902210499994, 6.51222140200014], [-2.92889555999994, 6.51234759700014], [-2.92873490999989, 6.51226710100008], [-2.92863167899998, 6.51214075100012], [-2.92848217099987, 6.51194569400002], [-2.92839051999994, 6.51181929900014], [-2.92822965799985, 6.51175085800008], [-2.92798860399995, 6.51175057200004], [-2.92782782899991, 6.51171622800007], [-2.92767850099989, 6.51163586000018], [-2.92754057599996, 6.51152083600005], [-2.92743721999983, 6.51142927100005], [-2.92727661999993, 6.51142936700006], [-2.92716164899986, 6.51148646200005], [-2.92704702999987, 6.511624493], [-2.92684029599991, 6.51180816600004], [-2.92659912299996, 6.51192326000012], [-2.92641561999994, 6.51191173300015], [-2.92628915399996, 6.51191169800006], [-2.92608818399992, 6.51169358900006], [-2.92588721499993, 6.51147547900013], [-2.92555437199991, 6.51117693400005], [-2.92542785799992, 6.51108511400008], [-2.92530164799996, 6.51107336700005], [-2.92519838799996, 6.51115366500017], [-2.92496866699986, 6.51131469400008], [-2.92470451299994, 6.51154439200008], [-2.92446368399993, 6.51167102100015], [-2.92418794199983, 6.51175128700004], [-2.92403870099992, 6.51169382100005], [-2.92394117999993, 6.51165949300008], [-2.92377436599998, 6.51163620300008], [-2.92353841399989, 6.51178165500005], [-2.92380560399988, 6.51203635900015], [-2.92370578299989, 6.51231383200013], [-2.92379769599995, 6.51250911000011], [-2.92392416799993, 6.51257820100005], [-2.9240159979999, 6.51281945800002], [-2.92405026699981, 6.51292265200004], [-2.92403878499994, 6.51309490400007], [-2.92408494099993, 6.513278818], [-2.92440109699987, 6.51336538400011], [-2.92445709399988, 6.51357308200005], [-2.92451661999985, 6.51379387600002], [-2.92453739099994, 6.51387091800018], [-2.92439423299993, 6.51393133600004], [-2.92419987199992, 6.51401336300012], [-2.92410811199989, 6.51422018900018], [-2.92413089599989, 6.51441573100004], [-2.9241998249999, 6.51465655900006], [-2.92429182199982, 6.51479449200002], [-2.92445264799989, 6.51492096800018], [-2.92481363799993, 6.51489553800002], [-2.92513009399988, 6.51492045200013], [-2.92523336599993, 6.51498963000017], [-2.92526776599993, 6.5151272650001], [-2.92518753799993, 6.51525362700011], [-2.92503734499996, 6.5155080720001], [-2.92503251799997, 6.51570738200007], [-2.92528914299993, 6.51607218700013], [-2.92563131099996, 6.51621543599998], [-2.92586776499991, 6.51620139200008], [-2.92614338599998, 6.51612149400006], [-2.92624965199997, 6.51642333800015], [-2.92622093299991, 6.51663147800014], [-2.92615215299998, 6.51672335500018], [-2.92603726399989, 6.51672344900004], [-2.92591117999996, 6.51667743500013], [-2.92576185199994, 6.51659723900008], [-2.92561234599998, 6.51648225800005], [-2.92552070399995, 6.5165053390001], [-2.9254631149999, 6.51657444200004], [-2.92544039799998, 6.51675792900005], [-2.92539439199993, 6.51690723700011], [-2.92519919599994, 6.51714855500001], [-2.92496972899994, 6.51729752900007], [-2.92434963399995, 6.51759643500014], [-2.92394785899995, 6.51779170100014], [-2.92372960099993, 6.51820531400017], [-2.92368369099995, 6.51851546400007], [-2.92371828599994, 6.51899751300004], [-2.92381017099984, 6.51939944000003], [-2.92393466899995, 6.51986782200004], [-2.9246257989999, 6.52131730700017], [-2.9247064459999, 6.52295934300014], [-2.92452269299997, 6.52310866000016], [-2.92427014799995, 6.52320054900002], [-2.92404041099996, 6.52320056400009], [-2.92389124899995, 6.5230972920001], [-2.92377638899995, 6.52289056400002], [-2.92364999799997, 6.52276430200004], [-2.92333980299998, 6.52269539700012], [-2.92307597499985, 6.52271844500007], [-2.92283483499995, 6.52276465500017], [-2.92271419699995, 6.52273584], [-2.92229511299996, 6.52261517000017], [-2.92208836499992, 6.52266107700012], [-2.92188294699997, 6.52277417300007], [-2.92184658199989, 6.52287619900017], [-2.9217995539999, 6.5230081410001], [-2.92174226599997, 6.52316886800014], [-2.92123025699988, 6.52319220500004], [-2.92111404699995, 6.52319750100014], [-2.92094032199998, 6.52329314900004], [-2.92088277699992, 6.52344215600004], [-2.92080250399994, 6.52356868999999], [-2.92069906899991, 6.52367171999998], [-2.9205499169999, 6.52371775100016], [-2.92037773199996, 6.52371789000011], [-2.92018238799994, 6.52371777300016], [-2.92007903799993, 6.52377533900017], [-2.91998718899987, 6.52397062800003], [-2.91994135499993, 6.52415437700006], [-2.91987255099991, 6.52461374600017], [-2.91986119799986, 6.52480872900003], [-2.91989555699996, 6.52493534300004], [-2.91996439499997, 6.52507284700005], [-2.91998173299987, 6.52524533399998], [-2.91990698799992, 6.52533740500007], [-2.91979244199996, 6.52534886300015], [-2.9196200859999, 6.52537173400015], [-2.91950528299998, 6.52539490300001], [-2.91944782199994, 6.52549810200014], [-2.91944782599995, 6.52557835200003], [-2.91945923899982, 6.52568180500015], [-2.91951680099987, 6.52581969700003], [-2.9195742309999, 6.52592297500019], [-2.91960875999985, 6.52601497400008], [-2.91959714499995, 6.52615278500002], [-2.91951691399987, 6.52627897499997], [-2.91947081799998, 6.52640537900015], [-2.91945954799985, 6.52655438300002], [-2.91948250299987, 6.52672684700008], [-2.91952839799995, 6.52684188000012], [-2.91959744699989, 6.5268875970001], [-2.91970641699993, 6.52685317100008], [-2.91979244099986, 6.52679558300008], [-2.91983832199992, 6.52669208400016], [-2.9198842479999, 6.52660046600005], [-2.91996477999982, 6.52647393100011], [-2.92003347999997, 6.52642820600016], [-2.92013696199996, 6.52640525300012], [-2.92025176599992, 6.52638225600009], [-2.92036648499993, 6.5264048950001], [-2.92042404399996, 6.52647424800006], [-2.92045846399998, 6.52656026400007], [-2.92045285699987, 6.52673796100015], [-2.9203092169999, 6.52685285500007], [-2.92012567599988, 6.52697961000013], [-2.92006808199994, 6.52704802400012], [-2.92009111999988, 6.52716314300017], [-2.92019439299997, 6.52723197800009], [-2.92045845599989, 6.52748463400019], [-2.92057356999993, 6.52761094000016], [-2.92066526799994, 6.52774870200017], [-2.92081460099996, 6.52782907000011], [-2.92094094599992, 6.52786371900004], [-2.92110172199983, 6.52784037500004], [-2.9212336359999, 6.52778889800015], [-2.92143471999992, 6.527668275], [-2.92166428299993, 6.52762228100011], [-2.92185958499994, 6.52761085900005], [-2.9220086169999, 6.52767969100006], [-2.92212369299983, 6.52787488000013], [-2.92230740899993, 6.5284488370001], [-2.92233032899998, 6.52874753000003], [-2.92236500599989, 6.52910369600005], [-2.92298208599988, 6.52968900000013], [-2.92287024799998, 6.52981539700005], [-2.92275531799987, 6.52987283699997], [-2.92268667799988, 6.53014863000016], [-2.92267510599987, 6.53029763500012], [-2.92272104699987, 6.53042420500014], [-2.92288170399985, 6.53050470100004], [-2.92305410799997, 6.53056190400008], [-2.92320339899982, 6.53063073400006], [-2.92330672199995, 6.53077998900011], [-2.92332980799995, 6.53097518400017], [-2.9233527209999, 6.53113611000015], [-2.92337580099996, 6.53126207800011], [-2.92350189999991, 6.531457569], [-2.9237317809999, 6.53162976000016], [-2.92379491599991, 6.53171588100008], [-2.92397791699995, 6.53333770900014], [-2.92408798499991, 6.53363116999998], [-2.92414792999989, 6.53379099700015], [-2.92406509799997, 6.53411034400006], [-2.92382390599983, 6.53411023200005], [-2.92362881199995, 6.53403004000012], [-2.92311192399995, 6.53373134000014], [-2.92297429999996, 6.53368554200006], [-2.92285936399986, 6.53367427100011], [-2.92280185999988, 6.53376593200016], [-2.92282494199992, 6.533892245], [-2.92288237399981, 6.53400688800002], [-2.92302012999994, 6.53407593300011], [-2.92313498899995, 6.53421377800009], [-2.92310064399993, 6.53430569600005], [-2.92299720499989, 6.53435155300002], [-2.92285945299994, 6.53435139099997], [-2.92269871999997, 6.53438627400016], [-2.92211319099994, 6.53436319600019], [-2.92180973099988, 6.53418287199997], [-2.92160870299995, 6.53406341600004], [-2.92089572799995, 6.53363974700011], [-2.92078111699993, 6.53399596599996], [-2.92072377299991, 6.53457015400005], [-2.9206892819999, 6.53506366200003], [-2.92066649099996, 6.53544260600012], [-2.92062070299988, 6.53563823600018], [-2.92049440999995, 6.53575306400006], [-2.92032201199987, 6.53584482100013], [-2.92021866999994, 6.53605169200006], [-2.92019578599991, 6.53633850599999], [-2.9201728999999, 6.53655695200013], [-2.92019594799996, 6.53682103100004], [-2.92031071999992, 6.53693580100014], [-2.92048299599998, 6.53695873599997], [-2.92063232199996, 6.53687826099997], [-2.92079300999995, 6.53675210900002], [-2.92106863899994, 6.53671747700002], [-2.92121784399995, 6.53676340300007], [-2.92128668499993, 6.53688954000012], [-2.92135570899995, 6.53715378800013], [-2.92145908099991, 6.53738346400013], [-2.92167726499991, 6.53767056200007], [-2.9220677859999, 6.53821032000019], [-2.92223999599997, 6.53849724899999], [-2.92225162499994, 6.53858933500015], [-2.92219420899988, 6.53870407300008], [-2.92211366599997, 6.53868130500013], [-2.92198740599991, 6.53865836700004], [-2.92182666299993, 6.53862367800008], [-2.92166592499996, 6.53862954400006], [-2.92161991799998, 6.5388073530001], [-2.92164317599998, 6.53897947200005], [-2.92172346799993, 6.53908317900016], [-2.92183836699985, 6.53916333300003], [-2.92201051799998, 6.53922088200011], [-2.92232068499987, 6.53935849500004], [-2.92252741199991, 6.53953077400018], [-2.92290626699992, 6.54003613400005], [-2.92315894599994, 6.5404839410001], [-2.92319344399988, 6.54071353500007], [-2.92317068499995, 6.5408858290001], [-2.92303272399988, 6.54097762700007], [-2.92279179399998, 6.54108101200018], [-2.92264234599992, 6.54126481200012], [-2.92257354099991, 6.54164376000006], [-2.92256211499995, 6.54197685300016], [-2.92248189399987, 6.54225234700004], [-2.92237847999996, 6.54236726100009], [-2.92168937199995, 6.54291482800005], [-2.92168961299996, 6.54310355600001], [-2.92168980299988, 6.54325177000004], [-2.92157495799989, 6.5433436510001], [-2.92144870099992, 6.54338959600005], [-2.92124285899996, 6.5432696260001], [-2.92114586399993, 6.54334669800005], [-2.92098355299993, 6.54347567000008], [-2.92080557999992, 6.54358492700015], [-2.92059887799996, 6.54378031100015], [-2.92039227299995, 6.54414756000006], [-2.92040365099996, 6.5443198960001], [-2.92038098699987, 6.54465286100003], [-2.92031199599995, 6.54484823600012], [-2.92017429499992, 6.54499755000006], [-2.92001334899993, 6.54513541400007], [-2.91985261599996, 6.54525037400003], [-2.91984126499989, 6.54544552900006], [-2.91978393299996, 6.54558317000004], [-2.91961171399993, 6.54580149900005], [-2.91915375499997, 6.54603604800019], [-2.91870528899994, 6.54626573600018], [-2.9183912769999, 6.54642655900005], [-2.91816889599988, 6.54654045400002], [-2.91768279299993, 6.54678941599997], [-2.91772856299997, 6.54693871800009], [-2.91787803499989, 6.54705352800016], [-2.91796994999987, 6.54716838400009], [-2.91801593899993, 6.54737503100006], [-2.91810777299997, 6.54754723200017], [-2.91830300399988, 6.54766186600006], [-2.91836026399994, 6.54771951000004], [-2.91838330299987, 6.54783445600015], [-2.91833750799998, 6.54797205300008], [-2.91822249599988, 6.54815606699998], [-2.91826870999989, 6.54848894100019], [-2.91831466799988, 6.54884506400009], [-2.91828020399987, 6.5491203840001], [-2.91818831799998, 6.54944207500017], [-2.91800470099997, 6.54984384900001], [-2.91776368699993, 6.55007346200011], [-2.91745361799997, 6.55018882000007], [-2.9172929369999, 6.55046445000011], [-2.91728149699992, 6.55064789500011], [-2.91728152399992, 6.55101555900018], [-2.91724692399993, 6.55118789900001], [-2.91716660099991, 6.551290843], [-2.9169828279999, 6.55129137200015], [-2.91686801399993, 6.551233948], [-2.91674165699993, 6.55111887900017], [-2.91658107599989, 6.55098103600005], [-2.91643164799996, 6.55088930300019], [-2.91628240099993, 6.55091243100014], [-2.91609876599995, 6.5510844800001], [-2.91598384599996, 6.55137181700013], [-2.91582329799996, 6.55175059900006], [-2.91570268699996, 6.55191147100004], [-2.91558207499992, 6.55207234400012], [-2.91532951399989, 6.55216423300016], [-2.91519188899997, 6.55219868300003], [-2.91497366999994, 6.55211823400003], [-2.91476675899997, 6.55183126200006], [-2.91450275999995, 6.55145237700009], [-2.91434767299984, 6.55138916500016], [-2.91419258599996, 6.55132595200018], [-2.91397454299994, 6.55129182500013], [-2.91373321099996, 6.5513032500001], [-2.91352670299995, 6.55125719600017], [-2.91314769499985, 6.55114222700018], [-2.91303281999996, 6.55078653700002], [-2.91299831499992, 6.55040746500015], [-2.9129294199999, 6.55010911800002], [-2.91283737399993, 6.54995981900004], [-2.91269956899981, 6.549879234], [-2.91252737399986, 6.54987920100012], [-2.91233219299994, 6.54991369700014], [-2.91212534899989, 6.55000541000015], [-2.91201056599982, 6.55010314500015], [-2.91176961299993, 6.5510450110001], [-2.91034012599988, 6.55165972600008], [-2.91025411499987, 6.55168261300014], [-2.91002423299994, 6.55165955000007], [-2.90938115299997, 6.55136114699997], [-2.90910563699981, 6.55128091100011], [-2.90893327099991, 6.55131532000019], [-2.90887614999991, 6.55142988400007], [-2.90881851499995, 6.5515678700001], [-2.90866922599992, 6.55164834300012], [-2.90854296199996, 6.55162540200007], [-2.90838212899996, 6.55156797900003], [-2.9080493649999, 6.5516598260001], [-2.90771620799995, 6.55163680900006], [-2.90744078199998, 6.55165989900019], [-2.90715355899994, 6.55162551500018], [-2.90696978299991, 6.55162569600009], [-2.9068665989999, 6.55172889700003], [-2.9068205879999, 6.55187837600005], [-2.90674026699992, 6.55206208500005], [-2.90659111099995, 6.55224571000008], [-2.90644177699994, 6.55231464299999], [-2.90623497899998, 6.55249866000003], [-2.90621203999984, 6.55262480400017], [-2.90628101099998, 6.55278555700005], [-2.90639574599993, 6.55296921400009], [-2.90645321999989, 6.55304967500007], [-2.90651069499995, 6.55313013700015], [-2.90654536399995, 6.55340588500007], [-2.90663706799984, 6.55361236000016], [-2.90685533099997, 6.55370418000012], [-2.90708500399995, 6.55381903100016], [-2.90715397699995, 6.55399132300016], [-2.90717697799994, 6.55424386700014], [-2.90717695299992, 6.5545998230001], [-2.90711966899988, 6.55488694100001], [-2.90705067699997, 6.55521991100005], [-2.90695882799997, 6.55556450700016], [-2.90686126599991, 6.55573682800008], [-2.90676370299991, 6.55590915000016], [-2.90636171599988, 6.55604706600019], [-2.90615512199992, 6.55605852900015], [-2.90598289299987, 6.55626531700005], [-2.90594863899997, 6.556540982], [-2.90584527899995, 6.55659803200012], [-2.90567286099997, 6.55647194000016], [-2.90544318999991, 6.55642597200011], [-2.90529390199993, 6.55657532800018], [-2.90511030499988, 6.55677062100011], [-2.90492644299997, 6.55681643800006], [-2.90484615099996, 6.55671324500014], [-2.90481165799997, 6.55648347600004], [-2.90478297499982, 6.55621941600003], [-2.90452463899993, 6.5562884200001], [-2.90415700199998, 6.5564033010001], [-2.90368635199997, 6.55659865000018], [-2.9033649889999, 6.55664447100014], [-2.90315804399995, 6.55649526200017], [-2.90304321599984, 6.55615076200007], [-2.90290540199987, 6.55584079000016], [-2.9026758089999, 6.55559953400012], [-2.90254857499997, 6.55555133000018], [-2.90234277399998, 6.55547336100005], [-2.90200961399995, 6.55545051500013], [-2.90169956799997, 6.55535852500014], [-2.90121745899995, 6.55537016700004], [-2.90049392999993, 6.55543903600017], [-2.90041922399996, 6.55560567400011], [-2.90049394099992, 6.55572628200014], [-2.90062033599992, 6.55578366600008], [-2.90078099999988, 6.55586399600014], [-2.90089603399991, 6.55604765300012], [-2.90096470499998, 6.55621977400011], [-2.90114870499985, 6.55634651200012], [-2.90128646799997, 6.55649546900008], [-2.90129792499994, 6.55661046100016], [-2.90121751099997, 6.55669084300007], [-2.90099933999994, 6.55677140299997], [-2.90076953899984, 6.55670252900018], [-2.90064322599994, 6.55658745400012], [-2.90053985999992, 6.55643836800004], [-2.9004249969999, 6.55630034600017], [-2.90031035399994, 6.55622018700001], [-2.9002069039999, 6.55618544700019], [-2.90009196699998, 6.55631194000006], [-2.90004629599986, 6.55647261200005], [-2.90006920599996, 6.55663354200004], [-2.90014958499995, 6.556759984], [-2.9003218279999, 6.55684009900017], [-2.90048270699998, 6.5569090620001], [-2.90052860299988, 6.55702392400002], [-2.90045960099997, 6.55720758900003], [-2.90037918699994, 6.55729933700013], [-2.90022993899993, 6.55739151800003], [-2.90014974499996, 6.55759812899998], [-2.90014975599996, 6.5578967400001], [-2.90012690499987, 6.55811484500015], [-2.90004649299988, 6.55820693700008], [-2.89977071799996, 6.55827565999999], [-2.89948380199996, 6.55853988300009], [-2.89912779799988, 6.55897640600011], [-2.89856511099987, 6.55945883000004], [-2.89825515999996, 6.55967698800015], [-2.89799096399997, 6.55968849200002], [-2.89792216599994, 6.55956235000008], [-2.89785327699997, 6.55934373200012], [-2.89780721099987, 6.55918340600016], [-2.8977155529999, 6.55905700700009], [-2.89752018399992, 6.55883869500013], [-2.8973824229999, 6.55875844900009], [-2.89724466399997, 6.55875845300011], [-2.89721014199995, 6.55888464200012], [-2.89726744499995, 6.55903390400005], [-2.89734799799987, 6.55920632600009], [-2.89739380899994, 6.55936699700015], [-2.89731343499994, 6.55938986000018], [-2.8971871679999, 6.55936691800008], [-2.89703791499988, 6.55932132900011], [-2.89679683099985, 6.55920651600013], [-2.89529831999994, 6.55961988900015], [-2.89522367499995, 6.55970033500006], [-2.89522376499997, 6.55986100700017], [-2.89528119999994, 6.56004488200006], [-2.89549934299987, 6.56032045600011], [-2.89563139999996, 6.56041226100012], [-2.89576345899997, 6.56050406700012], [-2.8959700179999, 6.56071062700016], [-2.89617683999995, 6.5609750480001], [-2.89630315899996, 6.56129625900007], [-2.89634914799984, 6.56165238799997], [-2.89645247599987, 6.56188206999997], [-2.89660190499995, 6.56190527000012], [-2.89670509599989, 6.56193949400011], [-2.89671672599997, 6.56210046700005], [-2.89660182999995, 6.56224969100009], [-2.89660192099996, 6.56242190000006], [-2.8965444559999, 6.56259432900004], [-2.89641823499994, 6.56266317300003], [-2.89629179599996, 6.56266296300004], [-2.89615424799996, 6.56257117800016], [-2.89602767799988, 6.56247935200003], [-2.89585538799992, 6.56237598900009], [-2.89572933499988, 6.56234133500004], [-2.89556850199989, 6.56236467400015], [-2.89541920799991, 6.56251402900011], [-2.89524705799994, 6.56274354700014], [-2.89518946299989, 6.56296178300005], [-2.89512058899987, 6.56317988899997], [-2.89499450299985, 6.563432482], [-2.89470731899996, 6.56354774300007], [-2.89458088499993, 6.56370820400008], [-2.89460396499993, 6.56383469200006], [-2.89471895599996, 6.56400663900018], [-2.89492564199992, 6.5640182570001], [-2.89502887499992, 6.56399530700014], [-2.89540788699992, 6.563891926], [-2.89558004499997, 6.56388059800014], [-2.89567196499996, 6.56407588100006], [-2.89562599299995, 6.56430526700018], [-2.89558011299988, 6.56462695699997], [-2.89551133099997, 6.56501744500014], [-2.89552300999998, 6.56540780200004], [-2.89564923899991, 6.56556851300007], [-2.89578695699987, 6.5655569700001], [-2.89595932799983, 6.56545385300018], [-2.89621198899994, 6.56538487400007], [-2.89631535199987, 6.56539628000013], [-2.89643507399995, 6.56578880600011], [-2.89654497199996, 6.56614912400011], [-2.89662530899994, 6.56641252400004], [-2.8967287189999, 6.56651003400009], [-2.89734900099995, 6.56675136300009], [-2.89787723799998, 6.56698081200017], [-2.89794599699997, 6.56716447200006], [-2.8979345969999, 6.56735997400006], [-2.89792321699997, 6.56755504400007], [-2.89803875899992, 6.56826718700012], [-2.89826230299997, 6.56964499200012], [-2.89819914999987, 6.56970240499999], [-2.89801536999994, 6.56977146900005], [-2.89793500099995, 6.56994363900009], [-2.89788911499988, 6.57011567799998], [-2.89783152099994, 6.57026537400014], [-2.89769371799997, 6.57032289900019], [-2.89749856999993, 6.57038012300012], [-2.89729193099987, 6.57044927400005], [-2.89723450399993, 6.57056383800011], [-2.89724591699996, 6.5706672930001], [-2.89737231599986, 6.57072467700004], [-2.8974987119999, 6.57070163900011], [-2.89776282499992, 6.57059834400013], [-2.89788900699989, 6.57059821100006], [-2.89800382599998, 6.57065563800012], [-2.89816462499994, 6.57077040900009], [-2.89819928799989, 6.57097693000003], [-2.89817618099994, 6.57119538000018], [-2.89812460999991, 6.57129296000005], [-2.89807303899994, 6.57139054000015], [-2.89801566099987, 6.57159741000004], [-2.89799268099995, 6.57184978400011], [-2.89796978899989, 6.57206823299998], [-2.89790069599997, 6.57216011200006], [-2.89779733099994, 6.57214879300011], [-2.89764806699992, 6.57202226800018], [-2.89756764199996, 6.57188446000015], [-2.89749866799991, 6.57171233900004], [-2.89740696399997, 6.57157440200007], [-2.89721181099998, 6.57148283700008], [-2.89682138399991, 6.57155147800012], [-2.89645372899997, 6.57152859000018], [-2.89617824899989, 6.57160902200013], [-2.89585679099997, 6.57170082200008], [-2.89545482799991, 6.57178156100008], [-2.89512170699987, 6.57199963400012], [-2.89502245999995, 6.57223448200017], [-2.89491616199996, 6.57248601600003], [-2.89485108299988, 6.57264000900005], [-2.89473623499987, 6.57291177300016], [-2.89446980199995, 6.57354222800018], [-2.89440134199998, 6.57370422600007], [-2.89392778699994, 6.57482478600008], [-2.89399667099997, 6.57489375400013], [-2.89413465199993, 6.57495109500013], [-2.89428378499991, 6.57504300700009], [-2.89435284699994, 6.57523820400019], [-2.89445600199997, 6.57534165600003], [-2.89466286699985, 6.57546779200015], [-2.8947547009999, 6.57557145900012], [-2.89480076999996, 6.57573178500007], [-2.89476637699988, 6.57581250900017], [-2.89468578599997, 6.57584691200009], [-2.89452511799993, 6.57583546600006], [-2.89437572599996, 6.57575492100005], [-2.89426090699988, 6.57569783700012], [-2.89411156099987, 6.57569754200017], [-2.89407720999998, 6.57578945900008], [-2.89416912899992, 6.57591585900019], [-2.89427250099988, 6.57606511800003], [-2.89431839799994, 6.57617998000012], [-2.89429541199991, 6.57629476000005], [-2.89418076899995, 6.57636373400004], [-2.89403133999991, 6.57640959100019], [-2.89392801899987, 6.57649006000003], [-2.89380166699993, 6.57659334700014], [-2.89366394599989, 6.57660489000011], [-2.89352605099992, 6.57657045400009], [-2.89336542699988, 6.57657054500004], [-2.89326210499996, 6.57663947600014], [-2.89326185299984, 6.57680014900018], [-2.89337688999996, 6.5769035560001], [-2.89354909899987, 6.57698401500011], [-2.89377869599997, 6.5770759670001], [-2.89393949699996, 6.57719056800005], [-2.89393963299995, 6.5773743150001], [-2.89388221199994, 6.57763853200004], [-2.89383628599995, 6.57787980000006], [-2.89393974399997, 6.57805179000007], [-2.89413481599996, 6.57820104700011], [-2.89423836299989, 6.57840782400007], [-2.89427277599998, 6.57876399700012], [-2.8943533019999, 6.57929203200007], [-2.8944337339999, 6.57957914700006], [-2.89438785099992, 6.57983178100005], [-2.89424996699995, 6.58008441900017], [-2.89422698399994, 6.58027962000006], [-2.89430749399992, 6.58035991000014], [-2.89447983199989, 6.58039456000012], [-2.89478975799994, 6.58031399700013], [-2.89496209499993, 6.58034847500016], [-2.89503106899986, 6.58044051800005], [-2.89501936399995, 6.5805554260001], [-2.8949160009999, 6.58069306900006], [-2.89481280999991, 6.58079644200018], [-2.89502468999996, 6.5809395120001], [-2.89517173899992, 6.58103880400017], [-2.89615645199996, 6.58170371800009], [-2.8961106509999, 6.58184131500019], [-2.89596139399993, 6.58193315200009], [-2.8958465309999, 6.58194461000016], [-2.8956856879999, 6.58188735700008], [-2.89551329999995, 6.58169203500012], [-2.89529536799995, 6.58162311600017], [-2.89516900999996, 6.58157727100001], [-2.89511164299995, 6.58187534500019], [-2.89493365399994, 6.58280016700013], [-2.89487054499989, 6.58294368500009], [-2.89475581799991, 6.58305881200016], [-2.89457198799988, 6.58311633800008], [-2.89417005599995, 6.58313921600006], [-2.89384832999997, 6.58316230500009], [-2.89367630099991, 6.58335738300008], [-2.89357289799989, 6.58355271700003], [-2.8933431829999, 6.58379399300014], [-2.89315952699997, 6.58389732600006], [-2.89284179399988, 6.58383294000004], [-2.89217275599998, 6.58369736400005], [-2.89174680299988, 6.58361104700009], [-2.89153941999996, 6.58356902200006], [-2.89130730399995, 6.58352198500017], [-2.89051832399986, 6.5839204130001], [-2.89091859299992, 6.58451408000013], [-2.8909600749999, 6.58466649000013], [-2.89100952799993, 6.58484818100015], [-2.89110400899989, 6.58519531100006], [-2.89102358699989, 6.58520663600001], [-2.89081689199998, 6.58519502000013], [-2.89061024299991, 6.58519528500005], [-2.89032317299996, 6.58527576100016], [-2.89024275799989, 6.58543673700018], [-2.89019682299988, 6.58552835500012], [-2.89015093799992, 6.58578098900006], [-2.89009356399987, 6.5862060500001], [-2.89005926799996, 6.58667683200002], [-2.89008235399984, 6.58695245300015], [-2.89019718199995, 6.5871591880001], [-2.89028901699987, 6.58728550100017], [-2.89048622199994, 6.58760266400003], [-2.89041263799982, 6.58777929600006], [-2.8901914999999, 6.58781989500017], [-2.89017097499988, 6.58793237800012], [-2.89013098899994, 6.58815149900005], [-2.89003649899996, 6.58866930900012], [-2.89004806399993, 6.58881280200018], [-2.89003649099993, 6.58903103600011], [-2.88999072799982, 6.58909975000012], [-2.88987564899998, 6.58912291700017], [-2.88973796599993, 6.58907711400019], [-2.88956558099989, 6.58903109700003], [-2.88946242499998, 6.58892798900018], [-2.88947391299996, 6.58875573500012], [-2.88954265899997, 6.58850284200008], [-2.88964593099996, 6.58820418200008], [-2.88970343899985, 6.58788279200013], [-2.88964600299988, 6.58777933700003], [-2.88951972899991, 6.58775639400017], [-2.88940105199987, 6.58781096900015], [-2.88904201999992, 6.58859199300008], [-2.88885378699996, 6.58885882400006], [-2.88864709099994, 6.58884720700007], [-2.88854372599997, 6.58898519400003], [-2.88845189999995, 6.58911177200002], [-2.88849766899989, 6.589260905], [-2.88865838599997, 6.58928389000005], [-2.88864693699992, 6.58938726000008], [-2.88855519399988, 6.58946751300005], [-2.88834854599992, 6.58961691200005], [-2.88815313999993, 6.58989267200013], [-2.88808430299997, 6.5900532600001], [-2.88810738399997, 6.59017957600008], [-2.88816486299993, 6.59029456799999], [-2.88831404699988, 6.59047826900019], [-2.88841746499992, 6.59063906699998], [-2.88850934599998, 6.59082264000017], [-2.88860118799994, 6.59113278900003], [-2.88868179199994, 6.59139700000009], [-2.88875067899988, 6.59146579600014], [-2.88885409299991, 6.59148882500017], [-2.8889573319999, 6.59146570300004], [-2.88912954199998, 6.59139685500003], [-2.88929051699995, 6.59140847300006], [-2.88942807299998, 6.59150025800011], [-2.88953161999984, 6.59162661300019], [-2.88956611099985, 6.59178732700013], [-2.8895431279999, 6.59198252800007], [-2.88941682299992, 6.59231554500019], [-2.88934803099994, 6.59248784400012], [-2.88935953099997, 6.59261420400009], [-2.88947431399987, 6.59272897800003], [-2.88956619199996, 6.5928321290001], [-2.88963517099995, 6.59300476699997], [-2.88974995599995, 6.59318825300005], [-2.89000255299982, 6.59331473300006], [-2.89012883099997, 6.59340655900019], [-2.89011764299994, 6.59357881200015], [-2.8900371819999, 6.59372790700013], [-2.88989928499996, 6.59376252699997], [-2.88978459799989, 6.59390021299998], [-2.88968128099998, 6.59418733500013], [-2.88964680099997, 6.59432523400011], [-2.88953176499996, 6.59435959600012], [-2.88945147099997, 6.59433682300005], [-2.88938245099985, 6.59422187600006], [-2.8893252709999, 6.59403834300008], [-2.8892791049999, 6.59370511800012], [-2.88916426999998, 6.59336061500011], [-2.88885410899991, 6.59316546900016], [-2.88865894699995, 6.59307373000013], [-2.88840622099997, 6.59291298100004], [-2.88814203799996, 6.59263723800007], [-2.88800439399995, 6.59252237700002], [-2.88782047099994, 6.59248811400016], [-2.88770196299987, 6.59257893200004], [-2.88760109299989, 6.59290417400013], [-2.88746448799998, 6.59315402200002], [-2.88721245599987, 6.59322122400005], [-2.88676700599996, 6.5932414720001], [-2.88634159099996, 6.59365147700004], [-2.88608180899996, 6.59368030500013], [-2.88596609699988, 6.59398698900009], [-2.8859546729999, 6.59442332500015], [-2.88583460599995, 6.59458157000017], [-2.88558438599989, 6.59468461400019], [-2.88537139699997, 6.59481536400017], [-2.8853170729999, 6.59492914700007], [-2.88513933999997, 6.59518715200016], [-2.88506477499993, 6.59532485800003], [-2.88493829699991, 6.59569249100014], [-2.88481219799996, 6.59586448900018], [-2.88468583799983, 6.59588769800007], [-2.88449050499992, 6.59589911400013], [-2.88434128099993, 6.59585318000006], [-2.88420341999995, 6.59569251100015], [-2.88399663099989, 6.59557756600014], [-2.88372104599995, 6.59549732300019], [-2.88352575599993, 6.59550873700005], [-2.88334209299984, 6.59562343500011], [-2.88325026699988, 6.59588778100016], [-2.88325014399987, 6.59608324100014], [-2.88343390099988, 6.59628971800009], [-2.88365239899991, 6.59635863900019], [-2.88382439999987, 6.59645046600008], [-2.88385888999994, 6.59661135400006], [-2.88385906599996, 6.59680629600001], [-2.88392791699988, 6.5970133780001], [-2.88408876699998, 6.59713951800006], [-2.88412308799997, 6.59740356000009], [-2.88398544999995, 6.59757577400012], [-2.88387054199995, 6.59757586500018], [-2.88375569599987, 6.59755287700006], [-2.88361810299995, 6.59753226300012], [-2.88352891599993, 6.59734491900008], [-2.88336444599992, 6.59672570700019], [-2.88306615399983, 6.59653723100007], [-2.88292743199997, 6.59652315800002], [-2.88277643099991, 6.59658422000012], [-2.88246943499985, 6.59693278000003], [-2.88228902199984, 6.59706391000003], [-2.88192738199996, 6.59715809300008], [-2.88164983899998, 6.59740046600018], [-2.8814934319999, 6.59772536300011], [-2.88125234799986, 6.5983798150001], [-2.88112607699998, 6.59858677300002], [-2.88101112499987, 6.59864420800005], [-2.88094232499998, 6.59859848800016], [-2.88089629699988, 6.59844900900015], [-2.88091915299998, 6.59821936500015], [-2.88087312499994, 6.59806988700007], [-2.88076996899991, 6.59811574000003], [-2.88055169099988, 6.59825381499996], [-2.88018431999996, 6.59844928300015], [-2.87997748799989, 6.59840322100007], [-2.87979381899987, 6.59828836000008], [-2.87956395499998, 6.598276828], [-2.87942631599992, 6.59838050100018], [-2.87938050799988, 6.59850656000003], [-2.87949158399994, 6.59875466500006], [-2.87953063899994, 6.59908846200005], [-2.87948485999988, 6.59925570700011], [-2.87918536699988, 6.59951714500005], [-2.87903813899987, 6.5998984580001], [-2.87897736699983, 6.60005585300007], [-2.87905277699986, 6.60036186800005], [-2.87921144299992, 6.60059331500008], [-2.87931501299988, 6.60098276000008], [-2.87920847799995, 6.60119388200013], [-2.87917395299985, 6.60138912700006], [-2.87923138999997, 6.60149258300009], [-2.87950490999998, 6.60150068000013], [-2.87983999999989, 6.60154970000008], [-2.88013862399993, 6.60160712600003], [-2.88026831999997, 6.60179685000014], [-2.88031097699997, 6.60192885600003], [-2.88020747499991, 6.60196300000018], [-2.8800991249999, 6.60196326100015], [-2.87985154699993, 6.60190579100015], [-2.87956397499994, 6.60186731700003], [-2.87968417799988, 6.60261345800018], [-2.87972376599993, 6.60285919400008], [-2.87978294999988, 6.60322656700004], [-2.87975987999994, 6.60353663500013], [-2.87956481799995, 6.60420262400004], [-2.87923189699995, 6.60491477000016], [-2.87880683999992, 6.60567272600002], [-2.87869197399993, 6.60579327700015], [-2.87863454099988, 6.60585355300014], [-2.87857710699996, 6.60591382800004], [-2.87841638699996, 6.60597126400017], [-2.87816383099994, 6.60600579800001], [-2.87792272699988, 6.60600584600002], [-2.87776200399998, 6.60590260800018], [-2.87776182499988, 6.60563826300006], [-2.87784220499998, 6.60547763200003], [-2.87788813999992, 6.60530524700005], [-2.87781924799992, 6.60508697000006], [-2.87777330699993, 6.60496074000008], [-2.87762390599994, 6.60480011200008], [-2.87750916499994, 6.6047655860001], [-2.87741711599995, 6.60483447300004], [-2.8773712009999, 6.60493788700006], [-2.87732528599992, 6.60504130100009], [-2.87722195899988, 6.6052593660001], [-2.87706111099993, 6.60535141700018], [-2.87690039099994, 6.60539748600013], [-2.87662479899996, 6.60538578100017], [-2.87644108699993, 6.60540886000018], [-2.87616558399998, 6.60550082599997], [-2.87594725799994, 6.60561565299997], [-2.8757921969999, 6.60559849800006], [-2.87562921499983, 6.60557002000002], [-2.87530302299984, 6.60546891700011], [-2.87508995899998, 6.60545394100012], [-2.87487657799988, 6.60548259000007], [-2.8746263839999, 6.60559491300006], [-2.87458058399994, 6.60577647700018], [-2.87453486299995, 6.60592578500007], [-2.87455764099997, 6.60605210300002], [-2.87463811099997, 6.60612102900006], [-2.87476451799995, 6.60610953200006], [-2.87493677599991, 6.60597163100016], [-2.87508608999991, 6.60596039199999], [-2.87512527299998, 6.60608818899999], [-2.87512049399993, 6.6062473400001], [-2.87502107799997, 6.60642569400011], [-2.87493639399997, 6.60657761900018], [-2.87470584499988, 6.60697760400012], [-2.8747071009999, 6.60724651999999], [-2.87479898299995, 6.60743026900019], [-2.87490252899994, 6.60748757000005], [-2.87504034799997, 6.60756799000012], [-2.87514372499987, 6.60772879100006], [-2.87515505199985, 6.60788959500019], [-2.87505172099992, 6.60795835200014], [-2.8749024089999, 6.60796993600019], [-2.87469566099986, 6.60801600600007], [-2.87450049499995, 6.60807339900015], [-2.87424785599995, 6.60837193200007], [-2.87411582999994, 6.60850976800009], [-2.87398380599996, 6.60864760400011], [-2.87392620199995, 6.60886584100012], [-2.87397222999994, 6.60901532100007], [-2.8740756499999, 6.6092562], [-2.8741102269999, 6.60943999200015], [-2.87413308999993, 6.60957784900006], [-2.87421351899991, 6.60971566000001], [-2.87443167799995, 6.60977287300005], [-2.87442018499996, 6.6099451290001], [-2.87409869599992, 6.60995684400007], [-2.87394929599992, 6.60994535200001], [-2.87381173599982, 6.61000252800017], [-2.87378990599996, 6.61023897000018], [-2.87396766399991, 6.61060957300003], [-2.87403731699993, 6.61095113100004], [-2.87402555299991, 6.61104181100006], [-2.87397438299996, 6.61114356800005], [-2.87386765799994, 6.61116685800005], [-2.87367269799995, 6.61115831000001], [-2.87335884999993, 6.61126298400018], [-2.87326502099995, 6.61135476300001], [-2.87319205699987, 6.61169846500002], [-2.87350181599993, 6.61193229700001], [-2.87370839299996, 6.61197801700007], [-2.8738233929999, 6.61193212000012], [-2.87391522599995, 6.611805543], [-2.87400701899998, 6.61173700100005], [-2.87420231499988, 6.61172524400001], [-2.87437119799984, 6.6117775620001], [-2.87453530499982, 6.61189758000006], [-2.87473069499993, 6.61219632000012], [-2.87492599699982, 6.61255206300012], [-2.87515561799989, 6.61293127000016], [-2.87522451299992, 6.61329851000016], [-2.87523609999988, 6.61359708200018], [-2.87531635899995, 6.61376933500014], [-2.87543140499997, 6.61387274600008], [-2.87561512399998, 6.61399914600008], [-2.87569551099989, 6.61420566900017], [-2.87575290899991, 6.61444689399997], [-2.87583329699993, 6.61464187900003], [-2.87594825599996, 6.61473375100019], [-2.87607462599993, 6.61484882800005], [-2.87612061399989, 6.61505548100018], [-2.87612049299997, 6.61538871100004], [-2.87620109699998, 6.61557250200002], [-2.87636186599997, 6.61567573900015], [-2.87657989799987, 6.61569851000019], [-2.87684425799989, 6.61572162200014], [-2.8770395169999, 6.61584780500016], [-2.87728067499995, 6.61607748700015], [-2.87754482599996, 6.61634169600006], [-2.87769427699988, 6.61658274400014], [-2.87780910799989, 6.61667461600013], [-2.87801506499989, 6.61682744600012], [-2.87885100199986, 6.61708754800014], [-2.87935508999993, 6.61711572900009], [-2.87968571599993, 6.61702422000008], [-2.87987422199996, 6.61714385400001], [-2.87987637999987, 6.61723717000012], [-2.87986045799988, 6.61748238200016], [-2.87980805399991, 6.61762250000004], [-2.87973849299993, 6.61786867400014], [-2.87965824499986, 6.61806409200011], [-2.87966979099991, 6.61828224100014], [-2.87972718599997, 6.61837398500012], [-2.87984205999987, 6.61844278000001], [-2.88001419499989, 6.61842008600013], [-2.8801291069999, 6.61833940100007], [-2.88024397399994, 6.6181901760001], [-2.88031290299995, 6.61812137500016], [-2.88049657099992, 6.61794898500011], [-2.88058836499988, 6.61796052099999], [-2.88068028899994, 6.61799478800009], [-2.88076084899996, 6.61809815400011], [-2.88085252099989, 6.61829344000012], [-2.88096766099994, 6.61856905900009], [-2.88100202699991, 6.61877592600007], [-2.88088711299991, 6.61884472900016], [-2.88072638999995, 6.61889080100008], [-2.88047356899989, 6.61893653300012], [-2.88025549499997, 6.61897111000002], [-2.88018669599995, 6.61907435400008], [-2.88017507899997, 6.61928139600013], [-2.88023256099996, 6.61939604300011], [-2.88035888999991, 6.61949940800008], [-2.88049683999998, 6.619545211], [-2.88068047399997, 6.61957982000013], [-2.88079534299987, 6.61949948000006], [-2.88082982499998, 6.61936158000003], [-2.88088716599992, 6.61914299900013], [-2.88103643699992, 6.61905133400012], [-2.88122032499996, 6.6190053470001], [-2.88135814599991, 6.61901705300005], [-2.88136960099996, 6.61913152900007], [-2.88135819699983, 6.61924661000012], [-2.8813581149999, 6.61937266900014], [-2.88132367799989, 6.61959116399998], [-2.88136966999997, 6.61980935300005], [-2.88150749799991, 6.6200389060001], [-2.88164541299994, 6.62022282100014], [-2.88177165899992, 6.62045241800001], [-2.88178320599991, 6.62065902700016], [-2.88162239599984, 6.62072791800011], [-2.88149593799994, 6.62062446800007], [-2.88141550499995, 6.62048683100011], [-2.88126635799995, 6.6203950900001], [-2.88115139899986, 6.62038329799998], [-2.88101371399983, 6.62054432000002], [-2.88050834099994, 6.62091183700011], [-2.88017531499992, 6.62116469900008], [-2.88006045299994, 6.62146323100012], [-2.88000323899996, 6.62163565900016], [-2.87996875499988, 6.62177321400009], [-2.87986546399986, 6.62178462600014], [-2.87971601799995, 6.62176177100008], [-2.87955541999997, 6.62177322700018], [-2.87948640899992, 6.6219572390001], [-2.87946350999982, 6.62217517200014], [-2.8794633899999, 6.62242797900018], [-2.87949792799992, 6.62266894400011], [-2.8796128059999, 6.62280679600013], [-2.87978524599987, 6.62286417900003], [-2.88003780999998, 6.62284118000014], [-2.88015272899992, 6.62291031800004], [-2.88017550899991, 6.62303629100006], [-2.88015269699991, 6.62319739500003], [-2.88006068899995, 6.6232776490001], [-2.87987705999996, 6.62339269200015], [-2.87979659399991, 6.62354178800001], [-2.87977360499997, 6.62365639500018], [-2.87967027399998, 6.62372549900005], [-2.87936013899997, 6.62362214000012], [-2.87914630999995, 6.62357013000008], [-2.87889807999994, 6.62357106900004], [-2.87880071999996, 6.6236842620001], [-2.87853036799987, 6.62375409000003], [-2.87822932399985, 6.62376163900018], [-2.87815447199995, 6.62385970400004], [-2.8781709669999, 6.62424324900007], [-2.87842213699997, 6.62442983800014], [-2.87855635999989, 6.62452954800006], [-2.87868268899996, 6.62459855800006], [-2.87879765099996, 6.62469042800006], [-2.87882056199993, 6.6248510150001], [-2.87877471399992, 6.62503493900005], [-2.87868287899988, 6.62516117200011], [-2.87861395099998, 6.62529885800012], [-2.87872878599995, 6.62542517100019], [-2.87878627599991, 6.62568947000011], [-2.87876346799987, 6.62606842200017], [-2.87862553899993, 6.62668873300009], [-2.87844205399995, 6.62727443000017], [-2.87832702099985, 6.62768748400003], [-2.87832711899995, 6.62799780900002], [-2.87841119899997, 6.62809344700014], [-2.87853918999997, 6.62812305], [-2.87892963099995, 6.62793352900007], [-2.87908350399982, 6.62800255800016], [-2.87941860199993, 6.62843921000007], [-2.87947342099994, 6.62851064100005], [-2.87990663199997, 6.62926848800009], [-2.87998320899993, 6.62962134999998], [-2.88002704799993, 6.62982335800018], [-2.87994683699992, 6.62988100900009], [-2.87976307299994, 6.62989255400004], [-2.87953323799991, 6.62989256400004], [-2.87929216499992, 6.62990398100004], [-2.87913130999993, 6.62999603499998], [-2.87903960299991, 6.63007628800017], [-2.87907396599991, 6.63020256100003], [-2.8796480879999, 6.63038637500017], [-2.87980890899996, 6.63050132000018], [-2.87984353099989, 6.63061605400003], [-2.87983212499995, 6.630742328], [-2.87979764599993, 6.63094911300016], [-2.87977470999988, 6.63129362200016], [-2.8798207509999, 6.63166094600018], [-2.87990102199996, 6.63197113899997], [-2.87992402799989, 6.63230428100019], [-2.87990104199997, 6.63248777300009], [-2.87978621999997, 6.63272913200012], [-2.87979780799986, 6.63287839600002], [-2.87988986699992, 6.63295881400012], [-2.88001615499996, 6.63305064000008], [-2.88019997099991, 6.63319976700006], [-2.88045246199994, 6.63337205599998], [-2.87946491299994, 6.63440579400009], [-2.88010814499995, 6.63456644000007], [-2.88016558599992, 6.63466955000007], [-2.88015401699994, 6.63496838000009], [-2.88014265499987, 6.63509465300018], [-2.88001637799994, 6.63528990400005], [-2.87989005899993, 6.63551959500012], [-2.88000489499996, 6.63561146500012], [-2.88013131199983, 6.63565748400009], [-2.88025751799995, 6.63580665600017], [-2.88048736899998, 6.63610526000002], [-2.88069417499997, 6.6362084910001], [-2.8809812319999, 6.63611664700016], [-2.88107320799998, 6.63624304600006], [-2.88098128999991, 6.63642697200015], [-2.88091046999989, 6.63652331000014], [-2.88091112599994, 6.63669630600009], [-2.88120861299996, 6.63724374300017], [-2.88128231599995, 6.63737937100018], [-2.8814792959999, 6.63786998400019], [-2.88125590999988, 6.63834976600009], [-2.8812263339999, 6.63848526900006], [-2.88171711299992, 6.63896479400017], [-2.88187562399992, 6.63910710400006], [-2.88247679099993, 6.63933769200014], [-2.88242621099982, 6.63948861800003], [-2.88236450299996, 6.63954581900003], [-2.88222471899985, 6.63967861100002], [-2.88216589099994, 6.63987321200005], [-2.8826257369999, 6.64052615200006], [-2.88247645099989, 6.64090697100005], [-2.88247504599997, 6.64134188900016], [-2.88255549099995, 6.64161729400007], [-2.88258264299998, 6.64185494400004], [-2.88254495199988, 6.64207171100014], [-2.88225689199993, 6.64252477500014], [-2.88227315199993, 6.64276112700014], [-2.88231739599996, 6.64300165200007], [-2.88228042699984, 6.64325961200007], [-2.88214568999996, 6.64342592500009], [-2.88177478599994, 6.64356968900006], [-2.88149900799993, 6.64366166500002], [-2.88133836799994, 6.64381089300014], [-2.88131542399992, 6.64393703799999], [-2.88138432499994, 6.64408677300003], [-2.88146471599993, 6.64414398600007], [-2.88159100399997, 6.64415538900005], [-2.88187824599987, 6.64399497900007], [-2.88196971799988, 6.64399463100006], [-2.88204471799997, 6.64404629100005], [-2.88210969999994, 6.64409037600007], [-2.88211495299993, 6.64420588900015], [-2.88199056699995, 6.64441335800018], [-2.88191401399996, 6.64453880900015], [-2.88185221399993, 6.64474604100008], [-2.88195939199994, 6.64507779100018], [-2.88187459999983, 6.64556912800003], [-2.88190593999985, 6.64566604000009], [-2.88194767499994, 6.64579510200008], [-2.88229968099984, 6.64591580700005], [-2.88212701499992, 6.64611213500012], [-2.88205084599991, 6.64638325800007], [-2.88193596699995, 6.64639471600015], [-2.88180954799998, 6.64633733400018], [-2.88162585699996, 6.64622265000014], [-2.88153388699988, 6.64624556000007], [-2.88156834099988, 6.64639473600016], [-2.88157976099995, 6.64656724800005], [-2.88146510499996, 6.64670493500012], [-2.88136172199995, 6.64669344599997], [-2.88125816499996, 6.64663597700013], [-2.88102857299998, 6.646486681], [-2.8808793799999, 6.6465211740001], [-2.88084481099997, 6.64663616900015], [-2.88084468599988, 6.64675069100002], [-2.88090226399993, 6.64688892900011], [-2.88099415799991, 6.64707250200007], [-2.88105168899995, 6.64719885800008], [-2.8809941799999, 6.64750905700004], [-2.8808793209999, 6.64788784100011], [-2.88074176299989, 6.64816321300003], [-2.88067279699987, 6.64835893500003], [-2.88074173999996, 6.64851951800011], [-2.88078760499997, 6.64870309300011], [-2.88074184199996, 6.64884103600002], [-2.88064997099991, 6.64910521200005], [-2.88051224299988, 6.64940383400005], [-2.88033985499993, 6.64972549000004], [-2.88015623099994, 6.65007009400011], [-2.87993790299993, 6.65048336900014], [-2.87971991699987, 6.65083929600019], [-2.87959350499983, 6.65097151800012], [-2.87946709399995, 6.65110374000005], [-2.87921460999991, 6.65129895400003], [-2.8790307139999, 6.65142519400018], [-2.87898499399995, 6.65157450300018], [-2.8789160209999, 6.65170099600005], [-2.87877810399993, 6.65166656000008], [-2.87855983699984, 6.65158610500009], [-2.87836478299994, 6.65159752400001], [-2.87811190699989, 6.65170094900014], [-2.87795109299992, 6.65187325400012], [-2.87750048799995, 6.65303033200013], [-2.87671075099996, 6.65275779000012], [-2.87424786499992, 6.65413000700005], [-2.87411520099988, 6.65415910100018], [-2.87392018999998, 6.65418205600002], [-2.87370187599987, 6.65402117600019], [-2.87334586299988, 6.65388372300009], [-2.8729896829999, 6.65391813600019], [-2.87281727999994, 6.65402159900015], [-2.87264530899995, 6.65415915900013], [-2.87254171099988, 6.65417074600015], [-2.87246144799991, 6.65414762900008], [-2.87235810199996, 6.65399853899999], [-2.87238095999993, 6.65384897300009], [-2.87250733099989, 6.65367697200014], [-2.87251298799993, 6.65353332500007], [-2.87236945099994, 6.6535045920001], [-2.87227756499988, 6.65355040500003], [-2.87218580699994, 6.65355058000017], [-2.87218571499994, 6.65337836800012], [-2.87202475199985, 6.65308001800014], [-2.87190986699994, 6.65294216600012], [-2.87193294299988, 6.65285029000012], [-2.87207077099993, 6.65279276600018], [-2.87226591199982, 6.65280408200005], [-2.87248994299995, 6.65275802800011], [-2.8724840399999, 6.6526203680001], [-2.8724150999999, 6.65254003300015], [-2.87234620399988, 6.65245969900008], [-2.87233487299994, 6.65231026200001], [-2.87233476099993, 6.65217257900008], [-2.87223143999989, 6.65206938500006], [-2.87211083299997, 6.65208637300009], [-2.87203630499982, 6.65227591600001], [-2.87196741299988, 6.65234471700012], [-2.87187531199993, 6.65233335500005], [-2.87170324599987, 6.65222999000014], [-2.87158814999998, 6.65218427300016], [-2.87139292199987, 6.65222978700001], [-2.87124359799998, 6.65231025800006], [-2.87114043399993, 6.65242516900003], [-2.87117484699996, 6.65263221000004], [-2.87124374199988, 6.65271237300016], [-2.87130127399985, 6.6528389020001], [-2.87123233799991, 6.65289616500013], [-2.87104843399987, 6.65287309600006], [-2.87096795599996, 6.65280434300013], [-2.87092217799994, 6.65264349899996], [-2.87089913599988, 6.65245983500006], [-2.87095652499994, 6.65225296300002], [-2.87096788899987, 6.6521266900001], [-2.87093364999987, 6.65188555000009], [-2.87086466599987, 6.65179367700017], [-2.87080709299988, 6.65165595300016], [-2.87087593599989, 6.65142613400008], [-2.87099098199991, 6.65124246500005], [-2.87101384299996, 6.65116212800007], [-2.87100221299988, 6.65100132600008], [-2.87091049599991, 6.65094380900001], [-2.87077257799996, 6.65090937200011], [-2.87063470699985, 6.6509553570001], [-2.87050842299988, 6.65116214500017], [-2.87045106999994, 6.65121936300011], [-2.87032465499993, 6.65131145800018], [-2.87008365799988, 6.65134595000018], [-2.86973893399988, 6.65142629900015], [-2.86950926099991, 6.65147228700005], [-2.86931398899998, 6.65142618200008], [-2.86915322899995, 6.6513976], [-2.86899246999997, 6.65136901700004], [-2.86863641999997, 6.65136898400016], [-2.86830327299992, 6.65123143900001], [-2.86814231299996, 6.65100162700003], [-2.86795870799995, 6.65084095700007], [-2.86777488899992, 6.65076053900015], [-2.86767154599988, 6.65069152800004], [-2.86763692399995, 6.65056525400007], [-2.86760251399994, 6.65028984400004], [-2.86751053799998, 6.65016344300011], [-2.86726953899995, 6.65011751100008], [-2.86706272799989, 6.65008298700002], [-2.86690177099996, 6.64993359800019], [-2.86675253099997, 6.64988800800018], [-2.86655734599998, 6.64987634500017], [-2.86643105599995, 6.64985340100003], [-2.86637339799995, 6.64976148400018], [-2.86640784199989, 6.64961239100018], [-2.86674106399994, 6.64933662700008], [-2.86683281699987, 6.64918714400011], [-2.86686730199989, 6.64898036000005], [-2.86684439199996, 6.64881994400008], [-2.86686737999997, 6.64855585500015], [-2.86687869899993, 6.6483491570001], [-2.86685574599989, 6.64825711000003], [-2.86679843199994, 6.64810784600013], [-2.86679838699996, 6.64802725100014], [-2.86687881799986, 6.64793550300016], [-2.86714848899987, 6.64779774900012], [-2.8672345999999, 6.64764811600008], [-2.86725780699993, 6.64752196900008], [-2.86740695599997, 6.64731526800011], [-2.86751042299989, 6.64728060800007], [-2.86760209599993, 6.64732693100007], [-2.86767120699994, 6.64746461300012], [-2.86775164399995, 6.64760242400007], [-2.86791233799994, 6.64768275700004], [-2.86801571999996, 6.64765386500017], [-2.8680270829999, 6.64748755100004], [-2.86801579599995, 6.64726905700007], [-2.86826832999998, 6.64715444400014], [-2.86847518099995, 6.64713161999998], [-2.86860147299984, 6.64722344900008], [-2.86869335899996, 6.64725771700006], [-2.86877366299996, 6.64728066200007], [-2.86879678399993, 6.64720032399998], [-2.86883109599984, 6.64702798300004], [-2.86900345799995, 6.64698221200007], [-2.86919859499994, 6.64695908800013], [-2.86930197499987, 6.64685571400008], [-2.86931912999989, 6.64672941800012], [-2.86933628599996, 6.64660312200016], [-2.8693248269999, 6.64641941500014], [-2.86929614599995, 6.64626418799998], [-2.86914126599993, 6.64625857300018], [-2.86903784299989, 6.6463159650001], [-2.86888285599986, 6.64635047600001], [-2.86881944999993, 6.64626994700001], [-2.86885389299994, 6.64613204700015], [-2.86891128399998, 6.64592552100015], [-2.86891149799993, 6.64583373099998], [-2.86891140899991, 6.64574177000014], [-2.86878498899995, 6.64568438400016], [-2.86863574899991, 6.64564998800017], [-2.86858971799995, 6.64553512300017], [-2.86879643499998, 6.64536282], [-2.86889977199991, 6.64528252400015], [-2.86899165599988, 6.64520786700007], [-2.86893416999993, 6.64505283500006], [-2.86870462399992, 6.64498361099999], [-2.86860124099991, 6.64490340500009], [-2.86856666299997, 6.64478849800014], [-2.86855511899989, 6.64465077100016], [-2.8686701229999, 6.64445556600009], [-2.86888820999985, 6.64440962300012], [-2.8690949299999, 6.64435235700017], [-2.86924416699998, 6.64431752300015], [-2.86945105199987, 6.64400762100007], [-2.86961182499994, 6.64382378100015], [-2.86983003999995, 6.64374339500006], [-2.86997923199988, 6.64361711700008], [-2.87005970099995, 6.64339896500019], [-2.87011704899993, 6.64319226600003], [-2.87045013999995, 6.64303153900016], [-2.87079467799992, 6.64268684700005], [-2.87097844199997, 6.64245728400016], [-2.87119657199997, 6.64249159100007], [-2.87135739099995, 6.64238834500003], [-2.87140319899993, 6.64226194000014], [-2.87139182699997, 6.64210096600016], [-2.87140327599985, 6.64191751600009], [-2.87148370399984, 6.64183696100008], [-2.87157558699988, 6.64172209300017], [-2.87142621599997, 6.64157300500005], [-2.87131128799996, 6.64134301900003], [-2.87124247499997, 6.64107910600018], [-2.87119635499994, 6.64090672300017], [-2.87097818199993, 6.64084951200016], [-2.87087466799989, 6.64073469300018], [-2.87081726699995, 6.64056218100012], [-2.87081743499994, 6.64038996800014], [-2.87080580399987, 6.64016045300008], [-2.87075994299983, 6.63997653100012], [-2.87043817099993, 6.63986167500008], [-2.87002473099983, 6.63975852900006], [-2.86987531799997, 6.63959773100004], [-2.86981800399997, 6.63945983300005], [-2.86981791299996, 6.63920719700008], [-2.86981808099995, 6.63903498400015], [-2.86977196499987, 6.63894319700006], [-2.86957682799988, 6.63893170600011], [-2.86942745799996, 6.63878244500012], [-2.86941604599991, 6.63867916100008], [-2.86945039799991, 6.63835751100009], [-2.86941603499992, 6.63823106400002], [-2.86928957499993, 6.6381736780001], [-2.86909431099986, 6.63827688000009], [-2.86892208299997, 6.63827735800015], [-2.86853146699991, 6.63831155000014], [-2.86829034399994, 6.63823117500016], [-2.86807781099992, 6.63817953800003], [-2.86786527999993, 6.63812790000003], [-2.86736008999998, 6.63825431300012], [-2.86685459499989, 6.63821988000018], [-2.86625752099997, 6.63839227300014], [-2.86597032999993, 6.63853009200011], [-2.86583245999998, 6.63857607500006], [-2.86564877699988, 6.638530269], [-2.8654763749999, 6.63856449900004], [-2.86500571899995, 6.63893222300004], [-2.86479904699991, 6.63915033299998], [-2.86466683799989, 6.63916753400008], [-2.86453462999998, 6.63918473700016], [-2.86436248699994, 6.63920794400008], [-2.8642590209999, 6.63932268200011], [-2.86423607299997, 6.63951788600014], [-2.86422475399991, 6.63980500700018], [-2.86420167599994, 6.63989688300012], [-2.8640754299999, 6.63996555400001], [-2.86391452499993, 6.63989710200008], [-2.86366194599998, 6.63971309600009], [-2.86344355699993, 6.63959853400002], [-2.86329440399993, 6.63958686800015], [-2.86313354099997, 6.63959832200004], [-2.86309901099992, 6.63972468400016], [-2.86312200499998, 6.63982809800001], [-2.86314508699991, 6.64003501100018], [-2.86316803699998, 6.64012671400002], [-2.86311068599991, 6.64026469900017], [-2.86292121199995, 6.64036805100005], [-2.86273173799992, 6.64047140200012], [-2.86205414099982, 6.64085023400003], [-2.86177835899991, 6.64116039300006], [-2.86139954099991, 6.64161990300005], [-2.86075647299998, 6.64187237200008], [-2.86048077499993, 6.64190716100018], [-2.86034856499992, 6.64185539100015], [-2.86021635499998, 6.64180362000008], [-2.85994069799983, 6.64170029400003], [-2.85978004999993, 6.64170038000003], [-2.85950447899995, 6.64184951800013], [-2.85935498199996, 6.6418151200001], [-2.8591368079999, 6.6417579030001], [-2.85897611599995, 6.64175781600017], [-2.85878093399998, 6.64195280600012], [-2.85865460299982, 6.64213685900017], [-2.85844779599995, 6.64218275500008], [-2.85779314299987, 6.64228612700009], [-2.85750611899994, 6.64230924600014], [-2.85732221899997, 6.642366767], [-2.85706942499985, 6.64226352500003], [-2.85686274699998, 6.64211412900011], [-2.85670213999992, 6.64205652300012], [-2.85641481399995, 6.64207964300005], [-2.85619661799984, 6.64209690700005], [-2.85597863499993, 6.64211654400003], [-2.85566987299995, 6.64214435800017], [-2.85540900199993, 6.64216785800016], [-2.85525995399996, 6.64218128600004], [-2.85520880199982, 6.64249316899998], [-2.85515149099996, 6.64271157800005], [-2.85504810699985, 6.64278033400007], [-2.85492181899997, 6.64275738600008], [-2.85484147199998, 6.64264247599999], [-2.85470481499993, 6.64223129300018], [-2.85447068699995, 6.64225238400007], [-2.85431293899995, 6.64205703300013], [-2.85415515099993, 6.64199644400003], [-2.85332531299986, 6.64235555900018], [-2.85290045799997, 6.64237850200004], [-2.85270510299995, 6.64245896700004], [-2.85259022199995, 6.64261972900016], [-2.85239499399995, 6.64287223500008], [-2.8521537389999, 6.64298731500003], [-2.85192402199982, 6.64302141100018], [-2.85170601999988, 6.64301017200006], [-2.85153942799997, 6.64296998000009], [-2.85137283599994, 6.64292978800017], [-2.85087896199997, 6.64263129200015], [-2.85068360799994, 6.64248185100013], [-2.85054582499993, 6.64241330700014], [-2.85049988199995, 6.64228673000008], [-2.85056865099995, 6.64203435100006], [-2.85063763099987, 6.64190786100005], [-2.85064921599997, 6.6416896230001], [-2.85051134699989, 6.64151740700009], [-2.85043083099993, 6.64128762900009], [-2.85023564999983, 6.64119570700012], [-2.84970732799991, 6.64117288000011], [-2.84952338499994, 6.64113860800012], [-2.84935115399992, 6.64098908000017], [-2.84922482699994, 6.64073656900013], [-2.84885728499989, 6.64061015699997], [-2.84865633399988, 6.64059299600007], [-2.84845538199988, 6.64057583500016], [-2.84840926799995, 6.64048387200012], [-2.84830597699994, 6.64027742900015], [-2.84805335899983, 6.64007050800018], [-2.84794993599996, 6.63989816300005], [-2.84799579699995, 6.63971441100011], [-2.8480991859999, 6.63935840300013], [-2.84811060099997, 6.63916324100018], [-2.84806474699997, 6.63899085400004], [-2.84783486599997, 6.63874992200016], [-2.84762836299984, 6.63864650200014], [-2.84744437599988, 6.63868111400018], [-2.84719187999997, 6.63887631300008], [-2.84701943099998, 6.63896805700017], [-2.84681279599994, 6.63897967600019], [-2.84668650899988, 6.63888784000005], [-2.84669809299987, 6.63873831400008], [-2.84669801199993, 6.63856610000005], [-2.84657150899989, 6.63856639900018], [-2.84627294299997, 6.63861211500006], [-2.84607784999997, 6.63853190099996], [-2.84610076199994, 6.63832515800004], [-2.84616969999996, 6.63818713000012], [-2.84613525799995, 6.63803777500016], [-2.84605469799993, 6.63801499900001], [-2.84581344199995, 6.63806084599997], [-2.84558394499987, 6.6379919530001], [-2.84538850099995, 6.63819882200005], [-2.84517032099996, 6.63837098699997], [-2.84502103799991, 6.63839393000001], [-2.8447683789999, 6.63825623800017], [-2.84472252599994, 6.63815308000017], [-2.84476843199991, 6.63790027000005], [-2.84481429199997, 6.63777386600003], [-2.84480271399997, 6.63762459900005], [-2.84469950499988, 6.63752096600007], [-2.84450423899989, 6.63747519400005], [-2.84430879999996, 6.63745215600011], [-2.84421713199993, 6.63740634300012], [-2.84415952299997, 6.63732596000011], [-2.84418256399994, 6.63715366000008], [-2.84427441499997, 6.63687811900013], [-2.84428574499992, 6.63667142000014], [-2.84417683399988, 6.63649900700017], [-2.84403313099989, 6.63646466800009], [-2.84366558699998, 6.63655662000008], [-2.84328662799987, 6.636763309], [-2.84311425899989, 6.63702743900001], [-2.84301100299996, 6.63711926800005], [-2.84287330099994, 6.63722276500005], [-2.84270102699992, 6.63721135000003], [-2.84244819499997, 6.63709656100008], [-2.84224151699982, 6.63709646800015], [-2.84201188399993, 6.63722269400012], [-2.84165570899995, 6.63725742700007], [-2.84132265699998, 6.6372171590001], [-2.84098960499989, 6.63717689300012], [-2.84042684099995, 6.63708495300017], [-2.84013982099992, 6.63697011799997], [-2.83997896199992, 6.63684396400004], [-2.83984097199988, 6.63656841500006], [-2.83945066099983, 6.63631567300013], [-2.83881888299987, 6.63605142800003], [-2.83871533399991, 6.63591369500006], [-2.83858897099992, 6.63564964100004], [-2.83843986499994, 6.63556925299997], [-2.83818703299988, 6.63546599900013], [-2.83808365499988, 6.63537407500019], [-2.83808366499994, 6.63515587900008], [-2.83800319599987, 6.63500652100015], [-2.83785400499988, 6.63490322900014], [-2.8377963989999, 6.63475378600009], [-2.83783093999995, 6.63455853900001], [-2.83788838799995, 6.63436355100004], [-2.83784236599996, 6.63421406600003], [-2.83687187799995, 6.63415958100006], [-2.83590139099988, 6.63410509400006], [-2.83572909199984, 6.63415679400009], [-2.83562571499988, 6.63407658000006], [-2.83555674099995, 6.63398452800004], [-2.83542476699995, 6.63399018200016], [-2.83538463299993, 6.63408780500015], [-2.83546496699984, 6.63435203000006], [-2.83557978999994, 6.63462783900007], [-2.83556828799993, 6.63471950100001], [-2.83546507799991, 6.63475415300007], [-2.83531579699991, 6.63469649700005], [-2.83516634599988, 6.63467362800003], [-2.8350515059999, 6.63476550000019], [-2.83490225299988, 6.63501800400013], [-2.83483318499998, 6.63512158800017], [-2.83469539899994, 6.63512158200018], [-2.83456919599996, 6.63512136000014], [-2.83450030699993, 6.63505255600012], [-2.83453484499995, 6.63492619500005], [-2.83460374499981, 6.63477680100016], [-2.83458075799996, 6.63467355600005], [-2.83445442799996, 6.63463906300012], [-2.83406371699988, 6.63473126700012], [-2.83355842299983, 6.63490328400002], [-2.83331725199986, 6.63497237300015], [-2.83311057399987, 6.63497227600004], [-2.83274291499993, 6.63473115500011], [-2.83257069099989, 6.63458179100019], [-2.83247881199992, 6.63447862900017], [-2.83245578599997, 6.63428324899996], [-2.83253628099988, 6.63392732600011], [-2.83251325099997, 6.63380083200013], [-2.83235235099994, 6.63366296499998], [-2.8322949649999, 6.63350249900003], [-2.83232942299992, 6.63327246400013], [-2.83239253199997, 6.63312894700005], [-2.83237912899995, 6.63299297099996], [-2.83259361199993, 6.63273279700013], [-2.8326395709999, 6.63242263900003], [-2.83203067599987, 6.63043011000013], [-2.83207672499998, 6.62932190300018], [-2.83198484699994, 6.62921856800006], [-2.83184690299987, 6.62902344000008], [-2.83183550599989, 6.62877049600013], [-2.83168607799996, 6.62838046200017], [-2.83128420299994, 6.62797827100019], [-2.83108903099998, 6.6278866830001], [-2.8309164609999, 6.62779432200017], [-2.83083608599998, 6.62759932500012], [-2.83090511899985, 6.62740429400003], [-2.83098539399992, 6.62712845300007], [-2.83102006399986, 6.62696764700007], [-2.83092517999989, 6.62675535400018], [-2.83065578599991, 6.62669770700012], [-2.83045710499988, 6.62674963100017], [-2.83031924199997, 6.62665783200009], [-2.83026185999989, 6.62641625100008], [-2.83011272599992, 6.62617552600017], [-2.82994020499996, 6.62602598900014], [-2.82967609299993, 6.62599131400003], [-2.82955559399994, 6.62604307800007], [-2.82943509599988, 6.62609484300015], [-2.8290445159999, 6.62622131000006], [-2.82820601599997, 6.62623266500003], [-2.82745953199986, 6.62624419500008], [-2.82704617699994, 6.626313224], [-2.82674731399993, 6.62634773400003], [-2.82618477599982, 6.62624423400018], [-2.82570223399995, 6.62623274800012], [-2.82513934899993, 6.62618694100013], [-2.82488669199995, 6.62612948800012], [-2.82469143099996, 6.62608353500013], [-2.82453083099995, 6.62602608700013], [-2.82443895999995, 6.62584232600011], [-2.82440439899995, 6.62565869700012], [-2.82423209099989, 6.62556667800004], [-2.82409427099986, 6.62547487600011], [-2.82404254399995, 6.62538869900015], [-2.82399081699992, 6.62530252200008], [-2.82402531599985, 6.62516479400006], [-2.82430093699998, 6.62502686900007], [-2.82453071399993, 6.62471689699998], [-2.82466865099997, 6.62438384000006], [-2.82476042399992, 6.62415428200006], [-2.82480651599991, 6.62387856600003], [-2.82478340399996, 6.62374070600015], [-2.82458242799993, 6.62326423100006], [-2.82448488799986, 6.62318950300011], [-2.82436992599992, 6.62317804300005], [-2.82416333099997, 6.6232699040001], [-2.82396785399987, 6.62324702800015], [-2.82380720799989, 6.62324710000019], [-2.82369245699994, 6.62329298700013], [-2.82356599199994, 6.62337336000013], [-2.82348565599995, 6.62325844200006], [-2.82320987399987, 6.62326995900003], [-2.82310645699994, 6.62317803000013], [-2.82300334299993, 6.62308610100007], [-2.82289970499988, 6.62308613600015], [-2.82280798799991, 6.62316672600008], [-2.82276194599996, 6.62331586199997], [-2.82264135899993, 6.62337881900015], [-2.82253244999987, 6.62332720900014], [-2.82208999799985, 6.62249478600012], [-2.82201536199989, 6.62246612700011], [-2.82176291799988, 6.62237722700007], [-2.82155606899988, 6.62248899400015], [-2.82141835199997, 6.62273008600005], [-2.82132633299989, 6.62281050400009], [-2.82115401399994, 6.62285642900008], [-2.82110825799987, 6.62270728500016], [-2.82108506899993, 6.62246592100013], [-2.82109667599991, 6.62217879300016], [-2.82109665199982, 6.62194922700019], [-2.82107358399998, 6.62182290499999], [-2.82094739699988, 6.62167371100008], [-2.82068311799998, 6.62159304900018], [-2.82046482699997, 6.62151290600002], [-2.82014325099988, 6.62128279600017], [-2.81994805399989, 6.62103035200005], [-2.81966099499994, 6.62098421500008], [-2.81937384999992, 6.62097286700003], [-2.81923598299994, 6.62094995000018], [-2.81912111199995, 6.62089250600002], [-2.81902928699992, 6.62072045200017], [-2.81902939599991, 6.62045609800015], [-2.81899493599991, 6.62014606200012], [-2.81892580599987, 6.61992811599998], [-2.81850095199997, 6.6195719750001], [-2.81825410099998, 6.61939971300006], [-2.81800724999982, 6.61922745100003], [-2.81778904299995, 6.61915850100019], [-2.81759374199987, 6.61910100600011], [-2.81740998699996, 6.61896304300018], [-2.8173064529999, 6.61876778200008], [-2.81729511799995, 6.61844663799997], [-2.81721458699997, 6.61813642500016], [-2.81697358799983, 6.61779200900008], [-2.81685859899989, 6.61761969500003], [-2.81678968699987, 6.61737815400005], [-2.81636471199988, 6.61698791200007], [-2.81619247699996, 6.61683854000017], [-2.81602024299997, 6.61668916700017], [-2.81475692799989, 6.61634469400013], [-2.8129824909999, 6.61658607100014], [-2.81278142999997, 6.61665500099997], [-2.81235648599989, 6.61679260300002], [-2.81216134599993, 6.61686168400013], [-2.81188556599994, 6.61687319399999], [-2.81157552099995, 6.61679234800005], [-2.8107945619999, 6.61633313099998], [-2.81038111399988, 6.61608027100004], [-2.81012842199993, 6.61599990400003], [-2.80994461299991, 6.61600005500014], [-2.80963459499992, 6.61608023100001], [-2.80942779099996, 6.61649413499998], [-2.80924395699992, 6.61671214400019], [-2.8091578179999, 6.61674087299997], [-2.80907167999987, 6.61676960200015], [-2.80893383399996, 6.61675227900002], [-2.80879598999991, 6.61673495600013], [-2.80855487899993, 6.61666625600014], [-2.80825619199993, 6.61667767600017], [-2.80803815499991, 6.61665487500017], [-2.80786576699995, 6.61653977100002], [-2.80784282899998, 6.61644212000004], [-2.80781988999996, 6.61634447000012], [-2.80791176199995, 6.61606893099997], [-2.80829080199993, 6.61558637500002], [-2.80848588599991, 6.61527653400009], [-2.80855506099994, 6.61504671600005], [-2.80853191299991, 6.61489748600013], [-2.80837112599994, 6.61463337200013], [-2.80814159799996, 6.61456445800013], [-2.80776234799993, 6.61462180700016], [-2.80738346399994, 6.61485154499996], [-2.80709635299996, 6.61493198100004], [-2.80694700199996, 6.61500666400013], [-2.80679764999996, 6.61508134600007], [-2.80657953599984, 6.61534528800007], [-2.80646459199994, 6.61594278700005], [-2.80630385899997, 6.61631002300004], [-2.80599376499987, 6.61666609200012], [-2.8058213029999, 6.61682688200011], [-2.80562623599991, 6.61698758100016], [-2.80546545999994, 6.61699333100012], [-2.80530468499995, 6.61699908100002], [-2.80506343999997, 6.61696465200009], [-2.80491396699995, 6.6167807490001], [-2.80477626299995, 6.61649398800006], [-2.80469597399997, 6.61639025900013], [-2.80462125399993, 6.6163387790001], [-2.80429002799985, 6.61623645900016], [-2.80404152999989, 6.61615969500002], [-2.80380936899996, 6.61608797800005], [-2.80367375699996, 6.61604608500005], [-2.80354740799987, 6.61585055900002], [-2.80357033999991, 6.61564381400007], [-2.80362785099993, 6.61539113200013], [-2.80361054199994, 6.61521889000011], [-2.80358234399984, 6.61501216200003], [-2.80352441299993, 6.61482869600013], [-2.80346711999988, 6.61469044100016], [-2.80337506599989, 6.61467923600003], [-2.80326017899989, 6.61477110100009], [-2.80314533599989, 6.61486313700004], [-2.80300750299995, 6.61492029600009], [-2.80289271799995, 6.61488609700018], [-2.80270914399995, 6.61471368200006], [-2.80255985899987, 6.6144264460001], [-2.80228401199997, 6.61427709800017], [-2.80206584999996, 6.61421967800004], [-2.80197976599993, 6.61415652700003], [-2.8018936819999, 6.61409337700013], [-2.80186361299991, 6.61398322700006], [-2.80182473699989, 6.61384080900018], [-2.80174443599998, 6.61350768400007], [-2.80162949399988, 6.61334690300004], [-2.80142279999995, 6.61318628300006], [-2.80134243799995, 6.61299093300005], [-2.80135397399994, 6.61268089700013], [-2.80134247199993, 6.612393849], [-2.80134228299994, 6.61218718800006], [-2.80130785599994, 6.61203765400012], [-2.80119299799992, 6.61189977800007], [-2.80094044299989, 6.61178496100007], [-2.80076809199994, 6.61175045199997], [-2.80061895499995, 6.61165868200004], [-2.80055000099992, 6.61148653999999], [-2.80051559299994, 6.61119923100011], [-2.80058441899996, 6.61071711400012], [-2.80063044299993, 6.61041849200012], [-2.80073383899997, 6.61028060100017], [-2.80083723599989, 6.61014270999999], [-2.80090597799989, 6.60995887500019], [-2.80083706499988, 6.60979792800009], [-2.80076828699987, 6.609602881], [-2.80074535999995, 6.60943040000006], [-2.80074517199989, 6.60922373800003], [-2.80072232799989, 6.60908604500008], [-2.80066493999993, 6.60887364800016], [-2.80080267199997, 6.60874131700012], [-2.80089452999994, 6.60861543700003], [-2.80091753699998, 6.60850048300011], [-2.8008028889999, 6.60842012700004], [-2.80064206899993, 6.60845463600015], [-2.8004582509999, 6.60852332700006], [-2.80030880599998, 6.60850044600005], [-2.80021689499989, 6.60838556400012], [-2.80028587999993, 6.60832831000016], [-2.80050427399988, 6.60822470500005], [-2.80061908799996, 6.60804104900012], [-2.8006936999999, 6.60790894600012], [-2.80076831299988, 6.60777684200002], [-2.80082581599993, 6.60760458800013], [-2.80094073199984, 6.60729452300018], [-2.80092916899997, 6.60714525100008], [-2.80083725899988, 6.60703036900014], [-2.80069952099996, 6.60704188800014], [-2.80042369099988, 6.60712227900012], [-2.80022872699982, 6.60715656600001], [-2.79989543399995, 6.60712229400002], [-2.79971747999997, 6.60698447200002], [-2.7995395239999, 6.60684665200017], [-2.79912592299996, 6.60623780100013], [-2.79891930299993, 6.60587034300011], [-2.79868955199993, 6.60558322200006], [-2.79821893399998, 6.60536499700004], [-2.79783985299997, 6.60515815200006], [-2.79763321499991, 6.60494000700004], [-2.79754120199993, 6.60464136600012], [-2.79752983799989, 6.60431987300007], [-2.79752969299994, 6.60412457800015], [-2.79739190299995, 6.60389499000019], [-2.79705885099997, 6.6036881500001], [-2.79674876399991, 6.60366515700008], [-2.79631237599995, 6.60376851300009], [-2.79604812899993, 6.60384885800011], [-2.79586452999996, 6.60390652500013], [-2.79572661599997, 6.60394094900016], [-2.79558879499996, 6.60392921900007], [-2.79534771199991, 6.60371102300013], [-2.79499167199992, 6.60348136000005], [-2.79480776299988, 6.603297403], [-2.79468158799995, 6.60314837100015], [-2.79473904999998, 6.60296423400007], [-2.79479644399993, 6.60267728100007], [-2.79480221499989, 6.60252226300003], [-2.79480798499992, 6.60236724400005], [-2.79477931799994, 6.60217213700003], [-2.79475064999997, 6.60197702900018], [-2.79456684699994, 6.60166683500012], [-2.79406144899997, 6.60142565200016], [-2.79380885799992, 6.60129911900009], [-2.79366523199997, 6.60124745300004], [-2.79352160499997, 6.60119578700005], [-2.79328040899992, 6.60117271600018], [-2.79308516699984, 6.60120717400002], [-2.79221813699996, 6.60170671500003], [-2.79207458699989, 6.60171248500018], [-2.79161518899997, 6.60193061600017], [-2.79116710199986, 6.60222930600003], [-2.79100652999989, 6.60233269900016], [-2.79086869699995, 6.60238985399997], [-2.79065044599992, 6.60238994999997], [-2.79022538399994, 6.60219462900011], [-2.78982350499996, 6.60201093700016], [-2.78942162799996, 6.60182724300006], [-2.78895059299987, 6.60156302600012], [-2.78876698599987, 6.60139060299997], [-2.78862902399993, 6.60118391800006], [-2.78860323999993, 6.60108067800019], [-2.78862908299993, 6.60081622700005], [-2.78868668699988, 6.60058679600019], [-2.78864069399998, 6.60036841400006], [-2.78850287099993, 6.60011608900004], [-2.78789427099997, 6.59961056600008], [-2.7877736079999, 6.59946693700016], [-2.78765294499988, 6.59932330800012], [-2.78754963099993, 6.598944448], [-2.78751532899997, 6.59859995800014], [-2.78756134399993, 6.59840466800011], [-2.78760735999992, 6.59820937700005], [-2.7878369099999, 6.59783053200005], [-2.78795196799985, 6.59748585100004], [-2.78794037999995, 6.59725615000013], [-2.78788295599998, 6.59692328200009], [-2.78767625599994, 6.59660162600017], [-2.78733187099988, 6.59623413700001], [-2.78706766099987, 6.59609610200005], [-2.78666568299991, 6.59564821800012], [-2.78644751399997, 6.59555057600005], [-2.78622934699996, 6.59545293300005], [-2.78598798899998, 6.59538422100007], [-2.78580431899996, 6.59534957300002], [-2.78567802899988, 6.59539549100009], [-2.78557467099995, 6.59554483200009], [-2.78545979599994, 6.59555626500008], [-2.78532189499992, 6.59552179700006], [-2.78524158399995, 6.59533798200005], [-2.78505775199983, 6.59524615700019], [-2.78480516699989, 6.59511979000013], [-2.78463293999994, 6.59488997400013], [-2.78452953499993, 6.59455692500018], [-2.78446065499998, 6.59425854100016], [-2.78451819199995, 6.59392543300015], [-2.78463881299996, 6.59379342500006], [-2.78475943399991, 6.59366141700013], [-2.7848741279999, 6.59344297600012], [-2.78485116599995, 6.59327066500015], [-2.78481107399995, 6.59319029500006], [-2.78477098199988, 6.59310992600007], [-2.78448384099994, 6.59288000500015], [-2.78434613199994, 6.59274254900015], [-2.78433458799992, 6.59252438600015], [-2.78442630799998, 6.59220269400015], [-2.78446087299983, 6.59200744500009], [-2.78442641299989, 6.59184671399998], [-2.78436895399994, 6.5917317040001], [-2.78421396199991, 6.59169161400013], [-2.78409330599987, 6.59177763900004], [-2.78399002899994, 6.59194988400003], [-2.78389804599988, 6.59204166200016], [-2.78381787799998, 6.59204177600014], [-2.78369139399985, 6.59196111200004], [-2.78363393599989, 6.59184644600015], [-2.78359965399989, 6.59166280900018], [-2.78359955599996, 6.59147905000015], [-2.78350773499994, 6.59138706800019], [-2.78323220499993, 6.59100796100017], [-2.78300234699992, 6.59068638500003], [-2.78289918999991, 6.59042222300019], [-2.78284156899997, 6.59026157400012], [-2.7828474399999, 6.59016967300005], [-2.78285331199993, 6.59007777200003], [-2.78292226799988, 6.58993992200016], [-2.78301404499985, 6.58991126400008], [-2.78310582299997, 6.58988260600006], [-2.78317468499989, 6.58979091000009], [-2.7831748989999, 6.58954945599999], [-2.78316336399996, 6.58940595200005], [-2.78316051699989, 6.58926227500012], [-2.78315573499992, 6.58902088800016], [-2.78314778099997, 6.58861941200013], [-2.78313558699995, 6.58800393100012], [-2.78312912099994, 6.58767758100009], [-2.78308298599995, 6.58757441300008], [-2.78289932099995, 6.5875282240001], [-2.78281906799998, 6.58751680000006], [-2.78275015299994, 6.58742473500013], [-2.7827731779999, 6.58724123800016], [-2.78281911999994, 6.586988426], [-2.78281913299998, 6.58690782700018], [-2.78260088899992, 6.58690808900002], [-2.78247447499996, 6.58693092900018], [-2.78235978099997, 6.58690791600009], [-2.78234812999989, 6.58681616400014], [-2.78245161099994, 6.58670109600007], [-2.78256655099995, 6.58655188700004], [-2.78258952299996, 6.58642573900011], [-2.78255503599996, 6.58618440800012], [-2.78244023199989, 6.58605806400016], [-2.7823482899999, 6.5859319810001], [-2.78235980199997, 6.58571942000003], [-2.78246031299994, 6.58572508900005], [-2.78266694599989, 6.58583125800004], [-2.78276184899994, 6.58584009100014], [-2.78285369499997, 6.58578275700017], [-2.78291108099995, 6.58557588800005], [-2.78272881599997, 6.58458162200003], [-2.78271453599984, 6.58450372500005], [-2.78265842699989, 6.58419764500013], [-2.78254378699984, 6.58411728200014], [-2.78230257199994, 6.58400241100014], [-2.78188902799991, 6.58402541300006], [-2.78161335399994, 6.58399074500005], [-2.78129184699998, 6.58385308200013], [-2.78099342099989, 6.58369208500005], [-2.78076356899987, 6.58360024900009], [-2.78063722399992, 6.58348531200005], [-2.78066016899993, 6.58327890900011], [-2.78079814899991, 6.58309483000011], [-2.78077523199994, 6.58293405700005], [-2.78060286499993, 6.58280791700008], [-2.78057987999995, 6.58254364000015], [-2.78059154199997, 6.58233693300002], [-2.78044232399986, 6.58091285200004], [-2.78064915199991, 6.58048810700018], [-2.78105107099998, 6.58022369400004], [-2.78128078599997, 6.57989066100009], [-2.78131518799995, 6.57964960100003], [-2.78128079999988, 6.57935074900018], [-2.78134971499998, 6.57897196200003], [-2.78143008699988, 6.57879979900008], [-2.78134974299996, 6.57836333200009], [-2.78122352399993, 6.57782369700016], [-2.78107423099993, 6.57760542200009], [-2.78092493899993, 6.57738714599998], [-2.78075290099997, 6.57712288300007], [-2.78062658699992, 6.57685862900007], [-2.78053448399993, 6.57668639100018], [-2.78031642299993, 6.57642229100003], [-2.78030514199997, 6.57619258800008], [-2.78007530799994, 6.57603169000009], [-2.77978835999994, 6.57576766300002], [-2.77957009099993, 6.57568715100012], [-2.77934032499996, 6.57561821799999], [-2.77908759999997, 6.57560671700003], [-2.77890385899991, 6.57553796500002], [-2.77874331899989, 6.57549186400001], [-2.77846756799988, 6.57543411700016], [-2.77826090899993, 6.57543433500018], [-2.77810013699997, 6.57547443100009], [-2.77793936399996, 6.57551452700005], [-2.77776707899994, 6.57565274400002], [-2.77744546299988, 6.57610045600012], [-2.77734211699993, 6.57618073399999], [-2.77707779699995, 6.57623816200015], [-2.77673334799994, 6.57630689600012], [-2.77649213399997, 6.57643313000011], [-2.77637739899995, 6.57662849200011], [-2.77621637799996, 6.57683504100004], [-2.77592931699985, 6.5769269920001], [-2.77536665199983, 6.57708777700003], [-2.77494171999984, 6.57723705100011], [-2.77488420799995, 6.57740939100017], [-2.77484965199994, 6.57753566600019], [-2.77473491699988, 6.57773102800019], [-2.77455100599991, 6.57785723000018], [-2.77426407999991, 6.57791456400014], [-2.77365518699997, 6.57800645099996], [-2.77325340499993, 6.57799495900008], [-2.77290884199994, 6.57820181299996], [-2.7726216829999, 6.57833940300003], [-2.77225420599996, 6.57837377200008], [-2.77174880399997, 6.57851144600011], [-2.77150769599984, 6.57874135500003], [-2.77128948799998, 6.5789823770001], [-2.77115151899994, 6.57908568200003], [-2.77073800199992, 6.57918910200004], [-2.77045083899998, 6.57933822900003], [-2.77032456099982, 6.57954517000019], [-2.76846320399983, 6.58138979300014], [-2.76664925499995, 6.5828865360001], [-2.76482310799992, 6.58367397200004], [-2.76305433499994, 6.58443666000011], [-2.75994174299996, 6.58499891800005], [-2.75947095999993, 6.58488398100008], [-2.75915518799991, 6.58480931500009], [-2.75554902099998, 6.58426330500004], [-2.75542839399992, 6.5842058610001], [-2.7540389859999, 6.58317188899997], [-2.75042132399989, 6.58247655899999], [-2.74810996499997, 6.58066045200013], [-2.74723817599994, 6.58099089699999], [-2.74714690399992, 6.58114053500015], [-2.74227214999991, 6.58298450300009], [-2.73832533799992, 6.58456293600005], [-2.73204115899995, 6.58707614100007], [-2.72731530299995, 6.58881579700017], [-2.71788088699998, 6.58759763000018], [-2.71286399899992, 6.58686528700002], [-2.70597505699988, 6.58585966900017], [-2.70317103199994, 6.58547896700009], [-2.70230897899995, 6.58530967700011], [-2.70184949999987, 6.58526542900017], [-2.70144693299994, 6.58511747800014], [-2.70094036899997, 6.5847747470001], [-2.69975219299988, 6.58341198700015], [-2.69947565799993, 6.5831258230001], [-2.69646555499997, 6.57966753800002], [-2.69481682799989, 6.57785852600011], [-2.69451740799991, 6.57765286600011], [-2.69295246599995, 6.57683146700009], [-2.68638539099993, 6.57438473600007], [-2.68112803299988, 6.5720139390001], [-2.6806429319999, 6.56794956200002], [-2.68051028299993, 6.56619240000009], [-2.67816610699987, 6.54600745900007], [-2.67805613099995, 6.54506940400012], [-2.67790612699997, 6.54378990900005], [-2.67646104399995, 6.53004198000002], [-2.67599603199983, 6.52561767800006], [-2.67582172899995, 6.52395925500008], [-2.67502995599983, 6.52004511300004], [-2.67424025499986, 6.51675393900007], [-2.67382666399993, 6.51503022800017], [-2.67270608799993, 6.50975996800003], [-2.67285594699996, 6.50942402100003], [-2.67272963999994, 6.50921690000001], [-2.67272992199986, 6.50896389200005], [-2.67290267599992, 6.50879195000005], [-2.67305251599993, 6.50853896400008], [-2.67307569099995, 6.50830913100015], [-2.67312210599988, 6.50799896200016], [-2.67312248699994, 6.50761953500012], [-2.6732953369999, 6.50732065900007], [-2.67376686499995, 6.50694225600012], [-2.67398591499995, 6.50652869300012], [-2.67406647099995, 6.50631021000004], [-2.67407837699994, 6.50605733600008], [-2.67394081099997, 6.50580426700003], [-2.67396418699991, 6.50560887900002], [-2.67412534499994, 6.50536774000005], [-2.67432102799995, 6.50512648500006], [-2.67451659499989, 6.50495429500006], [-2.6750395229999, 6.50451585899998], [-2.67512586899994, 6.50446108400018], [-2.67534158699993, 6.50432423800004], [-2.67561996699988, 6.50375145200007], [-2.67587714999985, 6.50354876600016], [-2.67612338199996, 6.50342460600001], [-2.67638037899991, 6.50316585600012], [-2.67650239799997, 6.50277299700002], [-2.67681582199998, 6.50262618900013], [-2.67713659199995, 6.50235319000001], [-2.67738466399987, 6.50227068200013], [-2.67756680999992, 6.50221010100017], [-2.67770845399991, 6.50216354900004], [-2.67781856199997, 6.50212687400011], [-2.67797592699986, 6.50217112200005], [-2.67813671799985, 6.50204541600016], [-2.67887398199991, 6.50080493700011], [-2.67911604399995, 6.5004262600001], [-2.67928849499992, 6.50024278000001], [-2.67967947999995, 6.49993301700005], [-2.68013914899996, 6.49987620499996], [-2.68024267999994, 6.49978423499999], [-2.68027726499992, 6.49964633600007], [-2.67993691799995, 6.49901985100018], [-2.67997982899993, 6.49885351300009], [-2.68030172899984, 6.49871603800017], [-2.68062340699987, 6.49869344100017], [-2.68108321999983, 6.49849867200015], [-2.6814050029999, 6.49843008900007], [-2.68189957299995, 6.49809776300009], [-2.68227111999988, 6.49790984100002], [-2.68248833899992, 6.49762698000012], [-2.68258272799983, 6.49755150499999], [-2.68285217999983, 6.49733604900013], [-2.68305162899998, 6.49692597300015], [-2.68334947299985, 6.49654597200004], [-2.6836109699999, 6.49626829300007], [-2.68394699499993, 6.49616555400019], [-2.68425774599996, 6.4958722880001], [-2.68445352699996, 6.49558521800014], [-2.68468258099995, 6.49505087100005], [-2.68469429099991, 6.4948980800001], [-2.68499865499996, 6.49457323500013], [-2.68510745499998, 6.49422460000017], [-2.68491592799995, 6.49352914700012], [-2.69494737299988, 6.49216831900014], [-2.71297348599995, 6.48978647800016], [-2.71364479399995, 6.48969776400008], [-2.71380183799988, 6.48967606600007], [-2.71639008699992, 6.48931845300007], [-2.71662580399988, 6.48928712700013], [-2.7252309889999, 6.48814345000005], [-2.73435160499997, 6.48693111000011], [-2.73474445899996, 6.48687888600006], [-2.7359097829999, 6.48671792100015], [-2.73825171499988, 6.48641836999997], [-2.73980833299981, 6.48620461200005], [-2.74120015899996, 6.48601348100016], [-2.74296033799993, 6.48490430300001], [-2.74387181599985, 6.48432393800005], [-2.7437426219999, 6.48428248500011], [-2.74352420199995, 6.48419138200012], [-2.74299529399997, 6.48394060200013], [-2.74252451099994, 6.48390203300005], [-2.74198992299995, 6.4836684930001], [-2.74183446199993, 6.48352550500016], [-2.74159857199987, 6.48332290799999], [-2.74140365999983, 6.48289766400018], [-2.74143882199996, 6.48238086800006], [-2.7414764479999, 6.48176054900017], [-2.74150922599995, 6.48122017200012], [-2.74160241299995, 6.48002529800004], [-2.74160367399986, 6.47903723800016], [-2.74156467599994, 6.47876498200003], [-2.74146704499992, 6.47808340700004], [-2.74117323899986, 6.47680027399997], [-2.74090612699996, 6.47639356200011], [-2.74075700299989, 6.47629004900011], [-2.74049376399995, 6.47597158500008], [-2.74042425399995, 6.47588749300007], [-2.74037850399992, 6.47572644700006], [-2.74006888799988, 6.47526646000011], [-2.73919184799996, 6.47429152300015], [-2.73901333699996, 6.47409308500011], [-2.73857755899996, 6.47362147400003], [-2.73800368999997, 6.47314981700004], [-2.73745187299988, 6.47263398300015], [-2.73664969499993, 6.47188410900009], [-2.73632729699983, 6.47144402200018], [-2.73612566099985, 6.47053237100016], [-2.73574499299997, 6.46955044000003], [-2.73528823099991, 6.46849468400006], [-2.73501593699996, 6.46573560000019], [-2.73415055199985, 6.46406421800009], [-2.73071065999989, 6.46133074800008], [-2.73043195299994, 6.45933124700008], [-2.73044381999995, 6.45912436300006], [-2.73036447699991, 6.45817067100018], [-2.72960936099997, 6.4561356260001], [-2.72551296199987, 6.45714688100003], [-2.72367517099997, 6.45780485400019], [-2.7195414979999, 6.45928478000008], [-2.71608384899997, 6.45869317600017], [-2.71615063499991, 6.45759874399999], [-2.71692155499994, 6.45641621500016], [-2.71697953199993, 6.45619763500002], [-2.71695692599991, 6.4558759900001], [-2.71619127799988, 6.45374682000016], [-2.71539440299995, 6.45153078200013], [-2.71564516099994, 6.44867691900015], [-2.71580832399991, 6.44681999500017], [-2.71748653499998, 6.4458455680001], [-2.71771736999995, 6.44508716200005], [-2.71814389299988, 6.44397330900017], [-2.71838586799993, 6.44345735000002], [-2.71847784499982, 6.44326123000013], [-2.71875381699994, 6.44299748200018], [-2.71771557199997, 6.44042780200004], [-2.71770876699998, 6.44014770500019], [-2.71759275799997, 6.43956810200012], [-2.71766716499997, 6.43719500300017], [-2.71810367299986, 6.43708072600003], [-2.71825328099987, 6.43700030900004], [-2.71831088799996, 6.43685113900011], [-2.71821137399996, 6.43405880400007], [-2.71842760999994, 6.43427465200017], [-2.71864671999992, 6.43367270100003], [-2.71933027099993, 6.43292172200017], [-2.7195470879999, 6.43248142600015], [-2.71973845599996, 6.43206106700006], [-2.71987802199993, 6.43141117300013], [-2.72007726399988, 6.43091689700009], [-2.72020417199991, 6.43060467600009], [-2.72035353999996, 6.43034043400007], [-2.72045689799995, 6.42988350500002], [-2.7207469359999, 6.42929833000005], [-2.72114765999993, 6.42874965100003], [-2.72166657599996, 6.42772144300005], [-2.72173611399995, 6.42710119100002], [-2.72185169699998, 6.42673378500018], [-2.72187606399996, 6.42571101800002], [-2.72197973999994, 6.42541254300011], [-2.72250831299988, 6.42539027000015], [-2.72301404899997, 6.42520704000009], [-2.72332456299989, 6.42474804300002], [-2.72384221899995, 6.42434673300005], [-2.72410681199989, 6.42397934300004], [-2.72434890499994, 6.42347424700017], [-2.72462479899986, 6.42326767900011], [-2.72540572299988, 6.42325729700013], [-2.72584046499998, 6.42312725600016], [-2.72562511799993, 6.42255662800017], [-2.72534262399989, 6.42225363200015], [-2.72468984799997, 6.42155347800013], [-2.72459481799996, 6.42111512100018], [-2.72374881599995, 6.42054414300003], [-2.72329190199997, 6.42005406100014], [-2.72277162899991, 6.41887180000009], [-2.72270722799982, 6.41872796400008], [-2.72207341499995, 6.41815408200006], [-2.72171514299987, 6.41792589900007], [-2.72104795199994, 6.41763320500002], [-2.72048505899988, 6.41714868000003], [-2.72032625199989, 6.41701082000014], [-2.71979763999997, 6.41616107700008], [-2.71927403399997, 6.4153193790001], [-2.7191734139999, 6.41486753700002], [-2.71903208399993, 6.41423288200014], [-2.7187953859999, 6.41362067000011], [-2.71821099499994, 6.41279614000013], [-2.71774444099998, 6.41243192900009], [-2.71768411299996, 6.41207190900013], [-2.71762799699985, 6.41175092200012], [-2.71745420199994, 6.41113966100011], [-2.71745649599995, 6.41097800600016], [-2.71757199399991, 6.41075925400014], [-2.71775169299997, 6.41041211000004], [-2.71786726699992, 6.40996410300016], [-2.71802970599987, 6.40878087100015], [-2.71803074599995, 6.40801100900006], [-2.71783630699986, 6.40752804500005], [-2.71736640899996, 6.40681504400015], [-2.71720608999993, 6.40646992000018], [-2.71722953999983, 6.40617154300008], [-2.71735636199992, 6.40568905300012], [-2.71727641799987, 6.40551657500009], [-2.71694384799997, 6.405171338], [-2.71696672599995, 6.40501057300014], [-2.71715122599994, 6.40473525100009], [-2.71718578999992, 6.40451692300013], [-2.71717494799992, 6.40408019000017], [-2.71659326499986, 6.40139055700013], [-2.71722431799992, 6.40100445300016], [-2.71717971299995, 6.40081680100008], [-2.71803261699995, 6.39878441700012], [-2.71879249799991, 6.39751014700005], [-2.71891935899993, 6.39714270500002], [-2.71893170099997, 6.39663734800018], [-2.71882843099996, 6.39646494900006], [-2.71947882299997, 6.39605266200016], [-2.72004968299996, 6.39562664500016], [-2.72094856699988, 6.39453065300006], [-2.72165679999995, 6.39413308600012], [-2.72607478099991, 6.39332545000008], [-2.72661184499992, 6.39272548100007], [-2.7275452589999, 6.39270274100016], [-2.72802011299996, 6.39260800000005], [-2.72863731499996, 6.39255651000008], [-2.72908401099994, 6.38996374200013], [-2.72990549099995, 6.38827536700012], [-2.73147362499998, 6.37973631300008], [-2.72240511199993, 6.37401205900017], [-2.76379242499996, 6.31620793100012], [-2.77611507999995, 6.32752436700014], [-2.78682363099983, 6.33740494700015], [-2.7888577679999, 6.33765222700004], [-2.78986972499996, 6.33629252800006], [-2.79173120299981, 6.33560800099997], [-2.79291755799983, 6.33568866700011], [-2.79376650099988, 6.33619431099999], [-2.79452955499988, 6.33636119800002], [-2.79545853299993, 6.33551035799996], [-2.79630630399993, 6.33567694900017], [-2.79817157899987, 6.3360943030001], [-2.80012039799993, 6.33617231000005], [-2.80164709399992, 6.33667558700006], [-2.80291757699996, 6.3365864110001], [-2.80410965899995, 6.33683398200009], [-2.80493193399985, 6.3376253130001], [-2.80563593099993, 6.33869601700007], [-2.80656960499982, 6.33920134000005], [-2.80766829099997, 6.33843465199999], [-2.80961179499991, 6.33698692100006], [-2.81189120199997, 6.33469039200003], [-2.81273364799995, 6.33333125800016], [-2.81535810999992, 6.33281351800014], [-2.81764606599995, 6.3329750370001], [-2.81908358699997, 6.33220714700013], [-2.82204778599993, 6.33194246900013], [-2.82390738999993, 6.33074928100012], [-2.81948581999995, 6.32610289700011], [-2.81676307299989, 6.32272194700016], [-2.82538888099987, 6.31836890800014], [-2.82795957499985, 6.3188644980001], [-2.8286936319999, 6.3186115900001], [-2.82984258999994, 6.31865575100016], [-2.83089232899994, 6.31750196200016], [-2.83275692999996, 6.31774968300016], [-2.83361014099995, 6.31793550900005], [-2.8363975339999, 6.31714352300008], [-2.84225682499994, 6.31794640800018], [-2.8450356059999, 6.31635012900017], [-2.85070685999983, 6.31505859300006], [-2.8559602439999, 6.31537893300009], [-2.85841811199987, 6.31570920500008], [-2.86223682899993, 6.31756027199998], [-2.8660537429999, 6.31890275400008], [-2.86917149099992, 6.31945270600011], [-2.87029210399993, 6.31965037000009], [-2.87274632499987, 6.31896346900004], [-2.87316409599987, 6.31735153900007], [-2.87477026599981, 6.31641340700008], [-2.87637948299982, 6.31632284900019], [-2.87815414899995, 6.31512982300006], [-2.87993308599994, 6.31512340200015], [-2.88162914599997, 6.31562582800018], [-2.88398144599989, 6.31701493300011], [-2.88536164999994, 6.31705322100004], [-2.88679989899993, 6.31653945800008], [-2.88798677599993, 6.31678942999997], [-2.88959628599997, 6.31678359000006], [-2.89081202999989, 6.31742110700014], [-2.89171713799993, 6.31762346900018], [-2.89384261599992, 6.31973469400015], [-2.89485945999996, 6.31981575000009], [-2.89596379199992, 6.32065930700003], [-2.89738681599988, 6.32077979400009], [-2.89867702499987, 6.32132747400016], [-2.90122610199995, 6.32343710900017], [-2.90215885699996, 6.32368797100014], [-2.90351610099998, 6.32419155100007], [-2.90707460399989, 6.32434802500001], [-2.90952408099997, 6.32238961300015], [-2.91104483299995, 6.32128218000014], [-2.91358552899993, 6.32110332400003], [-2.91502591999989, 6.32118278100018], [-2.91612746799984, 6.32126348100007], [-2.9167185689999, 6.32075276000018], [-2.91731403799997, 6.32142862300009], [-2.91926112699997, 6.3210824140001], [-2.91959653099997, 6.32014884900002], [-2.92069588599998, 6.31963624999997], [-2.92349068599998, 6.31945641200002], [-2.92425307399998, 6.31945359200017], [-2.92518237499996, 6.31877210099998], [-2.92602853099987, 6.31851470000009], [-2.92610947999992, 6.31749732000014], [-2.9263617279999, 6.31698784700018], [-2.92754514799998, 6.31630541300018], [-2.92856193599988, 6.31583892700013], [-2.92932246899994, 6.3158750450001], [-2.93008202399989, 6.31510942200009], [-2.93041960399995, 6.31476914500007], [-2.93152112999996, 6.31484981500017], [-2.93242528699989, 6.31372557800017], [-2.9337188369999, 6.31357031400012], [-2.93482098799996, 6.31382048900008], [-2.93566366599987, 6.31263077000017], [-2.93701458599992, 6.31143916200017], [-2.93667260799987, 6.31059287100004], [-2.93658034899994, 6.30855906600004], [-2.93886300799983, 6.30728043200014], [-2.93961741899989, 6.30709919800006], [-2.94030148099989, 6.30693486200016], [-2.94131291999992, 6.30557500200007], [-2.94207401699992, 6.30523314400006], [-2.94061948799992, 6.30211044300006], [-2.94069981399991, 6.30015290100005], [-2.93985338599987, 6.30032556000003], [-2.93900475399994, 6.2999049340001], [-2.93832333499995, 6.29889039300008], [-2.93809165599993, 6.29793256300002], [-2.93814480899982, 6.29643312800005], [-2.9374630829999, 6.29533382800003], [-2.93694825899985, 6.29355585700011], [-2.93584364399993, 6.29262763400016], [-2.93615796599994, 6.29158365899997], [-2.93687263899989, 6.29100550600003], [-2.93711296099997, 6.2922839040001], [-2.93745303499998, 6.29262166800015], [-2.93821160899995, 6.29160178100005], [-2.93948311899987, 6.29185133100009], [-2.94065353199983, 6.29138805300016], [-2.94168543499995, 6.29184315200007], [-2.94236495799993, 6.29234916200016], [-2.94304164899995, 6.29209237800006], [-2.94367228899995, 6.29110658700012], [-2.94439345299992, 6.29115503600013], [-2.94464505999997, 6.29071642899999], [-2.94574682799987, 6.29064146400009], [-2.94531921199996, 6.28954123], [-2.94616561999982, 6.2893685680001], [-2.94836696899995, 6.28910610100019], [-2.94895863199997, 6.28876487300016], [-2.94861634699993, 6.28783383700005], [-2.94920643099988, 6.28706883600012], [-2.94810418099996, 6.28606382200007], [-2.94756936899995, 6.28460907500005], [-2.94882751099988, 6.28332921900005], [-2.9483565619999, 6.28275211400017], [-2.94901485299994, 6.28182264800017], [-2.95033290599991, 6.28036100100013], [-2.95151416799996, 6.27770798900013], [-2.95414424099988, 6.27761541200005], [-2.95546276199997, 6.27628618900013], [-2.95959608299995, 6.27560859200008], [-2.96030536899991, 6.27472229200009], [-2.96123987499988, 6.27278830800014], [-2.96040901299989, 6.27179819300005], [-2.95890655199992, 6.26816198600017], [-2.96121699499986, 6.26666351600016], [-2.96336941899995, 6.26715207600012], [-2.96700883799997, 6.2671384410001], [-2.97081367599986, 6.26712415899999], [-2.97263213599996, 6.26678625200003], [-2.97675909299983, 6.26445321500017], [-2.97989782099989, 6.26328263400006], [-2.98403782599996, 6.26442574600014], [-2.98669369099997, 6.26475754300014], [-2.98899556899994, 6.26308270200019], [-2.99197697099987, 6.26406460099997], [-3.00009787699997, 6.26800651600007], [-3.00722252299988, 6.27095888600013], [-3.01269297099992, 6.27391748900004], [-3.01485112999995, 6.27589557800019], [-3.01799612999986, 6.27638006500007], [-3.01980943699988, 6.27471776200008], [-3.02178751899993, 6.27288928900009], [-3.02409132799994, 6.26973530600014], [-3.0254121559999, 6.26906808300009], [-3.02523843499984, 6.26691685200018], [-3.02671637599997, 6.26409712100002], [-3.02637978999996, 6.26260864300014], [-3.02587651099998, 6.26078974600017], [-3.02587140799989, 6.25946551800007], [-3.02686073699994, 6.2586340470001], [-3.02751666999995, 6.25714173900008], [-3.02850407699992, 6.25581368200005], [-3.0283329159999, 6.25432456600009], [-3.02964285499991, 6.25084336800001], [-3.02847155199993, 6.24737174300009], [-3.02829785499995, 6.24522051300011], [-3.02795874599991, 6.2430699200001], [-3.02811461199997, 6.24058635800009], [-3.03042275299987, 6.23859109900013], [-3.03040937999992, 6.23511500800004], [-3.03172757599992, 6.23378568700008], [-3.03105511099989, 6.23097425800006], [-3.03203674899993, 6.22815646100008], [-3.03155299199994, 6.22651619200013], [-3.03135568799996, 6.22584719200006]]]]}, "properties": {"REGION": "Western North", "DISTRICT": "Juaboso"}}, {"type": "Feature", "geometry": {"type": "MultiPolygon", "coordinates": [[[[-2.55839840699991, 5.97866569800004], [-2.55860144999986, 5.978626582], [-2.5588048599999, 5.97858739500009], [-2.55901499499987, 5.97854691200018], [-2.55924258899995, 5.97850306600009], [-2.55945882899994, 5.97846140800004], [-2.55965976499994, 5.9784226970001], [-2.55987600399988, 5.97838103900006], [-2.56011637999995, 5.97833472900015], [-2.56033466399992, 5.97823188300015], [-2.56053009999982, 5.97814064200014], [-2.56072508399996, 5.97807231000019], [-2.56113857699989, 5.97788950500006], [-2.56132267799995, 5.97777512900018], [-2.56150661599997, 5.977603483], [-2.56161033999996, 5.97738547200004], [-2.56160836499987, 5.97713453600005], [-2.56172621999991, 5.97694513600015], [-2.56175845399991, 5.97669455900012], [-2.56177770599993, 5.97647823200009], [-2.56179708199994, 5.97626053500011], [-2.56186359799995, 5.97604875100018], [-2.56194200199985, 5.97579911700012], [-2.56201693999992, 5.9755605150001], [-2.56206696199996, 5.97534948900005], [-2.56214083799995, 5.97503782400008], [-2.56219102599994, 5.97482609100007], [-2.56223354699989, 5.97459776900018], [-2.5622519499999, 5.97435185300009], [-2.56231930599989, 5.9741372690001], [-2.56240021299993, 5.97394223200007], [-2.56249235599989, 5.97373579399999], [-2.5625964969999, 5.97348333400009], [-2.5626544779999, 5.97324237300012], [-2.5677684769999, 5.96992591900016], [-2.56767602499991, 5.97014389800017], [-2.56759518499996, 5.97036184400008], [-2.5675484759999, 5.97060311700005], [-2.56750465599993, 5.97083089100011], [-2.56761581299997, 5.9711430800001], [-2.56773005299993, 5.97132714000003], [-2.56789019299987, 5.97149978800013], [-2.56808467599996, 5.97164968900017], [-2.56827938399994, 5.97178804800018], [-2.56846249999995, 5.97190327300018], [-2.56865736799995, 5.97200718300007], [-2.56878807099997, 5.97211749600007], [-2.56901399499992, 5.97228737299997], [-2.5692015329999, 5.97242838700009], [-2.56938182399989, 5.97256540000018], [-2.56951193099991, 5.97261250900004], [-2.56976263199988, 5.97270328100012], [-2.56999944199993, 5.97282098500011], [-2.57031569499998, 5.97303669300015], [-2.57054278199996, 5.97313187700007], [-2.57082212899996, 5.97319619900003], [-2.57102836099989, 5.97324271900015], [-2.57117646899997, 5.97326664800011], [-2.57145270499984, 5.97327845300009], [-2.57165937599996, 5.97326770000018], [-2.57187715299995, 5.97329102000015], [-2.57204725499992, 5.97332937200014], [-2.57220859899996, 5.97337279599998], [-2.57247291999988, 5.97353407300011], [-2.57262179399993, 5.97370666600011], [-2.57281637199998, 5.97379903400008], [-2.57302281799997, 5.97379982200016], [-2.57324103499991, 5.97376578300009], [-2.57347032799987, 5.97375496400002], [-2.57367687099992, 5.97378994100012], [-2.57388313599995, 5.97384800000009], [-2.57410075599989, 5.97390585300013], [-2.57456462299984, 5.97375808900017], [-2.57464950399992, 5.97353523500004], [-2.57463017099991, 5.97326437000009], [-2.57469375899996, 5.9731208820001], [-2.57475734599996, 5.97297739500004], [-2.57487270899992, 5.97277097600011], [-2.57501087899982, 5.972599113], [-2.57516033799993, 5.97240439500007], [-2.57536734399991, 5.97220985800004], [-2.57544221699987, 5.97211814000013], [-2.57570130099992, 5.97183160400004], [-2.57578749399994, 5.97175720700017], [-2.57587368599997, 5.97168280900007], [-2.57597138399996, 5.97163141700008], [-2.57606908199989, 5.97158002400016], [-2.57628716799996, 5.97150034000015], [-2.57651645999994, 5.97148943500002], [-2.57696385299994, 5.97152509800009], [-2.57719312499989, 5.97153710100008], [-2.57765424499996, 5.97162586600007], [-2.57813327299988, 5.97176951600005], [-2.57837820099996, 5.97187200800016], [-2.57959740099994, 5.97309077600011], [-2.57982679699995, 5.9733189690001], [-2.57992997199995, 5.97334786700014], [-2.58014762499994, 5.97341751700009], [-2.58036543599991, 5.9734524590001], [-2.58080130399992, 5.97348815200013], [-2.58099614099996, 5.97358043100002], [-2.58119068799988, 5.97366142800007], [-2.58139713199995, 5.97366195400014], [-2.58161541399994, 5.9736511640001], [-2.58182173199998, 5.97369767900017], [-2.5820280829999, 5.97375573400006], [-2.58223421699989, 5.97376788700012], [-2.58233757799985, 5.97375656700007], [-2.58244093899998, 5.97374524499998], [-2.58258113399984, 5.97371768000011], [-2.58267030499991, 5.97370014700016], [-2.58288867899995, 5.97363174100019], [-2.58332463999989, 5.97361007600011], [-2.58400636599981, 5.97398783600011], [-2.58464080999988, 5.97455109600014], [-2.58539394399997, 5.97475441300003], [-2.58582078599994, 5.97449632300015], [-2.58616658099993, 5.97374697900017], [-2.58627971599998, 5.97350181500013], [-2.58667517399994, 5.97318290700002], [-2.58691742799988, 5.97280439600007], [-2.58703269899991, 5.97259797600003], [-2.58717414299997, 5.97241186499997], [-2.58735490399994, 5.972174021], [-2.58755034999996, 5.97205960600007], [-2.58775676099998, 5.97204884700017], [-2.58798615699993, 5.97201511600014], [-2.58831006399993, 5.97178357000013], [-2.58853191099996, 5.97161169100002], [-2.58875301799998, 5.97118295500007], [-2.58887278999993, 5.97086887200015], [-2.58895368599997, 5.97067374800014], [-2.58910391899997, 5.97027233600016], [-2.58914751399993, 5.97017478600009], [-2.58932274099993, 5.96988235200001], [-2.58947229199987, 5.96972208000011], [-2.58963343599981, 5.96958459700016], [-2.58980567699996, 5.96944126400012], [-2.58998954099997, 5.96934441200011], [-2.59018474199996, 5.96926470200009], [-2.59035741099996, 5.96912727100016], [-2.59049543599997, 5.96896677500007], [-2.59092211199993, 5.96820696200012], [-2.59104870399995, 5.96801517900019], [-2.59137562399997, 5.96784864400018], [-2.59173713999996, 5.96766448700009], [-2.59244985399988, 5.96739881000008], [-2.59266796499998, 5.96733040200007], [-2.59287456499993, 5.96729673400017], [-2.59308097199994, 5.96728563000011], [-2.59328744599998, 5.96729769300015], [-2.59370016899993, 5.96733318500009], [-2.59465198699991, 5.96743928600006], [-2.59485843599992, 5.96753178400007], [-2.59502988199984, 5.96771593], [-2.59513260199998, 5.96790001600016], [-2.59524660299991, 5.9681185180001], [-2.59537240799995, 5.96831407700006], [-2.59550944899996, 5.96849832300018], [-2.59566962699989, 5.96868250000006], [-2.59579517499998, 5.96887806000007], [-2.59585739599993, 5.96898627400014], [-2.59592078899993, 5.96909652800002], [-2.59600057599994, 5.96929196200006], [-2.59616075499997, 5.96947613999998], [-2.59652725099983, 5.96970682700015], [-2.59691665299988, 5.96985726899999], [-2.59713449599997, 5.96990383100012], [-2.59730634599987, 5.97001907800018], [-2.59750114999991, 5.97010006800014], [-2.59774187399995, 5.97014673600006], [-2.59795968299994, 5.97018167100003], [-2.59817749299992, 5.97021686500011], [-2.59839526999991, 5.97024051800003], [-2.59860184299987, 5.97028676800011], [-2.5988082259999, 5.97035644200002], [-2.59900283899992, 5.97046025400005], [-2.59922555599996, 5.97048644300003], [-2.5995531879999, 5.97052496700019], [-2.59987490599997, 5.97038227799999], [-2.60008168299993, 5.97029099299999], [-2.60024586599991, 5.96990346600018], [-2.60035873699985, 5.96963705100006], [-2.60063579199993, 5.96898311000007], [-2.6007395979999, 5.96879980199998], [-2.60088891899994, 5.96865081100003], [-2.60102701199997, 5.96845586300003], [-2.60117659199994, 5.96830712899998], [-2.60134908599997, 5.96816969600007], [-2.60148268399996, 5.96802787000007], [-2.60168277799988, 5.96782613900018], [-2.60183228999989, 5.96765406700013], [-2.60199348199984, 5.96750529900009], [-2.60214271799993, 5.96735630800009], [-2.60229229799995, 5.96720765900017], [-2.6024536139999, 5.96701264400008], [-2.60260315999994, 5.96685237000014], [-2.60277561899989, 5.96670356900017], [-2.60298259099994, 5.96653184600012], [-2.60315489299984, 5.96641749300016], [-2.60333868599986, 5.96629156700004], [-2.60354556599992, 5.96617720000006], [-2.6037407959999, 5.96610911300002], [-2.60394729299992, 5.96604064900004], [-2.60416565999998, 5.96597223700007], [-2.60455804799994, 5.96588010700009], [-2.60486510199996, 5.96560523199997], [-2.60495906799997, 5.96526227700014], [-2.60503992499991, 5.96505586900008], [-2.6051321679999, 5.96486079700014], [-2.60520149899997, 5.96465442300013], [-2.60528238799992, 5.96445938500011], [-2.60538615899998, 5.96426445000009], [-2.60544947399995, 5.96417844700017], [-2.60551278899987, 5.96409244500018], [-2.60570807399995, 5.96395520200008], [-2.60590326799996, 5.96387523100015], [-2.6061098319999, 5.96383001900011], [-2.60631470599998, 5.96375076000004], [-2.60651179899992, 5.96365876000004], [-2.60663865399994, 5.96347538400016], [-2.60677663799993, 5.96330334500004], [-2.60689212399996, 5.96308555500013], [-2.60697268899997, 5.96286760900006], [-2.60715771499991, 5.96239719800013], [-2.60723856999994, 5.96219079100018], [-2.60985501799996, 5.96202219800017], [-2.61055484199989, 5.96197710100012], [-2.61352016299992, 5.96275196100009], [-2.61557141299983, 5.96226919100013], [-2.61621769999994, 5.96307821799996], [-2.61677350999997, 5.96384769400004], [-2.61699089499996, 5.96411212300018], [-2.6176676799999, 5.96509811500005], [-2.61871633699997, 5.96614190200017], [-2.61885045299988, 5.96627539400004], [-2.61960677199994, 5.96678837600018], [-2.61990835499995, 5.96699292700015], [-2.6205660359999, 5.96781108300019], [-2.62101547699996, 5.96876004800009], [-2.62143545599997, 5.96959317500017], [-2.62186952499991, 5.96988105900004], [-2.62214250599993, 5.96993931200012], [-2.62276059799996, 5.97007120800004], [-2.62398911599996, 5.97042903900007], [-2.62933105299993, 5.96959203199998], [-2.62944846299996, 5.96957363400008], [-2.63218269999987, 5.96906244100012], [-2.63361248399997, 5.96799386300017], [-2.63426135099991, 5.96756185700013], [-2.63436904899993, 5.96747050600015], [-2.63470141499994, 5.96718858900016], [-2.63569342399984, 5.96681606300007], [-2.63584949199998, 5.96675509900018], [-2.6360688339999, 5.96633599100016], [-2.63654396599998, 5.96604398400007], [-2.63775938199996, 5.96536268600016], [-2.63788149499987, 5.96517956900004], [-2.63798327999996, 5.96508496700005], [-2.63820783499995, 5.96489415300005], [-2.63846164499989, 5.96471625200019], [-2.63997385099998, 5.963582153], [-2.64073765099994, 5.96300932800017], [-2.64129311099987, 5.96240323800009], [-2.64163481299983, 5.96209247600012], [-2.64193165999995, 5.96182250700008], [-2.64315740899997, 5.96147205600016], [-2.6435422699999, 5.96136202100018], [-2.64489870599988, 5.96073029200005], [-2.64528140099992, 5.96058966500004], [-2.64550905599992, 5.96044580100005], [-2.64575241799997, 5.96019408800009], [-2.64586624799989, 5.96007635100005], [-2.64608026999991, 5.95985498499999], [-2.64647859799993, 5.95975401600009], [-2.64752079299996, 5.96014209200007], [-2.64784812499994, 5.9601542210001], [-2.64812253999997, 5.9601643900001], [-2.64870021999991, 5.96018675800002], [-2.6491082789999, 5.95982408800006], [-2.64943394299996, 5.95977368700005], [-2.64990212899988, 5.95970122900007], [-2.65050423399987, 5.95984400700019], [-2.65072198899986, 5.96022890100005], [-2.65103601099997, 5.96061350800016], [-2.65134930499988, 5.96062999200012], [-2.65205727899996, 5.96118552300015], [-2.65222889199993, 5.96133519800003], [-2.65238920299987, 5.9614733680001], [-2.65254932499988, 5.96163461700019], [-2.65270944799988, 5.96179586700003], [-2.65285830299996, 5.9619569780001], [-2.65301842499997, 5.96211822700008], [-2.65317854799997, 5.96227947600016], [-2.6533731099999, 5.96245224800009], [-2.65346470599997, 5.96252142800012], [-2.65355630199997, 5.96259060700004], [-2.65372788199994, 5.96272874200002], [-2.65391107299985, 5.9628670140001], [-2.65408292899986, 5.96298258499996], [-2.65425454299992, 5.96313226100011], [-2.65444938199988, 5.96322451100008], [-2.65465553999996, 5.96330544500006], [-2.65485018899994, 5.96342086100003], [-2.65503334699997, 5.96354767900004], [-2.65518216799995, 5.96369742200005], [-2.65551271999993, 5.96444462100015], [-2.65553856899993, 5.96458223000008], [-2.65555808599987, 5.96468613200017], [-2.65561490599987, 5.96490427000009], [-2.65571755699995, 5.96508859800008], [-2.65593542999994, 5.96514633100014], [-2.65614206899994, 5.96504348800005], [-2.65630301899995, 5.96490633499997], [-2.65646407099996, 5.96474601600016], [-2.65663666499995, 5.96456249600004], [-2.65679764799995, 5.96437927000017], [-2.65694717299988, 5.96421872700012], [-2.65710830999996, 5.96405840800008], [-2.65726913899994, 5.96390962900011], [-2.65744176699997, 5.96373773500011], [-2.65762573199987, 5.96358888600014], [-2.65779811999994, 5.96345169800014], [-2.65797037099998, 5.96332579300014], [-2.65816574199988, 5.96322298300015], [-2.65827488399987, 5.96317731300013], [-2.65838402599991, 5.96313164400016], [-2.65860196599994, 5.96304030500016], [-2.6588088289999, 5.96298353400016], [-2.6590268729999, 5.96292664300017], [-2.65923363199988, 5.96283533800016], [-2.65941735499996, 5.96272093700003], [-2.65957830199989, 5.96258352500018], [-2.65971640399994, 5.9624001090001], [-2.65983172799997, 5.96219368100009], [-2.65990119099996, 5.96195260100001], [-2.65994758399995, 5.96173449700012], [-2.6599595379999, 5.9615048710001], [-2.65997178499993, 5.96128687000009], [-2.66000661799995, 5.96105717600011], [-2.6600646579999, 5.96085057600004], [-2.66014176299996, 5.96071475100013], [-2.66019111799994, 5.96062781000012], [-2.66032934999993, 5.96046069900007], [-2.66049322299989, 5.96022364900017], [-2.66070917299993, 5.96000613000018], [-2.66080514999987, 5.95990945400018], [-2.66102000999996, 5.95956686900018], [-2.66115792099993, 5.95940636100005], [-2.66129057399996, 5.95930736800011], [-2.66144357999985, 5.95919938200007], [-2.66153298299997, 5.95913322500019], [-2.66164335299993, 5.9589836020001], [-2.66172897699994, 5.95882719600013], [-2.66181408699987, 5.95856964500007], [-2.66184895399982, 5.95835157600004], [-2.66190714799984, 5.95811052900012], [-2.66194594899986, 5.95803759300009], [-2.66201080799988, 5.95791567700013], [-2.66220508699996, 5.95778747800011], [-2.66240149099997, 5.95766398300009], [-2.66251045999991, 5.95761831400011], [-2.66261942899996, 5.95757264400009], [-2.66280352899992, 5.95746986700004], [-2.66298733699995, 5.95735546500015], [-2.66314819499996, 5.95721805300013], [-2.66330932899996, 5.95705773300006], [-2.66353021999993, 5.95685433000017], [-2.66365411499987, 5.95676019000018], [-2.66383795499991, 5.95665706900007], [-2.66405620199993, 5.95655444800002], [-2.66425137999983, 5.95647454400017], [-2.66444652299998, 5.95638301500014], [-2.66460753499996, 5.95621132800005], [-2.66472277199995, 5.95600490000004], [-2.66482663599982, 5.95576397400004], [-2.66490743299994, 5.95554602600009], [-2.66498838499996, 5.95535098400012], [-2.66510355199989, 5.95512164900009], [-2.66520751999997, 5.95491517000011], [-2.66533409299996, 5.95473178800006], [-2.66547208699984, 5.95457127900016], [-2.6656447449999, 5.95441092400017], [-2.66579426599992, 5.95425063900012], [-2.66596664899993, 5.95411319100009], [-2.66611613399994, 5.95394127900011], [-2.66624279299992, 5.953757897], [-2.66641561899991, 5.95348266000008], [-2.66655376799997, 5.9532877040001], [-2.66670328899994, 5.95312741800018], [-2.66687578999989, 5.95294415600011], [-2.6670252749999, 5.95277233100018], [-2.66716342399997, 5.95257737400016], [-2.66733616499988, 5.95235966400008], [-2.66750864899996, 5.95214195500006], [-2.66762395199987, 5.95195834800006], [-2.66775057499996, 5.95176342600013], [-2.66787726599989, 5.95153405700006], [-2.66801560299996, 5.95131645099997], [-2.66815368199985, 5.9510986730001], [-2.66828056199995, 5.95090366400001], [-2.66839579599997, 5.95069723800003], [-2.66849943499994, 5.95046793800003], [-2.66874142799998, 5.95005487600014], [-2.66894306599988, 5.94977985400016], [-2.66902931599998, 5.94968809400018], [-2.66922462799982, 5.94953946800013], [-2.66962658699993, 5.9493222700001], [-2.66993491499989, 5.94920741700008], [-2.67026965099996, 5.94908272700008], [-2.67049910999992, 5.94904896400004], [-2.67095790799988, 5.94896964000009], [-2.67119916699994, 5.94891293399996], [-2.67191072799994, 5.94868506700004], [-2.67287580699985, 5.94815941200017], [-2.67338240699985, 5.947391176], [-2.67360113899991, 5.94702434300012], [-2.67392906799995, 5.94683245000016], [-2.67393224199986, 5.9466129700001], [-2.67393558199996, 5.9463820150001], [-2.67403928699991, 5.94617562200017], [-2.67412014899998, 5.94598049400003], [-2.67421253499998, 5.94578541600004], [-2.67430471599994, 5.94557897300007], [-2.67441998099997, 5.94538408500011], [-2.67452375599987, 5.94520051300003], [-2.67463879799988, 5.94501716600007], [-2.67475409899993, 5.94483381700007], [-2.67488059599998, 5.94462735500002], [-2.67500743799991, 5.94442106500003], [-2.67507692699996, 5.94419135200013], [-2.67514626399986, 5.94399660300007], [-2.67521559999989, 5.94380125100008], [-2.67531914899996, 5.94357195300012], [-2.67538874299993, 5.94337685800008], [-2.67545804299988, 5.94317031200018], [-2.67556174799995, 5.94296383300008], [-2.67568827999992, 5.94276891100009], [-2.6758036999999, 5.9425971010001], [-2.67589582899996, 5.94240202500015], [-2.67597680899991, 5.94216116799998], [-2.67604633199988, 5.94194299500015], [-2.67608675299994, 5.94182825100006], [-2.67612717499992, 5.9417135060001], [-2.67620793199995, 5.94148427600015], [-2.67628872199987, 5.94126598300011], [-2.67634668599987, 5.94103656300013], [-2.67637041799998, 5.94080690300012], [-2.67638245399991, 5.94057736400003], [-2.67637159299989, 5.94037045800019], [-2.67636049199996, 5.94014090400003], [-2.67636136199997, 5.93988823300015], [-2.67633890699994, 5.93965845400004], [-2.67630499599989, 5.93945161800002], [-2.67628279999991, 5.93922183800015], [-2.67623732899989, 5.9390034110001], [-2.67618050599998, 5.93878510400009], [-2.67611244999995, 5.93857828500012], [-2.67609002899997, 5.93835987400007], [-2.67611352099993, 5.93810739400016], [-2.67617146799995, 5.93790079500019], [-2.67627517199992, 5.93769431699997], [-2.67641935399996, 5.93753523300018], [-2.67671225699985, 5.93723614100008], [-2.67693028799994, 5.93717924499998], [-2.67764014099987, 5.93768647600012], [-2.67774329299988, 5.93770976000013], [-2.67794967799989, 5.93769862800008], [-2.67816750599991, 5.93774533100014], [-2.67832781299995, 5.93788349300019], [-2.67846604099998, 5.93801399200004], [-2.67871952099995, 5.93808503800005], [-2.67890875499995, 5.93813807600003], [-2.67906043599987, 5.93842527200019], [-2.6794955929999, 5.93846086800011], [-2.6802221939999, 5.93977481299999], [-2.68022193399997, 5.93993299700014], [-2.68031305099987, 5.940153968], [-2.68037465399993, 5.94024252500014], [-2.68045027899996, 5.94039579800011], [-2.68061058699988, 5.94053395900011], [-2.68071470899997, 5.94058991300011], [-2.68097723499994, 5.94073039700004], [-2.68111445899984, 5.94085700300019], [-2.68126339599991, 5.94096075100009], [-2.68146161799996, 5.94113820600012], [-2.68157231899988, 5.94129489300019], [-2.68168681799995, 5.94138712000012], [-2.68180142199992, 5.94151379400012], [-2.68189293999995, 5.94162874000017], [-2.68204151999981, 5.94181292300004], [-2.68211019399996, 5.94193947700006], [-2.68224736799988, 5.94207770800006], [-2.68235000599992, 5.94234246400009], [-2.68246433799987, 5.94254965800019], [-2.68256697399994, 5.94281389600019], [-2.68264695099981, 5.94295195600006], [-2.68272672499984, 5.94313608900012], [-2.68278359999994, 5.94328550100005], [-2.68284076899994, 5.94344653700006], [-2.6834240959999, 5.94863002600005], [-2.68178233899994, 5.95343991700003], [-2.68173189799995, 5.95520899700017], [-2.68052711099983, 5.95713064500001], [-2.68027892399988, 5.95808388600011], [-2.6802480799999, 5.95820235100007], [-2.6802008329999, 5.95838382000005], [-2.68014879699996, 5.95858368100016], [-2.68015532399988, 5.95883429400004], [-2.68008124999989, 5.95899628000012], [-2.67997730899998, 5.95929473300004], [-2.67993093799987, 5.95943266100005], [-2.67989597399992, 5.95961628400005], [-2.67983806099994, 5.95977715400005], [-2.67980321799996, 5.95997231500013], [-2.67977421299997, 5.96012164400014], [-2.67974520799987, 5.96027097300015], [-2.67971015899991, 5.96051194900002], [-2.67969804499995, 5.96079935800009], [-2.6796971789999, 5.96105211300011], [-2.6796737439999, 5.96129331200012], [-2.67965022199991, 5.96153451200018], [-2.67964954499996, 5.96176436000019], [-2.67962605799988, 5.9620170980001], [-2.67961407699994, 5.96223535500013], [-2.67957902899997, 5.96247633100018], [-2.67954406599995, 5.96266029700013], [-2.67938247699988, 5.96292396199999], [-2.67922169299993, 5.96308454400014], [-2.67915249199996, 5.96321065800009], [-2.67874006799985, 5.96368256200009], [-2.67849462399988, 5.96396340300015], [-2.67837538099997, 5.96409984200017], [-2.67811557299996, 5.96447172600017], [-2.67801042699995, 5.96462223000003], [-2.67793949699995, 5.96472375800005], [-2.67797716199988, 5.96511492600013], [-2.67782714899988, 5.96536753400005], [-2.67772349299992, 5.96550503400005], [-2.67760837899993, 5.96566547600003], [-2.67720367899983, 5.96577698800019], [-2.67703368999997, 5.96602030600008], [-2.67687284699997, 5.96607728900005], [-2.67670073699998, 5.96613430600007], [-2.67647108399996, 5.96619115300007], [-2.67588064099994, 5.96599428700011], [-2.67528590099994, 5.96629775899999], [-2.67506627099988, 5.96640982600013], [-2.6751846009999, 5.96664735600007], [-2.67485137399996, 5.96678443400003], [-2.67447648099994, 5.96671077100007], [-2.67428458599989, 5.96680868600009], [-2.67381835299994, 5.96704658400006], [-2.67360301099995, 5.96715646299998], [-2.67325790899991, 5.96733255300018], [-2.67302064199993, 5.96745361900008], [-2.67279178899992, 5.96808502400017], [-2.67270392099994, 5.96832745300009], [-2.67261960299987, 5.96856008400005], [-2.67254908899997, 5.96875463300006], [-2.67246254499992, 5.96899340700014], [-2.67237355899994, 5.96923891900019], [-2.67229928499995, 5.96944384000017], [-2.67222411699993, 5.96965122900002], [-2.67202380799995, 5.97020387800018], [-2.67193354299997, 5.97045292100006], [-2.67185197999987, 5.97067795100003], [-2.67177401399988, 5.97089305800017], [-2.67184543899987, 5.97102778100003], [-2.67176462499992, 5.97115401600007], [-2.67170698299986, 5.97129172000012], [-2.67154261299993, 5.97153149000007], [-2.67148800499996, 5.97169334800014], [-2.67131529699998, 5.97192260000008], [-2.67122305899989, 5.97202587600009], [-2.67113104599997, 5.97217496600018], [-2.67100436899989, 5.97232390400006], [-2.67096431699997, 5.97255898300006], [-2.67068211799989, 5.97262198600004], [-2.67046378499992, 5.97278222500006], [-2.67032600699991, 5.97281622900005], [-2.67016511299994, 5.97294236300019], [-2.67002709699995, 5.97301090100018], [-2.66985475999991, 5.97307945600005], [-2.66962474399998, 5.97321656400004], [-2.66940633999991, 5.97335389500012], [-2.6693202059999, 5.97339962700016], [-2.66923407299987, 5.97344535800016], [-2.66900433099988, 5.97355964400003], [-2.66880896099997, 5.97366271700008], [-2.66856764199997, 5.97378831899999], [-2.66842971099993, 5.97385702800011], [-2.66822313899991, 5.97392543000007], [-2.66798180199993, 5.97401658500007], [-2.66774056699995, 5.97408509100006], [-2.66757968599995, 5.97413053200017], [-2.66733879499992, 5.97419877900006], [-2.66717787899995, 5.97423285300005], [-2.66699420399993, 5.97427836200012], [-2.66678752799987, 5.974312317], [-2.66660366499985, 5.97438090700018], [-2.66643178799995, 5.97434594600003], [-2.66627099199997, 5.97433403300005], [-2.66613333299995, 5.97432204900014], [-2.66577767699988, 5.97429832400019], [-2.66537573399995, 5.97446953800016], [-2.66520286799994, 5.97473349500007], [-2.66508740599988, 5.97495129100014], [-2.66502967699989, 5.97508899499996], [-2.66496050699988, 5.97522673500004], [-2.66443205199994, 5.97543226100015], [-2.66838164499995, 5.97635788900016], [-2.67135451899992, 5.97705459200017], [-2.67430036799993, 5.97774494200007], [-2.68362053599998, 5.98008114800012], [-2.68875902399998, 5.98122129000012], [-2.69413796899994, 5.98241472600012], [-2.69651112099996, 5.98296367500012], [-2.70641212599998, 5.98525381100012], [-2.71691565699996, 5.98761052600014], [-2.71713804299998, 5.98762695200008], [-2.72165358999996, 5.98856414600016], [-2.72247014699991, 5.98876451200005], [-2.72442760299998, 5.98924482400002], [-2.73178349099993, 5.98139854000004], [-2.73309379199998, 5.98010433899998], [-2.73854565099987, 5.97471938000007], [-2.74979535899996, 5.96360730900017], [-2.75348868199984, 5.96393691900005], [-2.75390459799996, 5.963971652], [-2.75498858699996, 5.96406217300012], [-2.76215483099992, 5.96466055000019], [-2.76651161099988, 5.96502438300018], [-2.77568509699989, 5.96579033800003], [-2.77753921199991, 5.96593737300003], [-2.78283051199992, 5.96637883400007], [-2.7889350449999, 5.96688807700002], [-2.78956959799984, 5.96694100800005], [-2.79039229899996, 5.96695647400009], [-2.79280047499998, 5.96720033200017], [-2.80137195499998, 5.96806821700011], [-2.80258727599994, 5.96815528900004], [-2.81258253399994, 5.96887130500016], [-2.81470680499996, 5.96911859200009], [-2.81742596299995, 5.96929610000001], [-2.82803261599992, 5.97029765800011], [-2.83514524399993, 5.97092684500006], [-2.85129682899998, 5.97225044200002], [-2.85373938999993, 5.97257123900005], [-2.85536596999992, 5.9727074330001], [-2.86019889599987, 5.97311206699999], [-2.86292854999994, 5.97337623800013], [-2.86508635799987, 5.97357786600008], [-2.86591613099995, 5.97365539800012], [-2.87454884499988, 5.97446194600008], [-2.87675095499992, 5.97468490300014], [-2.87795434899994, 5.97575430300014], [-2.87812632499993, 5.97598405400004], [-2.87829589299992, 5.97608581700001], [-2.87843588699997, 5.97621359300013], [-2.87876827599996, 5.97659245000011], [-2.87915813699993, 5.97671872900003], [-2.87961707099993, 5.97668435200006], [-2.88002982699987, 5.97650082300009], [-2.88017312599993, 5.97645486900018], [-2.88060302399987, 5.97631700300013], [-2.88079810299985, 5.97638573899997], [-2.88093572799994, 5.97646629500008], [-2.88113633999995, 5.97670735600002], [-2.8813024879999, 5.97700588200007], [-2.88134826999988, 5.97744194600006], [-2.88135989399996, 5.97753395500013], [-2.8813483809999, 5.9776256990001], [-2.8812795959999, 5.97795856800019], [-2.88125343799993, 5.97819049999998], [-2.88123689899993, 5.97845382600013], [-2.88125668699996, 5.97857862100005], [-2.88138267699998, 5.97872775900015], [-2.88164641199995, 5.97899198100015], [-2.88171166299992, 5.97929788300007], [-2.88191011399994, 5.97948567900016], [-2.88195601699982, 5.97955440800007], [-2.88221982199997, 5.98000238300011], [-2.88228293599997, 5.98010562500008], [-2.88234605199995, 5.98020886600005], [-2.8826957899999, 5.98047994300015], [-2.88284002499995, 5.98077339400004], [-2.88279140499992, 5.98116904100016], [-2.88257519499996, 5.98171281000015], [-2.88256375299994, 5.98198839300011], [-2.88272426999987, 5.98216057500014], [-2.88305695999998, 5.98222944000008], [-2.8834696209999, 5.98234435600017], [-2.88359571399997, 5.98251652500011], [-2.88372180699997, 5.98268869500015], [-2.88403148799995, 5.9830331820001], [-2.88422640699991, 5.98320524500008], [-2.88430663599996, 5.98325129500012], [-2.88460494999987, 5.98323976600017], [-2.88486866199992, 5.98318237400002], [-2.88514383599988, 5.98332006300012], [-2.88540985299994, 5.98339336400011], [-2.88565666099993, 5.98335381999999], [-2.88606103399991, 5.98321685600007], [-2.88621014099982, 5.98343488500007], [-2.88626765799995, 5.9836358340001], [-2.88628339399992, 5.98379990600017], [-2.88622167599988, 5.98407772200005], [-2.88621012599998, 5.98415818600012], [-2.88623268999993, 5.98457612600009], [-2.88625599799997, 5.98500782100018], [-2.88613495499982, 5.98546981600009], [-2.88640525299996, 5.98584573600016], [-2.88648853999996, 5.98593883400002], [-2.88658854599987, 5.98607552900006], [-2.88658851999998, 5.98615569400005], [-2.88660011199994, 5.98648880400003], [-2.88663435899991, 5.98684465300011], [-2.88663449499995, 5.98695952000008], [-2.88668022399997, 5.98745318900018], [-2.88671468399991, 5.98754511800007], [-2.8868293889999, 5.98796970600017], [-2.8868178699999, 5.98842891300006], [-2.88681788899993, 5.98850942400009], [-2.88678354199993, 5.98901456100003], [-2.8868522969999, 5.98931303000012], [-2.88701279099996, 5.98956546200009], [-2.88713663899983, 5.98961856200003], [-2.88725366299991, 5.98966873700016], [-2.88764355299992, 5.98987543000015], [-2.88782695099991, 5.98990984400012], [-2.88797617699993, 5.98976079500017], [-2.88807916799993, 5.98962292800019], [-2.88830875899993, 5.98963427900014], [-2.88849221599997, 5.98976065500011], [-2.88862966099992, 5.98987539300003], [-2.88885898099994, 5.99020852700005], [-2.88892775099987, 5.99059878700001], [-2.88909977599997, 5.99083981100006], [-2.88904218199991, 5.99144560100012], [-2.88882472199987, 5.99168943000012], [-2.88873286299992, 5.99211408300016], [-2.88879017099987, 5.99244703400012], [-2.88899665399981, 5.99279152700007], [-2.88905385699991, 5.99318182500008], [-2.88895224599997, 5.99334082200016], [-2.88864113199998, 5.99352629800006], [-2.88850361899995, 5.99404281300008], [-2.88845765999997, 5.99428407100015], [-2.88867510599994, 5.99465463300004], [-2.88893933799994, 5.99500743300013], [-2.88916862199983, 5.99517937400003], [-2.8892029729999, 5.99548949900003], [-2.88909997399992, 5.99578804300006], [-2.88895070699994, 5.99607512200009], [-2.88885899199994, 5.99645370800016], [-2.88884770099992, 5.99653425700012], [-2.88871570999993, 5.99685571900011], [-2.88838881299995, 5.99735497600011], [-2.88816936899991, 5.99778373600003], [-2.8875852029999, 5.99817150200016], [-2.88725809699991, 5.99850156000014], [-2.88708844399991, 5.99898813000004], [-2.89055126499983, 6.00123458200011], [-2.89547422699991, 6.00459085000017], [-2.89596014199998, 6.00473210200016], [-2.89650279299985, 6.00505864400014], [-2.89692725899988, 6.00516187799997], [-2.89738624999995, 6.00513910400008], [-2.89783365299991, 6.00518517000012], [-2.89831544099991, 6.00530008700014], [-2.89879712599998, 6.00547226499998], [-2.89911255899995, 6.00563886200018], [-2.89942799099992, 6.00580546000015], [-2.90000143999987, 6.00616167200013], [-2.90049469299993, 6.00649474000016], [-2.90084964899989, 6.00665906100016], [-2.90114879599997, 6.00662111000014], [-2.90138470199992, 6.00676532300008], [-2.90190579299997, 6.00649500200018], [-2.90219250599989, 6.00632265300004], [-2.90232446699997, 6.00623664700004], [-2.9028809379999, 6.00578295400004], [-2.9031448749999, 6.00539266300018], [-2.90345478599988, 6.00515160600003], [-2.90386770599991, 6.00501377600017], [-2.90422328599988, 6.00493349300018], [-2.90446430899993, 6.00483010200008], [-2.90484276399997, 6.0046004300001], [-2.90509517299989, 6.00453144200003], [-2.90537043999984, 6.00454314000012], [-2.90588113399991, 6.00462350700013], [-2.90570223299994, 6.00520317500013], [-2.90549655699988, 6.00586959899999], [-2.90534720899996, 6.00696633899997], [-2.90527836499996, 6.00790815200003], [-2.90538143699996, 6.00826401500007], [-2.90551905299998, 6.00857412100015], [-2.90553042299985, 6.00883859900017], [-2.90556482599993, 6.00932067500008], [-2.90566805799995, 6.00948150500011], [-2.90577128999996, 6.00964233700006], [-2.90623002599989, 6.01010192300009], [-2.90665957999994, 6.01049808699997], [-2.90706744499994, 6.01077958600013], [-2.90757590699997, 6.01123815200003], [-2.90763420999991, 6.01158099300005], [-2.90756562399991, 6.01193251700005], [-2.90759238599992, 6.01238062100015], [-2.90899008999992, 6.01807810400004], [-2.90934937799989, 6.01954264400007], [-2.91009464299992, 6.02173057400006], [-2.91000273999987, 6.02181657200009], [-2.90968171699996, 6.02194306600006], [-2.90940624399997, 6.02203470000018], [-2.90887857399991, 6.02218396000012], [-2.90867786499996, 6.02228166000003], [-2.90847715599995, 6.02237936100005], [-2.90809849599998, 6.02271236700005], [-2.90784609899987, 6.02287306300002], [-2.90727249599991, 6.02302222399999], [-2.90703154799996, 6.02314856600015], [-2.90679059899992, 6.02327490800013], [-2.90668424499984, 6.02350924800015], [-2.90656092399985, 6.0237114090001], [-2.90651497399995, 6.02395232200007], [-2.90660676399989, 6.02422814400012], [-2.90665263199998, 6.02455544500015], [-2.90669849899996, 6.02488274700005], [-2.90679027199997, 6.02522745400006], [-2.90692797399993, 6.02557191300002], [-2.90710004299996, 6.02589343400007], [-2.90721464599994, 6.02608866700018], [-2.90744401399991, 6.02635289900019], [-2.90776517099994, 6.02673176200017], [-2.90791426499993, 6.02709934400002], [-2.90793705399994, 6.02721915100005], [-2.90805191699991, 6.02782301500014], [-2.90807475099996, 6.02868425400004], [-2.90815499999991, 6.02920112700014], [-2.90830541999992, 6.02961113399999], [-2.90836145799994, 6.02976388200005], [-2.90849890599998, 6.03010842800012], [-2.90862506299993, 6.03037263300007], [-2.90870863899983, 6.0305813490001], [-2.90889797899996, 6.03085630999999], [-2.90904389899993, 6.03114592800017], [-2.90927888199991, 6.03158999100003], [-2.90935928999994, 6.03199199700009], [-2.90938215599994, 6.03239394600007], [-2.90937069499989, 6.0326582460001], [-2.90927887699991, 6.03300273300005], [-2.90917563599993, 6.03346212700006], [-2.90910671199981, 6.03374918800012], [-2.90906067099991, 6.03419710100013], [-2.90903774699996, 6.03472535500015], [-2.90900351899995, 6.03503372700004], [-2.9089803789999, 6.03524219200017], [-2.90885405999995, 6.03580508100009], [-2.90878514299993, 6.03624145000009], [-2.90879644099988, 6.03664318099999], [-2.90880806299998, 6.03712559200005], [-2.90873910299996, 6.0375620480001], [-2.90865859999997, 6.03806734100004], [-2.90849798399989, 6.03889426500012], [-2.90847506499995, 6.03958345300009], [-2.90842831599997, 6.03980802300003], [-2.90836031699996, 6.04013467600015], [-2.90823399399989, 6.04053654600017], [-2.90819959899989, 6.04084664800007], [-2.90824542299987, 6.04128295900006], [-2.90829121699994, 6.0415873980001], [-2.90860644099996, 6.04298276000009], [-2.90870387899997, 6.04322390200014], [-2.90894483799991, 6.04379815900012], [-2.90918690499996, 6.04425703599998], [-2.90928941499993, 6.04444912700018], [-2.90940364599993, 6.04465976000012], [-2.90983944899995, 6.04515368300002], [-2.91013781799995, 6.04539485100008], [-2.91047033899991, 6.04579674400003], [-2.91065398599994, 6.04604369600003], [-2.91083763299991, 6.04629064800002], [-2.91112428599996, 6.04679602900018], [-2.91127334399994, 6.04700276100004], [-2.91149143299992, 6.04718660499998], [-2.91192741099997, 6.04749668799997], [-2.91250088099997, 6.04800192000005], [-2.91324645899994, 6.04892097100014], [-2.9135218639999, 6.04935724600011], [-2.9136766449999, 6.04946071700004], [-2.91383142699993, 6.0495641870001], [-2.91439367299989, 6.0497019550001], [-2.91492145999996, 6.04989736300013], [-2.91540317299996, 6.05013839600008], [-2.91586219399983, 6.05050599800012], [-2.91622903399997, 6.05095408900013], [-2.91625203899991, 6.05116066200009], [-2.91634376099995, 6.05141331600004], [-2.91644709199988, 6.05167746800004], [-2.91658456799991, 6.05195303700003], [-2.91679122499994, 6.05232075400016], [-2.91692880699998, 6.05269965000008], [-2.91721567299982, 6.05326237000008], [-2.91765135899988, 6.05396319400018], [-2.91791533999998, 6.05435352500007], [-2.91823637099998, 6.05484758300008], [-2.9188215929999, 6.05555941500018], [-2.91919999799995, 6.05585815400013], [-2.91977371099989, 6.05611099700013], [-2.92031305499995, 6.0563865200001], [-2.92096685699994, 6.05680000800004], [-2.92196487899992, 6.05748919100017], [-2.92209679899992, 6.05762700800011], [-2.92222871799993, 6.05776482600015], [-2.92243507899991, 6.05813228200014], [-2.92257294399997, 6.05843100900012], [-2.92274506599989, 6.05861475000012], [-2.92308898599993, 6.05889044500009], [-2.92358235699993, 6.05938431700008], [-2.92392639999997, 6.05969445300002], [-2.92419044799993, 6.05979770400012], [-2.92455757799996, 6.05993554600013], [-2.92485579899994, 6.06013098000017], [-2.9250852749999, 6.06041810100004], [-2.92518829799991, 6.0607511340001], [-2.92531456699987, 6.06118741200015], [-2.92552103799989, 6.06166990000014], [-2.92578806999995, 6.06195654200019], [-2.92650892799992, 6.06199978700016], [-2.92669752499989, 6.06197850700016], [-2.92719361099984, 6.06192253400008], [-2.92759763299995, 6.06169317299998], [-2.92798197799993, 6.06145191800005], [-2.92836632199987, 6.06121066200012], [-2.92870908499998, 6.06093865600019], [-2.92935037299992, 6.06042974900009], [-2.93039694499993, 6.05984426800006], [-2.93114804899989, 6.05933114300012], [-2.93144625899987, 6.05912741800006], [-2.93169346999991, 6.05909785800009], [-2.93224832999982, 6.05862641900012], [-2.93280840299997, 6.05827658100009], [-2.93313788099988, 6.05807077700013], [-2.93352715999993, 6.05822504400004], [-2.93369537199993, 6.058291704], [-2.93394634199996, 6.0583911600001], [-2.93417149999993, 6.05854656500009], [-2.93460760599987, 6.05873039300019], [-2.93506639999993, 6.05878773800004], [-2.93541052799998, 6.05889121300015], [-2.93614353399988, 6.05968331800005], [-2.93669236199997, 6.06031297100003], [-2.9368447569999, 6.06048781100009], [-2.93700528799997, 6.06057954100004], [-2.93769357699995, 6.06085537200005], [-2.93862273499991, 6.06122264300012], [-2.93892949399998, 6.06143508500014], [-2.93909459499997, 6.06168108500009], [-2.93921948999991, 6.06207268500015], [-2.93969324999995, 6.06257307300012], [-2.93997648899995, 6.06270430800009], [-2.9412804669999, 6.06407967500013], [-2.94153214699998, 6.064182808], [-2.94190381999988, 6.06433511000017], [-2.94244301599991, 6.06455334500004], [-2.94269556899985, 6.06474867200012], [-2.94282170999998, 6.06488650300008], [-2.94404917599985, 6.06619587800014], [-2.94466887799996, 6.06711584000004], [-2.94495489999991, 6.0681393970001], [-2.94504266099989, 6.06845345400006], [-2.94516824099998, 6.06852469000012], [-2.94617522999988, 6.0690959100001], [-2.94645398499995, 6.06928049300018], [-2.94679102299995, 6.0695036680001], [-2.94712820199987, 6.06972693600011], [-2.9476318909999, 6.07006046000015], [-2.94997660999991, 6.07102180500004], [-2.94991151399995, 6.07120635699999], [-2.94917742099994, 6.07328752000018], [-2.94974632899988, 6.07433607300015], [-2.94979892099997, 6.07461136800009], [-2.94982892399997, 6.07476841900007], [-2.94985892599993, 6.07492547000015], [-2.94991769999996, 6.07523312400002], [-2.94996848499994, 6.0754989670001], [-2.94999317999998, 6.07562823100011], [-2.94982848399991, 6.07584177800015], [-2.94961566199981, 6.07611772800004], [-2.94929585799991, 6.07653239300015], [-2.94881015099998, 6.07697965200015], [-2.94832919699996, 6.07728793700016], [-2.94797673799991, 6.07741936500003], [-2.94733624999986, 6.07765819600013], [-2.94655065299997, 6.07768639500006], [-2.94605734999993, 6.07770410300014], [-2.94561063399982, 6.07772013700003], [-2.94483380299994, 6.07774801900018], [-2.94443071799998, 6.0778841290001], [-2.94398012199991, 6.0780362810001], [-2.94372751899988, 6.07827745500015], [-2.94327822299994, 6.07868215600013], [-2.94314216599986, 6.07880470800012], [-2.9429755509999, 6.07887499800012], [-2.94275993999992, 6.07896595799997], [-2.94245888499989, 6.07909296400004], [-2.94230108799997, 6.07915953500009], [-2.94217486999992, 6.07921278200018], [-2.94193903399997, 6.07913487000013], [-2.94158204699983, 6.07917298600006], [-2.94130246899994, 6.07916723200015], [-2.94121493499989, 6.07928493700018], [-2.94106983399996, 6.07948005500015], [-2.94088046699994, 6.07973469400002], [-2.94072420599997, 6.07994481700007], [-2.94039753999994, 6.08003525900011], [-2.93825488699997, 6.07982769700016], [-2.93777300699998, 6.07985043500008], [-2.93758944299998, 6.07986211500014], [-2.93731408899993, 6.07991958600019], [-2.93717636899987, 6.08019501100017], [-2.93707329799997, 6.08032135200006], [-2.93695837199988, 6.08035586100016], [-2.93677480599996, 6.08036728200011], [-2.93667166599988, 6.08039029700018], [-2.93662567899997, 6.08045934600011], [-2.93664875099995, 6.08059703100002], [-2.93669461999991, 6.08072326700017], [-2.93675196399994, 6.08090715400004], [-2.93667169099996, 6.08101050900012], [-2.93656829299994, 6.08103343900007], [-2.93632745299982, 6.08096464200014], [-2.93605198799992, 6.0809071650001], [-2.93590282899993, 6.08091846300016], [-2.93576531099995, 6.08102176400007], [-2.93571936399997, 6.08110234999998], [-2.93558170899985, 6.08125163200009], [-2.93539815899993, 6.08142398200016], [-2.93504250199982, 6.08149276200015], [-2.93465236699996, 6.08146961900013], [-2.93435392899994, 6.08144666400005], [-2.93363123399985, 6.08125146800006], [-2.93288550799997, 6.08117121800018], [-2.9322086389999, 6.08109063400008], [-2.93173832699989, 6.08111358300016], [-2.9315086339999, 6.08123977300011], [-2.93140541199989, 6.08135461800009], [-2.93130219099987, 6.08146946400018], [-2.93113018199995, 6.08179107800015], [-2.93094656499994, 6.08208982800016], [-2.9306137179999, 6.0823079160001], [-2.93022376199997, 6.08248014200012], [-2.92969605099995, 6.08262943800008], [-2.92933447499996, 6.08274162400011], [-2.92928285899995, 6.08285900600004], [-2.92915669099989, 6.08321524200005], [-2.92905349799997, 6.0835252440001], [-2.92901910499995, 6.08391559400008], [-2.92896156199993, 6.0843750840001], [-2.92893862899996, 6.08466223900012], [-2.92889266399982, 6.08482281700009], [-2.92875496599987, 6.08496081800007], [-2.92833047699992, 6.08509872400009], [-2.92808962399988, 6.08532828000006], [-2.92787144299996, 6.08575303900011], [-2.92775671199996, 6.08587937700008], [-2.92718884799996, 6.08760345800005], [-2.92709543299998, 6.08788707200006], [-2.92698506499988, 6.08822215800006], [-2.92688728799988, 6.08851901500003], [-2.9267747859999, 6.08886057900003], [-2.92620747399997, 6.09058297100006], [-2.92554419399994, 6.09221693900008], [-2.92518875199994, 6.09309255799997], [-2.92328100999993, 6.09779217300007], [-2.92316409599994, 6.10305647500007], [-2.92335914899991, 6.10379146200006], [-2.92343923999988, 6.10425080500016], [-2.92347374799988, 6.10466424400016], [-2.92345082099996, 6.10479628200005], [-2.92342789299994, 6.10492832000017], [-2.92333611499987, 6.10512350400012], [-2.92307211299988, 6.10558295800013], [-2.92296851299994, 6.10575428200008], [-2.92280828799989, 6.10601924800017], [-2.92268197899995, 6.10665093600005], [-2.92263623499997, 6.10701833800005], [-2.92265923899993, 6.10729413700005], [-2.92260701299995, 6.10749545100003], [-2.92257883799994, 6.10760405800005], [-2.92248704599996, 6.10786812700013], [-2.92238946199996, 6.10817832400011], [-2.9222918779999, 6.10848852300012], [-2.92209699499995, 6.10918908200006], [-2.92208541299993, 6.10972857200011], [-2.92213124799991, 6.11030290300016], [-2.92229197599988, 6.11083110000004], [-2.92247552999982, 6.11143989700008], [-2.92283128099996, 6.11169246200006], [-2.92322129299987, 6.11205994200014], [-2.92330721099995, 6.11221537400019], [-2.92351970299995, 6.11259978600003], [-2.92388686599998, 6.11327732500001], [-2.92425389099998, 6.11377128800012], [-2.92481598299992, 6.11421908900013], [-2.92556180699989, 6.11478195400008], [-2.92575119399993, 6.11501160699999], [-2.92594058099996, 6.11524125800008], [-2.92614696499993, 6.11568912600018], [-2.9261813949999, 6.11607940200014], [-2.92625031099993, 6.11679141500002], [-2.92631902899996, 6.11714747200006], [-2.92643393799995, 6.11726209600016], [-2.92655426599987, 6.11738858300004], [-2.92667459499995, 6.11751507000008], [-2.92729439599998, 6.11808923300009], [-2.92758100799989, 6.11849100400002], [-2.92789084999987, 6.11914566600018], [-2.92809735099991, 6.11969720100006], [-2.92853353499993, 6.12027116000007], [-2.92896936699992, 6.12090280900003], [-2.92903832799988, 6.12109784700016], [-2.92906116299997, 6.12139654900017], [-2.92907263599994, 6.12175280900016], [-2.92909566399993, 6.12218910600012], [-2.92917609599982, 6.12274023200007], [-2.92929083999996, 6.12310783100003], [-2.92942829899988, 6.1234407340001], [-2.92949729199984, 6.123716366], [-2.92941684299984, 6.12408397900015], [-2.92935953899996, 6.12415272400006], [-2.92923336199993, 6.12427906300013], [-2.92900382099987, 6.12444004300011], [-2.92830406799987, 6.1248305470001], [-2.92754665599989, 6.12533543200004], [-2.92691565599995, 6.12586397200005], [-2.92645688399989, 6.12635779500016], [-2.92626172099989, 6.12643805700003], [-2.92594041999996, 6.12665636700018], [-2.92553879899998, 6.12696640900009], [-2.9251257819999, 6.12725358800014], [-2.92497653899989, 6.12770135400007], [-2.92503404199994, 6.12799993200008], [-2.92529796899993, 6.12828709199999], [-2.92551583199992, 6.12855116800017], [-2.92583703999992, 6.12891871600004], [-2.92616982299995, 6.12952748800012], [-2.92635350199987, 6.12999833900011], [-2.92655994899997, 6.13037714699999], [-2.92666894899992, 6.13049213600004], [-2.92677794899981, 6.13060712400011], [-2.92739762699995, 6.1309858250001], [-2.9281433569999, 6.13151423800002], [-2.92876314899985, 6.13200797100012], [-2.92943994199987, 6.13274310900005], [-2.93014002299998, 6.13366173600008], [-2.93063316199994, 6.13461486000006], [-2.93094298099982, 6.13525797900007], [-2.93140211799988, 6.13608482200004], [-2.93161996599997, 6.13679681100007], [-2.93187248399988, 6.13750884600006], [-2.93207914599992, 6.13794534000016], [-2.93218806499988, 6.13834145800007], [-2.93229698499994, 6.13873757700003], [-2.93256086799994, 6.13969066300001], [-2.93276737899987, 6.14062105300007], [-2.93297416599984, 6.14109164200005], [-2.93424760499994, 6.14168891200006], [-2.93437387699993, 6.14181520100016], [-2.93471798299987, 6.14219419400013], [-2.93502791399993, 6.14272227100003], [-2.93539509199996, 6.14330817600012], [-2.93601488499996, 6.14395119900013], [-2.93655415099994, 6.14431880700016], [-2.93676058899996, 6.14454830200003], [-2.93689247299994, 6.14470341600008], [-2.93702435599994, 6.14485852900003], [-2.93733415799989, 6.14542104500003], [-2.93751777699981, 6.14617930399999], [-2.93774744599989, 6.14673039900003], [-2.93788511499992, 6.14689108800007], [-2.93809150599992, 6.14717827200008], [-2.9386193709999, 6.14759155300004], [-2.93937684899987, 6.14800503400005], [-2.94005359899984, 6.14833804000011], [-2.94053582599986, 6.14876267700015], [-2.94090286499994, 6.14916482900003], [-2.94130438199994, 6.14973923500014], [-2.94156850199994, 6.15037062400006], [-2.94193563199997, 6.15148468300015], [-2.94241751199985, 6.15272489600017], [-2.94269296499988, 6.15322441699999], [-2.94296841799996, 6.15372393700011], [-2.94347327599996, 6.15492945000011], [-2.94374296099983, 6.15550364300015], [-2.94401264399994, 6.15607783600012], [-2.94451759399988, 6.15730693900014], [-2.94460938699984, 6.15772024800009], [-2.94470117899988, 6.1581335570001], [-2.94472417499992, 6.15869642000007], [-2.94470144499991, 6.15925910600009], [-2.94463246599997, 6.15990220900011], [-2.94462112399992, 6.16056817800001], [-2.94474722399997, 6.16117699000011], [-2.94494225599993, 6.16159043900012], [-2.94535556999995, 6.16221042900008], [-2.94580300399991, 6.16276158400012], [-2.94595794199995, 6.16301425000012], [-2.94611287999987, 6.16326691600005], [-2.94642260099994, 6.16402487700014], [-2.94680126999992, 6.16443834200015], [-2.94726034399997, 6.16477126600017], [-2.94775374499994, 6.1650928680001], [-2.94823591999995, 6.16542587800012], [-2.94806374899991, 6.16563229500008], [-2.94794896199994, 6.16586226700008], [-2.94786871999997, 6.16604613400011], [-2.94779973899995, 6.16631003500004], [-2.94774258899992, 6.16656270100015], [-2.94765061399994, 6.16663157500017], [-2.94753584799986, 6.16664335999997], [-2.94736378399983, 6.16664312800015], [-2.94724906599993, 6.16658568500009], [-2.94705408499988, 6.16649409400009], [-2.94687033099996, 6.16639058000004], [-2.94670963799996, 6.16625288400019], [-2.94656046499989, 6.16619556800003], [-2.94639983899992, 6.16622973500012], [-2.94634257699988, 6.16631019200014], [-2.94629670399991, 6.16649410600007], [-2.94629659799989, 6.16668921700011], [-2.94634248299997, 6.16681545000017], [-2.94651474199992, 6.16702233100017], [-2.94659512399983, 6.16717168600019], [-2.94658357999992, 6.16732068700014], [-2.94650330299987, 6.167424133], [-2.94635403899997, 6.16741279600006], [-2.94610170899995, 6.16737807100009], [-2.94576887799985, 6.16733795500016], [-2.94543604599994, 6.16729784100005], [-2.94516065199997, 6.16735533100018], [-2.94509194499989, 6.16745873400015], [-2.94506890399992, 6.16771110200006], [-2.94506900899995, 6.1679639030001], [-2.94502299299995, 6.16826233400019], [-2.94491995099997, 6.16845782199999], [-2.94475917599988, 6.1686874450001], [-2.94439204299988, 6.16902045800003], [-2.94413966899998, 6.16942262300017], [-2.94407079899997, 6.16964063100011], [-2.94400192899985, 6.16985863899998], [-2.94384141799998, 6.17045609800016], [-2.9437266619999, 6.17076614600006], [-2.94355450499995, 6.17082360300009], [-2.94339380099996, 6.17076598300014], [-2.94325619799997, 6.17070862300017], [-2.94311847199992, 6.17060562900002], [-2.94303827099998, 6.17035260300003], [-2.94298087199991, 6.17008864600012], [-2.94292350699988, 6.16991630200005], [-2.94282015799996, 6.16973276199997], [-2.94267666199988, 6.16967525000018], [-2.94253316499993, 6.16961774000004], [-2.94229219799996, 6.16952597000011], [-2.94212019099996, 6.16938814300016], [-2.94198235199997, 6.16911242300006], [-2.94186774999991, 6.16879115600005], [-2.94155629699998, 6.16871959000002], [-2.94116763499989, 6.16863028200009], [-2.94097270399993, 6.16885985700014], [-2.94085799399994, 6.16892295800011], [-2.94074328399995, 6.16898606000018], [-2.9404334699999, 6.16910136300004], [-2.94031854999997, 6.16929620500002], [-2.94026118799997, 6.16950306300009], [-2.94016957099984, 6.16982473800016], [-2.94011207599988, 6.17005450100004], [-2.93999741499988, 6.17024934099999], [-2.93985962099993, 6.17036418999999], [-2.9395499389999, 6.17044504900002], [-2.9392516499999, 6.17055962100011], [-2.93889598999988, 6.17095027900007], [-2.93866635399996, 6.17146687900004], [-2.93850585799993, 6.17185734200007], [-2.93834523099997, 6.17189185300003], [-2.93817299699992, 6.17184581100014], [-2.93803548699992, 6.17173127700005], [-2.93793210599989, 6.17146714100005], [-2.93782871599996, 6.17127188800015], [-2.93766807799989, 6.17100761600011], [-2.93758773899998, 6.17086979700002], [-2.93759919499996, 6.17038757100005], [-2.93754178899991, 6.17020386100018], [-2.93741567499995, 6.17011201600008], [-2.93725492999982, 6.17005473900008], [-2.93702560099996, 6.17012359500006], [-2.93675022599996, 6.17108810400003], [-2.93640588599993, 6.17140983600018], [-2.93602720299992, 6.17183432900003], [-2.93564873299988, 6.17230549100015], [-2.93549951499995, 6.17261549200009], [-2.93529301799992, 6.17275314800014], [-2.93487990699987, 6.17294872900004], [-2.93469637799996, 6.17312108800019], [-2.93454707599994, 6.17340818600013], [-2.93444385999993, 6.17355735000007], [-2.93430607199997, 6.17360331300006], [-2.93413405699988, 6.17353436500002], [-2.93390448199989, 6.17347682100007], [-2.93365219299989, 6.17344243400015], [-2.93348002499994, 6.17356877200012], [-2.93338811199988, 6.17380985400018], [-2.93334797399996, 6.17401088200012], [-2.93330783699997, 6.17421190900012], [-2.93321618899995, 6.17475142800009], [-2.93313574799987, 6.17511938600018], [-2.93300968799991, 6.17527982600012], [-2.93284894899995, 6.17552133000004], [-2.93259649699985, 6.17575094], [-2.93216054099992, 6.17593454900003], [-2.93139176099993, 6.17613004000015], [-2.93119676499992, 6.17611835000002], [-2.93102440399997, 6.17603786400014], [-2.93092131699996, 6.17584260900003], [-2.93085229999997, 6.17564757400015], [-2.93078357399986, 6.17552142200003], [-2.93065731599989, 6.17554409500002], [-2.93055402399995, 6.17561318100007], [-2.93046233599995, 6.17576230200007], [-2.93030162699995, 6.1760838830001], [-2.93015247499994, 6.1761758670001], [-2.93007794599993, 6.17619886900002], [-2.93000341599998, 6.17622187100017], [-2.92981977599987, 6.17622202100017], [-2.92967060099994, 6.17615281600007], [-2.92957885699991, 6.17606101700017], [-2.92952131899995, 6.17591174900008], [-2.92955586199997, 6.17556720500016], [-2.92962452799998, 6.17514228700003], [-2.92962460699988, 6.17485521400016], [-2.92959586299997, 6.17475182100003], [-2.92946397299994, 6.17459128399997], [-2.92932623499996, 6.174568018], [-2.92918851999997, 6.17470611300018], [-2.92903931599994, 6.17486663500011], [-2.92899352099988, 6.17506191400003], [-2.92889011899996, 6.17532628600003], [-2.92871808599995, 6.17571644700007], [-2.92862634699998, 6.17592325900017], [-2.92824759099989, 6.17617588400003], [-2.92753631699992, 6.17673865900014], [-2.92715762199987, 6.17685351600011], [-2.92692807899988, 6.17687639000007], [-2.92673313699993, 6.17678479200009], [-2.92656084699996, 6.17649748200017], [-2.92664120099994, 6.17618738600009], [-2.92670995199995, 6.17578554400006], [-2.92670989799996, 6.17554445100006], [-2.92668703399994, 6.17538351800016], [-2.92656094999995, 6.17522846900005], [-2.92641178499997, 6.17524571300004], [-2.92630848399995, 6.17538351100006], [-2.92622805599996, 6.17560181900001], [-2.92621658799982, 6.17578526400018], [-2.92618221799989, 6.17594623200017], [-2.9261478489999, 6.17610719999999], [-2.92609041799994, 6.17644011700008], [-2.92595289099995, 6.17678486200015], [-2.92584941199988, 6.17694521900017], [-2.92547097799996, 6.17735885799999], [-2.92501174999995, 6.17781825399999], [-2.92427759299994, 6.17830051300001], [-2.92371511199997, 6.17882882200013], [-2.92314154399992, 6.17926520800017], [-2.92294633299997, 6.17956366599998], [-2.92286598699997, 6.17980505000008], [-2.92273996599994, 6.17997754300006], [-2.92259067499992, 6.17996017300004], [-2.92249900299987, 6.17980499900017], [-2.92239552299992, 6.17966743300013], [-2.92228095799987, 6.1797245030001], [-2.92220062199988, 6.17989700400005], [-2.92215483299992, 6.18002322700011], [-2.92201707299989, 6.18045958900012], [-2.92197112199989, 6.18083861700006], [-2.92151798399988, 6.18264165700003], [-2.92140900299995, 6.18276802299999], [-2.92100737499993, 6.18285988400004], [-2.92028443899989, 6.18302093000005], [-2.91994015899991, 6.18306677600015], [-2.91980237799987, 6.18303231500005], [-2.91969923899995, 6.18290594000013], [-2.9196761579999, 6.18276825600014], [-2.91977950399996, 6.18264165200014], [-2.9199056839999, 6.18258436700012], [-2.92006636899987, 6.18248097700007], [-2.92016945599994, 6.18236608600006], [-2.92021558699997, 6.18225122700005], [-2.9201580809999, 6.18219391600019], [-2.91996312599986, 6.18218239400017], [-2.91973366399998, 6.18221697500007], [-2.91933180899991, 6.18240079700018], [-2.9190909909999, 6.18242370900015], [-2.91891883599988, 6.18240056499997], [-2.91859759899995, 6.18226292300017], [-2.91850000199986, 6.18218819200007], [-2.91840240499994, 6.18211346100003], [-2.91809261499998, 6.1819411620001], [-2.91772540199997, 6.18173445700012], [-2.91748451299992, 6.18165404300004], [-2.91731218299998, 6.1816656850001], [-2.91711721599995, 6.18172287300007], [-2.91702539999989, 6.18183789600005], [-2.91693365499992, 6.18205624600017], [-2.91686479999993, 6.18223998400009], [-2.91679594399989, 6.18242372300011], [-2.91660075999994, 6.18280277300005], [-2.91653198099993, 6.18304377100009], [-2.91649771899984, 6.18346856600016], [-2.91653209999993, 6.18369851500006], [-2.91660666699994, 6.18387631200017], [-2.91671512199997, 6.18429025900002], [-2.91576322499998, 6.18379014700002], [-2.91549926199991, 6.18381314200008], [-2.91540767399988, 6.18383620400004], [-2.91540743399986, 6.18399670500008], [-2.91547653099997, 6.18422652900006], [-2.91548785199996, 6.18446758300013], [-2.91537320199996, 6.18451346000012], [-2.91523540999992, 6.18454822600012], [-2.91506330599998, 6.18446773600004], [-2.91498291199997, 6.18442755600012], [-2.91490251699992, 6.18438737600013], [-2.91473060099997, 6.18420373000004], [-2.91444352799994, 6.18399690500007], [-2.91411076199995, 6.18385930300008], [-2.91337650699995, 6.18370988400005], [-2.91310119299993, 6.18371001400004], [-2.91303229899989, 6.18384768600009], [-2.91303214199996, 6.18403143600017], [-2.91310119499991, 6.18424955000012], [-2.91311239199996, 6.18445633600015], [-2.91299764799987, 6.18454819200014], [-2.91286007399992, 6.18457142000011], [-2.91273382099996, 6.18452520500011], [-2.9126535769999, 6.18434140000005], [-2.91243552299989, 6.18403151600018], [-2.91222886299994, 6.18375586200011], [-2.91207977899995, 6.18364084400002], [-2.91188481099988, 6.18370991300014], [-2.91181014799992, 6.18388213499998], [-2.91151174299995, 6.1840831450001], [-2.91141422399994, 6.18406601600003], [-2.91121907099995, 6.18392808800019], [-2.91088653199989, 6.18370988600003], [-2.91080602199997, 6.18344591800007], [-2.91081755499988, 6.18328511699997], [-2.91081762999988, 6.183078464], [-2.91076017799992, 6.18295192300013], [-2.91055368599996, 6.18271070900005], [-2.91054221899992, 6.1825844330001], [-2.91039284199991, 6.18215969500011], [-2.91018057999992, 6.18209053900011], [-2.91006013899982, 6.18189551200004], [-2.90991090999989, 6.18189553200006], [-2.90975036799995, 6.18188388200014], [-2.90971588299993, 6.18179204500007], [-2.90968149199995, 6.18164286100017], [-2.90966999999995, 6.18154517300007], [-2.90965850799989, 6.18144748499998], [-2.90953236199994, 6.1812867480001], [-2.90932576599988, 6.18117210800006], [-2.90919378199982, 6.18106865300007], [-2.90906179699982, 6.18096519700003], [-2.90901605399995, 6.18079297700018], [-2.90900455899987, 6.18058636500018], [-2.90902744899989, 6.18028749700011], [-2.90907338299996, 6.17981685100006], [-2.90909613699989, 6.17956396300013], [-2.90907326699988, 6.17947242899999], [-2.90898151199991, 6.17946087500013], [-2.90886682099995, 6.1794835020001], [-2.9087807379999, 6.17951239800004], [-2.90869465499998, 6.1795412940001], [-2.90844224299997, 6.17970201200006], [-2.90815518499994, 6.17996618100017], [-2.90804060899995, 6.18060343000008], [-2.90807496399998, 6.18070095000013], [-2.90835034199995, 6.18110276400017], [-2.9084994829999, 6.18138999400014], [-2.90859145999997, 6.18163127600019], [-2.90855692699995, 6.18182651600017], [-2.9083961959999, 6.18191819200013], [-2.90810935099995, 6.18193007100012], [-2.90800630099989, 6.18205598300005], [-2.90798329599994, 6.18213080500004], [-2.90796029199981, 6.18220562800013], [-2.90789141499988, 6.18249260700014], [-2.90777673999997, 6.18268778900011], [-2.9076503579999, 6.18291762900014], [-2.90757022199995, 6.18313559100005], [-2.90755861399987, 6.18335382400005], [-2.90765034499992, 6.1835262240001], [-2.90784537399998, 6.18362971100009], [-2.90821278499993, 6.18366386800017], [-2.90840785299997, 6.18379026000014], [-2.90872897399993, 6.18412336800014], [-2.90879798599991, 6.18433029200003], [-2.90876354799991, 6.18446783900015], [-2.90856853699995, 6.18452536900008], [-2.90833894699995, 6.18453669900015], [-2.90782243899997, 6.18445640900006], [-2.90768472699995, 6.18451356000008], [-2.90767348599996, 6.18460573400012], [-2.90779961899995, 6.18484689300004], [-2.90791432899994, 6.18497322900004], [-2.90797163399986, 6.18521446300008], [-2.90793719399994, 6.18536355000009], [-2.90784553899982, 6.18552420800006], [-2.90768484899985, 6.18562794000013], [-2.90754720299998, 6.18554732200005], [-2.90744381799988, 6.18535206100012], [-2.90737506599987, 6.18514548200017], [-2.90726024999998, 6.18514537800019], [-2.90706506299989, 6.18522598400006], [-2.90682433399996, 6.1852027380001], [-2.90664052599993, 6.18514536300006], [-2.90633088199991, 6.18486972900018], [-2.90618151199988, 6.18467463300004], [-2.90613578099993, 6.18443352900016], [-2.90621608299989, 6.18424966400011], [-2.90633066299989, 6.18411182800008], [-2.90646864499985, 6.18397408000004], [-2.90647987999989, 6.18380751200016], [-2.90634237799998, 6.18376736300007], [-2.90625053499991, 6.18376157800009], [-2.90615869099997, 6.18375579500002], [-2.9059519839999, 6.18377857800004], [-2.90583730599991, 6.18373283700009], [-2.90568826399993, 6.18362935600015], [-2.90550465999985, 6.18364103600004], [-2.90536690799991, 6.18368699300004], [-2.9052061349999, 6.18376730400018], [-2.90510297299983, 6.18379023300002], [-2.90495375399991, 6.1837213660001], [-2.9048389109999, 6.18362947300005], [-2.90466693099989, 6.18358342000005], [-2.90452913899998, 6.18361818300002], [-2.90435705399995, 6.18368716800012], [-2.90409306299995, 6.18385912000014], [-2.90396703399989, 6.18403161100014], [-2.90389799099995, 6.18427261100015], [-2.90381773299987, 6.18469757200006], [-2.90378346199998, 6.18512254200004], [-2.90370303499998, 6.18527179200015], [-2.90361126799996, 6.18531758500012], [-2.90347339099998, 6.18534081100006], [-2.90332429599994, 6.18529467600007], [-2.90322108299989, 6.18530331200009], [-2.90299155799994, 6.18548995000009], [-2.90284242599995, 6.18566200700019], [-2.90252098499997, 6.18569656700004], [-2.90210789999998, 6.18582290000006], [-2.90172925799993, 6.18602970400013], [-2.90156877099997, 6.18619043600012], [-2.90158001599991, 6.1863397030001], [-2.90166607399993, 6.18634550800016], [-2.90175213199996, 6.18635131400009], [-2.90193590199988, 6.18638578700001], [-2.90198173999994, 6.18650066100014], [-2.90185539499987, 6.18674152100016], [-2.90175216699987, 6.18690256500014], [-2.90149975199995, 6.18729318400005], [-2.90125868699988, 6.18771768800002], [-2.90122448099993, 6.18800506100007], [-2.90124721599994, 6.18813138200011], [-2.90137367599982, 6.18822323500018], [-2.90149980499996, 6.18823466600014], [-2.90158020699994, 6.18823455100005], [-2.90163753299987, 6.18833801700009], [-2.90160303999994, 6.18854479500015], [-2.90154556699991, 6.18879746300007], [-2.90147683599992, 6.18896957700014], [-2.90148830599998, 6.18956694000008], [-2.90140793299997, 6.18964730600015], [-2.90131613699992, 6.18961302000014], [-2.90123582699994, 6.18956663800003], [-2.90116684699996, 6.18944048100019], [-2.90104084099988, 6.18946349200002], [-2.90093761099996, 6.18962419100012], [-2.90084558399991, 6.18968169500005], [-2.90076549399993, 6.18961275200013], [-2.90076547999996, 6.18945207900009], [-2.90077691099998, 6.18926828800005], [-2.90078831199997, 6.18876297599996], [-2.90077668399988, 6.18859080600015], [-2.90069651199991, 6.18849878700007], [-2.90058186099992, 6.18853329600017], [-2.90046694799992, 6.18859070900004], [-2.90034077799987, 6.18856774000017], [-2.90027200299988, 6.1884989290001], [-2.90032936799992, 6.18837249199998], [-2.90035224899992, 6.18815421800008], [-2.90031794299995, 6.18802810800014], [-2.90027192599996, 6.187947506], [-2.90016859999992, 6.18792479900003], [-2.90000796099997, 6.18795895500017], [-2.89983585999994, 6.1881083610001], [-2.89978983399993, 6.18832637500003], [-2.89970958699996, 6.188671086], [-2.89966378199989, 6.18910746300014], [-2.89954894199991, 6.18948656900011], [-2.89934233299988, 6.18991129400013], [-2.89921038399996, 6.19008931700006], [-2.89907843499998, 6.1902673400001], [-2.89869968099993, 6.19060054700009], [-2.89818342899991, 6.19073826800019], [-2.89778188299988, 6.19101386600005], [-2.89771306599988, 6.19117461400003], [-2.89759826499989, 6.19156491300009], [-2.89750642999985, 6.19174881900005], [-2.89738003899987, 6.19174875500005], [-2.89726539999998, 6.19171437800014], [-2.89717357399991, 6.1915994950001], [-2.89710478299992, 6.19138137600009], [-2.89705895899993, 6.19118607900003], [-2.89698992399991, 6.19112880600017], [-2.89687518699992, 6.19115143200008], [-2.89677206499994, 6.19118607100017], [-2.89663433499982, 6.19132381600014], [-2.89641631399996, 6.19156500300011], [-2.89625548399982, 6.19170283100016], [-2.8961062919999, 6.19171438600011], [-2.89602037099991, 6.191714305], [-2.89589994999989, 6.19159974000007], [-2.89576223099994, 6.19143869700014], [-2.89560151999996, 6.19115167600012], [-2.89559011199992, 6.19095625600011], [-2.89568167499993, 6.19085294500019], [-2.89598021199987, 6.19094504600008], [-2.89623248399994, 6.19089885300008], [-2.8964047099999, 6.19078388900016], [-2.89641621199996, 6.19069223100018], [-2.8963587099999, 6.19062355099999], [-2.89625565299991, 6.19051990300017], [-2.89609478099993, 6.19041663400003], [-2.89592282599983, 6.19022144200005], [-2.8957047049999, 6.1898192430001], [-2.89555563699992, 6.18962414200018], [-2.89541782699996, 6.18950959600011], [-2.8952916959999, 6.18949781900011], [-2.89514253299984, 6.18958979600018], [-2.89508498599997, 6.18975050400019], [-2.89501611599997, 6.18996894300005], [-2.89493580899995, 6.19015246400005], [-2.89482131999989, 6.19023277899998], [-2.89462622199994, 6.19026740100003], [-2.89447692099992, 6.19016391800011], [-2.89438505599998, 6.19003749600012], [-2.89431634799996, 6.18984245200011], [-2.89421303299991, 6.18975051500007], [-2.89405240599996, 6.18971612900009], [-2.89397778299991, 6.18975058000018], [-2.89385728199989, 6.19058891000009], [-2.8937080639999, 6.19073823399998], [-2.89362763399993, 6.19088748500019], [-2.89348990599996, 6.19125513300003], [-2.89332924999991, 6.19159944300009], [-2.89322609899989, 6.19201294900006], [-2.89314568299989, 6.19232322000005], [-2.89299666799991, 6.19252988900018], [-2.89279001099987, 6.19271317200014], [-2.89266952899993, 6.19286256500015], [-2.89254904799992, 6.19301196000004], [-2.89250325299997, 6.19336808700007], [-2.89236549399993, 6.19365514000009], [-2.89221632899995, 6.19397667699997], [-2.89210153699992, 6.19429843500012], [-2.8919637109999, 6.19448216100005], [-2.8917342229999, 6.19459681200004], [-2.89141278799997, 6.19479221400007], [-2.89127509799994, 6.19494149700006], [-2.89111459199989, 6.19517128400014], [-2.89082765299997, 6.19538946800009], [-2.89067854099994, 6.19542375300017], [-2.89052922399998, 6.19540069200013], [-2.89034566999987, 6.19534348200017], [-2.89032276999984, 6.19518254500008], [-2.89038013299995, 6.19509063700013], [-2.8904374949999, 6.19499872900019], [-2.89056385899988, 6.19491837200019], [-2.89087347699984, 6.19488385900007], [-2.89097675299996, 6.19473469899998], [-2.89098829599993, 6.19465423399998], [-2.89093662599993, 6.19456237100013], [-2.89088495499982, 6.19447050700018], [-2.89080477099992, 6.19421781200015], [-2.89075882399993, 6.19399960999999], [-2.89079319899997, 6.19375838900004], [-2.89074728099996, 6.1936207820001], [-2.89064397999994, 6.19344824900014], [-2.89048355699992, 6.19301191599999], [-2.89032265599991, 6.19282804800008], [-2.8901162599999, 6.1927707480001], [-2.88968025199995, 6.19280536500008], [-2.88939321999993, 6.19283962400016], [-2.88915220199988, 6.19273646500005], [-2.8890375339999, 6.19262166200002], [-2.88900314699981, 6.19247213200009], [-2.88902596599991, 6.19215052800013], [-2.88908356899998, 6.19193264600005], [-2.88928992899991, 6.19127767400005], [-2.88936458799998, 6.19105964500005], [-2.88943924799992, 6.190841616], [-2.8894507789999, 6.1906001320001], [-2.88939323499994, 6.19051956900012], [-2.8893016159999, 6.19046237600008], [-2.88873639699995, 6.19012771400008], [-2.88848688099989, 6.18997997800017], [-2.88831462999997, 6.18977324500003], [-2.88807381799984, 6.18972743200004], [-2.88792460499991, 6.18972744500013], [-2.88777539299991, 6.18972746000003], [-2.88767213099982, 6.18980773300018], [-2.88761468099995, 6.18991126600014], [-2.88751154299996, 6.19001444300005], [-2.88737384099983, 6.19000305000009], [-2.88712124099987, 6.18973891200011], [-2.88702963599997, 6.18960077700012], [-2.8870064809999, 6.18944035699997], [-2.8870754109999, 6.18915286000009], [-2.88709822799996, 6.18907270000005], [-2.88709833899986, 6.18894646700016], [-2.88704101299993, 6.18885470900005], [-2.88693196799994, 6.18880859900014], [-2.88678848799998, 6.18875684200003], [-2.88655909199991, 6.18873983300011], [-2.88638698799997, 6.18865933100005], [-2.88628370399994, 6.18841808300016], [-2.88622621499991, 6.18828034400002], [-2.88612286299997, 6.18816550000014], [-2.88601971199995, 6.18811954100011], [-2.88580156699993, 6.18809655000007], [-2.88553776199996, 6.18815397300011], [-2.88536572599992, 6.18816543299999], [-2.8851819969999, 6.18814266400017], [-2.88499847299994, 6.18794716400015], [-2.88492956399989, 6.18780369700011], [-2.8848606549999, 6.18766022800003], [-2.88478048599984, 6.18756820699997], [-2.88467703599997, 6.18751070900004], [-2.88451648899991, 6.18751076300003], [-2.88445906499987, 6.18769471800005], [-2.88433286199984, 6.18782070999998], [-2.88414936599992, 6.18770597700018], [-2.88383948599994, 6.18734990600012], [-2.88366728699992, 6.18669541500009], [-2.88357542899996, 6.18633943100008], [-2.88346073899987, 6.18613266400013], [-2.88328875799994, 6.18608660400008], [-2.88303614299991, 6.18612108100018], [-2.88293310099994, 6.18617862100012], [-2.88282482699992, 6.18641744600006], [-2.88267765599994, 6.18668394100018], [-2.88232472399994, 6.186591851], [-2.8817970259999, 6.18630457300009], [-2.88140661699993, 6.18615561400009], [-2.8812689589999, 6.18604080300008], [-2.88113130099987, 6.18592599400012], [-2.88100523299994, 6.18561559400018], [-2.88089043799994, 6.1853054980001], [-2.88076411199995, 6.18500698200006], [-2.8806036549999, 6.18478901000015], [-2.88054619799988, 6.18450144399998], [-2.88048881299994, 6.18408816099998], [-2.8805346449999, 6.183812628], [-2.88060367499992, 6.18347966700009], [-2.88072981199997, 6.18324983100007], [-2.88084461899996, 6.18310063299998], [-2.88099378699997, 6.18299746499997], [-2.88120025199981, 6.18291682700004], [-2.88130373099995, 6.18282484300011], [-2.88137247099996, 6.18264119200006], [-2.88137828799989, 6.18249763100005], [-2.88138410499994, 6.18235407000014], [-2.88132654299994, 6.18196369300006], [-2.88105123699989, 6.18149280000011], [-2.88071271499996, 6.18133194400014], [-2.88037419199992, 6.18117108800016], [-2.88001274399988, 6.18099309100006], [-2.87965129599991, 6.18081509500007], [-2.87944462099995, 6.18067736400013], [-2.87934142399985, 6.18045919000002], [-2.87927269899996, 6.18017200700018], [-2.87906620899997, 6.17978146600007], [-2.87868734299991, 6.179391017], [-2.87841204899996, 6.17908079800003], [-2.87835481299993, 6.17878203599997], [-2.87852683999995, 6.17861007500005], [-2.87881364999987, 6.17858701900013], [-2.87905467499991, 6.1786214710001], [-2.87928436399994, 6.17856417400009], [-2.87945629099994, 6.17844921600016], [-2.87965137899982, 6.17825392500009], [-2.87978916799995, 6.17805900800005], [-2.87996125699988, 6.17799003200003], [-2.88031711299993, 6.17795536400018], [-2.88062670899996, 6.17798991799998], [-2.88082188599986, 6.17797837900002], [-2.88102838999987, 6.17790962400011], [-2.88112039299995, 6.17777187200005], [-2.88113171299983, 6.17754192600006], [-2.88108587299996, 6.17746166500007], [-2.88104003299998, 6.17738140300003], [-2.88087942499993, 6.17727812500016], [-2.8806613779999, 6.17720880500013], [-2.88046634199992, 6.17717453500012], [-2.88038599799995, 6.17710576100012], [-2.88031707899984, 6.17692190700018], [-2.88023661199992, 6.17683005700002], [-2.88006449799997, 6.17681861000005], [-2.87980071099992, 6.17680679800014], [-2.87960566699996, 6.17661185200018], [-2.87947952899998, 6.17645093300013], [-2.87915812199998, 6.17633634100002], [-2.87879092799994, 6.17627856800016], [-2.87838927999985, 6.17622143200003], [-2.87774668899988, 6.17614103700004], [-2.87754017799995, 6.17604877000014], [-2.87734212299989, 6.17598850500002], [-2.8769664859999, 6.17556652700011], [-2.87689753899997, 6.17541728800012], [-2.87693206099988, 6.17513008500009], [-2.87701234899987, 6.17486579700005], [-2.87704681399987, 6.17464782400003], [-2.87692072899995, 6.17425717000003], [-2.87665661299991, 6.17361419100007], [-2.87662242799996, 6.1733613290001], [-2.87665677199993, 6.17310891300002], [-2.8770471119999, 6.1719948600001], [-2.87729959699993, 6.17137485900003], [-2.87747150899992, 6.17093837900018], [-2.87760929099989, 6.17058244200012], [-2.87766718199987, 6.17036037300011], [-2.87759515399995, 6.17002383699997], [-2.8774838679999, 6.16985583300016], [-2.87729947999992, 6.16961775500016], [-2.87677168999994, 6.1690662900001], [-2.87632412899995, 6.16871052100004], [-2.87611763099983, 6.16838886300008], [-2.87596856199991, 6.16788342100017], [-2.87585967099989, 6.16756761800008], [-2.87575078099985, 6.16725181600003], [-2.87562451499997, 6.1667351000001], [-2.87550968399995, 6.16625278599997], [-2.87542929499989, 6.16602299000016], [-2.87537201399994, 6.16594242300016], [-2.87527454299988, 6.16582195700016], [-2.87517707199981, 6.16570149200004], [-2.87425911099996, 6.16536821300008], [-2.87365102199993, 6.16514991500014], [-2.87329526999997, 6.16513842200015], [-2.8728819669999, 6.16527626800018], [-2.87245754599996, 6.16531065200019], [-2.87213626699992, 6.165230151], [-2.87112069199992, 6.16458119300017], [-2.87071338799996, 6.16427676900003], [-2.86966915499988, 6.16349581900005], [-2.86933659699991, 6.16310536700007], [-2.86927917699995, 6.16298476000014], [-2.86922175599983, 6.16286415200011], [-2.86918741599993, 6.16256547800009], [-2.86922174099993, 6.16223263899997], [-2.86925638799994, 6.16197970600012], [-2.86929065499993, 6.16170404100012], [-2.86923345299982, 6.16148604500006], [-2.8690841429999, 6.16130229700013], [-2.86865966399995, 6.16123352], [-2.86848747499982, 6.16127933100017], [-2.86831528699997, 6.16132514000014], [-2.86794833099998, 6.16156632100012], [-2.86769582499994, 6.16171582700002], [-2.86753514499998, 6.16174997100001], [-2.86737440699994, 6.16168113200013], [-2.86726332299997, 6.16152012400011], [-2.86707534399994, 6.16102208600012], [-2.86708084899988, 6.16074435100012], [-2.86717489999995, 6.16027680000008], [-2.86709346899994, 6.16010772200013], [-2.86704182499994, 6.16002730500014], [-2.86665163999987, 6.1599239630001], [-2.86633030399997, 6.15991234400013], [-2.86607787599985, 6.15992407600004], [-2.8658369989999, 6.15984363300004], [-2.86546968899995, 6.15944141500017], [-2.86540087699996, 6.15905107100002], [-2.86540103299996, 6.15877552500012], [-2.86540098599988, 6.15845382700013], [-2.86536668899987, 6.15816669100019], [-2.86513708199988, 6.15792553100016], [-2.86491928299989, 6.15776458100015], [-2.86485049499981, 6.15761533900007], [-2.86481603899989, 6.15744307099999], [-2.86479291099994, 6.15705273900005], [-2.86464381999986, 6.15685727800013], [-2.86428822999994, 6.15673090800016], [-2.8639209719999, 6.15665073200006], [-2.86366856399997, 6.15658754900011], [-2.86341615599997, 6.1565243660001], [-2.86302613299995, 6.15630598000018], [-2.86250968199994, 6.15576616300018], [-2.86143113899993, 6.15421584600006], [-2.86135089899989, 6.1537793870001], [-2.86125930499986, 6.15349193200001], [-2.86080031699981, 6.15315874400017], [-2.8601575909999, 6.1528833700001], [-2.85973323699989, 6.15268800400014], [-2.85945768999994, 6.15245802200008], [-2.85925128699989, 6.15217113900007], [-2.85888402899997, 6.15161960199998], [-2.85856281899993, 6.15132123600017], [-2.85793176499988, 6.15114880400012], [-2.85726631999995, 6.15105691400015], [-2.8564744919999, 6.15096512000002], [-2.85552223499991, 6.15078122800008], [-2.85538453299995, 6.15064324400004], [-2.85536165199994, 6.15032162299997], [-2.8555224129999, 6.14967852399997], [-2.85567142499997, 6.14905837100008], [-2.85577486999995, 6.14832333600015], [-2.85574056199994, 6.14764595400004], [-2.85563732899993, 6.1471635900001], [-2.85553408899989, 6.14685326900008], [-2.8553503739999, 6.14666963499997], [-2.85515551099985, 6.14635945900005], [-2.85501772099991, 6.14608387499999], [-2.85466213899997, 6.14595749600011], [-2.85442114599994, 6.1458539680001], [-2.85429492599997, 6.14573919200018], [-2.85421459299988, 6.1455093890001], [-2.85416886999991, 6.14534869700009], [-2.85403117899989, 6.14517626900005], [-2.85349180199995, 6.14500402700003], [-2.85275741899994, 6.14487758200011], [-2.85257402299993, 6.14478573600019], [-2.85251655099989, 6.14464816200012], [-2.8525510259999, 6.14442984300013], [-2.8527000549999, 6.14421164499998], [-2.85274599899998, 6.14405080700004], [-2.85274608199995, 6.14391303300016], [-2.85266584599998, 6.14379809900009], [-2.85257393999996, 6.14372918500004], [-2.85252815799987, 6.14362584200012], [-2.85256253499989, 6.14345350600007], [-2.85260851899994, 6.14330420700009], [-2.85261991499993, 6.143166393], [-2.85255102999992, 6.14307466800017], [-2.85117404599993, 6.14317776999997], [-2.85105937399993, 6.14329252000005], [-2.85102499199996, 6.14362553400008], [-2.85102501199987, 6.1437059590001], [-2.85101355599988, 6.14390129300006], [-2.85093305499987, 6.14410806000006], [-2.85069211899992, 6.14425717200015], [-2.85054305399996, 6.144303154], [-2.85038218199998, 6.14426857799998], [-2.85023319999988, 6.14417678500013], [-2.85008395699987, 6.14409635900006], [-2.84995783599993, 6.1440849120001], [-2.84979705899997, 6.14416520500009], [-2.84973972199992, 6.1443031770001], [-2.84955615799993, 6.14463601800003], [-2.84941842999996, 6.1444522220001], [-2.84930356399997, 6.14419963300008], [-2.84915442399989, 6.14406185700005], [-2.84897096899982, 6.14402753200011], [-2.84886760999996, 6.14399275700003], [-2.84877575999991, 6.14402734500004], [-2.84873003099995, 6.14417647100009], [-2.84853488199997, 6.14426842100011], [-2.84829681299982, 6.14425116100006], [-2.84825953199993, 6.14441765200007], [-2.84813320799998, 6.14450953500011], [-2.84796114299991, 6.14450961400007], [-2.84764496599996, 6.14403418000018], [-2.84769591599991, 6.14391483000003], [-2.84801716799996, 6.14375407400007], [-2.84816629399995, 6.14365074500012], [-2.84821240699995, 6.14336367200008], [-2.84820099899997, 6.14324901500009], [-2.84789102799988, 6.14293871600012], [-2.84720267199998, 6.14267432800006], [-2.84658314199987, 6.14241004600007], [-2.8460093459999, 6.14198509900018], [-2.84576851899988, 6.14176686900004], [-2.84563065099991, 6.14162905400008], [-2.84548153599985, 6.1414108510001], [-2.84553918499989, 6.14096288700011], [-2.84563104299997, 6.14061830700007], [-2.84566538799987, 6.14027375300014], [-2.84563094299995, 6.13995199699997], [-2.84552780099995, 6.13949287600008], [-2.84549347499996, 6.13920556300002], [-2.84557375999992, 6.13901050900006], [-2.84579179699995, 6.13876916900017], [-2.84589511899998, 6.13863121000003], [-2.84598717599994, 6.13834432300018], [-2.84597569499988, 6.13804573700003], [-2.84597560999987, 6.13762087600008], [-2.84604474399993, 6.13731064700011], [-2.84615948299989, 6.13697769900011], [-2.84615955899989, 6.13679962500009], [-2.84615963399989, 6.13662155200001], [-2.84612521399993, 6.13621937100004], [-2.84611363799991, 6.13581779900005], [-2.84612533899991, 6.13553050000019], [-2.84615986499995, 6.13516321200018], [-2.8461252809999, 6.1348759010001], [-2.84602218799989, 6.13468061600003], [-2.84588442599994, 6.13448545200004], [-2.84578113499992, 6.13423247600008], [-2.84581561499994, 6.13401450100008], [-2.84591888099988, 6.13378492400017], [-2.84599932299994, 6.13363550700012], [-2.84604533399994, 6.13340578200007], [-2.84607966199997, 6.13298080300012], [-2.84617161699992, 6.13273972500008], [-2.84627507899995, 6.13256732400015], [-2.84630937999987, 6.13237208300006], [-2.84606841399989, 6.13234932000006], [-2.84577001699989, 6.13219982900017], [-2.84581590299996, 6.13209634000009], [-2.84622923599989, 6.13197005900003], [-2.84622916299998, 6.13178630300007], [-2.84611453799982, 6.13175208200016], [-2.84599974899993, 6.13168290100003], [-2.84590787199994, 6.13153373200004], [-2.84585055999992, 6.13144179300002], [-2.84575891599997, 6.13137305000009], [-2.84559830599983, 6.13133829800006], [-2.84540320499985, 6.1312811040001], [-2.84528828499992, 6.13108586100003], [-2.84524815099996, 6.13094796600006], [-2.84520801699995, 6.13081007200003], [-2.84496733599991, 6.13014372900005], [-2.84453127399991, 6.12950079000007], [-2.84403803399994, 6.12889180300004], [-2.8435906769999, 6.12832881000008], [-2.84334982099995, 6.12809921100018], [-2.84317764799994, 6.12790381899998], [-2.8430400499999, 6.12760514900015], [-2.84299406899993, 6.12719198399998], [-2.84301724399995, 6.12681268100016], [-2.84327778699992, 6.12631289299998], [-2.84312050699998, 6.12577936200017], [-2.84308643999992, 6.12522786500011], [-2.84302892399995, 6.12483730000002], [-2.84285704099995, 6.12441234000005], [-2.84258168199989, 6.12406781600015], [-2.84218006299989, 6.12375748000005], [-2.8419506859999, 6.12342468100013], [-2.84177868899997, 6.12295356600015], [-2.84157226499997, 6.1224023150001], [-2.84121670199994, 6.12187396400014], [-2.84065445399995, 6.12120768500017], [-2.84039058599996, 6.12085140900018], [-2.84012665799997, 6.12055282600011], [-2.84000071699995, 6.12026548100005], [-2.83979405199989, 6.11980602200015], [-2.83969094999998, 6.11953065400007], [-2.83953033199992, 6.11900214900015], [-2.83930113399987, 6.11839345300007], [-2.83920933699994, 6.1178764230001], [-2.83910612199992, 6.11716448100015], [-2.83891119699996, 6.11659045600015], [-2.83875080099983, 6.11605041100017], [-2.83864743499987, 6.11553342100018], [-2.83864757999993, 6.11509701900013], [-2.83869381099993, 6.11460328200008], [-2.83878558999987, 6.11399469200018], [-2.83886599799996, 6.1134316080001], [-2.83931402899998, 6.11033100500015], [-2.83963549399994, 6.10974522400011], [-2.84007181299995, 6.10901025300012], [-2.8406455139999, 6.10828686800005], [-2.84140316199989, 6.1074945690001], [-2.84196541299997, 6.107046771], [-2.84238994899994, 6.10641517200008], [-2.84267692099996, 6.10580634600012], [-2.84278023499996, 6.10542737000003], [-2.84286069799987, 6.1052091520001], [-2.84309034699987, 6.10481872300005], [-2.84354920499993, 6.10432503900006], [-2.84390519999988, 6.10401520500017], [-2.84408863299996, 6.10380843100012], [-2.84421493599996, 6.10362450000008], [-2.84434124599983, 6.10329142800009], [-2.84442159199989, 6.10303876800015], [-2.84445599499998, 6.10279780300016], [-2.84449046499998, 6.10248769300011], [-2.84454800799995, 6.10224639000012], [-2.84434158899995, 6.10145386099998], [-2.84416948299992, 6.10096009900019], [-2.84395177599993, 6.1004890530001], [-2.84364186599987, 6.10009857600005], [-2.84344688899989, 6.09983445800003], [-2.84332077199986, 6.09958164299996], [-2.84298251599995, 6.09847896800017], [-2.84294235399989, 6.09824928000018], [-2.84293099999985, 6.09798505000015], [-2.84293116099997, 6.0976290750001], [-2.84301159599994, 6.09723863900012], [-2.84316066799994, 6.09688267100012], [-2.84337873099986, 6.09640023200012], [-2.84353941299992, 6.09605584800005], [-2.84363139999988, 6.09558486200012], [-2.84367732999993, 6.09509095600015], [-2.84367166999994, 6.09484405700005], [-2.84355201499989, 6.09127804400015], [-2.84342605899997, 6.09042814700007], [-2.84320788999992, 6.08981932600005], [-2.84315076299993, 6.08945166400002], [-2.84311644999991, 6.08916469300016], [-2.84304769199991, 6.08885467700009], [-2.84299608299989, 6.08877425499998], [-2.84171671199994, 6.08837175700012], [-2.8415332109999, 6.08815357900016], [-2.84141861499995, 6.0878090170001], [-2.84125786999988, 6.08732649300009], [-2.84118937199997, 6.08701647500004], [-2.84098287099994, 6.08676367300006], [-2.84058116999995, 6.08641922900017], [-2.84019125799989, 6.08606311900002], [-2.83998469499994, 6.08586766600013], [-2.83986998599988, 6.08572976500017], [-2.8397898049999, 6.08562670800006], [-2.83969785699992, 6.0854658240001], [-2.83966918099998, 6.08536810200019], [-2.83680689199991, 6.08353086300014], [-2.82438762799995, 6.0904134650001], [-2.8182915459999, 6.09363168100009], [-2.80931776099993, 6.09836891100002], [-2.80448361999987, 6.10097304100003], [-2.8010103069999, 6.10284406200003], [-2.79417869499997, 6.10652405800005], [-2.78240305299983, 6.11297284300008], [-2.77719873899997, 6.11582280500016], [-2.77369045399996, 6.11803225400007], [-2.77311945499997, 6.11839185600019], [-2.77317666999988, 6.11866748500017], [-2.77598298599992, 6.13130481200011], [-2.77623682199987, 6.13242036100013], [-2.77730622099989, 6.13712030100015], [-2.78008436599993, 6.14932940900013], [-2.78018732699991, 6.14990394900008], [-2.76876836199995, 6.16439840600003], [-2.76148055699991, 6.17398758200011], [-2.75866405299996, 6.1845089900001], [-2.75600795999992, 6.19437376400009], [-2.75555097099993, 6.19607100900009], [-2.75237017299992, 6.20712706500001], [-2.75228402499988, 6.20730508700018], [-2.75107785699993, 6.20893557800002], [-2.74979511999993, 6.21057183400006], [-2.74677977599993, 6.21450270100013], [-2.74576119299996, 6.22375944400017], [-2.73966593799992, 6.22665677900017], [-2.73456054399992, 6.22931761200016], [-2.72547524499987, 6.2315607000001], [-2.72049040999997, 6.22874502600018], [-2.71893983299992, 6.23136537200008], [-2.72222033799994, 6.23458275100012], [-2.71602250499996, 6.23694027700014], [-2.71510377399989, 6.23802073200011], [-2.71495432699987, 6.23813557900007], [-2.71488541499986, 6.23827358700015], [-2.71477053899986, 6.23843430500011], [-2.71451786299991, 6.23856085500012], [-2.71435707299992, 6.23846871900014], [-2.71426511199996, 6.23831935100003], [-2.71418472999994, 6.23815840500004], [-2.71412749899991, 6.23799773000013], [-2.71408135099995, 6.23777897700006], [-2.71398962599989, 6.23767576600017], [-2.71392062999996, 6.23754922900008], [-2.71381728799992, 6.23744588300008], [-2.71364495799997, 6.23745729400002], [-2.71350712499992, 6.2374918430001], [-2.71338093499998, 6.23756080100014], [-2.71323141399995, 6.23765291300015], [-2.71303623099988, 6.23767576500006], [-2.71287551499989, 6.23760653400012], [-2.71273756799997, 6.23752638000008], [-2.71268010299991, 6.23739980600004], [-2.71264579899992, 6.23725042200016], [-2.71258825999996, 6.23710111400004], [-2.71255391799997, 6.23694001900014], [-2.71251949199996, 6.23677944100018], [-2.71246185499996, 6.23665286700015], [-2.71235847399993, 6.23653763700003], [-2.71227820499996, 6.23641113800016], [-2.71216329499987, 6.23629646100017], [-2.71201387999992, 6.23626181200007], [-2.71180730899988, 6.23616999600011], [-2.71164633699982, 6.23610111000005], [-2.71150868399997, 6.23603197600005], [-2.71142822899998, 6.23602052500007], [-2.71134777499998, 6.23600907500003], [-2.7111525549999, 6.23602055900005], [-2.71098018899994, 6.23602060200017], [-2.71084235599989, 6.23605515100007], [-2.71070463399997, 6.23612397300008], [-2.71055522099994, 6.23617009800012], [-2.71037149799992, 6.23625043700008], [-2.71019931799998, 6.23630800300003], [-2.71003851799992, 6.23631920300011], [-2.7098775739999, 6.23636519400009], [-2.70972824799992, 6.23641149100007], [-2.7095790539999, 6.2364459050001], [-2.70944118399996, 6.23646891400011], [-2.70925716499994, 6.23653788500008], [-2.70911962699984, 6.23658380000006], [-2.70894733399996, 6.23660657700009], [-2.70879785799985, 6.23660688900009], [-2.70862560099988, 6.23656077300018], [-2.70846476299994, 6.23648034700011], [-2.70831550499992, 6.23638851500016], [-2.70817781599987, 6.23630801300004], [-2.70802837399998, 6.2362389160001], [-2.70786757199988, 6.23608959800004], [-2.70776419299995, 6.23597471099998], [-2.70767243099982, 6.23585978600016], [-2.70758036299992, 6.23575623000016], [-2.70750013299994, 6.23564126800005], [-2.7073621109999, 6.23553786100013], [-2.70729331399997, 6.23536568200018], [-2.70721282499989, 6.23525072100017], [-2.70714405099989, 6.23511264300009], [-2.70701752499997, 6.23499783099999], [-2.70690283699992, 6.23487144100005], [-2.70687980699995, 6.23472184700006], [-2.70681665899997, 6.23464713300012], [-2.70675351199998, 6.23457241700015], [-2.70662698599989, 6.23445760500005], [-2.70650053399993, 6.23436569800003], [-2.70637438799997, 6.23426225200018], [-2.70627104699997, 6.23415855900004], [-2.70616766899991, 6.23404384500014], [-2.70606410699997, 6.23395186500017], [-2.70591484999994, 6.23385968800005], [-2.70577723599996, 6.23380226400013], [-2.70562783299994, 6.23374487700005], [-2.70548999799996, 6.23369882200006], [-2.70535205199985, 6.23361849100007], [-2.70521429099989, 6.23359551300013], [-2.70506507099998, 6.23351487600013], [-2.70489270499996, 6.23351491600016], [-2.70429540599991, 6.23359538400007], [-2.70191795899984, 6.23414713700015], [-2.70176843499991, 6.23423907400019], [-2.70164224299992, 6.23430802800004], [-2.70149290299992, 6.23437688600006], [-2.7013436119999, 6.23443437600002], [-2.70120558199994, 6.23451508100004], [-2.70106804299996, 6.23456099300012], [-2.70094162999987, 6.23464131600008], [-2.70082664999995, 6.234744681], [-2.70070027299988, 6.2348365420001], [-2.70063153099989, 6.23497454800014], [-2.70048223999987, 6.23511264200016], [-2.70035563099998, 6.23523895100004], [-2.70021783499993, 6.23536564000017], [-2.70008011099992, 6.23543445999996], [-2.69994208099996, 6.23551481900017], [-2.69975855099995, 6.23562977300008], [-2.69958613699993, 6.23572178300003], [-2.69944826499994, 6.23582522100008], [-2.69928757699989, 6.23587120800005], [-2.69914977899987, 6.23591712000012], [-2.69900043899992, 6.23598632199997], [-2.69887402499995, 6.23606664400006], [-2.69877083399996, 6.23616997099998], [-2.69863299999992, 6.23628512000005], [-2.69849504199993, 6.23638821400004], [-2.69836862899996, 6.23646888100006], [-2.69820779299988, 6.23654931400006], [-2.69808137999991, 6.23662998000015], [-2.69795527199989, 6.23669859000012], [-2.69775994199989, 6.2367564000001], [-2.69762209399994, 6.23681385200007], [-2.69749564199998, 6.23688263499997], [-2.69733503999981, 6.23692862100006], [-2.69718573399996, 6.23692841200011], [-2.69703640499995, 6.23697436300012], [-2.69689855699994, 6.23703198700008], [-2.6967606849999, 6.23705499300002], [-2.69658842799993, 6.23708947700004], [-2.69645062899991, 6.23713539000005], [-2.69625522199982, 6.23716977600003], [-2.69608292899994, 6.23719306400017], [-2.69589920099992, 6.23719296700011], [-2.69576125499998, 6.2371928930001], [-2.69562345599996, 6.23715837500009], [-2.69547434699996, 6.23711252400011], [-2.6952558289999, 6.23699748800016], [-2.69509529899995, 6.23690551600004], [-2.69496888399988, 6.23682514600011], [-2.69480813299998, 6.236744542], [-2.6946472599999, 6.23665274400008], [-2.69454388199989, 6.23653768200012], [-2.69445190199991, 6.23643429400011], [-2.69434856199996, 6.23633077100015], [-2.69418765099988, 6.23622743300012], [-2.69404993799998, 6.23611248100002], [-2.69394656199995, 6.23599759000001], [-2.69385475299987, 6.23589403000017], [-2.69368518899989, 6.23578206600013], [-2.69359044299995, 6.23572178700005], [-2.69344111199996, 6.23560670000001], [-2.69333784699995, 6.23544582300013], [-2.6932690779999, 6.23530808800018], [-2.69321144499997, 6.23518151000019], [-2.69310810599984, 6.23507798700007], [-2.69305065799995, 6.23492850300011], [-2.69297039399981, 6.23480217100018], [-2.69288982299997, 6.23468737900009], [-2.69275203699993, 6.23454917600009], [-2.69259119999987, 6.23446857100009], [-2.69245358699993, 6.23441114300016], [-2.69232462799994, 6.23435352700017], [-2.69215484199992, 6.23434252100014], [-2.69198360199988, 6.23436924200013], [-2.69182480999996, 6.23442584500009], [-2.69170120499996, 6.23448764200015], [-2.69155768199988, 6.23454904699997], [-2.69141984699996, 6.23458376300005], [-2.69053010199997, 6.23428038900016], [-2.69027434999992, 6.23432485400002], [-2.68633002599989, 6.23501060400008], [-2.68600973799994, 6.23506628700017], [-2.68477341299996, 6.236240006], [-2.68120081899997, 6.2396650820001], [-2.68096095699991, 6.23948930900002], [-2.67957091899996, 6.23573112100013], [-2.67657403099997, 6.23234096400017], [-2.67625827999996, 6.23226303600012], [-2.67607963099988, 6.23221894400001], [-2.67590118599998, 6.23217490300004], [-2.67566336699991, 6.23211620800004], [-2.67549270199993, 6.23207408700006], [-2.67517640199998, 6.23199602200003], [-2.67494662099995, 6.23206388200015], [-2.67475134799997, 6.23212155000016], [-2.67459449699993, 6.23216787200005], [-2.67446476399994, 6.23220618500011], [-2.67431178899983, 6.23225136200006], [-2.67415126099996, 6.23229876900012], [-2.67392433999993, 6.23236578400008], [-2.67374278099993, 6.23241940200012], [-2.67353821899997, 6.2324798140001], [-2.67340652399997, 6.23251870500007], [-2.67308355699981, 6.2326140830001], [-2.67284492799996, 6.23269032600012], [-2.67269955199993, 6.23273677500015], [-2.67256451499992, 6.2327799200001], [-2.67239091399995, 6.23283538600003], [-2.67224164899994, 6.23288307700017], [-2.67206129199997, 6.23294070200006], [-2.67191955999994, 6.23298598499997], [-2.67174277899989, 6.23304246800012], [-2.67142684299995, 6.23314340900004], [-2.67099637999996, 6.232147005], [-2.67089927799998, 6.23192224200017], [-2.67122634899988, 6.23156540300005], [-2.67170081799998, 6.23104775000013], [-2.67194307599993, 6.23078344200007], [-2.67170893799994, 6.23047904500004], [-2.67151012999983, 6.23022057800006], [-2.67109412399998, 6.22967973699997], [-2.67080370899993, 6.22930217499999], [-2.67068489799993, 6.22897840100006], [-2.67033424699997, 6.228022839], [-2.67022505599982, 6.22772528199999], [-2.6700993799999, 6.22738279800012], [-2.66979205499996, 6.22732482400011], [-2.66945312799987, 6.22726088800016], [-2.66894494399986, 6.22760501500011], [-2.6684400929999, 6.22739700300014], [-2.66782845099993, 6.22695440300009], [-2.66764158399991, 6.22674182800017], [-2.66749494399988, 6.22657501600003], [-2.66734830399992, 6.22640820300018], [-2.66713273299985, 6.22616297500014], [-2.66692067399987, 6.22592174300007], [-2.66660231499992, 6.22555958700013], [-2.6660836879999, 6.22532386800009], [-2.66569565999987, 6.22463860400006], [-2.66528021499994, 6.22390491800013], [-2.66517908699996, 6.22328145800003], [-2.6651217779999, 6.22292814900004], [-2.66487694199998, 6.22270681300017], [-2.66439020499996, 6.22319698200016], [-2.66410139899995, 6.22310904900007], [-2.66385593499996, 6.22268781900004], [-2.66367281999993, 6.22295860800017], [-2.66343875799993, 6.22330473700009], [-2.66308018199993, 6.22302342199998], [-2.66296934999997, 6.22306819200014], [-2.66181657099997, 6.223493824], [-2.66155002899995, 6.22342803000009], [-2.66126080499993, 6.22320683300018], [-2.66088364099988, 6.22325244000012], [-2.65977155399997, 6.22250077000012], [-2.65979263399993, 6.22214533200003], [-2.65912743099989, 6.22234731900011], [-2.65852825299987, 6.22237141100015], [-2.65715220399994, 6.22237572800003], [-2.65602189099997, 6.22289012000016], [-2.65533400399988, 6.22293669800013], [-2.65426762999994, 6.22260687700009], [-2.65375764599992, 6.22276394900013], [-2.65331472899987, 6.22307628700003], [-2.65281044699998, 6.22330757900016], [-2.65233956199995, 6.22352355400017], [-2.6509985649999, 6.22304368699997], [-2.64993985699988, 6.22266483200002], [-2.64879589899994, 6.22618987000016], [-2.64863483999983, 6.22620139600002], [-2.6484972589999, 6.22623575500012], [-2.64820990599992, 6.22625869900008], [-2.64788848099988, 6.22633910200005], [-2.64767017299994, 6.22645414800019], [-2.64744030499992, 6.22647725600012], [-2.64717629899985, 6.22659175500013], [-2.64695795599988, 6.2266956040001], [-2.64682022299996, 6.22676441099998], [-2.64659027499994, 6.22684470100006], [-2.64644116299996, 6.22687926900011], [-2.64617674199991, 6.22697103300004], [-2.6459587409999, 6.22707453700008], [-2.6457633949999, 6.22721276200008], [-2.64555661599996, 6.22732742700003], [-2.64538431099993, 6.22743078800016], [-2.64524623399996, 6.22749976800003], [-2.64354644299988, 6.22868349700013], [-2.64254359199987, 6.22924993700013], [-2.64159355799995, 6.22978654200006], [-2.63923877999997, 6.23102775800004], [-2.63717105199987, 6.23237262300006], [-2.63537913099992, 6.23363636600004], [-2.63377364499996, 6.23466282300018], [-2.63293301299996, 6.23520027100005], [-2.63115574499989, 6.23624033000004], [-2.62778481699996, 6.23821297500012], [-2.62675164199993, 6.23881757600014], [-2.62437297399993, 6.23760330300013], [-2.62139502399992, 6.236670495], [-2.62121170199993, 6.23663357699996], [-2.62088933699994, 6.23656865900011], [-2.61961789499998, 6.23652657600013], [-2.61868697799997, 6.23674266500012], [-2.61810105699988, 6.23678717900009], [-2.61792883499993, 6.23675257100007], [-2.6166213219999, 6.23595653900009], [-2.61607532399995, 6.23559918500018], [-2.6152462739999, 6.23503325200016], [-2.61477097999995, 6.23470880200017], [-2.61445847099992, 6.23484053200002], [-2.61407562299996, 6.23500191100015], [-2.61376330699989, 6.23513356000012], [-2.61361282599995, 6.23570808900013], [-2.61327859799991, 6.23610956400006], [-2.61283708699989, 6.23633318900016], [-2.61201377399988, 6.23675019700005], [-2.61141324899995, 6.23696429500018], [-2.6106688509999, 6.2372296850001], [-2.61030183799983, 6.23756832900006], [-2.60989045199989, 6.23794791700004], [-2.60947906499996, 6.23832750499997], [-2.60911189199987, 6.23866629600002], [-2.60857325099988, 6.2394088690001], [-2.60813400699988, 6.23956858700018], [-2.60769922199995, 6.23996976100017], [-2.60682917599991, 6.24067066100008], [-2.60633022799993, 6.24088611100012], [-2.60548918099988, 6.24196464900018], [-2.60528781599993, 6.24212509900013], [-2.60508645199997, 6.24228555100012], [-2.60500559499991, 6.24241170300007], [-2.60452243399993, 6.24274387300017], [-2.60411914299993, 6.24324855500004], [-2.60398107299989, 6.24335180200012], [-2.60227904399994, 6.24433616000005], [-2.60160036999991, 6.24475986600009], [-2.60058856999996, 6.245217309], [-2.59988613299993, 6.24589375900001], [-2.59925421099996, 6.24609909300017], [-2.59832351199992, 6.24614291400013], [-2.59781792299992, 6.24623384100011], [-2.59726581799993, 6.24662288200005], [-2.5968288229999, 6.24682900000005], [-2.59650588999983, 6.24741456000004], [-2.59644780699989, 6.24770151400014], [-2.59619425099987, 6.24809206100002], [-2.59554966599995, 6.24866498800009], [-2.59507731099995, 6.24927304700003], [-2.59482381399994, 6.24951374500006], [-2.59452487399994, 6.24963952499996], [-2.59366337899991, 6.24971792100007], [-2.59304255199987, 6.24998108800008], [-2.59270926999994, 6.25004909800003], [-2.59182298799988, 6.25083994900018], [-2.59145500599988, 6.25093114399999], [-2.59099650899998, 6.25057375600011], [-2.5909064519999, 6.24984941700012], [-2.59082656299995, 6.24964211000014], [-2.59042623799996, 6.24894041000016], [-2.58991089999995, 6.24828384000017], [-2.5896816959999, 6.24807646700015], [-2.5891419809999, 6.24792566500014], [-2.58840779699995, 6.24755618800003], [-2.58791520299991, 6.24704922200016], [-2.58787373799987, 6.24688667400005], [-2.58776725199994, 6.24646923900002], [-2.58762037999998, 6.24589348600011], [-2.58755400399997, 6.24563328100015], [-2.58751812399993, 6.24549262700009], [-2.58739580299994, 6.24501311500018], [-2.58716414599996, 6.24410498100002], [-2.58656855699996, 6.24340265800009], [-2.58619007299984, 6.24309118300016], [-2.58627140999988, 6.24279564900019], [-2.58655876999995, 6.24260952300006], [-2.58661685899989, 6.2424371080001], [-2.58643641999987, 6.24219609600004], [-2.58670878899994, 6.24181844700018], [-2.58657256199996, 6.24170143200018], [-2.58547097599995, 6.24123901200011], [-2.58482809799995, 6.24112244500014], [-2.58426479699995, 6.24133961300015], [-2.58378230399984, 6.24126941100002], [-2.58340563799993, 6.24099479100005], [-2.58278386799998, 6.24039238200004], [-2.5826228279999, 6.24038883600008], [-2.58246194599991, 6.24043766200003], [-2.58217302199989, 6.24079342100009], [-2.58199984899989, 6.24072507500011], [-2.58185399499996, 6.24063730800003], [-2.58176272199989, 6.24049454200014], [-2.58097598899997, 6.24019569800009], [-2.58079382399984, 6.23994716100009], [-2.58069628699985, 6.23981360300019], [-2.58022611999985, 6.23949102899996], [-2.58001991699985, 6.2392603290001], [-2.57983612599998, 6.23921403000008], [-2.57969815299987, 6.2392941920001], [-2.57953730499997, 6.23929381200008], [-2.57922762399994, 6.23916659400004], [-2.57898692899988, 6.23897061600019], [-2.57880411999997, 6.23853350000007], [-2.5781047399999, 6.23802593500011], [-2.57788705999985, 6.23778407200007], [-2.57752108099993, 6.23716234500006], [-2.57721110999995, 6.23702393000002], [-2.57676918899989, 6.23690795600004], [-2.57632726899993, 6.23679198200006], [-2.57618960699989, 6.2368032440001], [-2.57568301399994, 6.23730770300017], [-2.57538376199994, 6.23744501200008], [-2.57521163999991, 6.23744432100011], [-2.57443110499997, 6.23722394500015], [-2.57336418199998, 6.23675036700007], [-2.57265216999997, 6.23662227800003], [-2.57229653399992, 6.23649484700007], [-2.57147091199994, 6.23592960200011], [-2.57053125199997, 6.23498490300017], [-2.57027923499993, 6.23480014899997], [-2.56973970899986, 6.2345921380001], [-2.56934932299987, 6.23455695600001], [-2.56903513899994, 6.23469685100014], [-2.56811386999988, 6.23490504900013], [-2.56746245099993, 6.23515675499999], [-2.56733598199992, 6.23505068100013], [-2.56717182499995, 6.23489576300011], [-2.5668249229999, 6.23466313800009], [-2.56676005799989, 6.23451024499997], [-2.56678689899996, 6.23405896700012], [-2.56692379599991, 6.23406661800016], [-2.56704090099993, 6.2339651100001], [-2.56702944199998, 6.23381563800018], [-2.56665018599995, 6.23352877700012], [-2.56635154499992, 6.23337946900006], [-2.56617914999987, 6.23340271699999], [-2.56605305199992, 6.23348301199997], [-2.56590360299981, 6.23343729500004], [-2.56585743399989, 6.23310414400009], [-2.56571936699993, 6.23286289900011], [-2.56568475899991, 6.23271366800009], [-2.56576516099989, 6.23251793500015], [-2.56590268699989, 6.23246051500001], [-2.56598298399996, 6.23234573500014], [-2.56575275999995, 6.23170223400007], [-2.56571790899989, 6.23109311900004], [-2.56549925099984, 6.2305186530001], [-2.56555650899998, 6.2301510910001], [-2.56564802999998, 6.22998977300006], [-2.56518846599988, 6.22972605700011], [-2.56521139699993, 6.22956511500007], [-2.56547528599998, 6.2291399290001], [-2.56533721699992, 6.22901356800003], [-2.56502738399996, 6.22909406300005], [-2.56491234299995, 6.22901362200002], [-2.56501544099996, 6.22857720000013], [-2.56494633999989, 6.22840447500016], [-2.56495772299996, 6.22826664800004], [-2.56516425299992, 6.22805968900008], [-2.56500324599983, 6.22783005200017], [-2.56509493599987, 6.22772643400009], [-2.56526748199991, 6.22778379600004], [-2.56538214199992, 6.22790988200018], [-2.56550851599997, 6.22780685100008], [-2.56539337799995, 6.22751937700014], [-2.56546219499995, 6.22739291900012], [-2.56560007899992, 6.22736977400007], [-2.56572635999987, 6.22743881300005], [-2.56582970199997, 6.22734670200015], [-2.56582955099998, 6.22720856500018], [-2.56564580699995, 6.22700224700014], [-2.56549625599996, 6.22692156500005], [-2.5653585959999, 6.22693334100012], [-2.56525501899995, 6.22682995800017], [-2.56508247099981, 6.22639349200011], [-2.56509386999994, 6.22623241200012], [-2.56542649599993, 6.22594481600015], [-2.56541500599997, 6.22578432100011], [-2.56497861799994, 6.22581885700009], [-2.56485225299997, 6.225750162], [-2.56474883199991, 6.22561198700004], [-2.56480599799994, 6.22547436800011], [-2.56495532899993, 6.22539366100011], [-2.56525386599998, 6.22539346500008], [-2.5653916949999, 6.22543921700014], [-2.56567903699988, 6.22566916900013], [-2.56585117799989, 6.22541580800004], [-2.56588522399989, 6.22491034900008], [-2.56601143999995, 6.22484142300004], [-2.56614920099997, 6.22486409500016], [-2.56645932299995, 6.22479514000003], [-2.56661995499991, 6.22489818100013], [-2.56673474299993, 6.22480620700014], [-2.56690683399995, 6.22450720200004], [-2.56718246499992, 6.22441509600003], [-2.56712472599986, 6.22424285400018], [-2.56700990999997, 6.2241508730001], [-2.56698686899989, 6.22401314799998], [-2.56722760199995, 6.2236450420001], [-2.56736558699987, 6.22365651700005], [-2.56746893899998, 6.22377126800006], [-2.56737724299995, 6.22404712700006], [-2.56743472499994, 6.22421954300012], [-2.56754983299993, 6.22432289000005], [-2.56785964199992, 6.22432266000004], [-2.56802994499998, 6.22425783000017], [-2.56832673999992, 6.22388632200017], [-2.56864509599995, 6.22399817500008], [-2.56874953499982, 6.22392132300013], [-2.56886971199998, 6.22354044000014], [-2.56901890599988, 6.22335604300008], [-2.56930594399995, 6.22336759100017], [-2.56984558199991, 6.22324059600004], [-2.57045390299987, 6.22276891400008], [-2.57079783999984, 6.22220569500013], [-2.57114186699988, 6.22141236200008], [-2.57124468599994, 6.22088362000005], [-2.57119491499992, 6.22065792500013], [-2.57101413199996, 6.21983811100017], [-2.57097929299994, 6.21932097400008], [-2.57104228499998, 6.21907387900018], [-2.57110527699996, 6.21882678400004], [-2.57136879899991, 6.21825192000011], [-2.57146067699995, 6.21812539400008], [-2.57160972999998, 6.21806793900004], [-2.57242554899995, 6.21876222900011], [-2.57271295299995, 6.21910103400018], [-2.57287424899994, 6.21951479400013], [-2.57296638899993, 6.21994012800013], [-2.57323087999987, 6.22056009800013], [-2.57334016899995, 6.22067500200001], [-2.57344945999995, 6.220789905], [-2.57386921199992, 6.22083202100015], [-2.57416707699997, 6.22086190800002], [-2.57447143999997, 6.22089244600005], [-2.57536633599983, 6.21984617000004], [-2.57565326999992, 6.21965033800018], [-2.57596326499993, 6.2196271950001], [-2.57629638999987, 6.21968424700003], [-2.57713501199987, 6.21991323700013], [-2.57725538099987, 6.21983287200015], [-2.57737575099998, 6.21975250700018], [-2.5774563199999, 6.21961447300009], [-2.57754790599995, 6.21930416700019], [-2.57754763399993, 6.21909713400004], [-2.5773865079999, 6.21862619200016], [-2.57712207899988, 6.21825838500018], [-2.57670828999994, 6.21790273600016], [-2.57604190699993, 6.21756988700008], [-2.57574344799986, 6.2174782830001], [-2.57487057599991, 6.21742163300007], [-2.5741929859999, 6.21728447900006], [-2.57406660599992, 6.2171809940001], [-2.57400888199993, 6.21704302800009], [-2.57403159099988, 6.21672138700018], [-2.57413501699989, 6.21657174600017], [-2.57430720899993, 6.21651125000011], [-2.5747436769999, 6.21659404700011], [-2.57520275599995, 6.21652498900011], [-2.57566202699996, 6.21631779300003], [-2.57592586399994, 6.21605313400005], [-2.57604034399998, 6.2156565520001], [-2.57615482399996, 6.21525997100008], [-2.57625816299998, 6.21516820200003], [-2.57640752099991, 6.21521374600007], [-2.57660279699991, 6.21542071400012], [-2.57675283199995, 6.21604102300006], [-2.57689058599993, 6.21635133500013], [-2.57699412699986, 6.21644300300005], [-2.57726988499996, 6.21656929400012], [-2.57752251299996, 6.21650016100017], [-2.57764862199991, 6.21639644100014], [-2.57806161499997, 6.21582147400005], [-2.5789679259999, 6.21462565700017], [-2.57874951999997, 6.21433866800015], [-2.57791060299991, 6.21383357600007], [-2.57784740499994, 6.2137072540001], [-2.57778420799997, 6.21358093200013], [-2.57780691299996, 6.21343153100014], [-2.57797909699991, 6.21316697300011], [-2.57811668399995, 6.21313228600013], [-2.57840386799995, 6.21322409500004], [-2.57879467799989, 6.21352245500003], [-2.57902468299983, 6.21389002000012], [-2.57924340799997, 6.21465980000005], [-2.57947086399997, 6.21484934300003], [-2.57963404799989, 6.21490097700001], [-2.57990967899997, 6.2148601180001], [-2.58033983099995, 6.21462940800001], [-2.58066471899997, 6.21426969700002], [-2.58078159899998, 6.21400344700004], [-2.58081592099995, 6.21368177200014], [-2.58067768799998, 6.21321076200007], [-2.58045360999995, 6.21296960500013], [-2.58022953299997, 6.21272844800012], [-2.58019475299983, 6.21240663400016], [-2.58046969199995, 6.21179728700008], [-2.58066471299998, 6.21154420000005], [-2.58090567199986, 6.21137192900005], [-2.58126734699994, 6.21122211800002], [-2.58162902199985, 6.21107230800004], [-2.5819271389999, 6.21076172800014], [-2.5820763289999, 6.21034790500005], [-2.58205321599996, 6.21018692999996], [-2.58156064899987, 6.20996353600015], [-2.58104207299994, 6.20972834500014], [-2.5807550859999, 6.20986070800018], [-2.58046809799987, 6.20999307100004], [-2.58030741599993, 6.21001611500014], [-2.58019251699989, 6.20992448100003], [-2.58018105599996, 6.20977500999999], [-2.5802956689999, 6.20951079500009], [-2.58067404299987, 6.20895866800015], [-2.58070831199996, 6.20882060100018], [-2.58069688699987, 6.20868284200009], [-2.58051281799993, 6.20845327800009], [-2.58044174699984, 6.20842033600019], [-2.57998994799993, 6.20841989100006], [-2.57998932799995, 6.20821190300006], [-2.58006155099991, 6.20803143800015], [-2.58069029899997, 6.20775784300002], [-2.58135021799995, 6.20732639099998], [-2.5813613599999, 6.20682065900007], [-2.58080975399992, 6.20653363100013], [-2.57968441999998, 6.20630480800014], [-2.57958084699993, 6.2062014280001], [-2.57954627099991, 6.20606339400007], [-2.57974070199992, 6.20523605900007], [-2.57963740399981, 6.2051095970001], [-2.5793272649999, 6.20499477600009], [-2.57887943799989, 6.20499542200014], [-2.57834002299995, 6.20536355800004], [-2.57804183599995, 6.20576611200016], [-2.57799581099988, 6.2059157540001], [-2.57801912799994, 6.20608792500019], [-2.57846745799998, 6.2068344600001], [-2.57855951399989, 6.2071447350001], [-2.57854838999992, 6.20745514700019], [-2.57846828599997, 6.20766207400015], [-2.57833061299993, 6.2077539440001], [-2.57818123999994, 6.20773130900011], [-2.57803178099994, 6.20765097300006], [-2.57783643999994, 6.20742109700001], [-2.57751421499989, 6.20668607200002], [-2.57706623499996, 6.20643317900016], [-2.5769741769999, 6.20629566000008], [-2.5769797669999, 6.20613477000006], [-2.57698535499992, 6.2059738800001], [-2.57732904599993, 6.20498539900012], [-2.57734032399998, 6.20469789500015], [-2.57724848999993, 6.20454849200013], [-2.57708753799994, 6.20442254600016], [-2.5766738609999, 6.20421571000008], [-2.57600793899996, 6.20408971600017], [-2.57557141799992, 6.20415922200004], [-2.57519266899993, 6.20441250900012], [-2.57506673099982, 6.20457341200006], [-2.57472267799994, 6.20547008800014], [-2.57471164999993, 6.20592966100008], [-2.57482703799997, 6.20638954600003], [-2.57481565799992, 6.20652737300014], [-2.57472384999994, 6.20667663500006], [-2.57459745399996, 6.20659622900018], [-2.57449968299989, 6.20644701500009], [-2.57440191199987, 6.20629780000007], [-2.57406841699998, 6.20556246000018], [-2.57347083799993, 6.20491970800009], [-2.5730112629999, 6.20464410900013], [-2.57254614399989, 6.20469035800011], [-2.57208102499987, 6.20473660700014], [-2.57147251799995, 6.20464540300003], [-2.57069160099991, 6.20477242200019], [-2.57056522499994, 6.20466927800015], [-2.57050776199998, 6.20453113899998], [-2.57044973599989, 6.20379566700007], [-2.57049535499993, 6.20350840500009], [-2.57054120999993, 6.20335893700019], [-2.57082795599985, 6.20301377600015], [-2.57097696699998, 6.20256550600016], [-2.57095371999992, 6.20241624200008], [-2.57086758399993, 6.20230143900011], [-2.57078144899998, 6.20218663800011], [-2.57034498699994, 6.20201465600007], [-2.57016105299982, 6.20200297100007], [-2.57002331299998, 6.20207227600002], [-2.56974823299993, 6.20246304600005], [-2.56936970099997, 6.20325647800013], [-2.56926670799987, 6.20334858800015], [-2.56912879599992, 6.20336036500015], [-2.56872684199988, 6.20318810800018], [-2.56858862999991, 6.20292378100004], [-2.56859994999996, 6.20264816000008], [-2.56870308599997, 6.20242962500004], [-2.56936864899995, 6.20196932000005], [-2.56962118299992, 6.20157861700017], [-2.56973550999987, 6.20124499100007], [-2.56959767799992, 6.20099254900015], [-2.56945968499997, 6.20088892300009], [-2.56825364999992, 6.20054525300009], [-2.56811594899989, 6.20045333900009], [-2.56808134499994, 6.20030410800013], [-2.56817311899994, 6.20014313500019], [-2.56831082699995, 6.20006263500011], [-2.56864373699995, 6.20005079800012], [-2.56961985999988, 6.20019948200019], [-2.56974632699996, 6.20013021100004], [-2.56994138699991, 6.19988884000003], [-2.57014743399992, 6.1994634830001], [-2.57030782399988, 6.19893474200012], [-2.57027310499996, 6.19865908700018], [-2.57010081699997, 6.19839468900011], [-2.56965282799996, 6.19822274100011], [-2.56856198899993, 6.19830416600018], [-2.56783843699992, 6.19815524900002], [-2.56708072799995, 6.19827082300003], [-2.56698862099995, 6.19814449700004], [-2.56706878499995, 6.19786867400006], [-2.56730977699988, 6.19770743300012], [-2.56760845399998, 6.19767279100012], [-2.56778058199995, 6.19759218899998], [-2.5680216259999, 6.1974194070001], [-2.56818219799993, 6.19715523100007], [-2.56821632099985, 6.19687937099997], [-2.56815863799994, 6.19650594800009], [-2.56810095599997, 6.1961325260001], [-2.56844453299988, 6.19498317600005], [-2.56837544299998, 6.19469556300015], [-2.56812219799997, 6.19408674800013], [-2.56786895499988, 6.19347793300011], [-2.56740929099993, 6.19278860100007], [-2.56720237899998, 6.19257080900019], [-2.56635241599997, 6.19221505500008], [-2.56604228099991, 6.19221528100007], [-2.56518115799997, 6.19236525900004], [-2.56498595999989, 6.19229676599997], [-2.56493378199986, 6.19215403300018], [-2.56428514399994, 6.19211819200012], [-2.56416424999998, 6.19211151200011], [-2.56327171299989, 6.19206219400013], [-2.5629645169999, 6.19204521900002], [-2.56225300299991, 6.19224143000002], [-2.56181652999993, 6.19214987600009], [-2.56140342099997, 6.19248334700006], [-2.56088667899991, 6.192633167], [-2.56064585499996, 6.19285193400009], [-2.55967024499989, 6.19351914100014], [-2.55885501199998, 6.19365717000011], [-2.55752293299997, 6.19354370400015], [-2.55686348299992, 6.19399435700001], [-2.55653591999993, 6.19425710100012], [-2.55567490399983, 6.19447613400018], [-2.55536478399983, 6.19445344600007], [-2.55477914799997, 6.19429308200012], [-2.55459543299986, 6.19438473700018], [-2.55343563399992, 6.19439760600011], [-2.55264337999989, 6.19450137600012], [-2.55248266899991, 6.1944555120001], [-2.55203423699993, 6.19383537100003], [-2.55190788099998, 6.19376649900016], [-2.55097773899985, 6.19359473600008], [-2.55063325199995, 6.19376746799998], [-2.55032324799987, 6.19381367400007], [-2.55015103999995, 6.19377938500003], [-2.54981773799994, 6.19353835600003], [-2.54945051799996, 6.19388339799997], [-2.54937716699993, 6.19427804900005], [-2.54918450099996, 6.19460152200008], [-2.54868737799995, 6.19524063200004], [-2.54846430899988, 6.19552741100006], [-2.54833847499998, 6.19602194399999], [-2.54805162199995, 6.19642393600003], [-2.54723791699996, 6.19692992600017], [-2.54592508999986, 6.19774628400006], [-2.5457680099999, 6.19784396200015], [-2.54429765599991, 6.19793253600017], [-2.54394151899987, 6.19762232800008], [-2.54292531099998, 6.19685972600007], [-2.54264803699994, 6.19665164800006], [-2.54181577599991, 6.19602708400009], [-2.54153277999995, 6.19581471000009], [-2.54102257599993, 6.19530378000007], [-2.54054050699995, 6.19482102300003], [-2.54000040199992, 6.19439628700007], [-2.53968680399993, 6.19423496300004], [-2.53886304499997, 6.19381120000008], [-2.53828880899988, 6.19360479300013], [-2.53767996899995, 6.19330616400003], [-2.53746163499983, 6.19312266800011], [-2.53686365999982, 6.19214622400017], [-2.53624313799997, 6.19152604600015], [-2.5356227449999, 6.19115889300008], [-2.53524377499997, 6.19104424000011], [-2.53402626699989, 6.19071171100001], [-2.53357761499996, 6.19052849000008], [-2.53276270799995, 6.19019569700015], [-2.53189007399988, 6.19000082300016], [-2.53146503999989, 6.18996656600012], [-2.5308910249999, 6.19010481100008], [-2.53052357499996, 6.19025469000013], [-2.52963977099995, 6.19078396100014], [-2.52924942799996, 6.19093356100007], [-2.52904286499995, 6.19092244300003], [-2.52869860699997, 6.19111789900006], [-2.52853764599996, 6.19116417900017], [-2.52722853999984, 6.1912685370001], [-2.52688423199993, 6.19137218600002], [-2.52653992399996, 6.19147583400007], [-2.52588541099982, 6.19160259300003], [-2.52560419499997, 6.19152148600017], [-2.52437928799998, 6.19116820200003], [-2.52389857299983, 6.19102955500006], [-2.52323217599991, 6.19082305000006], [-2.52189997499994, 6.19037593200005], [-2.52087761899998, 6.18982491899999], [-2.52067062899982, 6.18966429000011], [-2.52057872599994, 6.18951504400002], [-2.52037183499988, 6.18938886299998], [-2.51971739499993, 6.1892396770001], [-2.51899345499987, 6.18886091200011], [-2.51885575099993, 6.18873470600016], [-2.51867177399981, 6.18843604100005], [-2.51836151599997, 6.18818338199998], [-2.51776417199994, 6.18798855600005], [-2.51727047899993, 6.18798876100016], [-2.51648943399988, 6.18786284000009], [-2.51614482399998, 6.18772533800012], [-2.51644178199996, 6.18497131200013], [-2.5166142139999, 6.18499441800009], [-2.51678645399994, 6.1850406050001], [-2.51692427099982, 6.18508637300016], [-2.51714251699991, 6.18512106100019], [-2.51729186599994, 6.18516731300014], [-2.51748692899992, 6.18519018100005], [-2.51767066699995, 6.18522479500007], [-2.51785445699994, 6.18524769499999], [-2.51802672999997, 6.18530542200006], [-2.51818751099989, 6.18531684900006], [-2.51835996499995, 6.18531721700009], [-2.51852071399992, 6.1853172750001], [-2.51867011199994, 6.18525983400002], [-2.51889972399994, 6.18523678600008], [-2.51903760299996, 6.18521382800014], [-2.51922138899988, 6.18514492100002], [-2.51934782999996, 6.1850642930001], [-2.51949710999997, 6.18499565600001], [-2.51969236099995, 6.18490346400006], [-2.51988761399997, 6.1848117880001], [-2.52001405599992, 6.18473150400018], [-2.52018640499989, 6.18460510000006], [-2.52031256699996, 6.18454755300019], [-2.52047364299995, 6.18442118100018], [-2.52060011799995, 6.18435226499997], [-2.52071487599994, 6.18424876200004], [-2.52092161299987, 6.1841110630001], [-2.52109403599997, 6.183950036], [-2.52124333399996, 6.18385814700014], [-2.52136967699994, 6.18374324200016], [-2.52150771399988, 6.18368566100008], [-2.52163412399995, 6.18359418100016], [-2.52174877499993, 6.18351358700005], [-2.52186375799994, 6.18339871500012], [-2.52201305599993, 6.18330665200006], [-2.52216254699988, 6.18319185399997], [-2.52231185799997, 6.18313441300012], [-2.52247275299987, 6.1830655710001], [-2.52262211699997, 6.18299659000019], [-2.52278291199997, 6.18289312600012], [-2.52290912799992, 6.18282438300008], [-2.52310444499994, 6.18275544200014], [-2.5232996339999, 6.18273249100008], [-2.52343760999997, 6.18274398100016], [-2.52360981499993, 6.18277845299997], [-2.52374756699993, 6.18280148300011], [-2.52389694699997, 6.18285893000018], [-2.52403492499991, 6.18287076400009], [-2.52418419399993, 6.18285931200018], [-2.52440225399994, 6.18285954800001], [-2.52456311999993, 6.1828708000001], [-2.52471233699993, 6.18287106000008], [-2.52491920999989, 6.18287098400009], [-2.52505715299992, 6.18287110500017], [-2.52519487199987, 6.18288259500008], [-2.52535570499987, 6.18288265000018], [-2.52555080899992, 6.18285969900012], [-2.52568880499996, 6.1828482790001], [-2.52586103799985, 6.18280231200009], [-2.52599894299988, 6.18269891400007], [-2.52613683499993, 6.18256106600001], [-2.52621713899993, 6.18244612000012], [-2.52629775199989, 6.18231997700008], [-2.52640100599984, 6.18213589600003], [-2.52647021399997, 6.18196345200016], [-2.52652764699991, 6.18182549000011], [-2.52664251699991, 6.18164189200019], [-2.52674599499994, 6.18144644199998], [-2.52686083199995, 6.18125095799996], [-2.52694137899988, 6.18110156200004], [-2.52702176899987, 6.18098678800015], [-2.52711377999992, 6.18081427900017], [-2.52722861699993, 6.18061879500016], [-2.52729754799986, 6.1804694330001], [-2.52740089899987, 6.18032014500017], [-2.52751599399988, 6.18012466100015], [-2.52763082999991, 6.17992917700013], [-2.52772287499988, 6.17976820800004], [-2.52782637899992, 6.17964200000011], [-2.52790658199996, 6.17949277700006], [-2.52804459799995, 6.17930842300012], [-2.52814788299997, 6.17913622500009], [-2.5282513869999, 6.17901001700011], [-2.52837785299988, 6.1788489490001], [-2.52849826499983, 6.17875593100007], [-2.52864399999987, 6.17864335000007], [-2.53080207899984, 6.17697622300005], [-2.52654108799987, 6.1757538920001], [-2.52156212899996, 6.17432554800001], [-2.51218582899998, 6.17163555400003], [-2.51218241199996, 6.17148088200003], [-2.51190798999988, 6.15905698000006], [-2.5117006619999, 6.14966810100009], [-2.50192656399997, 6.14920983300004], [-2.49511479699987, 6.14915462500005], [-2.48781512399995, 6.14888911200006], [-2.47246948299983, 6.14860662400014], [-2.46692051899987, 6.1485143060001], [-2.46544761199988, 6.1489131620001], [-2.45744446599991, 6.15114607600009], [-2.45521641099998, 6.15191375600017], [-2.44575578399991, 6.15469112000011], [-2.44509878899993, 6.15488398800011], [-2.44494321799993, 6.15464136100019], [-2.44489676699993, 6.15428099600013], [-2.44497088599991, 6.15376140700005], [-2.44499856399989, 6.15343016300017], [-2.44504323799987, 6.15319523700009], [-2.44551671999994, 6.15288889100015], [-2.44583231999997, 6.15252540500006], [-2.44600284499995, 6.15225984800003], [-2.44627552299994, 6.15177542700019], [-2.4464232759999, 6.15152147300017], [-2.4467194419999, 6.15116324899998], [-2.44712957999991, 6.15059715400014], [-2.44739224699987, 6.15038836299999], [-2.44762131599992, 6.15027776000017], [-2.44785038699996, 6.15016715700017], [-2.4480558599999, 6.14997040600014], [-2.44821514199992, 6.14971642000012], [-2.44832717699995, 6.14930150800006], [-2.44875881299987, 6.14854002100003], [-2.44924775999993, 6.14792429800013], [-2.4494708659999, 6.14764300100006], [-2.44972908299997, 6.14729898000007], [-2.44992934899994, 6.14674976000015], [-2.44991546199992, 6.14625951200009], [-2.44990402799988, 6.14617552400006], [-2.44988134399995, 6.14602912900011], [-2.44980822999986, 6.14531275600007], [-2.44985352499998, 6.14503187100019], [-2.44995842299994, 6.14474283800018], [-2.45008855899994, 6.14447283600003], [-2.45015065299992, 6.14431729700004], [-2.45021274799996, 6.14416175800005], [-2.45023574699997, 6.14393712200012], [-2.45024360999992, 6.14374852900005], [-2.45024741199995, 6.14360604300015], [-2.4502490989999, 6.14342742500014], [-2.45026704199989, 6.14312408500007], [-2.45042094199994, 6.14275071600002], [-2.45058375199989, 6.14245795000011], [-2.45072954299997, 6.14214936900009], [-2.45080788199988, 6.14185290600017], [-2.45084097999995, 6.14170615000006], [-2.4508276819999, 6.14143380600012], [-2.45068871499996, 6.14113665800005], [-2.45063839199997, 6.14097557700012], [-2.45041746299989, 6.14060928800012], [-2.45005004599989, 6.14033904600012], [-2.44972999399994, 6.14017991100019], [-2.44950692699996, 6.14006876100007], [-2.44936672199992, 6.13996690700014], [-2.44903952399994, 6.13973312600007], [-2.44874586299989, 6.13951601600007], [-2.44857384599993, 6.13938238600002], [-2.44818461799997, 6.13907440500003], [-2.44744936099988, 6.13848028399997], [-2.44715554399994, 6.13820450600008], [-2.44679454099997, 6.13776790700012], [-2.44608198799995, 6.13558771500004], [-2.44603514999994, 6.13511881700015], [-2.4457866489999, 6.13467009900012], [-2.44577300899994, 6.13430220600014], [-2.44577073499994, 6.13396873300019], [-2.44588468899985, 6.13361249700017], [-2.44584590099993, 6.13322418000013], [-2.44579736499998, 6.13273826800008], [-2.44573786999996, 6.13240529400002], [-2.44573465299987, 6.1319453910001], [-2.44579038699993, 6.13168066200012], [-2.44588050999994, 6.13140412700005], [-2.44598212499994, 6.13108139800011], [-2.44596725299994, 6.13057570700011], [-2.44588457999993, 6.13023125500018], [-2.44586030499988, 6.13003581500004], [-2.44575382699986, 6.12954225500005], [-2.44570684199988, 6.12938167100009], [-2.44567059299982, 6.12911719100003], [-2.44572117799993, 6.12892137600011], [-2.44577176399991, 6.12872556300016], [-2.44593010099987, 6.12834549200005], [-2.44630520099992, 6.12774504500004], [-2.44662441199995, 6.12735214000008], [-2.44677074299989, 6.12689131700006], [-2.44675571699997, 6.12632792300019], [-2.44676402399995, 6.12583353700012], [-2.4467453929999, 6.12560948900006], [-2.44672676299996, 6.12538543900018], [-2.44658599799988, 6.12497241500012], [-2.44643471799998, 6.12461712300001], [-2.44634102199996, 6.12436468200002], [-2.4463050629999, 6.12411191300015], [-2.44629113499991, 6.12373248099999], [-2.44631011699988, 6.12311146300016], [-2.44620479499997, 6.12280755000012], [-2.44609947399994, 6.12250363700014], [-2.44605249099988, 6.12234305200008], [-2.44594607599987, 6.12187205900011], [-2.44588508099997, 6.12133221400012], [-2.44589486799981, 6.12106760900014], [-2.44593891699998, 6.12074537900014], [-2.44604012699995, 6.12040008600007], [-2.44614101399992, 6.120031369], [-2.44618601299993, 6.11987001900019], [-2.44618370899997, 6.11952517800017], [-2.44612273899992, 6.11896207900003], [-2.44610774599994, 6.11841022400012], [-2.44619322999989, 6.11743246600003], [-2.44633940599982, 6.11691428400013], [-2.44638308199995, 6.11658068700018], [-2.44629541099982, 6.11632814400014], [-2.44620774099985, 6.11607560000004], [-2.44597492999986, 6.11560580700012], [-2.44581267999985, 6.11537697600011], [-2.4456504289999, 6.11514814600002], [-2.44517328799998, 6.11503978600012], [-2.44613581399994, 6.11204045200009], [-2.44641868599996, 6.11138323900019], [-2.44673741599996, 6.11090972400018], [-2.44681683099998, 6.11074828300002], [-2.44719088899984, 6.10998713000004], [-2.44736131199988, 6.1096871260001], [-2.44752011199989, 6.10935270200014], [-2.4476685169999, 6.1092483490001], [-2.44928416399995, 6.108605463], [-2.4494310529999, 6.10822525200007], [-2.44949907799986, 6.1080523010001], [-2.44961063699992, 6.10755703500013], [-2.45007328999992, 6.10624331800005], [-2.44909546499997, 6.10424921100002], [-2.44896676199994, 6.10207703400016], [-2.44918330599995, 6.10181101200016], [-2.44948027699991, 6.10156768299998], [-2.44992631199995, 6.10124290800002], [-2.45046430099995, 6.10094053600005], [-2.45071567399998, 6.10073203700011], [-2.45088139399991, 6.10060455600018], [-2.45104711499994, 6.10047707400008], [-2.45135510599994, 6.10014138800005], [-2.45144611099994, 6.10000299700005], [-2.45159426599992, 6.09980666200005], [-2.45167375599993, 6.09967390000008], [-2.45245221099987, 6.10016336500018], [-2.45405943999998, 6.10269960600016], [-2.4541177559999, 6.10288332700014], [-2.45425851599992, 6.10329609100017], [-2.45445658899996, 6.10374341000016], [-2.45469385099989, 6.10402939500011], [-2.45493111199988, 6.10431537900013], [-2.45518595099992, 6.10465859000004], [-2.45546381999998, 6.10499019700001], [-2.45577610499993, 6.1053214530001], [-2.45661283299995, 6.10683396500002], [-2.45676421399986, 6.10713172200019], [-2.45699531199989, 6.10734882100013], [-2.45832628499994, 6.10801863100016], [-2.45852750199992, 6.10805184700007], [-2.45887385699996, 6.10834855800016], [-2.45924367799995, 6.10866811300008], [-2.46065161699988, 6.10971683100013], [-2.46259549199988, 6.11011806000005], [-2.46297480699991, 6.11016164200009], [-2.46333054599995, 6.11007885600014], [-2.46365125799991, 6.10996188600006], [-2.46520212499991, 6.10999797100015], [-2.46552369699998, 6.11000725700018], [-2.46718530299995, 6.1093642830001], [-2.46737998099997, 6.10927099500003], [-2.46770198899998, 6.10931481600016], [-2.46803517699993, 6.10932432699997], [-2.46845999099997, 6.1092987080001], [-2.4694111689999, 6.10897055800012], [-2.47093994899984, 6.10957003100009], [-2.47294612899992, 6.1085108900001], [-2.47336897299982, 6.10817462000017], [-2.47349208399987, 6.10811343600005], [-2.47361519599986, 6.10805225200016], [-2.47386141799996, 6.10792988300005], [-2.47406776199989, 6.10787118300004], [-2.47461897599993, 6.10787906100012], [-2.47496383899988, 6.10791144600006], [-2.47543552099984, 6.10803468900002], [-2.47598701699997, 6.10801965500002], [-2.47750865199993, 6.10621629000013], [-2.47755626099996, 6.10603777400013], [-2.47802216599996, 6.10477578000012], [-2.47840104799997, 6.10296818800015], [-2.47826077199983, 6.10261279200006], [-2.47997237399994, 6.10084262300006], [-2.48020636299998, 6.10062262000008], [-2.48044035299995, 6.10040261800015], [-2.48104517799982, 6.09978938500012], [-2.48120474699988, 6.0995871990001], [-2.48136431599994, 6.09938501400018], [-2.48153426699997, 6.09901576100009], [-2.48159052699998, 6.09885472600013], [-2.4817697069999, 6.09811752300016], [-2.48197124099988, 6.09731136000016], [-2.48221875099995, 6.09651643900003], [-2.48233161299993, 6.09619393600008], [-2.48242311899998, 6.09614743600014], [-2.48273209699994, 6.095961332], [-2.48309834599996, 6.0957635310001], [-2.48359125499996, 6.09559931299998], [-2.48482821899984, 6.09505082600003], [-2.48518323699989, 6.09489930299998], [-2.48561861399986, 6.09474686900018], [-2.48578999199992, 6.09458482700006], [-2.48593857799995, 6.09445738400012], [-2.48624726499992, 6.09426008400015], [-2.48667152699994, 6.09416521100019], [-2.48697031899997, 6.09418643500015], [-2.48718265399987, 6.09415053900005], [-2.48739498899994, 6.09411464200002], [-2.48780765999987, 6.09399697800001], [-2.48826608499996, 6.09380994200018], [-2.48871268999989, 6.09361165700005], [-2.48905662399994, 6.09352889000019], [-2.49044171299994, 6.09278422300014], [-2.49079720499998, 6.09271270500011], [-2.49115320199985, 6.09269906000009], [-2.49134874499987, 6.09272082600012], [-2.49150967699995, 6.09276559600011], [-2.49330438099992, 6.09316394500013], [-2.49447885399996, 6.09289239600014], [-2.49515821699993, 6.09272877899997], [-2.49571523599991, 6.09264131200013], [-2.49631348199995, 6.09268692100011], [-2.49794473399993, 6.0914132740001], [-2.50679101899993, 6.08302870500012], [-2.50686001599996, 6.08281027499999], [-2.50694039999985, 6.08269541999999], [-2.50707819299987, 6.08255749600016], [-2.50726224199991, 6.08240816100016], [-2.50735392899998, 6.0823045570001], [-2.50745742499981, 6.08217835500011], [-2.50754936899995, 6.08207475100011], [-2.50822742899993, 6.08077618100009], [-2.50828489399987, 6.08064976300011], [-2.50838827199993, 6.08051193600016], [-2.50849173499995, 6.08037410700007], [-2.50868777299991, 6.07855217600002], [-2.50686950999994, 6.07783347000009], [-2.50639102599996, 6.07752152200004], [-2.5062281999999, 6.07705101300007], [-2.50620660699997, 6.07670022700017], [-2.50640360799991, 6.07638422300016], [-2.50718503799993, 6.07482122700014], [-2.50648542799996, 6.0733495990001], [-2.50639360999998, 6.07318863100005], [-2.50633595799991, 6.0730620170001], [-2.5062788759999, 6.0729240340001], [-2.50617547699989, 6.0727747250001], [-2.50607212899996, 6.07261353000018], [-2.50599196899998, 6.07249877800012], [-2.50506211299995, 6.07167070200018], [-2.50285744599995, 6.07120969100009], [-2.50268524499995, 6.07116366300005], [-2.50250161099984, 6.07115202900013], [-2.50234074699995, 6.07112905000008], [-2.50213400099989, 6.07112902099999], [-2.50192725599993, 6.07112881900002], [-2.50176661499995, 6.07109421300015], [-2.50160591299988, 6.07103678300018], [-2.50143364799993, 6.07096758600005], [-2.50129573599997, 6.07087564400013], [-2.50112375299994, 6.07078353800011], [-2.50099740099989, 6.07070310400002], [-2.50085952099994, 6.07062270300003], [-2.50072196099995, 6.07056495100005], [-2.50060696699984, 6.07048457100018], [-2.50046917999981, 6.07043836000014], [-2.50033162099987, 6.07038086599999], [-2.49773467099993, 6.06804733400003], [-2.49601563199991, 6.06898502500007], [-2.49539004199994, 6.06913325000016], [-2.49504788399997, 6.06918298400001], [-2.49470572499996, 6.06923271800008], [-2.49457045799988, 6.06922577100011], [-2.49403442999994, 6.06873350000012], [-2.49349840199983, 6.06824122900002], [-2.49279553899993, 6.06763444000018], [-2.49248422499994, 6.06737124100016], [-2.49082823499998, 6.06675682600019], [-2.48921410899982, 6.06518760200004], [-2.48922456099996, 6.0648888070001], [-2.4893152279999, 6.0646010750001], [-2.48953257699998, 6.06435881200002], [-2.48975620699997, 6.06428886800012], [-2.48997983799995, 6.06421892200018], [-2.49076107399998, 6.06426198999998], [-2.49346217799996, 6.06476914400002], [-2.4939898479999, 6.064617489], [-2.49412149199998, 6.06449625100009], [-2.49425313799992, 6.06437501200014], [-2.49446986999993, 6.06397178400016], [-2.49461768799989, 6.06356900500015], [-2.4938406469999, 6.06164032700008], [-2.49372470299988, 6.06130743200015], [-2.49367722899996, 6.06092241500016], [-2.49362975499986, 6.06053739800001], [-2.49365111599985, 6.06007735100007], [-2.49376474299993, 6.05975519100008], [-2.49401589699994, 6.05938623200018], [-2.49416463699987, 6.05922459800013], [-2.49425635199992, 6.05917835500009], [-2.49434806699998, 6.0591321120001], [-2.49457750499994, 6.05907937500007], [-2.49480694399989, 6.05902663700016], [-2.49555369399997, 6.05904688400017], [-2.49634588399988, 6.05900947500015], [-2.49790879299997, 6.0591988540001], [-2.49857516399993, 6.05924222800013], [-2.49894231499997, 6.05919487900007], [-2.49922305199982, 6.05900988300004], [-2.49936341999995, 6.05891738600008], [-2.49995264799998, 6.05795870399999], [-2.49997368299995, 6.0578183500001], [-2.50004046899994, 6.05698483000009], [-2.50003760599998, 6.05682042600017], [-2.49969638099998, 6.05605961300017], [-2.49927639499987, 6.05345637300007], [-2.49939413099992, 6.05347121100004], [-2.50149307599997, 6.0541674430001], [-2.50159075999989, 6.05419624000007], [-2.50177428899997, 6.05426523400013], [-2.50192371599996, 6.0543229540001], [-2.50279624899997, 6.05456470000018], [-2.50296857499984, 6.05456474000005], [-2.50369138299988, 6.05439751500012], [-2.5042684099999, 6.05431336300012], [-2.50451449199994, 6.05383800600009], [-2.50444481999995, 6.0532721510001], [-2.50441616999996, 6.05316293900012], [-2.50399163499992, 6.05246160400009], [-2.50387674399991, 6.05232360700012], [-2.50375049599995, 6.05218555500011], [-2.50336040399992, 6.05158781699998], [-2.50331450199997, 6.05141543700012], [-2.50330307699988, 6.0512657860001], [-2.5033836849999, 6.05113930500005], [-2.50342940899998, 6.05096693100018], [-2.50349861799998, 6.05079449100009], [-2.50359050199995, 6.05057625700016], [-2.50363663199994, 6.05042679000013], [-2.50368247399985, 6.05026595700008], [-2.50375153499988, 6.05007069500004], [-2.50382045499987, 6.04988663], [-2.50386653099997, 6.04974870399997], [-2.50392399699984, 6.04962237400002], [-2.50399301199997, 6.04947275700016], [-2.50409645399998, 6.04926603199999], [-2.50417683599989, 6.04915117900003], [-2.50426874499993, 6.04903629300009], [-2.50436068599993, 6.04893269000013], [-2.50442957999991, 6.04886385900005], [-2.50449847399994, 6.04879502700004], [-2.50461352599996, 6.04868007700014], [-2.50475130399991, 6.04850770700006], [-2.50484321299996, 6.04839282100016], [-2.50494655599988, 6.04824345500003], [-2.50503865999997, 6.04810540200009], [-2.50513047399994, 6.04795606700009], [-2.50518793799995, 6.04782964900011], [-2.50528000999986, 6.04768031499998], [-2.50537172799989, 6.04749627200016], [-2.50544077499995, 6.04735854099999], [-2.50549823899996, 6.04723212500005], [-2.50557875099997, 6.04707128000013], [-2.5056820609999, 6.04691028700006], [-2.50578543499995, 6.04677246100005], [-2.50588905699988, 6.04659992600006], [-2.50598099799987, 6.04649658200003], [-2.50613314599991, 6.04634133100006], [-2.50621072499996, 6.04625514300005], [-2.50635996299997, 6.04615189800012], [-2.50648644399996, 6.04609453200015], [-2.50662419399987, 6.0460370510001], [-2.50681930599995, 6.04600266300008], [-2.50695724699989, 6.04601433800008], [-2.50714089399992, 6.04600280500011], [-2.50729029999991, 6.04599136700006], [-2.50743953499995, 6.04597992900017], [-2.50761179399996, 6.04595714500005], [-2.5077151779999, 6.0459168970001], [-2.50781856399993, 6.04587664900015], [-2.50801364699993, 6.04573891300015], [-2.50812866599995, 6.04561233700014], [-2.50825495499981, 6.04548607300018], [-2.50839849699997, 6.04534520600015], [-2.50848474399982, 6.04526771500002], [-2.50864547799995, 6.04515289600005], [-2.50877195799995, 6.04509544500019], [-2.50892132199988, 6.04503801700002], [-2.50908198799993, 6.04499209800008], [-2.50921989899996, 6.04499223200008], [-2.50936897899987, 6.04504969300012], [-2.50954129799993, 6.0451417970001], [-2.51156283099994, 6.04354496000008], [-2.51154010099992, 6.04338380000002], [-2.51151699799988, 6.04321161700011], [-2.51150588299993, 6.04305042400017], [-2.51150595399986, 6.04288971800003], [-2.51151163499998, 6.04279780800005], [-2.51151731599992, 6.04270589800007], [-2.51155186099993, 6.04256766000003], [-2.51158640799986, 6.04242976600017], [-2.51164386999989, 6.04230343600017], [-2.51172424899988, 6.04218858200011], [-2.5118275559999, 6.04202758800011], [-2.5119197439999, 6.04188979200006], [-2.51202308299992, 6.04174042500006], [-2.51213803599995, 6.04159102600005], [-2.51225289399991, 6.04140717700017], [-2.51235632899994, 6.04129217200017], [-2.51244826799984, 6.04118891300004], [-2.51258614599988, 6.04108544000013], [-2.5127928089999, 6.0409360430001], [-2.51946686299988, 6.02994903700016], [-2.5256890359999, 6.01931495600007], [-2.53168469999986, 6.01121583500003], [-2.53263693799994, 6.01014662000011], [-2.53345098499989, 6.00878979800012], [-2.5346780619999, 6.00676651700013], [-2.53520560099986, 6.00613392900004], [-2.53566441499987, 6.00581183500003], [-2.53597428799986, 6.00547835800006], [-2.53669665199993, 6.00431720500018], [-2.53684554099993, 6.00378842400005], [-2.53701749499993, 6.00347824400012], [-2.53713220799995, 6.00334012499997], [-2.53728143899991, 6.00327106600002], [-2.53742691499997, 6.00302873900017], [-2.53935631699983, 6.00154528000007], [-2.53951727899982, 6.00139626599997], [-2.53971250099988, 6.00131631200014], [-2.53991908999996, 6.00127111900002], [-2.54155181099992, 6.00001232200009], [-2.54174706399994, 5.99994390800009], [-2.54195358699997, 5.99987554800009], [-2.54216052799995, 5.99977273800016], [-2.54232152199995, 5.99963534900007], [-2.54230451099994, 5.99952046600004], [-2.54228749999987, 5.99940558400016], [-2.54215052799992, 5.99924449000014], [-2.54199022299997, 5.99910628400005], [-2.54185315299992, 5.99891048300009], [-2.54185916999995, 5.99880143500013], [-2.54186518599994, 5.99869238700018], [-2.54201495399997, 5.99850904100009], [-2.5422214109999, 5.99841777300003], [-2.54245113799993, 5.99837242900003], [-2.54266917699994, 5.99836165200009], [-2.54284161099997, 5.9982242320001], [-2.54286519199997, 5.99798302200003], [-2.54290033299998, 5.99775357900012], [-2.54304990599991, 5.99759305600008], [-2.54323379299984, 5.99749031100004], [-2.54402657499998, 5.99699864300004], [-2.54416481399994, 5.99681524300013], [-2.54424569799988, 5.99660883799999], [-2.54439526999994, 5.99644831500012], [-2.54461359799996, 5.99635727100008], [-2.54484291499995, 5.99638065300007], [-2.54499245499994, 5.99620910600015], [-2.54521055599997, 5.99622089200005], [-2.54542834699987, 5.99624447900015], [-2.54722191299993, 5.99483691500006], [-2.54741716399985, 5.99476858599996], [-2.54760098299994, 5.99464293100016], [-2.54776204899997, 5.99447109200008], [-2.54775098799996, 5.99436183500018], [-2.54773992799983, 5.99425257700017], [-2.54776334699989, 5.99404616200007], [-2.54791291799984, 5.99388555200011], [-2.5481424489999, 5.99386345900012], [-2.54825143999994, 5.99386371100019], [-2.54902165599998, 5.99351868300005], [-2.54999950399991, 5.99258511000016], [-2.54858526199996, 5.99052516300014], [-2.54858272299992, 5.99038752600006], [-2.5485944749999, 5.99028414600002], [-2.54860061399989, 5.99015778700016], [-2.54861811899991, 5.990020114], [-2.54864132099988, 5.98990507600007], [-2.54868740799998, 5.98983630700019], [-2.54873948199992, 5.98971011900005], [-2.54880285799993, 5.98959544000007], [-2.54884894399993, 5.98952667100014], [-2.54891235299993, 5.98942353300015], [-2.54898729299993, 5.98929159700003], [-2.54904482499995, 5.98919403000008], [-2.54909113599996, 5.98911372000015], [-2.54914859299993, 5.98900482800002], [-2.54921791999988, 5.98889590300018], [-2.54926406899989, 5.98875823600008], [-2.54931031599989, 5.98865501700016], [-2.54932187499998, 5.98857454500006], [-2.54935665999994, 5.98849426800007], [-2.54964624299981, 5.98743845300004], [-2.55225159499997, 5.98696077600005], [-2.55237202499984, 5.98696112400006], [-2.55257863799994, 5.98692721000009], [-2.55277385199997, 5.98684734000005], [-2.55296909999993, 5.98677926800008], [-2.55319856199992, 5.98673392000006], [-2.55343961499989, 5.9867114490001], [-2.5544391119999, 5.98614012700006], [-2.55457731199994, 5.98594518600004], [-2.55474998699992, 5.98577348700013], [-2.55495650199987, 5.98570512300012], [-2.55515190899996, 5.98560234400009], [-2.55681793999997, 5.98465372400011], [-2.55724438499993, 5.98390842100014], [-2.55717123799991, 5.98140437400002], [-2.55839840699991, 5.97866569800004]]]]}, "properties": {"REGION": "Western North", "DISTRICT": "Sefwi-Akontombra"}}, {"type": "Feature", "geometry": {"type": "MultiPolygon", "coordinates": [[[[-2.71882843099996, 6.39646494900006], [-2.71893170099997, 6.39663734800018], [-2.71891935899993, 6.39714270500002], [-2.71879249799991, 6.39751014700005], [-2.71803261699995, 6.39878441700012], [-2.71717971299995, 6.40081680100008], [-2.71722431799992, 6.40100445300016], [-2.71659326499986, 6.40139055700013], [-2.71717494799992, 6.40408019000017], [-2.71718578999992, 6.40451692300013], [-2.71715122599994, 6.40473525100009], [-2.71696672599995, 6.40501057300014], [-2.71694384799997, 6.405171338], [-2.71727641799987, 6.40551657500009], [-2.71735636199992, 6.40568905300012], [-2.71722953999983, 6.40617154300008], [-2.71720608999993, 6.40646992000018], [-2.71736640899996, 6.40681504400015], [-2.71783630699986, 6.40752804500005], [-2.71803074599995, 6.40801100900006], [-2.71802970599987, 6.40878087100015], [-2.71786726699992, 6.40996410300016], [-2.71775169299997, 6.41041211000004], [-2.71757199399991, 6.41075925400014], [-2.71745649599995, 6.41097800600016], [-2.71745420199994, 6.41113966100011], [-2.71762799699985, 6.41175092200012], [-2.71768411299996, 6.41207190900013], [-2.71774444099998, 6.41243192900009], [-2.71821099499994, 6.41279614000013], [-2.7187953859999, 6.41362067000011], [-2.71903208399993, 6.41423288200014], [-2.7191734139999, 6.41486753700002], [-2.71927403399997, 6.4153193790001], [-2.71979763999997, 6.41616107700008], [-2.72032625199989, 6.41701082000014], [-2.72048505899988, 6.41714868000003], [-2.72104795199994, 6.41763320500002], [-2.72171514299987, 6.41792589900007], [-2.72207341499995, 6.41815408200006], [-2.72270722799982, 6.41872796400008], [-2.72277162899991, 6.41887180000009], [-2.72329190199997, 6.42005406100014], [-2.72374881599995, 6.42054414300003], [-2.72459481799996, 6.42111512100018], [-2.72468984799997, 6.42155347800013], [-2.72534262399989, 6.42225363200015], [-2.72562511799993, 6.42255662800017], [-2.72584046499998, 6.42312725600016], [-2.72540572299988, 6.42325729700013], [-2.72462479899986, 6.42326767900011], [-2.72434890499994, 6.42347424700017], [-2.72410681199989, 6.42397934300004], [-2.72384221899995, 6.42434673300005], [-2.72332456299989, 6.42474804300002], [-2.72301404899997, 6.42520704000009], [-2.72250831299988, 6.42539027000015], [-2.72197973999994, 6.42541254300011], [-2.72187606399996, 6.42571101800002], [-2.72185169699998, 6.42673378500018], [-2.72173611399995, 6.42710119100002], [-2.72166657599996, 6.42772144300005], [-2.72114765999993, 6.42874965100003], [-2.7207469359999, 6.42929833000005], [-2.72045689799995, 6.42988350500002], [-2.72035353999996, 6.43034043400007], [-2.72020417199991, 6.43060467600009], [-2.72007726399988, 6.43091689700009], [-2.71987802199993, 6.43141117300013], [-2.71973845599996, 6.43206106700006], [-2.7195470879999, 6.43248142600015], [-2.71933027099993, 6.43292172200017], [-2.71864671999992, 6.43367270100003], [-2.71842760999994, 6.43427465200017], [-2.71821137399996, 6.43405880400007], [-2.71831088799996, 6.43685113900011], [-2.71825328099987, 6.43700030900004], [-2.71810367299986, 6.43708072600003], [-2.71766716499997, 6.43719500300017], [-2.71759275799997, 6.43956810200012], [-2.71770876699998, 6.44014770500019], [-2.71771557199997, 6.44042780200004], [-2.71875381699994, 6.44299748200018], [-2.71847784499982, 6.44326123000013], [-2.71838586799993, 6.44345735000002], [-2.71814389299988, 6.44397330900017], [-2.71771736999995, 6.44508716200005], [-2.71748653499998, 6.4458455680001], [-2.71580832399991, 6.44681999500017], [-2.71564516099994, 6.44867691900015], [-2.71539440299995, 6.45153078200013], [-2.71619127799988, 6.45374682000016], [-2.71695692599991, 6.4558759900001], [-2.71697953199993, 6.45619763500002], [-2.71692155499994, 6.45641621500016], [-2.71615063499991, 6.45759874399999], [-2.71608384899997, 6.45869317600017], [-2.7195414979999, 6.45928478000008], [-2.72367517099997, 6.45780485400019], [-2.72551296199987, 6.45714688100003], [-2.72960936099997, 6.4561356260001], [-2.73036447699991, 6.45817067100018], [-2.73044381999995, 6.45912436300006], [-2.73043195299994, 6.45933124700008], [-2.73071065999989, 6.46133074800008], [-2.73415055199985, 6.46406421800009], [-2.73501593699996, 6.46573560000019], [-2.73528823099991, 6.46849468400006], [-2.73574499299997, 6.46955044000003], [-2.73612566099985, 6.47053237100016], [-2.73632729699983, 6.47144402200018], [-2.73664969499993, 6.47188410900009], [-2.73745187299988, 6.47263398300015], [-2.73800368999997, 6.47314981700004], [-2.73857755899996, 6.47362147400003], [-2.73901333699996, 6.47409308500011], [-2.73919184799996, 6.47429152300015], [-2.74006888799988, 6.47526646000011], [-2.74037850399992, 6.47572644700006], [-2.74042425399995, 6.47588749300007], [-2.74049376399995, 6.47597158500008], [-2.74075700299989, 6.47629004900011], [-2.74090612699996, 6.47639356200011], [-2.74117323899986, 6.47680027399997], [-2.74146704499992, 6.47808340700004], [-2.74156467599994, 6.47876498200003], [-2.74160367399986, 6.47903723800016], [-2.74160241299995, 6.48002529800004], [-2.74150922599995, 6.48122017200012], [-2.7414764479999, 6.48176054900017], [-2.74143882199996, 6.48238086800006], [-2.74140365999983, 6.48289766400018], [-2.74159857199987, 6.48332290799999], [-2.74183446199993, 6.48352550500016], [-2.74198992299995, 6.4836684930001], [-2.74252451099994, 6.48390203300005], [-2.74299529399997, 6.48394060200013], [-2.74352420199995, 6.48419138200012], [-2.7437426219999, 6.48428248500011], [-2.74387181599985, 6.48432393800005], [-2.74296033799993, 6.48490430300001], [-2.74120015899996, 6.48601348100016], [-2.73980833299981, 6.48620461200005], [-2.73825171499988, 6.48641836999997], [-2.7359097829999, 6.48671792100015], [-2.73474445899996, 6.48687888600006], [-2.73435160499997, 6.48693111000011], [-2.7252309889999, 6.48814345000005], [-2.71662580399988, 6.48928712700013], [-2.71639008699992, 6.48931845300007], [-2.71380183799988, 6.48967606600007], [-2.71364479399995, 6.48969776400008], [-2.71297348599995, 6.48978647800016], [-2.69494737299988, 6.49216831900014], [-2.68491592799995, 6.49352914700012], [-2.68510745499998, 6.49422460000017], [-2.68499865499996, 6.49457323500013], [-2.68469429099991, 6.4948980800001], [-2.68468258099995, 6.49505087100005], [-2.68445352699996, 6.49558521800014], [-2.68425774599996, 6.4958722880001], [-2.68394699499993, 6.49616555400019], [-2.6836109699999, 6.49626829300007], [-2.68334947299985, 6.49654597200004], [-2.68305162899998, 6.49692597300015], [-2.68285217999983, 6.49733604900013], [-2.68258272799983, 6.49755150499999], [-2.68248833899992, 6.49762698000012], [-2.68227111999988, 6.49790984100002], [-2.68189957299995, 6.49809776300009], [-2.6814050029999, 6.49843008900007], [-2.68108321999983, 6.49849867200015], [-2.68062340699987, 6.49869344100017], [-2.68030172899984, 6.49871603800017], [-2.67997982899993, 6.49885351300009], [-2.67993691799995, 6.49901985100018], [-2.68027726499992, 6.49964633600007], [-2.68024267999994, 6.49978423499999], [-2.68013914899996, 6.49987620499996], [-2.67967947999995, 6.49993301700005], [-2.67928849499992, 6.50024278000001], [-2.67911604399995, 6.5004262600001], [-2.67887398199991, 6.50080493700011], [-2.67813671799985, 6.50204541600016], [-2.67797592699986, 6.50217112200005], [-2.67781856199997, 6.50212687400011], [-2.67770845399991, 6.50216354900004], [-2.67756680999992, 6.50221010100017], [-2.67738466399987, 6.50227068200013], [-2.67713659199995, 6.50235319000001], [-2.67681582199998, 6.50262618900013], [-2.67650239799997, 6.50277299700002], [-2.67638037899991, 6.50316585600012], [-2.67612338199996, 6.50342460600001], [-2.67587714999985, 6.50354876600016], [-2.67561996699988, 6.50375145200007], [-2.67534158699993, 6.50432423800004], [-2.67512586899994, 6.50446108400018], [-2.6750395229999, 6.50451585899998], [-2.67451659499989, 6.50495429500006], [-2.67432102799995, 6.50512648500006], [-2.67412534499994, 6.50536774000005], [-2.67396418699991, 6.50560887900002], [-2.67394081099997, 6.50580426700003], [-2.67407837699994, 6.50605733600008], [-2.67406647099995, 6.50631021000004], [-2.67398591499995, 6.50652869300012], [-2.67376686499995, 6.50694225600012], [-2.6732953369999, 6.50732065900007], [-2.67312248699994, 6.50761953500012], [-2.67312210599988, 6.50799896200016], [-2.67307569099995, 6.50830913100015], [-2.67305251599993, 6.50853896400008], [-2.67290267599992, 6.50879195000005], [-2.67272992199986, 6.50896389200005], [-2.67272963999994, 6.50921690000001], [-2.67285594699996, 6.50942402100003], [-2.67270608799993, 6.50975996800003], [-2.67166917799995, 6.51039533700009], [-2.6687063679999, 6.51136368700008], [-2.66684801499991, 6.51808710300003], [-2.66443991799997, 6.5210506570001], [-2.66337860099998, 6.52508453199999], [-2.65640772599994, 6.52940656200002], [-2.64941033499997, 6.52566780800015], [-2.64593184499989, 6.52997827900003], [-2.63837256199992, 6.52866873100004], [-2.63520067399992, 6.52893433700012], [-2.61958761399995, 6.52522710000011], [-2.61662546999997, 6.52308702400012], [-2.60613663899989, 6.51962744600007], [-2.59885988799994, 6.51239565100008], [-2.59669197499994, 6.50649109500017], [-2.59238761099988, 6.50462376300004], [-2.58853889299985, 6.49418210500011], [-2.5852279319999, 6.48974197400003], [-2.58250628199994, 6.48911681100003], [-2.57900546699994, 6.48718056500007], [-2.57707490899998, 6.4875450020001], [-2.57677654499997, 6.48737214100009], [-2.57461922599992, 6.48580578100018], [-2.57451592699988, 6.48570224200006], [-2.57448215799997, 6.48539162700001], [-2.57418366699994, 6.48528783100016], [-2.57382714599993, 6.48537936400015], [-2.57367803299985, 6.48535623000004], [-2.57329941299997, 6.48506821400002], [-2.57147348799998, 6.4846053820001], [-2.57134764499995, 6.4842836840001], [-2.57114126499994, 6.48400736100007], [-2.57071667999998, 6.48383419700014], [-2.57056755999997, 6.48355821400014], [-2.57061379399988, 6.48336292300002], [-2.57056821599991, 6.48321356000002], [-2.57046505499994, 6.48309865100003], [-2.57020098499993, 6.48296029800002], [-2.56958175799991, 6.48240743000014], [-2.5692828839999, 6.482429884], [-2.56883444099992, 6.48272769500005], [-2.56869649299995, 6.48275085700004], [-2.56842075399987, 6.48268143600006], [-2.56829458899995, 6.48258916100013], [-2.56815728099991, 6.48229006000003], [-2.56804261799994, 6.48218655400012], [-2.56750220399994, 6.4825072110001], [-2.56722657199992, 6.48247223700008], [-2.56712322499993, 6.48238023599998], [-2.56451700299993, 6.48147953700015], [-2.5638856459999, 6.48117971800013], [-2.56350703499993, 6.48089203700005], [-2.56304767399996, 6.48077632800016], [-2.56243863499998, 6.48090170000006], [-2.56230052699993, 6.48090126400018], [-2.56217443499997, 6.48083223900011], [-2.56211719899994, 6.48067119800015], [-2.55996287699998, 6.47854887100016], [-2.55775901799996, 6.47637770900013], [-2.55692191699995, 6.47546826100017], [-2.55655388899982, 6.47576633200003], [-2.55640443699997, 6.47580054900016], [-2.55593389599994, 6.47554707300014], [-2.55532569999997, 6.47507475700013], [-2.55523491799994, 6.47455779400008], [-2.55514304099995, 6.4744425020001], [-2.5546261419999, 6.47443013200018], [-2.55445398699987, 6.47436090100001], [-2.55046360199992, 6.47002175800009], [-2.55038454399988, 6.46930943600012], [-2.55042002299996, 6.46874627000011], [-2.54886470999998, 6.46821213700002], [-2.5485450249999, 6.46810234800012], [-2.54709025699998, 6.46760273600017], [-2.54678115199988, 6.46706214800002], [-2.54584774899996, 6.46581554400007], [-2.54336862499997, 6.46383436299999], [-2.54272600599984, 6.46361515299998], [-2.54052013299992, 6.46355362700007], [-2.5403719329999, 6.46345544400003], [-2.53863672499989, 6.46304466400011], [-2.53829150899992, 6.46345788400004], [-2.53816523699993, 6.46352630100012], [-2.53800440299995, 6.46352626999999], [-2.53694823999996, 6.463018589], [-2.53298895499995, 6.45983955800017], [-2.52738063499987, 6.46204803400008], [-2.52652577799995, 6.45889561600001], [-2.52683119599993, 6.45490864300012], [-2.52725688599998, 6.4545416950001], [-2.53101772499991, 6.45198534700017], [-2.53282274399987, 6.45108700300011], [-2.53461692299993, 6.44994567700019], [-2.53621421899993, 6.44981048100016], [-2.53790013899987, 6.44955894200007], [-2.53742439399986, 6.44773523100008], [-2.53965143599993, 6.44834501200017], [-2.54027271899997, 6.44780591200015], [-2.54080778099984, 6.44725518700011], [-2.54134284399987, 6.44670446300006], [-2.54310676799997, 6.44293805100017], [-2.54360102199996, 6.44273193300018], [-2.54426801499989, 6.442365451], [-2.54461304599994, 6.44212464700018], [-2.54525760499996, 6.44128680600005], [-2.54623596399989, 6.44019665300016], [-2.5464432899999, 6.4398868510001], [-2.54736376199997, 6.43907246000015], [-2.54753596599983, 6.43899201800008], [-2.54876627699991, 6.43831602900002], [-2.54931800599991, 6.43827077900016], [-2.54951309599988, 6.43821369200015], [-2.55116867699991, 6.43758446400011], [-2.55236040199992, 6.43219709200008], [-2.55448831699988, 6.4306488950001], [-2.55485638999994, 6.43037356800016], [-2.55494829799994, 6.43024738000003], [-2.55893531199996, 6.42971344000011], [-2.55909790999988, 6.42748388799998], [-2.55904068499996, 6.42701212200006], [-2.55910963499997, 6.42678265900014], [-2.55716080299993, 6.42115785400006], [-2.55511576099991, 6.42117715700016], [-2.55478272599981, 6.42079699800007], [-2.55347389299988, 6.41992133100018], [-2.55294560999994, 6.41971348700002], [-2.55125628799988, 6.41762337], [-2.55107352299996, 6.41668598000007], [-2.55110802599995, 6.41653688700012], [-2.55140685499993, 6.41616945200013], [-2.5515797569999, 6.41546859500016], [-2.55153388199994, 6.41527306600005], [-2.55087251599991, 6.41392830900008], [-2.55055135299983, 6.41285879800017], [-2.55027616199988, 6.41244401000012], [-2.54980278999989, 6.41202895900017], [-2.5494466909999, 6.41159133499997], [-2.54912542199997, 6.41096999500007], [-2.54897051499995, 6.41074551499997], [-2.54773302699988, 6.409749643], [-2.54720475299996, 6.4083978430001], [-2.54748665999983, 6.40518467800007], [-2.54749818999989, 6.40478228700005], [-2.54731481899989, 6.40360935300004], [-2.54688114099991, 6.4005166770001], [-2.53251192499982, 6.40621073000005], [-2.52471273399993, 6.40930138300007], [-2.51517149199992, 6.41308217900007], [-2.51192958599989, 6.41412194400004], [-2.50844825699988, 6.41467187500012], [-2.50826905299982, 6.4147001820001], [-2.50647181599987, 6.41498407500006], [-2.50386531599997, 6.41517137800003], [-2.50198427999993, 6.41358241500006], [-2.49929785599988, 6.41178479400008], [-2.49891870599993, 6.41137165200018], [-2.49855125099992, 6.41092419600011], [-2.49801123299983, 6.41005179700016], [-2.49625524599992, 6.40997252000005], [-2.49586492999987, 6.40989235800004], [-2.49571573799994, 6.40983491900016], [-2.49540584199991, 6.40984684500006], [-2.49504997099996, 6.41006508400011], [-2.49451079599993, 6.41024906400003], [-2.49420094299995, 6.41015747099999], [-2.49357974399987, 6.40966283600005], [-2.49158320399988, 6.40902240300005], [-2.49108979299984, 6.40904571300007], [-2.48962039099996, 6.4085759570001], [-2.48935629999994, 6.40853004400009], [-2.48900065499993, 6.40853021600009], [-2.48763490599987, 6.40877239300016], [-2.48731338499994, 6.40878383200015], [-2.48585583599993, 6.4086011660001], [-2.48415549399994, 6.40603013200018], [-2.48365033399989, 6.40580078000005], [-2.48321423299996, 6.40560585100019], [-2.48185914099992, 6.40467670000015], [-2.48162972699987, 6.40450442600007], [-2.47896678899997, 6.40431091700015], [-2.47887478599989, 6.40393206500005], [-2.47877124799987, 6.40355341800012], [-2.47861034499988, 6.40325486000006], [-2.47805901299984, 6.40286475600016], [-2.47762308799992, 6.40281915900016], [-2.47732466299993, 6.40280796000008], [-2.47696865699993, 6.40268169299998], [-2.47549821099994, 6.39994993500011], [-2.47532597999992, 6.39981245799999], [-2.47510770099996, 6.39970922000015], [-2.47390144499991, 6.3978038300001], [-2.47377520899994, 6.39749380100011], [-2.47151322799994, 6.3957957130001], [-2.47132920299987, 6.39541712200014], [-2.47130614999992, 6.39515278700003], [-2.47146641499995, 6.39417671500007], [-2.47143175699995, 6.39379786800009], [-2.47130519699994, 6.39337329500006], [-2.47078849799993, 6.39292589300015], [-2.46929591099996, 6.39206564400013], [-2.46905481999983, 6.39187065800013], [-2.46883664399996, 6.39156054600005], [-2.46871021699991, 6.39118178700011], [-2.46917288599991, 6.38922107700006], [-2.46950320199988, 6.38798762700014], [-2.47000398799992, 6.38611761200002], [-2.4698425119999, 6.38407383100014], [-2.46958979199997, 6.38384442800003], [-2.46887759499998, 6.3827309780001], [-2.46847507699982, 6.38116966100017], [-2.4685438759999, 6.38096311100014], [-2.46857824199992, 6.38084812300002], [-2.46857800999987, 6.38067587600005], [-2.46855503099994, 6.38052677399997], [-2.46715438699988, 6.37971223800008], [-2.46483527899994, 6.37814051800007], [-2.46441058799996, 6.37816377200005], [-2.46321716199998, 6.37844000200016], [-2.46271226899995, 6.37847467900013], [-2.46226444999985, 6.37841755700003], [-2.46071516599983, 6.37870529700018], [-2.46045144799996, 6.37878562300011], [-2.45934944599998, 6.37863716400017], [-2.45713382899987, 6.37739841300004], [-2.45701854699996, 6.37638797900013], [-2.45693807399994, 6.37618133500007], [-2.4567658009999, 6.37605521900014], [-2.4565478479999, 6.37603223700017], [-2.45515900599992, 6.37579190600007], [-2.45490622999995, 6.37544760300011], [-2.45328767499996, 6.37501206900015], [-2.45313862599988, 6.37518439400009], [-2.45146242599986, 6.37374996500017], [-2.44961364399984, 6.37198271200003], [-2.44936122599989, 6.37194845400006], [-2.44757025599995, 6.37105399000012], [-2.44644438399996, 6.36876966400013], [-2.44635245599994, 6.36862023600003], [-2.44630642499993, 6.36832168300009], [-2.44627182099993, 6.36813781800009], [-2.44443460499997, 6.36615260700006], [-2.44438879899997, 6.36602630300007], [-2.44423930199997, 6.36585412700003], [-2.44402122899993, 6.36560170000018], [-2.44376862199994, 6.3654985390001], [-2.44337828599993, 6.36542969599998], [-2.44282733199992, 6.36502834200019], [-2.44258625399988, 6.36470673300011], [-2.4412200299999, 6.36358230500002], [-2.43924613399992, 6.36100378900016], [-2.43830290899996, 6.35977163100017], [-2.43814210699998, 6.35958794200019], [-2.43793519699989, 6.35839378600014], [-2.43773981199996, 6.35818745600011], [-2.43745287499996, 6.35802702700005], [-2.43693639199995, 6.35782038300005], [-2.43612110699996, 6.35677587800001], [-2.43598321899992, 6.35653476500005], [-2.43582238399995, 6.35643168800016], [-2.43567321499995, 6.35628241600006], [-2.43553548199992, 6.35619081600009], [-2.43477741999993, 6.35482455600004], [-2.43459377499983, 6.35493961300006], [-2.43365271799996, 6.35491724400009], [-2.43345748599995, 6.35495154600005], [-2.4305427349999, 6.35517113600014], [-2.43068006399994, 6.35471187800016], [-2.43066857399992, 6.35444784900005], [-2.43062262899997, 6.35426978200013], [-2.43057668499989, 6.3540917150001], [-2.43033539699991, 6.35390807200008], [-2.42988581799995, 6.35365023400004], [-2.42971546599995, 6.35355253600011], [-2.42919912899987, 6.35333451300011], [-2.42884329099991, 6.35325419300005], [-2.42856750499993, 6.35292147500007], [-2.42833800899996, 6.35261153900018], [-2.4282690199999, 6.35247392800005], [-2.42826887699988, 6.35214096500016], [-2.42830309099998, 6.35184253200003], [-2.42826283599993, 6.3516357690001], [-2.42822258099989, 6.3514290060001], [-2.42827417199987, 6.35125092800013], [-2.42832576199982, 6.35107284900005], [-2.42840601399996, 6.350705559], [-2.42853197099993, 6.35042995400005], [-2.42862377799997, 6.35036674300005], [-2.42845168299993, 6.35009686800004], [-2.42806132999988, 6.34979874400005], [-2.42782945399995, 6.34959016700009], [-2.42771674099987, 6.34948878000017], [-2.42765361099987, 6.34936820500002], [-2.42759047999982, 6.34924763100003], [-2.42755571499987, 6.34884603600011], [-2.42754497099997, 6.34869022000015], [-2.42753276199994, 6.34851313700017], [-2.42738341799992, 6.34828342000009], [-2.42654549199995, 6.34811735300013], [-2.42637337199994, 6.34813462000005], [-2.42593723199997, 6.34821522900006], [-2.42568484499998, 6.34837594600009], [-2.42557023899991, 6.34849098200004], [-2.42537536999993, 6.34893885500003], [-2.42529522299998, 6.34915697500014], [-2.42501977299992, 6.34935237700017], [-2.42480751399995, 6.3493926650001], [-2.42459525399988, 6.34943295300008], [-2.42427376599994, 6.3493525340001], [-2.42407865899986, 6.34930673500008], [-2.42383766599988, 6.3491346290001], [-2.42363094299992, 6.34899670600015], [-2.42340146599997, 6.34897391000004], [-2.42327517199982, 6.34893963500014], [-2.42320637499989, 6.34887092300011], [-2.42306851599994, 6.3486067230001], [-2.42283858199994, 6.3483543160001], [-2.42254016099992, 6.34802131200007], [-2.42228760299997, 6.34783804000017], [-2.42216129999991, 6.34776879700007], [-2.42193180099997, 6.34776925400018], [-2.42179415999993, 6.34780356600015], [-2.42166792199987, 6.34788400900015], [-2.42150718699997, 6.34781537700019], [-2.42143829399987, 6.34771187100012], [-2.42128910099996, 6.34755139600009], [-2.42099051299988, 6.34747091200018], [-2.42064626899997, 6.34737952899997], [-2.42050850299995, 6.34736802200018], [-2.42038241699993, 6.34772389600016], [-2.4202792349999, 6.34786163600018], [-2.42013005299998, 6.34798796200016], [-2.41998111199985, 6.34804555800014], [-2.41979746499993, 6.34816043600006], [-2.41947608299989, 6.34840178100018], [-2.41928103999993, 6.34850515000011], [-2.41913202199993, 6.34859702400007], [-2.41904024199988, 6.34878055200016], [-2.41891421699995, 6.34903341900008], [-2.41879931899996, 6.34913674100005], [-2.41857002899997, 6.34918284300016], [-2.4182600929999, 6.34917129000019], [-2.41808783099998, 6.349137138], [-2.41795003999994, 6.34902262400016], [-2.41781232499989, 6.34874670800002], [-2.41770899099987, 6.34860918800001], [-2.41759416999997, 6.34855162600007], [-2.41738744199989, 6.34850602800003], [-2.41721542799996, 6.3484369090001], [-2.41684789299995, 6.3481387110001], [-2.41654946099993, 6.34798949500004], [-2.41631995999995, 6.34786334500006], [-2.41604455999993, 6.34779468000016], [-2.41576908899987, 6.34779457200011], [-2.41544769099983, 6.34784092500013], [-2.41494267299987, 6.34801317900002], [-2.41436888099992, 6.34822007100007], [-2.41345679199992, 6.3485592290001], [-2.41321001799997, 6.34863388400015], [-2.41263632699992, 6.34878358600008], [-2.41229785699988, 6.34885272100018], [-2.41195938799996, 6.34892185600017], [-2.41163810299992, 6.34910532000004], [-2.41150035199996, 6.34928931700011], [-2.4113858579999, 6.34954215100004], [-2.41124801199987, 6.34969135300014], [-2.41109884199989, 6.34975997200002], [-2.41084639299987, 6.34980613500005], [-2.41061685999989, 6.34979504600011], [-2.41037585299995, 6.34980638200017], [-2.41022676299986, 6.34996750000016], [-2.41015225099989, 6.35007656700003], [-2.41007773899997, 6.35018563400007], [-2.40983687099992, 6.35043812399999], [-2.40974508099987, 6.35052441400006], [-2.40965329099993, 6.35061070400008], [-2.40938921999992, 6.35065655300008], [-2.40909087199992, 6.35063359400004], [-2.40888445699989, 6.35070288500015], [-2.40868940099995, 6.35089788900012], [-2.40849443799988, 6.35125395], [-2.40036820799986, 6.35150978900015], [-2.39747387599994, 6.35160091200015], [-2.39766372299982, 6.35015451800018], [-2.39955654199991, 6.34168847600012], [-2.39967157899997, 6.34125219099997], [-2.39979990299997, 6.33776129500018], [-2.39987239899995, 6.33492726200006], [-2.39997615099992, 6.33087153000002], [-2.40003724199994, 6.32808282000008], [-2.40015324599995, 6.32278752600013], [-2.40021337799993, 6.31819404400005], [-2.40021345499991, 6.31791843700006], [-2.40021353199995, 6.31764283100017], [-2.40042054299994, 6.3169656610001], [-2.40247363299989, 6.3094965790001], [-2.40115621799987, 6.30869630600006], [-2.40101031099994, 6.30841724000004], [-2.39971989999987, 6.30594915100005], [-2.39690799499982, 6.30485943100012], [-2.39662088199987, 6.30461835600016], [-2.39637990199998, 6.30434270500018], [-2.39616162199997, 6.30409041999997], [-2.39573686599982, 6.30365403100001], [-2.39559911799995, 6.30335571100005], [-2.39551871699996, 6.30316058900007], [-2.3952546999999, 6.30289671300005], [-2.39499071799997, 6.30283919700014], [-2.39254604499996, 6.30158861400014], [-2.39211000599994, 6.30160028500012], [-2.39178857899998, 6.3016924370001], [-2.39151319099994, 6.30171522099999], [-2.39122646699991, 6.30171546800011], [-2.39096236899991, 6.301646581], [-2.3905950169999, 6.30146290300013], [-2.39011290699989, 6.30082012800011], [-2.38918247699991, 6.29854729200002], [-2.38917095199992, 6.29806501000007], [-2.38953026599989, 6.29650453900018], [-2.38873402799993, 6.29553884900002], [-2.38871084999988, 6.29520594200011], [-2.38864203199995, 6.29493051800006], [-2.38852697599992, 6.29474668300003], [-2.38833193499988, 6.29462042200015], [-2.38818282899996, 6.29448267000015], [-2.38814816899998, 6.29429896600004], [-2.38818259799996, 6.29410370900013], [-2.38822828199994, 6.29377079200003], [-2.38821666799993, 6.29344905000005], [-2.38810192699987, 6.29305919800015], [-2.38770007299991, 6.29255400900018], [-2.38727541499998, 6.29208315700009], [-2.3869881629999, 6.29178488500014], [-2.38678161899998, 6.29167002200012], [-2.38656364399986, 6.29165871500015], [-2.3862080639999, 6.29165879699997], [-2.38576045199994, 6.29175076200005], [-2.38551949899988, 6.29177362200016], [-2.38530151899988, 6.29172803600011], [-2.38494551299993, 6.29156740400015], [-2.38461266099989, 6.29121171800006], [-2.38445182999993, 6.29093584700001], [-2.38433725799996, 6.29070636200015], [-2.38413061499989, 6.29048831700015], [-2.38387806899988, 6.29029330300017], [-2.38370583999995, 6.29016697899999], [-2.38363694599991, 6.29004064100002], [-2.38356805299998, 6.28991430200017], [-2.38340723499982, 6.28951268300005], [-2.38323482099986, 6.28889267599999], [-2.38300503599993, 6.28815775400011], [-2.38286729899983, 6.28762981100004], [-2.38266046999996, 6.28730806800019], [-2.38246530199996, 6.28706725500007], [-2.38224069999995, 6.28689249200005], [-2.38214955199993, 6.28698856500012], [-2.38200232199995, 6.28702405300004], [-2.38153231399986, 6.28703231499998], [-2.3812948449999, 6.28695278300017], [-2.37992507299992, 6.28666215800018], [-2.37953378399988, 6.28682331200002], [-2.37922148299998, 6.28695064699997], [-2.37900963099992, 6.2868131940001], [-2.37865108799991, 6.28683944100004], [-2.37808168499981, 6.28695393800018], [-2.37765724999997, 6.28698847300012], [-2.37737031999984, 6.28690844200014], [-2.37710625599993, 6.28681646399997], [-2.37688807099988, 6.28672470900011], [-2.37652118599993, 6.28671327200016], [-2.37628011299995, 6.28669030800006], [-2.37606198399993, 6.28658718300011], [-2.37583240299995, 6.28644946600002], [-2.37562572999991, 6.28641504200016], [-2.37517823999991, 6.28632320000003], [-2.37493730599988, 6.28625475900014], [-2.37478815799989, 6.28619727300003], [-2.3746619879999, 6.28610527500001], [-2.37456998499994, 6.28597890900005], [-2.37448946199993, 6.28586422600006], [-2.37436343799993, 6.28579548300019], [-2.3742143209999, 6.28574953700007], [-2.37404201799995, 6.28569211200005], [-2.37391587999991, 6.28561199900008], [-2.37377785699994, 6.28549712299997], [-2.37366336799988, 6.28542817700014], [-2.37358879499993, 6.28539960600017], [-2.37331885999993, 6.28537281500019], [-2.37294940199996, 6.28552595500008], [-2.37256043199994, 6.28507998100014], [-2.37188681399988, 6.28502559100008], [-2.37172505699994, 6.28487158199999], [-2.37173067599997, 6.28433807400012], [-2.37158592199995, 6.28414291300004], [-2.37119551099988, 6.28389037400018], [-2.37095454399986, 6.28377559400008], [-2.37080536999997, 6.28374118900018], [-2.37064484099989, 6.283741437], [-2.37044980599984, 6.28384478500004], [-2.37034640699989, 6.28390207299998], [-2.37024674899993, 6.28395557900018], [-2.3700772599999, 6.28397327500005], [-2.36995932699995, 6.28392757900014], [-2.36978414599992, 6.28376453400006], [-2.36943977799996, 6.2834429720001], [-2.36918711899989, 6.28320230200012], [-2.36900351299988, 6.28313336300016], [-2.36879693099996, 6.28313321400009], [-2.36855609999992, 6.28320223000009], [-2.36845289999991, 6.28323677899999], [-2.36827498399992, 6.28326265200013], [-2.36818169399993, 6.28323354400004], [-2.36817842299985, 6.28308116400018], [-2.36820680499989, 6.28294595400018], [-2.36827275199994, 6.2828911520001], [-2.36839904999988, 6.28283906700017], [-2.36853402799994, 6.28280996100005], [-2.36863159799992, 6.28276082600019], [-2.36867998199995, 6.28258243400012], [-2.36869335699993, 6.282398468], [-2.36862451099989, 6.28227221100013], [-2.36856723299996, 6.28219191700009], [-2.36859011799987, 6.28208850400011], [-2.36871623199994, 6.28196208200018], [-2.36898028399992, 6.28172092200009], [-2.36906028899989, 6.28157188300008], [-2.36907188499987, 6.28136514600016], [-2.36901430299997, 6.28113533400011], [-2.36896269099998, 6.28104925500003], [-2.36891107899987, 6.28096317500018], [-2.36879630399989, 6.28088268700009], [-2.36863556899993, 6.28083711500005], [-2.36840626799994, 6.28087147700006], [-2.36825698799993, 6.28089460400014], [-2.36813082799989, 6.28087150800013], [-2.36792420599994, 6.28075680700016], [-2.36748805199994, 6.28038949100016], [-2.36714368499992, 6.28003364700004], [-2.36704038399989, 6.27993039100016], [-2.36700585199998, 6.27979267500018], [-2.36701722199996, 6.27959747900019], [-2.36700774599996, 6.27932914400009], [-2.36683495699998, 6.27918295800009], [-2.36666816899992, 6.27913451400013], [-2.36654716199996, 6.27901119400008], [-2.36644604499986, 6.2788015640001], [-2.36645691599995, 6.27856288900017], [-2.3664390909999, 6.27833866600002], [-2.36634058499993, 6.27802839600008], [-2.36628804599991, 6.27793262900008], [-2.36623639099992, 6.27782923700005], [-2.36614455999995, 6.27766858900009], [-2.36599547999998, 6.27766863400018], [-2.36582322099991, 6.27772610000017], [-2.36562815799994, 6.27781790400007], [-2.36549058799994, 6.2778756240001], [-2.36540446899994, 6.27787533200006], [-2.36527244399991, 6.27786396300007], [-2.36520348399989, 6.27772633700005], [-2.36519204799993, 6.27756547900009], [-2.36522625799989, 6.2773817640001], [-2.36532965199996, 6.27728968300016], [-2.3655018209999, 6.27719811000014], [-2.36560499099988, 6.27715202000007], [-2.36567963599992, 6.27706001299998], [-2.36559349399994, 6.27696825300006], [-2.36545582499997, 6.27688816800008], [-2.36540973099989, 6.27673894100008], [-2.36545559399997, 6.27660101700002], [-2.36554732699994, 6.27639424200009], [-2.3656735809999, 6.27622200000002], [-2.36574815399985, 6.27613576400017], [-2.36582272899989, 6.27604952700005], [-2.3659259179999, 6.27591179800015], [-2.36602925599993, 6.27583125700011], [-2.36618984099988, 6.27581981300006], [-2.36630466399987, 6.27581985900008], [-2.36641795999992, 6.27574236800012], [-2.36639471099994, 6.27564179500007], [-2.36621318299996, 6.27544962600007], [-2.36609786999992, 6.27530616400009], [-2.36603723699994, 6.27519418700018], [-2.36596493699994, 6.27501611000008], [-2.36590396599996, 6.27477474800003], [-2.36587681899994, 6.27459680700014], [-2.36571827799986, 6.27408804600003], [-2.36572010399993, 6.27368550500006], [-2.36563344499996, 6.27351034100013], [-2.36551305499995, 6.27338680500003], [-2.36535281499982, 6.27277788200018], [-2.36524805999994, 6.27262794200004], [-2.36477757699993, 6.27259402600004], [-2.36461670499995, 6.27259375600005], [-2.36447896599998, 6.27238723500011], [-2.36439852299998, 6.27216919400007], [-2.36430100399991, 6.27206290800018], [-2.36421496899993, 6.27201998200019], [-2.36403134699998, 6.27204268000008], [-2.36389374899989, 6.27208885800019], [-2.36373316499993, 6.27210030100014], [-2.36359535699989, 6.27206586400007], [-2.36348058399989, 6.27198554600017], [-2.36336586199991, 6.27182512800005], [-2.36325110699994, 6.27165265400015], [-2.36318196999997, 6.27144612500001], [-2.36318203599996, 6.27123941600007], [-2.36313599399989, 6.27100991800006], [-2.36302111099997, 6.270688269], [-2.36294082699993, 6.27033242300007], [-2.36272253799996, 6.26996505000017], [-2.36252738199988, 6.26968942900015], [-2.36236681599985, 6.26957460600016], [-2.3620455279999, 6.26951756200009], [-2.36176123199994, 6.26953818200019], [-2.36160891899993, 6.26952995200003], [-2.36145652399995, 6.2694900940001], [-2.36138453199993, 6.26942990000009], [-2.36138130799992, 6.26929477100003], [-2.36143269499991, 6.26916525100012], [-2.36154169699995, 6.26909308700004], [-2.36165189099995, 6.26892603600015], [-2.36157821599988, 6.26877096300018], [-2.3612843979999, 6.26856513200011], [-2.36108858299997, 6.26832656800013], [-2.36092106199993, 6.26799347200006], [-2.36074513699998, 6.26774378200003], [-2.36054353699996, 6.26756603800004], [-2.36007105399995, 6.26724441499999], [-2.35991040899989, 6.26719849400001], [-2.35958921299988, 6.26721017900019], [-2.35931372999994, 6.26729082000003], [-2.35908408899991, 6.26732500500009], [-2.35895807999998, 6.26735943900013], [-2.35883180899992, 6.267325142], [-2.35872854099989, 6.26723325200004], [-2.35868244099993, 6.26698067000012], [-2.35863663899994, 6.26684298200013], [-2.35848734899992, 6.26672812900011], [-2.3583841119999, 6.26664778100019], [-2.35838406999983, 6.26649860600003], [-2.35839550599997, 6.26636077000018], [-2.35840681999991, 6.26614266300015], [-2.35836090699996, 6.26606216600015], [-2.35821173999994, 6.26602775600014], [-2.35799386799994, 6.26611978900002], [-2.35785615199995, 6.26611997200013], [-2.35770689099991, 6.26601631500017], [-2.35763805499994, 6.26592485200018], [-2.35745451499992, 6.26587899100002], [-2.35713303199998, 6.26587896000012], [-2.35693796699991, 6.26593631000003], [-2.35683490799988, 6.26592486300007], [-2.35668542299987, 6.26586737100013], [-2.35658215299986, 6.26574120100014], [-2.35642156199998, 6.26564963100003], [-2.35627248099991, 6.26561487600009], [-2.35615374299994, 6.26564522500001], [-2.35594384399997, 6.2655911380001], [-2.35582851599986, 6.2654390460001], [-2.35572205199992, 6.26538181600017], [-2.35556712899989, 6.26538968400013], [-2.35532865699997, 6.26548346700014], [-2.35490659499987, 6.26561106800011], [-2.35463662099983, 6.26566064500008], [-2.35439800399996, 6.26561238100015], [-2.35420243599998, 6.26554387900018], [-2.35405760999987, 6.26546633900017], [-2.35390840999997, 6.2653860210001], [-2.35375925399995, 6.26512199100006], [-2.35367891899989, 6.26474305900018], [-2.35363283999982, 6.2643642110001], [-2.35356396599997, 6.26415768000015], [-2.3533688089999, 6.26377852800005], [-2.35313909299992, 6.26354898400007], [-2.35280629099998, 6.26333107400012], [-2.35248509399997, 6.26330813100009], [-2.35232444999991, 6.26326238000013], [-2.35219800199985, 6.26315900600014], [-2.35214635999995, 6.26299256600004], [-2.35209471899992, 6.26282612600011], [-2.35204882199992, 6.26255063200006], [-2.35194538699989, 6.26249301900015], [-2.35171608699994, 6.26245846900014], [-2.35142900299991, 6.26241304400003], [-2.35123395199992, 6.26227505000014], [-2.35106193999991, 6.26212597299997], [-2.35090112599994, 6.26171227900005], [-2.35076330899989, 6.26147147300003], [-2.35064845099987, 6.26135670000002], [-2.35043059299988, 6.2612532170001], [-2.35026980399994, 6.26115010399997], [-2.35016645099989, 6.26102375900012], [-2.35013192599996, 6.26088604200015], [-2.35016625199995, 6.26064479400009], [-2.35015493099991, 6.26039246500011], [-2.3501087279999, 6.26023152300007], [-2.35001702399995, 6.26011669000007], [-2.34989066499998, 6.26004776700017], [-2.3494088789999, 6.25989845200019], [-2.34923675799996, 6.25980690800003], [-2.34911042899989, 6.25974969800012], [-2.34898429699996, 6.25963478200003], [-2.34889241699989, 6.25945121900003], [-2.34884649299994, 6.25916401000012], [-2.34882338399996, 6.25898027100015], [-2.34874306799998, 6.25880804700012], [-2.34870834399993, 6.25869306800007], [-2.34874290499988, 6.25850952399998], [-2.34875437299985, 6.25838323000005], [-2.34874297299996, 6.25823391200009], [-2.34865092399997, 6.25808480100011], [-2.34851340099988, 6.25795837100014], [-2.34835269299992, 6.25778618100009], [-2.34829518699996, 6.25761407200014], [-2.34831795699989, 6.25746466600003], [-2.34843264399996, 6.25717773400009], [-2.34865060999988, 6.25678718300003], [-2.34872516799993, 6.25664367300004], [-2.34882724999994, 6.25645464800016], [-2.34889870499995, 6.25633676100006], [-2.34895715799991, 6.25621409900003], [-2.34892579099989, 6.25605214100017], [-2.34888570399988, 6.25594311800012], [-2.34884561699994, 6.25583409600011], [-2.34860454699998, 6.25567330900009], [-2.34815682199996, 6.25551253500009], [-2.34797316799995, 6.25542102100013], [-2.34783431099993, 6.25529172400019], [-2.34776635899988, 6.25510762500016], [-2.34775543699988, 6.25490268000016], [-2.34791387799993, 6.25473345800003], [-2.34805285699997, 6.2545143430001], [-2.3481452929999, 6.25412506200013], [-2.34816772399989, 6.25401767900001], [-2.34819000299996, 6.25384863500011], [-2.34825965099986, 6.25372147800016], [-2.34839741099989, 6.25353784200001], [-2.34867276599994, 6.25327358100009], [-2.34884486599998, 6.2530554060001], [-2.34893689999996, 6.25278697500016], [-2.34911985299988, 6.25244663000018], [-2.34937185899997, 6.25234194000001], [-2.34963545399989, 6.25222550600017], [-2.34975991699991, 6.25189135000005], [-2.34974635399993, 6.25156943500014], [-2.34976765099992, 6.25128188300016], [-2.34977758599996, 6.25096008000008], [-2.34970785999997, 6.25083967800009], [-2.34963813599995, 6.25071927600004], [-2.34923343499997, 6.25025039500008], [-2.34882838699991, 6.24974671800004], [-2.34861961899998, 6.2494261650001], [-2.34859539199994, 6.24920797600009], [-2.34863491899989, 6.24909840500015], [-2.34867444599996, 6.24898883400004], [-2.34898298599995, 6.2487110510001], [-2.34921125299991, 6.24844536200004], [-2.34931325699989, 6.24818034000015], [-2.34944908299997, 6.24788060700013], [-2.34955070899991, 6.24753531400006], [-2.34972118999991, 6.24722360600003], [-2.34984666799988, 6.24705051000007], [-2.34994832499996, 6.24675103700008], [-2.34999263399988, 6.24650941800007], [-2.35005986199997, 6.24620986200017], [-2.3501150649999, 6.24581904000019], [-2.35018891599998, 6.24553969700003], [-2.35043621499983, 6.24530650000003], [-2.35083113999991, 6.24524347100004], [-2.35128131999994, 6.24520870000009], [-2.35168548899998, 6.24517748400018], [-2.35204085899989, 6.24507183800017], [-2.35223585499995, 6.24499020400015], [-2.35245360399995, 6.24492005200005], [-2.35263487099985, 6.24475045800006], [-2.35279543799987, 6.24468166500009], [-2.35291280299992, 6.24485961599999], [-2.35300573999996, 6.24501992100005], [-2.35312067099989, 6.24503099500004], [-2.3532238059999, 6.24497285200016], [-2.35333766199989, 6.24479978400001], [-2.35340157599995, 6.24466321500017], [-2.35353384899997, 6.24467114100014], [-2.35362493199995, 6.24482109400003], [-2.35373983299996, 6.24482045500002], [-2.35387701799993, 6.24471588599999], [-2.35394511499987, 6.24455482200017], [-2.35416214999998, 6.24434075100015], [-2.35428819399993, 6.24428831900008], [-2.35440355999998, 6.24436812200003], [-2.35440443099998, 6.24450627100015], [-2.35443978799998, 6.24466689500014], [-2.35456625199987, 6.24467759500016], [-2.35472711299985, 6.24467649100006], [-2.35501397699994, 6.24464061300012], [-2.35520967199989, 6.24469678200001], [-2.35534781499996, 6.24473070500011], [-2.35546251199986, 6.24468407300014], [-2.35557651399995, 6.24456819500011], [-2.35574838499997, 6.244463709], [-2.35588603499991, 6.24443992700003], [-2.3560932339999, 6.24448487000006], [-2.35626592199998, 6.24456435200011], [-2.35634674499994, 6.24463270300015], [-2.3562789959999, 6.24482856100019], [-2.35613033899995, 6.24499052200002], [-2.35605610999994, 6.24504264900014], [-2.35598187899996, 6.24509477600009], [-2.35592528699993, 6.24524461400006], [-2.35600585199995, 6.24531296400005], [-2.35614399399992, 6.24534671600014], [-2.35623888299995, 6.24543887200014], [-2.35628292299998, 6.24551844300009], [-2.35632449599996, 6.24559369400015], [-2.35650237099992, 6.24547695400008], [-2.35661793299988, 6.24522859000018], [-2.3567490879999, 6.24501894700012], [-2.35685361999992, 6.24487117900014], [-2.35696785099998, 6.24474375900007], [-2.3571054119999, 6.24468552600018], [-2.3573579369999, 6.24468418500015], [-2.35757637799998, 6.24468293300004], [-2.35769116499995, 6.24467092400005], [-2.35781725099991, 6.24463545899999], [-2.35797764699993, 6.24455408400013], [-2.35809190799989, 6.24443854900005], [-2.35816019199996, 6.24436857700016], [-2.35839099899994, 6.24448846500013], [-2.35862097799998, 6.2445389880001], [-2.35880458799988, 6.24451474200009], [-2.35891893699994, 6.24443365900004], [-2.35899879699997, 6.24429513000018], [-2.3589174519999, 6.24415787900011], [-2.35877939599993, 6.24412430000007], [-2.35869303599998, 6.24407844500013], [-2.35869746599991, 6.24386009700015], [-2.35874294499996, 6.24377359300013], [-2.35878842499989, 6.24368708800017], [-2.35892523299992, 6.24353687200016], [-2.35920029499994, 6.24339715000013], [-2.35932661299984, 6.24338511000002], [-2.35953354999998, 6.24339525600016], [-2.35970609299994, 6.24345182800005], [-2.35983308199991, 6.24356622300019], [-2.35983389399996, 6.24368077200018], [-2.35982335199998, 6.24386494200013], [-2.35983584399997, 6.24400306100011], [-2.35998517399997, 6.24403652300003], [-2.36014591599996, 6.24398951200016], [-2.36028412099984, 6.24408062500009], [-2.36037708699996, 6.24421819000003], [-2.36045840599996, 6.24437869500008], [-2.36057386199991, 6.24449312100012], [-2.36075755999991, 6.24450332600003], [-2.3608434809999, 6.24444539800004], [-2.36092939999992, 6.24438746999999], [-2.36110039699997, 6.24414500600005], [-2.36120271699997, 6.2439719680001], [-2.36133913999993, 6.24370668400019], [-2.36146429799987, 6.243544955], [-2.36148654799985, 6.24339537900011], [-2.36141722799988, 6.24331545800015], [-2.3613133639999, 6.24322391300012], [-2.36127815399993, 6.24312064999998], [-2.36130046599982, 6.2430286070001], [-2.36137983299989, 6.24283271800016], [-2.3613789609999, 6.24269491500002], [-2.36129694099998, 6.24239626100018], [-2.36120356699996, 6.24216688300004], [-2.36118011699989, 6.24205204800006], [-2.36120244399996, 6.24194855000019], [-2.36122476999992, 6.24184505200014], [-2.36138501799996, 6.24174042200002], [-2.36155744199993, 6.24175100200017], [-2.36174081799993, 6.24170384600018], [-2.36188950499997, 6.24158804900014], [-2.36195728099989, 6.2414035590001], [-2.36196776399987, 6.24119682300005], [-2.3620123259999, 6.24095485900011], [-2.36198277799997, 6.24081135900013], [-2.36195323099992, 6.24066785899998], [-2.36184861499987, 6.24048467600005], [-2.36182478799992, 6.24032367700011], [-2.36190424299986, 6.24016223900009], [-2.36206355999997, 6.23989706800012], [-2.36224574099987, 6.23962012499999], [-2.3624511619999, 6.23937722800008], [-2.36275881599994, 6.23896163700005], [-2.36298733299992, 6.23873039400019], [-2.36310226299986, 6.23874112200002], [-2.36326315199994, 6.23875172999999], [-2.36342348799997, 6.23868155100013], [-2.36351499799997, 6.23858932900015], [-2.36350279499987, 6.23846292400009], [-2.36334112199989, 6.23834896400007], [-2.36324887899991, 6.23825738900007], [-2.3632479769999, 6.2381080450001], [-2.36333908299991, 6.23799256899997], [-2.36338413999982, 6.23784276200013], [-2.36333774399998, 6.23777397800012], [-2.36317635999995, 6.23767155800016], [-2.36298054799983, 6.23756922800004], [-2.36284231799993, 6.23750102700018], [-2.36274929099994, 6.23730610000013], [-2.36285204599994, 6.23720196300013], [-2.36293780699992, 6.23713258000015], [-2.36302356599992, 6.23706319700017], [-2.36313803199988, 6.23702793300009], [-2.36324162899984, 6.23705023100018], [-2.36329970499992, 6.23714189300011], [-2.36338067199989, 6.23723332500003], [-2.36345002099995, 6.23732495899998], [-2.36356541599997, 6.23741612900005], [-2.3637382149999, 6.23747287100014], [-2.36382981399993, 6.23741475500015], [-2.36401248899995, 6.23722962300008], [-2.36416061799986, 6.23699910500005], [-2.36422842299987, 6.23682598300007], [-2.36422758099997, 6.23669954900009], [-2.36412278599994, 6.23644729200009], [-2.36396049999991, 6.23619535500012], [-2.36377546999995, 6.23605384500019], [-2.36369868299982, 6.23588077200014], [-2.36388815199996, 6.23560935100016], [-2.36401420699991, 6.23556268900001], [-2.36420896599992, 6.23545796900004], [-2.36447283999991, 6.23538752200017], [-2.36465618599993, 6.23532899700007], [-2.36480524599989, 6.23525901900013], [-2.3649536129999, 6.23512031300004], [-2.36498742399988, 6.23498224800005], [-2.36502077299997, 6.23479801900015], [-2.36498547399998, 6.23466030500015], [-2.36497242599995, 6.23440729400011], [-2.36496019299994, 6.23426951900012], [-2.36492445599993, 6.23406255900005], [-2.36492392999986, 6.23395920600012], [-2.36503818799997, 6.2338438430001], [-2.36520970599997, 6.23370473200004], [-2.36539290499985, 6.23362312500012], [-2.36563353299994, 6.23348366300013], [-2.36579334199996, 6.233310475], [-2.36574642399995, 6.23317279200006], [-2.36566557099985, 6.23309255700008], [-2.36555064399994, 6.23308183100011], [-2.36538984299995, 6.23307122200004], [-2.36527503299993, 6.23310648699999], [-2.36513692099987, 6.23304982800005], [-2.36510153299997, 6.23287766300007], [-2.36519208199991, 6.23264694900018], [-2.3654775089999, 6.23235785100007], [-2.36566061799988, 6.23224196600017], [-2.36582604799997, 6.23204542200006], [-2.36572743099993, 6.23188522100003], [-2.36553171099996, 6.23181734100012], [-2.36547392499989, 6.23173704700002], [-2.36546146299992, 6.23161081500007], [-2.36555303099993, 6.23154115800008], [-2.36565653799988, 6.23152917700008], [-2.36585164799988, 6.23151075800007], [-2.3659198009999, 6.23138965700008], [-2.36583883299988, 6.2312980530001], [-2.36571219499996, 6.23121828199999], [-2.36564207799995, 6.23102915300007], [-2.36567593699982, 6.23094276400013], [-2.36576747499993, 6.23086173900009], [-2.36598544599985, 6.23081432100008], [-2.36673593699993, 6.22951097800012], [-2.36671240199996, 6.22941328300016], [-2.36669052099984, 6.22930454600009], [-2.36673155499994, 6.22916631700014], [-2.36683525299998, 6.22912573700017], [-2.36701077199996, 6.22935394300004], [-2.36709128499996, 6.22933642300018], [-2.36724004199993, 6.22926644500006], [-2.36728668599994, 6.22938104700012], [-2.36725313299985, 6.22951919800011], [-2.36736816499996, 6.22957031900017], [-2.36748268299993, 6.22950628700005], [-2.36756281999988, 6.22945991500012], [-2.36767716199995, 6.22934455100017], [-2.36776855399995, 6.22924027100004], [-2.36782479399989, 6.22905615600018], [-2.36784719199989, 6.22896394000003], [-2.36799593199993, 6.22887105200016], [-2.36812224399989, 6.22882438800002], [-2.36815570999994, 6.22868615100003], [-2.36805190599995, 6.22858341100005], [-2.36800498699995, 6.22844572700001], [-2.36810814699987, 6.22839912300009], [-2.36830333999995, 6.22836364900019], [-2.36849783599996, 6.22825858500016], [-2.36870363199995, 6.22809664700009], [-2.36888714499997, 6.22800384100003], [-2.36908140599996, 6.22784158900015], [-2.36922953099986, 6.22761072500003], [-2.3694341339999, 6.22728738500012], [-2.36957151099989, 6.22716024800013], [-2.36969750299994, 6.22709050200007], [-2.36982358599988, 6.22705555100009], [-2.36993783999992, 6.22693967100014], [-2.36992560499988, 6.22680172500009], [-2.36988986899996, 6.22659511000012], [-2.36992292699995, 6.22638228699998], [-2.36999151299995, 6.22629580800003], [-2.37014068899992, 6.22627165000017], [-2.37034668899992, 6.22615570400018], [-2.37040908599994, 6.22600585100014], [-2.37036826399992, 6.22587934800003], [-2.37035576999995, 6.22572443500013], [-2.37041285199996, 6.22564909800019], [-2.37049279999991, 6.22557981500006], [-2.37046906199993, 6.22545326800014], [-2.37041095899991, 6.22535040900004], [-2.3704560139999, 6.22520060200003], [-2.37059359799991, 6.22515390800004], [-2.37084645699997, 6.22515256200012], [-2.3710185249999, 6.2251283440001], [-2.37108684999987, 6.22502446800019], [-2.37128145999998, 6.22489701000012], [-2.37151107599988, 6.2248611010001], [-2.37170632699997, 6.22484853600002], [-2.37193568499993, 6.22481262800005], [-2.37216521599993, 6.22477671900003], [-2.37231485499996, 6.22479889599998], [-2.3723959109999, 6.22492460500018], [-2.37243121099993, 6.22506231800014], [-2.37259244399991, 6.22510737500005], [-2.37273046499996, 6.22512975400002], [-2.37289140899998, 6.22516309800011], [-2.37307553399995, 6.22520809500003], [-2.37328243799993, 6.22524149100013], [-2.37343743799994, 6.22521490500003], [-2.37352314999993, 6.22513665000008], [-2.37372955599994, 6.22507806400017], [-2.37385607299996, 6.22511166900006], [-2.37390290699989, 6.22524935200016], [-2.37384585299998, 6.22531892000006], [-2.37373154099993, 6.22541154600009], [-2.37361708099996, 6.22548091800013], [-2.37359492099984, 6.22563049500013], [-2.3737106609999, 6.22575628600015], [-2.37392924699998, 6.22584701300013], [-2.37414852299997, 6.22597219000011], [-2.37443639399993, 6.22609701500005], [-2.37460954399995, 6.22625693500009], [-2.37469135699996, 6.22647479800008], [-2.37499160499993, 6.22672585499998], [-2.37521033699988, 6.22683966400012], [-2.37537162999985, 6.22690797400008], [-2.37558959799992, 6.22686055200006], [-2.37585311299989, 6.22672085500011], [-2.37612828199991, 6.22662763600016], [-2.37631182299992, 6.22658030400015], [-2.37646120599993, 6.2266024810001], [-2.37663449799987, 6.22675085800006], [-2.37644126499987, 6.22710862000014], [-2.37622475799998, 6.22741993500006], [-2.37631728899993, 6.22752304800014], [-2.37643212599994, 6.22749932100004], [-2.37656964999985, 6.22742954400007], [-2.37672998199997, 6.22735970700006], [-2.37687968099993, 6.22740479100003], [-2.37696015599994, 6.22743868800012], [-2.37712150899995, 6.22752990800018], [-2.37718019699992, 6.22772474800013], [-2.37731827799996, 6.22776986400015], [-2.37739866099997, 6.22775234300002], [-2.37747904399993, 6.22773482100018], [-2.37755852299995, 6.22758457800012], [-2.37771207899993, 6.22734241700005], [-2.37788977799994, 6.22724953699998], [-2.37807241399992, 6.22705268900006], [-2.37811755599995, 6.22693750400003], [-2.37818535699995, 6.22676472600011], [-2.37833409099989, 6.22663721300012], [-2.37877049099995, 6.22658904800016], [-2.37902437399993, 6.22678286199999], [-2.37914006099987, 6.22692019200002], [-2.37924441999991, 6.22710337200004], [-2.37941724599989, 6.22717130600017], [-2.37958984299996, 6.22725078200017], [-2.37965997499992, 6.22741131400016], [-2.3797759279999, 6.22761737300004], [-2.37999488999992, 6.22771998200011], [-2.3802244499999, 6.22769543900012], [-2.3803619119999, 6.22760275000019], [-2.38046358399987, 6.2273411110001], [-2.38042628799991, 6.22699732799998], [-2.38058064899997, 6.22677986800011], [-2.38068434399986, 6.22677301200008], [-2.38078195399993, 6.22676104400017], [-2.38087445499997, 6.22685226900018], [-2.38097934399991, 6.22713914500008], [-2.38113094899995, 6.22751771100013], [-2.38116686599989, 6.22775912000014], [-2.38120210799997, 6.22787357800019], [-2.38129423199996, 6.22791915700014], [-2.38148945199993, 6.22789487500012], [-2.38175393299997, 6.22792777200004], [-2.38194921799987, 6.22796119500009], [-2.38211051099989, 6.22802915900019], [-2.38220260399987, 6.22806302500015], [-2.38232938199997, 6.22809697100013], [-2.38247820899994, 6.2280387030001], [-2.38266142799995, 6.22793400900014], [-2.3827877409999, 6.22792179300018], [-2.38293706299993, 6.22792088500012], [-2.38300541599995, 6.22782872100015], [-2.38297040599991, 6.22773700099998], [-2.38281461199989, 6.22759977600009], [-2.38275073599993, 6.22746213900018], [-2.38278466199989, 6.22736972100017], [-2.38294516899987, 6.2273346770001], [-2.38314047899996, 6.22734484600016], [-2.38327803299995, 6.22728660700005], [-2.38341490999994, 6.22710193500006], [-2.3834940079999, 6.22690604500002], [-2.38358463899993, 6.22671012600006], [-2.38363021399988, 6.22662921800008], [-2.38378792399988, 6.22636475100018], [-2.3838355019999, 6.2261170810001], [-2.38389962199989, 6.2257541190001], [-2.38396922099997, 6.22567300000003], [-2.38409506399989, 6.22558016900007], [-2.38433580299983, 6.22548686500016], [-2.38449653599997, 6.22543993400012], [-2.38466810499995, 6.22532390100002], [-2.38475949399998, 6.22522013600002], [-2.38479304099991, 6.22508172700003], [-2.38475721299994, 6.2248751140001], [-2.38468730399995, 6.22466859000008], [-2.38445581799988, 6.22441701500009], [-2.38416741799995, 6.22418867100004], [-2.38392580199991, 6.22414417400017], [-2.38382258599989, 6.22416787100008], [-2.38358297999997, 6.22419640400005], [-2.38352359099986, 6.22410044100019], [-2.38355710899998, 6.2239508350001], [-2.3835777459999, 6.22354839100018], [-2.38367850099996, 6.22311059800012], [-2.38379187599992, 6.22285743000015], [-2.38382489499992, 6.22261549700011], [-2.38378973399995, 6.22246658800009], [-2.38366239899989, 6.22231774800008], [-2.38365031099994, 6.22222011000014], [-2.38363822099984, 6.22212247300013], [-2.38371848399993, 6.22207592600012], [-2.38381010699993, 6.22202935000018], [-2.38393609599996, 6.22195960099998], [-2.38406161999995, 6.22184386100002], [-2.38408377899992, 6.22169454300007], [-2.38386493699994, 6.22160373400015], [-2.38372735499991, 6.22165043100017], [-2.38360092699986, 6.22165127900007], [-2.38347400199984, 6.22156014400008], [-2.38346211399994, 6.22145682200005], [-2.3834492389999, 6.22127271400012], [-2.38336261699993, 6.22115839100013], [-2.38327655299992, 6.22115878800008], [-2.38319631999997, 6.22121687600008], [-2.38309319399997, 6.22127502400014], [-2.38296670699998, 6.22125279000005], [-2.38293172199991, 6.22113781500002], [-2.38290795299997, 6.22099990000009], [-2.38284943899993, 6.22083933800013], [-2.38271058599992, 6.22067916000003], [-2.38260659199995, 6.22055334000009], [-2.38261733699994, 6.22044961400019], [-2.38270831599988, 6.22028814400016], [-2.38278814099993, 6.22017286900012], [-2.38286761699993, 6.22002297100016], [-2.38284900299982, 6.21979908700013], [-2.38269370799992, 6.21973679200005], [-2.3825325059999, 6.21970293500016], [-2.38233666999997, 6.21958906900016], [-2.38222127799992, 6.21949790400015], [-2.38214030999995, 6.21940630300014], [-2.38212793199995, 6.21928024400006], [-2.38213293699988, 6.21915353700018], [-2.38225362399993, 6.21912988000008], [-2.38235698999995, 6.21916388900013], [-2.38243736799996, 6.21912853900005], [-2.38252834699995, 6.21896707000013], [-2.38255009699998, 6.2187601330001], [-2.38253748199998, 6.218576369], [-2.38247925699994, 6.21842700400003], [-2.38237519599994, 6.21832461100013], [-2.38230538099998, 6.21816967700011], [-2.38246573599997, 6.21809389700007], [-2.38261502599983, 6.21808144800002], [-2.38272898699984, 6.21795437000014], [-2.38261303599984, 6.21774813800016], [-2.38244053099993, 6.21770311500006], [-2.38235921599988, 6.21757706300014], [-2.38235825399988, 6.2174392610001], [-2.38238008999991, 6.21723232400012], [-2.38249337699995, 6.21697846800004], [-2.38266511199987, 6.21682798400002], [-2.38290543999994, 6.21667714900008], [-2.38322670499997, 6.2166063730001], [-2.38349062499998, 6.21655882900006], [-2.38367380999995, 6.21644293800017], [-2.38381045799997, 6.21626946399999], [-2.38395922099994, 6.21618794200003], [-2.3843151989999, 6.21612844400005], [-2.3844526879999, 6.21604729600011], [-2.38448617699993, 6.21588615000007], [-2.38445025999988, 6.21564491300012], [-2.38448380799997, 6.21550667600013], [-2.38455183299993, 6.2153223570001], [-2.38459600699997, 6.21503491999999], [-2.38442303499994, 6.21490928100019], [-2.38402004799997, 6.21479664700013], [-2.38392780699991, 6.21470524699998], [-2.38385807999992, 6.21456762600008], [-2.38373083799996, 6.21445340800005], [-2.38361585399986, 6.21441943000008], [-2.38347818499983, 6.21443202000006], [-2.38334022599997, 6.21443255300017], [-2.38319000199988, 6.21428411700015], [-2.38311986799994, 6.2140893080001], [-2.38315320999993, 6.21390507800015], [-2.38315212299995, 6.21368648900011], [-2.38313952399994, 6.21351990300013], [-2.38318857799993, 6.2133310960001], [-2.38340250099998, 6.21338015000003], [-2.38346912799994, 6.21297714700017], [-2.38345632499988, 6.21268471500014], [-2.38338651199996, 6.21254709400006], [-2.38327126599995, 6.21247866500016], [-2.38308714599998, 6.21243367000005], [-2.3829605709999, 6.21237698500011], [-2.38282205499996, 6.21226296900005], [-2.38282155699994, 6.21217098500011], [-2.38275180499994, 6.21205644600013], [-2.38256777099991, 6.21201145100002], [-2.38245185099993, 6.2118165870001], [-2.38250761799998, 6.21155185700002], [-2.38249456599988, 6.21129902000018], [-2.38244752599991, 6.21111517400004], [-2.38230854399995, 6.21092105900004], [-2.38214719599995, 6.21083001300002], [-2.38190572799994, 6.21077379900015], [-2.38173337699988, 6.21078630700009], [-2.3814470339999, 6.21091452300004], [-2.38118355699993, 6.21106541800003], [-2.38098933399993, 6.21123887000016], [-2.38082904299995, 6.21135487200019], [-2.38062316699995, 6.21148236100015], [-2.38037116199996, 6.21161048900007], [-2.38026853199983, 6.21172616800015], [-2.38021177299993, 6.21184155500003], [-2.38018961299997, 6.21199095800006], [-2.38004090899989, 6.21209556100007], [-2.37986843999994, 6.21209618300014], [-2.37967885899997, 6.21208599699997], [-2.37960378699989, 6.21199438100007], [-2.37962580499993, 6.21185634699998], [-2.37955596399985, 6.2117073550001], [-2.37945280899993, 6.21175396000012], [-2.37931619099982, 6.21193863000013], [-2.37922497599982, 6.21204273800004], [-2.37913303499994, 6.21206623300014], [-2.37894894099998, 6.211998327], [-2.37881039999996, 6.21190721900012], [-2.37868332799985, 6.21175837700008], [-2.37856718199993, 6.21157522700003], [-2.37848583499994, 6.21140318300019], [-2.37842720799989, 6.21123107900013], [-2.37839244499992, 6.21115072600014], [-2.37827829399993, 6.21125489400009], [-2.37820956399997, 6.2113012370001], [-2.37812921299991, 6.21131333300002], [-2.37807110999989, 6.2112101300001], [-2.37805925299989, 6.21111834900006], [-2.37795478499987, 6.21095807800003], [-2.37787384899991, 6.21087767300003], [-2.37787291499995, 6.21071713200018], [-2.37791781799984, 6.21050961900011], [-2.37781955599996, 6.21043571800016], [-2.3776417279999, 6.21047709200019], [-2.37755059799991, 6.21058085500016], [-2.37742522399992, 6.21075412700009], [-2.3773680569999, 6.21081215400005], [-2.37725336899985, 6.21085861600017], [-2.37713850599994, 6.21087080100017], [-2.37706339299984, 6.21077944300009], [-2.37702215099989, 6.21060703500018], [-2.37704454599998, 6.21051499200013], [-2.37694065999989, 6.21041225300007], [-2.37674494699996, 6.21034437600002], [-2.37656047699988, 6.21023047800003], [-2.37651384599985, 6.21010399100015], [-2.37654742699988, 6.20997746700016], [-2.37664999799983, 6.20983887900007], [-2.37664912399993, 6.2097010760001], [-2.37657927999993, 6.20951746000003], [-2.37643002199991, 6.20954127600004], [-2.37628091099992, 6.20958817200017], [-2.37614274399988, 6.20950826000012], [-2.37602697799997, 6.2093714450001], [-2.37595719799998, 6.20924536300015], [-2.37591033699994, 6.20909613800018], [-2.37586329999993, 6.2089122910001], [-2.37586271399988, 6.20878585600008], [-2.37589649599994, 6.20867087300007], [-2.37595287899995, 6.20850949500004], [-2.37605591499988, 6.20841689700018], [-2.37612421099993, 6.20833593200013], [-2.37620412099989, 6.20822048500008], [-2.37623761599991, 6.20809396200002], [-2.37619110199995, 6.20797918800008], [-2.37613302999995, 6.20788752600015], [-2.37599533099996, 6.207888056], [-2.37574288999991, 6.20794727900005], [-2.37555984999995, 6.20808624800009], [-2.37544647499982, 6.20833993200011], [-2.37535645799994, 6.2086738270001], [-2.37533461599998, 6.20884648400011], [-2.37527756699996, 6.2089503310001], [-2.37512833599988, 6.20895123400004], [-2.37500138399992, 6.20884838299997], [-2.37494275499995, 6.20864182800005], [-2.37491846299991, 6.20840056000014], [-2.37495096399994, 6.20808989700009], [-2.37498439899997, 6.20794029100017], [-2.37518959499988, 6.20761712200016], [-2.37536162999982, 6.20758170800008], [-2.37551077099988, 6.20754618000018], [-2.37563687699992, 6.20752242600014], [-2.37568221799995, 6.20738433100018], [-2.37565813299994, 6.20722333300017], [-2.37554283499998, 6.20716661599999], [-2.37540568999998, 6.20724810500008], [-2.37523316199992, 6.20722581500002], [-2.37516352699993, 6.20712264200012], [-2.37517459399987, 6.20704251400008], [-2.37499053099992, 6.20698597500007], [-2.37484127399995, 6.2070097890001], [-2.37472935099981, 6.20701046800008], [-2.37450795499996, 6.20697723700005], [-2.37445090299997, 6.20704663200002], [-2.37442856599995, 6.20716175800015], [-2.37434856199991, 6.20720813000008], [-2.37415250399994, 6.20710580100007], [-2.37403749299995, 6.20706062400012], [-2.37389692799997, 6.20709285600014], [-2.37375293699995, 6.20706258700005], [-2.37350174299985, 6.20697796600007], [-2.37320173599988, 6.20698278600008], [-2.37315204799995, 6.20691633000007], [-2.37316203599988, 6.20665171900015], [-2.37327602799991, 6.20653618299997], [-2.3733670339999, 6.20635146100017], [-2.37342327299984, 6.20616734500004], [-2.37350318799997, 6.20608652100009], [-2.37358310299993, 6.20600569800007], [-2.37367472599993, 6.20595912400012], [-2.37380114899992, 6.20595827900013], [-2.37390517799992, 6.20604965000012], [-2.37399767399995, 6.2061410500001], [-2.37408938499988, 6.20612892700007], [-2.37416932899993, 6.20605947300015], [-2.37419160899998, 6.20595588900011], [-2.37423709599994, 6.20584070299998], [-2.37432866399996, 6.20580584200007], [-2.37443231399993, 6.20585104900016], [-2.37458200699996, 6.20589613600004], [-2.3746531189999, 6.20578075500003], [-2.37463765999996, 6.20558541299999], [-2.37463617299994, 6.20534391300009], [-2.37469240799993, 6.20512517500015], [-2.37472578399996, 6.20495265900007], [-2.3745983959999, 6.20478090600017], [-2.37450589999997, 6.20468933300015], [-2.37445927199985, 6.2045633620001], [-2.37453918399996, 6.20444791500006], [-2.37475571599987, 6.20418225100008], [-2.37483472799994, 6.20395191200015], [-2.37490246399994, 6.20372160100015], [-2.37488944499989, 6.20347978700005], [-2.37495718499991, 6.20328392800013], [-2.37509476399993, 6.20323740599997], [-2.37528953899988, 6.20314422700017], [-2.3753926629999, 6.20308608100015], [-2.37544930899998, 6.2029594980001], [-2.37545459299997, 6.20287318400005], [-2.37546145499988, 6.20277128800012], [-2.37547359999991, 6.20267513200002], [-2.37551672899997, 6.20257889400006], [-2.37566520299987, 6.20248238400006], [-2.37564932499993, 6.20233358700006], [-2.37559471299983, 6.20226303300012], [-2.37553681599991, 6.2021885960001], [-2.37539839399994, 6.20210868400005], [-2.37540993399989, 6.20202818000013], [-2.37551226499994, 6.20194715600019], [-2.37559205999997, 6.20182016900003], [-2.37562546199996, 6.20162474400013], [-2.37571652999998, 6.201497727], [-2.37583080799993, 6.20139355900011], [-2.3759447089999, 6.20124322800018], [-2.37593221499986, 6.20107100400014], [-2.37581627099996, 6.20086459800012], [-2.37564287299989, 6.20070502100015], [-2.37534383299993, 6.20061484600006], [-2.37524024199996, 6.20059220500008], [-2.37499869599998, 6.20057043800011], [-2.37492920599993, 6.20045606700018], [-2.37503186399988, 6.20031748000014], [-2.37507647999985, 6.20009877000018], [-2.37494912499994, 6.1999387300001], [-2.37482239399998, 6.19987041400009], [-2.37469566299995, 6.19980209900007], [-2.37445344699989, 6.19965406900008], [-2.3742689209999, 6.19951743200005], [-2.3743022669999, 6.19933320300015], [-2.37443847399982, 6.19905637900018], [-2.3746093979999, 6.19882545600018], [-2.3746887559999, 6.19862956700001], [-2.37473368999997, 6.19843376700015], [-2.37468633799989, 6.19822718300014], [-2.37462811799998, 6.19807798600016], [-2.37462759199991, 6.1979744620001], [-2.37463834099992, 6.19787108000008], [-2.37477591799995, 6.19782438700003], [-2.37486686699998, 6.19765137799999], [-2.37483153999983, 6.19750195100016], [-2.37465817299994, 6.19735357100012], [-2.37451913699994, 6.19713602600018], [-2.37456418999983, 6.19698621900011], [-2.37466728299989, 6.19691653300004], [-2.37481642199998, 6.19688117800007], [-2.37463468999988, 6.19529568400014], [-2.37426651799996, 6.19519448900019], [-2.37407115899987, 6.19516106100008], [-2.37389825599996, 6.19505867100014], [-2.3737825529999, 6.19494424800018], [-2.37364448099993, 6.19489913000018], [-2.37356407399994, 6.19492259300011], [-2.37354173499995, 6.195003439], [-2.37355390799991, 6.19511830200003], [-2.37362356899996, 6.19523267200009], [-2.37364826599998, 6.19553147400012], [-2.37353361099991, 6.19558964800012], [-2.37340707099992, 6.1955445000001], [-2.37327974699997, 6.19539565600007], [-2.37317560199995, 6.19525846400006], [-2.37303741399995, 6.19520180500012], [-2.37285385199988, 6.19523724800013], [-2.37270468299988, 6.19526106000012], [-2.37252065799993, 6.19525068500008], [-2.37231286799988, 6.19510239200014], [-2.37207015599995, 6.19482809900006], [-2.37197690299996, 6.19457546700016], [-2.37190634099983, 6.19431175200009], [-2.37185927699994, 6.19411636299998], [-2.3717668139999, 6.19403650200007], [-2.37161757299998, 6.19404886000018], [-2.37151577199995, 6.19430225400004], [-2.37147121399988, 6.19454404500004], [-2.37142019099991, 6.19466501500011], [-2.37136916699995, 6.19478598500018], [-2.37116323899988, 6.19492518300012], [-2.37091083099995, 6.19499560000003], [-2.37070356299995, 6.19491638], [-2.37054225299994, 6.19483686900008], [-2.37045066099989, 6.19489481300008], [-2.37027924099993, 6.19503392200016], [-2.3700611399999, 6.19505808400004], [-2.36984265799987, 6.19500197600019], [-2.36967068699994, 6.19506047000004], [-2.36940662799992, 6.19508492300002], [-2.36917568899992, 6.19493686100003], [-2.36903752699988, 6.19485711800007], [-2.36873907499995, 6.19489337300018], [-2.36846336599996, 6.19487203500017], [-2.36826771999995, 6.19482740800009], [-2.36797952199993, 6.19466795200009], [-2.36766793799995, 6.19441691600008], [-2.36749512299997, 6.19434863100003], [-2.36723106499988, 6.19437342700013], [-2.36694425999997, 6.19442101900017], [-2.3667375469999, 6.19445669200019], [-2.36651976299993, 6.19450410700011], [-2.36633547699995, 6.19445910600018], [-2.36617358499996, 6.19428761000006], [-2.36610412399989, 6.1941499830001], [-2.36604553199993, 6.19395496700014], [-2.36592983099996, 6.19384071400003], [-2.36579178799997, 6.19380713400005], [-2.36575689999995, 6.19372678000019], [-2.36589392399992, 6.19356519500002], [-2.36593897899991, 6.19341538700007], [-2.36593743799995, 6.19315080500002], [-2.36582130199986, 6.19296747700014], [-2.36571797099992, 6.19294517700007], [-2.36567259799989, 6.19307173100009], [-2.36562751399981, 6.19321034100017], [-2.36551360999988, 6.19336015300013], [-2.36528400599997, 6.19339605700009], [-2.36509986299995, 6.19333985800012], [-2.36501895899988, 6.19323671200016], [-2.36496042599993, 6.19306460500019], [-2.36490125299991, 6.19277743200013], [-2.36477468399994, 6.19272074100019], [-2.36464794599993, 6.19269850100011], [-2.36456707199989, 6.19260689600009], [-2.3643833939999, 6.19263113900001], [-2.36433793199996, 6.19272324200011], [-2.36423570499994, 6.19289627800003], [-2.36408688599988, 6.19298899100016], [-2.36397130099982, 6.19288662200012], [-2.36390175499992, 6.19274899499999], [-2.3639005089999, 6.19256485500006], [-2.36384229299989, 6.19241583000007], [-2.36373876299996, 6.1924164400001], [-2.36368197099995, 6.19252011300006], [-2.36366052999995, 6.19275030300014], [-2.36369021899992, 6.19293419800016], [-2.36362782099991, 6.1930838780001], [-2.36352553899997, 6.19326862800011], [-2.36334191599997, 6.19328098500017], [-2.36318054699996, 6.19317856200013], [-2.36303004699994, 6.19301857700009], [-2.36296073499994, 6.19295562300005], [-2.36264320299989, 6.1931613380001], [-2.36238663299997, 6.19297613100014], [-2.36212118299994, 6.19279370200007], [-2.36190212399993, 6.19264577899997], [-2.36174040799989, 6.19250856000008], [-2.36164768099997, 6.19232534300011], [-2.3615826919999, 6.19219367799997], [-2.36160164099994, 6.19206687000013], [-2.36158198599992, 6.19191811500002], [-2.36140259899992, 6.19169430400007], [-2.36119483999994, 6.19152309600008], [-2.36088964699991, 6.19136088000016], [-2.36080646399995, 6.19121741200001], [-2.36094998799996, 6.19088034200001], [-2.36090304799995, 6.19073146000017], [-2.36068413399988, 6.19060627300018], [-2.36044154899997, 6.19041241600002], [-2.36032555499997, 6.19018309400008], [-2.36027823899997, 6.18998770300016], [-2.36025438999997, 6.18981550600006], [-2.36019629299994, 6.1897123010001], [-2.35998940499996, 6.18967906800009], [-2.35977049299987, 6.18958833200008], [-2.35956311099994, 6.18946311500008], [-2.35934466299989, 6.18945265000002], [-2.35921867699994, 6.18952256400013], [-2.35897837899995, 6.18965047700016], [-2.35884091799988, 6.18974315900016], [-2.3585761519999, 6.18965856900013], [-2.3584721119999, 6.18952688600012], [-2.35842520199992, 6.18938920000011], [-2.35840132399994, 6.18920546100009], [-2.3584463819999, 6.18905565400007], [-2.35847996599995, 6.18892913200006], [-2.35844461599993, 6.18876850499998], [-2.35830599599996, 6.18864259500009], [-2.35821971899998, 6.18860862200017], [-2.35813344299987, 6.18857465100012], [-2.35791456099997, 6.18849562600008], [-2.35783449899992, 6.18851891300011], [-2.35773140399994, 6.1885884240001], [-2.35752466199995, 6.18861255300004], [-2.35739771999994, 6.18851021100011], [-2.35732846699989, 6.1884530260001], [-2.35707504399994, 6.18832792500012], [-2.35690255099991, 6.18828289000004], [-2.3566612699999, 6.18829573700015], [-2.35623651399993, 6.18834436400016], [-2.35601847099986, 6.18839160300007], [-2.35582328899994, 6.18839261800008], [-2.35557027099998, 6.18832522200017], [-2.35539696999996, 6.18819974300004], [-2.35532757099998, 6.18808519700013], [-2.35539557999994, 6.18795824200004], [-2.35540664899986, 6.18787776900018], [-2.35535956399997, 6.18767117900018], [-2.35519774999989, 6.18749399500007], [-2.35506027499997, 6.18758099100017], [-2.35493379499997, 6.18755874700008], [-2.35481852799995, 6.18747876900005], [-2.35469155699991, 6.18736437000007], [-2.3545196149999, 6.18743457200003], [-2.35442802199998, 6.18749251200001], [-2.35433639999997, 6.18753891100005], [-2.35408321099993, 6.18747151500014], [-2.35394462099993, 6.18735748900014], [-2.35385195599991, 6.18719700800011], [-2.35374744399996, 6.18701382000006], [-2.35371228299982, 6.1868933290001], [-2.35367712199991, 6.18677283700009], [-2.35373365399988, 6.18659991800007], [-2.35382516099992, 6.18655911900015], [-2.35390530799998, 6.18651834800005], [-2.35395077199991, 6.18642624600011], [-2.35398458599997, 6.18628800900012], [-2.35394938299987, 6.18618474400017], [-2.35386833799993, 6.18605868500015], [-2.35372983499985, 6.18594448700009], [-2.3534536979999, 6.18588868900014], [-2.35321209999989, 6.18584400000003], [-2.35291356199997, 6.18584596700015], [-2.35264907199996, 6.18580133600005], [-2.35252218799985, 6.18572155900011], [-2.35222321699996, 6.18565445000019], [-2.35218925599992, 6.18573498100017], [-2.35227067499989, 6.1859070320001], [-2.35238651899988, 6.18607882300006], [-2.35245733199997, 6.18641178900003], [-2.35231934999996, 6.18640111600013], [-2.35213509399995, 6.18629874700014], [-2.35196130199989, 6.18608128300008], [-2.3518338689999, 6.18588678400005], [-2.35168313899987, 6.18563429100004], [-2.3515900999999, 6.18542816300004], [-2.35152024299992, 6.18526762400018], [-2.35141538499994, 6.1850499840001], [-2.3514035039999, 6.18494631400006], [-2.35149472099994, 6.18484238300005], [-2.35163313699991, 6.18492195900006], [-2.35178821499994, 6.1849384460001], [-2.35188464999993, 6.18473665900018], [-2.35187236499991, 6.18457580099999], [-2.35188225099984, 6.18433427000002], [-2.35192762699995, 6.18420737200017], [-2.35196080899993, 6.18402331700014], [-2.35191453399995, 6.18393162100017], [-2.3518347349999, 6.18405860500002], [-2.35175478799994, 6.18412788400002], [-2.35162689499992, 6.18388739199997], [-2.35172906499997, 6.18365665099998], [-2.35195771599996, 6.18348312300003], [-2.35219844599987, 6.18338949100007], [-2.35242755699994, 6.1832619540001], [-2.35262189999992, 6.18313416100011], [-2.35266678399989, 6.18291545100016], [-2.35263152199991, 6.18278927600011], [-2.35250411999994, 6.18260597300008], [-2.35229674399994, 6.18251537600014], [-2.35202118599994, 6.18255138900003], [-2.35165380299992, 6.18255370200012], [-2.35129697299982, 6.18247519700014], [-2.35087103399991, 6.18229385900003], [-2.35067446699998, 6.18208782000011], [-2.35061619899989, 6.18191571000011], [-2.35056963599993, 6.18181247400008], [-2.35050148499988, 6.18195097000017], [-2.35035223199998, 6.18197477600017], [-2.35023693799997, 6.18188342700017], [-2.35020161999995, 6.18176844900006], [-2.35026939799997, 6.18154985300009], [-2.35023968799993, 6.18140643700013], [-2.35008485499998, 6.18143594100013], [-2.34999334999998, 6.18152850400003], [-2.34984403799996, 6.18149494900018], [-2.34973946999997, 6.18132295500016], [-2.34969315399997, 6.18124848600013], [-2.34964683699997, 6.18117401500012], [-2.34950793299993, 6.18100245400001], [-2.34958726999992, 6.18079502600011], [-2.34966632099997, 6.1805762300001], [-2.34958496199994, 6.18042708800004], [-2.34946989899981, 6.18035899299997], [-2.34945750099996, 6.18022087400004], [-2.34954857399993, 6.18009386000017], [-2.34966276799997, 6.17995524800006], [-2.34968470799993, 6.17981703999999], [-2.34962638199988, 6.17962219200007], [-2.34959068999996, 6.17942711400008], [-2.34954996699997, 6.17933531700004], [-2.34912559599991, 6.17846381900006], [-2.34899816699993, 6.17826914599999], [-2.3487443759999, 6.17809804700016], [-2.34866336399995, 6.17798387400001], [-2.34866238099994, 6.1777997320001], [-2.34840899499994, 6.17768633899999], [-2.34830589999996, 6.17775602000017], [-2.34809947699995, 6.17780288100005], [-2.34793814499989, 6.17771199200007], [-2.34781077399992, 6.17754040100004], [-2.34782103699996, 6.17737914100019], [-2.34788866899987, 6.17710266700004], [-2.34780647499991, 6.17682726200007], [-2.34758690499996, 6.17657563200004], [-2.34747118299993, 6.17645000400012], [-2.34735029899991, 6.17641034600007], [-2.34709244499993, 6.17652107100008], [-2.34675865199983, 6.17639668400017], [-2.34664334799987, 6.17633418700007], [-2.34652804299992, 6.17627169100001], [-2.34624066599997, 6.17619266200018], [-2.34599996599997, 6.1762974880001], [-2.34581686699988, 6.1764133640001], [-2.34554171499997, 6.17650707900015], [-2.3453009559999, 6.1765889940001], [-2.34515164599992, 6.17658988800014], [-2.34500161699992, 6.17651033900006], [-2.34502381499993, 6.17633768000007], [-2.3451032989999, 6.17618778700017], [-2.34504474599987, 6.17600413500008], [-2.34503168699996, 6.17573992300009], [-2.34511145799996, 6.17560139700015], [-2.34528311299994, 6.1755201740001], [-2.34543219099993, 6.17546157400005], [-2.34555774599994, 6.17535738500004], [-2.34560326699989, 6.17525357000005], [-2.34555667899997, 6.17513913600004], [-2.34538315199995, 6.17492149500004], [-2.34508436099986, 6.1749234560001], [-2.34492406599992, 6.17500447800006], [-2.34474047799989, 6.17506316500004], [-2.34448761199997, 6.17501867200002], [-2.34426867899987, 6.17491638600006], [-2.34405000499987, 6.17481444400016], [-2.34401434299997, 6.17463056200006], [-2.34402492399994, 6.1744581050001], [-2.34415079499996, 6.17437665300008], [-2.34424149499995, 6.17416954100003], [-2.34433202099996, 6.17392728900001], [-2.34443419399997, 6.17373134499996], [-2.34441058399989, 6.17365095999997], [-2.34432960099991, 6.1735135290001], [-2.34421534799998, 6.17362906000011], [-2.34395132599997, 6.17366538300001], [-2.34376713199993, 6.17358592000011], [-2.34370907099992, 6.17349425200018], [-2.34373129799991, 6.17333296200013], [-2.34379919299994, 6.17319464000008], [-2.34382144999989, 6.17304489100019], [-2.34379781099989, 6.17295330900009], [-2.34367121899993, 6.17288489700013], [-2.34356763399995, 6.17286259200012], [-2.34354344699989, 6.17269004900015], [-2.34363339799995, 6.17232187800016], [-2.34368964599992, 6.17210331300009], [-2.34375748299993, 6.17194190600014], [-2.34383734099987, 6.17183766100015], [-2.34379049499989, 6.17168877500006], [-2.34369795099997, 6.17157411300019], [-2.34357698199995, 6.17150000200019], [-2.34352480099994, 6.17140280700005], [-2.3435240529999, 6.17131065100006], [-2.34345463099993, 6.17118473200003], [-2.34333918399994, 6.17111637800008], [-2.34324688599997, 6.17104796600012], [-2.34331509799995, 6.17089810100003], [-2.34348617399996, 6.17072454900006], [-2.34356658099995, 6.17070126400017], [-2.34369190299992, 6.17050491700019], [-2.34363340899989, 6.17034434700003], [-2.34348415799997, 6.17033369900008], [-2.34333484999996, 6.17033476400007], [-2.34315143599997, 6.17042755800009], [-2.34288747199997, 6.17048661900009], [-2.34270394399988, 6.17053393600003], [-2.34260015699994, 6.170465294], [-2.34244995599994, 6.17028238900008], [-2.34227738199996, 6.17023734700007], [-2.34210561599997, 6.17037644900006], [-2.34192245999998, 6.17046924100009], [-2.34171603999994, 6.17051661500011], [-2.34160089399995, 6.17048262600002], [-2.34158904599991, 6.17039067000007], [-2.34161104499998, 6.17027571700004], [-2.34151893399991, 6.17019567699998], [-2.34128979599996, 6.17031201100002], [-2.34100256699998, 6.17032513700008], [-2.34079614599995, 6.17037216700004], [-2.34058938099992, 6.17038491700004], [-2.34039460599996, 6.17044345900007], [-2.34024590299992, 6.17058250100001], [-2.34014320899996, 6.17067491800015], [-2.33995959299995, 6.17072223400015], [-2.33977505699994, 6.17060831900005], [-2.33974014499989, 6.17051659200018], [-2.33977304299998, 6.17021746800015], [-2.33983993199996, 6.16988346200003], [-2.33984956599988, 6.16957319900018], [-2.33977890799991, 6.16926296600019], [-2.33968587899994, 6.16909128500009], [-2.33952451999983, 6.16898850700011], [-2.33946689099992, 6.1689312900001], [-2.33947770399993, 6.16885081800018], [-2.33959241799994, 6.16881590500009], [-2.33963785299994, 6.16871174700015], [-2.33959089299998, 6.16855131900019], [-2.33952121399989, 6.16842522900009], [-2.33964607899992, 6.16814878400004], [-2.33972550599992, 6.16797563600011], [-2.33966735899992, 6.16784968800016], [-2.33961027499981, 6.16790736600012], [-2.33942703299994, 6.16800050300009], [-2.33930024299991, 6.16795534500011], [-2.33920821799995, 6.16790941000011], [-2.33901341699988, 6.16799120600012], [-2.33887549699995, 6.16800378300019], [-2.33866812899993, 6.16791283400005], [-2.33853006499987, 6.16786770400006], [-2.33838081399995, 6.16785705500013], [-2.33826601499987, 6.167892311], [-2.33814063099987, 6.16806505800002], [-2.33808429599992, 6.16821523700008], [-2.33802724199984, 6.16831890800006], [-2.33794683599996, 6.16830791400002], [-2.33787712899993, 6.1682047330001], [-2.33777297099994, 6.16805616199997], [-2.33760036899997, 6.16796512500002], [-2.33738703199998, 6.16784542400012], [-2.33688302199994, 6.16711854900012], [-2.33680883199992, 6.16618732900002], [-2.33696777699993, 6.16587617400012], [-2.33712714999996, 6.1656337500001], [-2.3372981419999, 6.16539129700004], [-2.33753748999982, 6.16509113800015], [-2.33766338899994, 6.16498695000007], [-2.33785755799994, 6.16479008700003], [-2.33799424199987, 6.16459405800009], [-2.33807361299995, 6.16439817200001], [-2.33810656899993, 6.16415641000009], [-2.33812833899992, 6.16391501999999], [-2.33821311699995, 6.16369603800018], [-2.33852889799994, 6.16365958800003], [-2.33871225399992, 6.16359539300015], [-2.33883841099981, 6.16354305300007], [-2.33887199899993, 6.16341618600012], [-2.33879064699994, 6.16326721400009], [-2.33866411599996, 6.16322205500012], [-2.33853134499998, 6.16310774999999], [-2.3385477949999, 6.16295827300019], [-2.33851830499998, 6.16283199600014], [-2.33848881499995, 6.16270571800015], [-2.33845140499994, 6.16220005800005], [-2.33832266099995, 6.16178678700004], [-2.33819423499989, 6.16143122200003], [-2.33806684199993, 6.16124791300007], [-2.33777901499991, 6.1611232300001], [-2.33751453699995, 6.16107876100011], [-2.33734164999987, 6.16097618300012], [-2.33732954499993, 6.1608844000001], [-2.33739672299987, 6.16056193400004], [-2.3374302549999, 6.16041232800012], [-2.33746378699993, 6.16026272400018], [-2.33748549899997, 6.16003253100001], [-2.33748452399988, 6.15988318500013], [-2.33741510399989, 6.15975709300017], [-2.33701086599996, 6.15956387400007], [-2.33709218199994, 6.15926801800009], [-2.33732156699989, 6.15911961700016], [-2.33755841599987, 6.15901153999999], [-2.33795989099997, 6.15891716900012], [-2.33830428299996, 6.15884619600018], [-2.33859044299987, 6.15864893000003], [-2.3386581659999, 6.15844153300003], [-2.33856470799998, 6.15816615300014], [-2.33857503299987, 6.15799369500007], [-2.3387580989999, 6.15786576400006], [-2.33893000699993, 6.15778437100016], [-2.33896348099995, 6.15761168400019], [-2.33895107399997, 6.15745082400002], [-2.33893866599993, 6.15728996600006], [-2.33906318399994, 6.15697872600003], [-2.33916535799995, 6.15674798700007], [-2.33916432299986, 6.1565755580001], [-2.33923213199995, 6.15636798700007], [-2.33901289299996, 6.1562429600001], [-2.33884043899997, 6.15620945800015], [-2.33874752699984, 6.15604897300011], [-2.33879247399983, 6.15585317400019], [-2.33885988199989, 6.15562286700003], [-2.33891598799994, 6.15538104600017], [-2.33884593799996, 6.15520896300006], [-2.33867285199995, 6.15506022000011], [-2.33846459899996, 6.15482026900008], [-2.3384405029999, 6.15464772500019], [-2.33860119299987, 6.15458909900013], [-2.33879650899996, 6.15461134700018], [-2.33906083999983, 6.15459828200011], [-2.33936988799991, 6.15440095899999], [-2.33949535399989, 6.15426232000016], [-2.33987511099997, 6.15436334600003], [-2.34005906699991, 6.15438545000006], [-2.34001115999996, 6.15405207600003], [-2.33998726399983, 6.15385662199998], [-2.34005540299995, 6.15374689400016], [-2.34041664699993, 6.15262380600012], [-2.34033548299993, 6.15249765700008], [-2.34021985399988, 6.15237185400008], [-2.34033375899998, 6.15222170300018], [-2.34055158799987, 6.15212830900009], [-2.34072217399995, 6.15186294600005], [-2.3408479819999, 6.15172396200012], [-2.34107754599989, 6.15167687600012], [-2.34132985499997, 6.15160630500009], [-2.34147849699991, 6.15147915000011], [-2.34162682199997, 6.15132856700018], [-2.34174072799988, 6.15117858800011], [-2.34176289699991, 6.15099404300003], [-2.34174493999996, 6.15086773600012], [-2.34172698199995, 6.15074142900011], [-2.34182938399994, 6.15060284800006], [-2.34178228099995, 6.15038471400015], [-2.34176965799998, 6.15018923200012], [-2.34180272899994, 6.14995901100002], [-2.34181293799998, 6.14977501200013], [-2.34182346399996, 6.14957947200014], [-2.34187982599991, 6.14940655500016], [-2.34187818699996, 6.14909614800013], [-2.34187689499993, 6.14892372000008], [-2.34192192699993, 6.14876237300012], [-2.34200138099993, 6.14860093900006], [-2.34204641399992, 6.14843959100006], [-2.34213780099986, 6.14830103800006], [-2.34225173399994, 6.14816225500005], [-2.34242447199995, 6.1482072980001], [-2.34257429199994, 6.14831010500018], [-2.34276948799982, 6.14828584300011], [-2.34295329699984, 6.1482500680001], [-2.34313693399992, 6.14821463800018], [-2.34327410299983, 6.14811042200012], [-2.34335346899991, 6.14791419200003], [-2.34340963099993, 6.14769562600003], [-2.34345382999993, 6.14744246700013], [-2.34352157999996, 6.14721215900011], [-2.34356658199994, 6.14703927000011], [-2.34346190899993, 6.14682110900009], [-2.34336896999986, 6.14664908300006], [-2.34339036499995, 6.14639615300007], [-2.34353854599993, 6.14618838100012], [-2.34365256399997, 6.14603237200009], [-2.3437665809999, 6.14587636400017], [-2.34391444599987, 6.14564568200007], [-2.34383297899996, 6.14545037300019], [-2.34368247099997, 6.14527918100003], [-2.34353187599993, 6.14507284900003], [-2.34339370299995, 6.14498155400003], [-2.3433236539999, 6.14480947100009], [-2.34318510799994, 6.14470680800002], [-2.34301216899991, 6.14458132100003], [-2.34287356599998, 6.14445574800004], [-2.34284946999986, 6.14428354900008], [-2.34289444499996, 6.14409929100015], [-2.34300834799996, 6.14394896800019], [-2.34309941699985, 6.14378733300009], [-2.34323629599987, 6.14360249900005], [-2.34328104199994, 6.14342995600009], [-2.34329191099988, 6.14332045800006], [-2.34330278099998, 6.14321096000009], [-2.3432558529999, 6.14302762199998], [-2.34339293299996, 6.14292340499998], [-2.34356483499988, 6.14284166800007], [-2.34370225999982, 6.14273727900007], [-2.34382731899996, 6.14250665500015], [-2.34390622599989, 6.14226477700004], [-2.34405397399996, 6.14198793100002], [-2.34419099599984, 6.14182600700013], [-2.34436258099993, 6.14172135900003], [-2.34448830199995, 6.1415827190001], [-2.34452145799992, 6.14138695000014], [-2.3445547579999, 6.14117998400008], [-2.34465698499992, 6.14097215500004], [-2.34485217899993, 6.14094823699998], [-2.34502419599994, 6.14091249200015], [-2.34517312199984, 6.14079670500007], [-2.34520633599993, 6.14062401700016], [-2.3451814899999, 6.1402905870001], [-2.34530735399994, 6.14017485700015], [-2.34522597599994, 6.14001434400006], [-2.34508714399993, 6.13990031300017], [-2.34502882599998, 6.13970494600005], [-2.34487829099993, 6.13952186800003], [-2.34471705799984, 6.13946542800016], [-2.34455585399991, 6.13942035600013], [-2.34450895299994, 6.13924804300018], [-2.34443910599992, 6.13908750100006], [-2.34415203799989, 6.13912370600013], [-2.34395721799996, 6.13919361600006], [-2.34378482699998, 6.13918336899997], [-2.34363472299998, 6.13906902100013], [-2.34344968099987, 6.13885175000019], [-2.34332137599989, 6.13854200600014], [-2.34325124099996, 6.13833547100018], [-2.3431926959999, 6.13815181800015], [-2.34297372199984, 6.13802679000014], [-2.34260573599994, 6.13798275300013], [-2.34246716399991, 6.13786872000003], [-2.34229382599989, 6.13768552600015], [-2.34229279199997, 6.13751309800006], [-2.34222303199988, 6.13735255500001], [-2.34200420199983, 6.13728471600018], [-2.34187687399992, 6.13712466200008], [-2.34207005699994, 6.13674383], [-2.34226430199993, 6.13658176400008], [-2.34236652899995, 6.13637393600015], [-2.34263056399993, 6.13634967400009], [-2.34280292499983, 6.13634872599999], [-2.34283631099993, 6.13617569400009], [-2.34269727899988, 6.13594676600013], [-2.34263876299991, 6.135774481], [-2.34262573799992, 6.13552163700007], [-2.34262470499993, 6.13534920900003], [-2.34269256799985, 6.13516454900002], [-2.34277230799995, 6.13501482800012], [-2.34287404799994, 6.13474963900012], [-2.34283867799996, 6.13457712400015], [-2.34260826199989, 6.13448674900008], [-2.34236717699991, 6.13453420800016], [-2.3421371629999, 6.13450102100018], [-2.34203292499996, 6.13435210500012], [-2.34206628299989, 6.13413342500013], [-2.34201929799991, 6.13396111100008], [-2.3418228999999, 6.13381277100007], [-2.3417303089999, 6.13367536800013], [-2.34174049099994, 6.13348000100007], [-2.34193510799997, 6.13332930300004], [-2.34210654899994, 6.13316712200003], [-2.34213947699993, 6.13291399200006], [-2.34203489499987, 6.13269600100006], [-2.34185083299991, 6.13266269900009], [-2.34167815799992, 6.13264091000002], [-2.34152837099987, 6.13254947100017], [-2.34162999599994, 6.13223863300004], [-2.34158260999993, 6.13200878600009], [-2.34148875499989, 6.13167552700014], [-2.34153332899996, 6.13143408100007], [-2.34167040799991, 6.13132986500017], [-2.34185398099993, 6.13127118199998], [-2.34202628299994, 6.13124697900003], [-2.34219812599997, 6.13114267600002], [-2.34228916599994, 6.13100412400013], [-2.34237994799992, 6.13083112100009], [-2.34260843999988, 6.13059989400006], [-2.34282683599986, 6.13059848600011], [-2.34297553099998, 6.13049424100012], [-2.34306648399996, 6.13032106499998], [-2.34301903999994, 6.13006830800015], [-2.3431440409999, 6.12984905400009], [-2.34334987199998, 6.12967541800015], [-2.34338334399996, 6.12950255800001], [-2.34330196799982, 6.12934204400005], [-2.34318614299991, 6.12917007500016], [-2.34311606999989, 6.12898679500006], [-2.34310304599995, 6.12873377900013], [-2.34287237299998, 6.12857415500002], [-2.34280232799995, 6.12840207200009], [-2.34285889099993, 6.12824069500016], [-2.34275428199987, 6.1280115080001], [-2.34253580099994, 6.12797812000002], [-2.34212232999994, 6.12801498500016], [-2.34190393699987, 6.12801639200018], [-2.34174224899982, 6.12787950600006], [-2.34172965499994, 6.12769539200008], [-2.34172727299989, 6.12729265600018], [-2.34164615699996, 6.12713231400005], [-2.34169047199987, 6.12689035100016], [-2.34172388799988, 6.12669492600008], [-2.34174574399992, 6.1265222670001], [-2.3418483719999, 6.12637214500012], [-2.34211222899995, 6.12631308900018], [-2.34228470199992, 6.12632368300018], [-2.34246821699992, 6.12627654100004], [-2.34260563799995, 6.12617215300008], [-2.34270800799987, 6.1260222030001], [-2.34299457999987, 6.12589384300014], [-2.34328118199994, 6.12577702199997], [-2.34348718499996, 6.12567246200001], [-2.34367072799995, 6.12560240900018], [-2.34372728999995, 6.12544103400006], [-2.34373755799987, 6.12524532100014], [-2.34374814099988, 6.12507303600017], [-2.34381591899989, 6.1248885490001], [-2.34396469799992, 6.12478430500016], [-2.34413604999997, 6.12462212400015], [-2.34419243999997, 6.12446092100009], [-2.34414542599995, 6.12427689300011], [-2.34401735499995, 6.12395595100003], [-2.34395843799996, 6.12372613300005], [-2.34402521099997, 6.12334630600014], [-2.34419618899989, 6.12310385400014], [-2.34442519399994, 6.12297598200001], [-2.34468924999993, 6.12296291800004], [-2.34502154199981, 6.12281153100002], [-2.34506648699988, 6.1226157320001], [-2.34509946999987, 6.12238551100012], [-2.34520209699991, 6.12223538900014], [-2.34539731399991, 6.12222301300017], [-2.34555762199994, 6.12215284700005], [-2.34564355599986, 6.12210629400005], [-2.34572948899995, 6.12205974100016], [-2.34593534599992, 6.12189781799998], [-2.34624517899988, 6.12181539100004], [-2.34640511399988, 6.12166512500005], [-2.34657646399995, 6.12146849200019], [-2.34650575799998, 6.12116980000019], [-2.34640077599988, 6.12092890100001], [-2.34639919599994, 6.12064140500007], [-2.34643263899994, 6.12045734900011], [-2.34651177299992, 6.12027266100012], [-2.34666029099998, 6.12009916800002], [-2.34680898199991, 6.11999492300004], [-2.3469818829999, 6.12007441700001], [-2.34712036499991, 6.12018879400017], [-2.34728081599997, 6.12014170999998], [-2.34742899099996, 6.11993393900013], [-2.34781910399983, 6.11981651299999], [-2.34807165599995, 6.11981519000017], [-2.34827794199987, 6.11972165200007], [-2.34841535999993, 6.11961778000017], [-2.34859849799983, 6.11952447300018], [-2.34867679799993, 6.11914444500019], [-2.3489277409999, 6.11884425800014], [-2.34913350799997, 6.11864736600018], [-2.34927057999994, 6.11850852500015], [-2.34928081699996, 6.11830144500004], [-2.34932345499993, 6.11800101200015], [-2.34942307899985, 6.11778666600003], [-2.34945666099998, 6.11740498700016], [-2.34937582999993, 6.11717086800007], [-2.3494562219999, 6.11687435800019], [-2.34958015599994, 6.11647113300018], [-2.34968197499995, 6.11620611600017], [-2.34978405399994, 6.11597572200009], [-2.34985030499985, 6.11549237000008], [-2.34988239599994, 6.11511245800011], [-2.34986934199998, 6.11484824700017], [-2.34993751799993, 6.11468684100015], [-2.35015659099997, 6.11467622700013], [-2.35057108999996, 6.1146015440001], [-2.35068882499996, 6.114503996], [-2.35080891699994, 6.11440542100013], [-2.35096861999989, 6.11419779300019], [-2.35121995999992, 6.11395462000002], [-2.35140401499996, 6.11398792100005], [-2.35166795199996, 6.11396365800005], [-2.35190850899994, 6.11381249900006], [-2.35208103399992, 6.11384600000008], [-2.35237981899996, 6.11385575600002], [-2.35260881799991, 6.11372788099999], [-2.35286076299997, 6.11362303100003], [-2.3530220159999, 6.11369101100018], [-2.35302376999994, 6.11394388200006], [-2.35318562899994, 6.11415001400002], [-2.35336965599987, 6.11417177100014], [-2.3535536249999, 6.11417079100005], [-2.35371381399995, 6.1140549750001], [-2.35376999999988, 6.11384760600004], [-2.35381465399996, 6.11364009500005], [-2.35408885299989, 6.11338566800003], [-2.35434096799997, 6.11324602000019], [-2.35443168799992, 6.11308464399997], [-2.35471827899994, 6.11293345400009], [-2.35492418699988, 6.11279426700003], [-2.35492263199995, 6.11251839900012], [-2.35513923499991, 6.11225240300013], [-2.35534603499997, 6.11226290700012], [-2.35548375199994, 6.11222754800013], [-2.35562147099995, 6.11219219000003], [-2.35575851099992, 6.11204198000007], [-2.35588350399996, 6.11182255200004], [-2.35617061199991, 6.11177497300008], [-2.35636579499982, 6.11175070900003], [-2.35655956699986, 6.11150828400014], [-2.35659156599991, 6.11109392200012], [-2.35652123099987, 6.11084139600018], [-2.35646271599984, 6.11066928600019], [-2.35646176499995, 6.11049677200009], [-2.35652953699997, 6.11031245700002], [-2.35672376899993, 6.1101157650001], [-2.35682497899995, 6.10974722200007], [-2.35681189399997, 6.10947112400015], [-2.35681033899994, 6.10919525700012], [-2.35691261499994, 6.10901059700012], [-2.35711806099988, 6.10882541700011], [-2.35730113499994, 6.10867474600013], [-2.35751701499993, 6.10825940400008], [-2.35745841299996, 6.10805284200006], [-2.3572505489999, 6.10785854300002], [-2.35712334199997, 6.10774448400008], [-2.35709950299986, 6.10757194200005], [-2.35723668699984, 6.10747926500011], [-2.35744345599988, 6.10747796800007], [-2.35753457599998, 6.10733932800014], [-2.35772912199991, 6.107200256], [-2.35798232899998, 6.10725637600007], [-2.35818872399983, 6.10720900200005], [-2.35833772399997, 6.10712757800002], [-2.35851993499995, 6.10687355400017], [-2.35877172999994, 6.10671116800006], [-2.35917310199994, 6.10655934200008], [-2.35934516499992, 6.10654685000014], [-2.35955178899997, 6.10648810500015], [-2.35972330299995, 6.10636063200019], [-2.35987109399986, 6.10610669400012], [-2.35985838199997, 6.10587684800009], [-2.35966279899992, 6.10584349300012], [-2.35970698999995, 6.10555562400003], [-2.35977478899997, 6.10538267800007], [-2.35988905399989, 6.10524398100006], [-2.35995755899989, 6.10518041600005], [-2.36002606399995, 6.10511685200009], [-2.36023326299988, 6.1051500050001], [-2.36045124499998, 6.10512568300004], [-2.36055346099982, 6.10491819800001], [-2.36048358799991, 6.1047461170001], [-2.36034510799982, 6.10463182900003], [-2.36028656399992, 6.10444843600004], [-2.36025110699995, 6.1042759230001], [-2.36023822399994, 6.1040806150001], [-2.36036367299994, 6.10390717900015], [-2.36055928499997, 6.10395216000001], [-2.36065025899984, 6.10379069700008], [-2.36082217599994, 6.10372049900013], [-2.36090159099996, 6.10354752300003], [-2.36088899499987, 6.10336375500009], [-2.3609335889999, 6.10313350600018], [-2.36105944099995, 6.10301768900007], [-2.36128851899997, 6.10292452099998], [-2.36148271699989, 6.10271620100002], [-2.36152774299995, 6.10255485400006], [-2.36149188399992, 6.10232506700015], [-2.36165215399996, 6.10220916300017], [-2.36168553499988, 6.10203656100009], [-2.3616269609999, 6.10184128300006], [-2.36159124599988, 6.10163466400013], [-2.36163627299987, 6.10147331600012], [-2.36175019199987, 6.10133470500011], [-2.36169147399994, 6.10111651700015], [-2.36170205299993, 6.10094397400019], [-2.36174704899997, 6.10077108500019], [-2.36191856199997, 6.100643612], [-2.36212480799998, 6.10053887400005], [-2.36242744199996, 6.10051805800009], [-2.36256866799994, 6.1004032890001], [-2.36275864699985, 6.10019577800011], [-2.36292723999992, 6.10014087000019], [-2.36308504199997, 6.10012412600003], [-2.36324805399994, 6.10001475000001], [-2.36349281899993, 6.09994875300015], [-2.36367257299997, 6.10000278000012], [-2.36381393599993, 6.09994249099998], [-2.36402589299996, 6.09981664700007], [-2.36411828399997, 6.09976193100016], [-2.36427603099997, 6.09972339500018], [-2.36454267799985, 6.09970092700007], [-2.36470567599991, 6.09958610299998], [-2.36483966199989, 6.09931930800002], [-2.36496467799992, 6.09907731400011], [-2.36517008799996, 6.09888050600017], [-2.36549071299993, 6.09871768500011], [-2.36569747699991, 6.09868210700017], [-2.36589253799997, 6.09864638700003], [-2.36617986999994, 6.09869078900016], [-2.36632907199993, 6.09868989400019], [-2.36648994599994, 6.09871179400005], [-2.36663914699994, 6.09867644800016], [-2.36675346799996, 6.09859536900012], [-2.36690206099991, 6.09845641100014], [-2.3671079319999, 6.09830593800007], [-2.36730264699986, 6.09823568000007], [-2.36752105699998, 6.09824589200002], [-2.36761315499996, 6.09829139200008], [-2.36785462399996, 6.09830154600002], [-2.36798027399988, 6.09820889700012], [-2.36803725999988, 6.09811642199998], [-2.36816230399995, 6.09792042000009], [-2.36823050199996, 6.09777055500007], [-2.36829841399998, 6.0976091500001], [-2.36841264699996, 6.09749344700003], [-2.36852656899987, 6.09742438700005], [-2.36877630499993, 6.09717313700003], [-2.36887431899987, 6.09718923400004], [-2.36913055999992, 6.09735747600007], [-2.36946261599996, 6.09737297600014], [-2.36968010899994, 6.09728525300005], [-2.36984876899993, 6.09725758400015], [-2.36994139399997, 6.09729548500019], [-2.36999781099991, 6.09750733500016], [-2.3701653249999, 6.09760001400008], [-2.37027426499998, 6.09763242500003], [-2.37042353299995, 6.09763131300008], [-2.37058307999996, 6.09743496400012], [-2.37069682099985, 6.09722719100006], [-2.37085466199994, 6.09673206700012], [-2.37089922199988, 6.09649018900018], [-2.37093216699998, 6.09624868700007], [-2.37101206699998, 6.09613324400004], [-2.37127590399996, 6.09607417800015], [-2.37140155299988, 6.0959815280001], [-2.37148099199987, 6.09582009300016], [-2.37151419399987, 6.09557833200012], [-2.37145602399994, 6.09544093200014], [-2.37143143199995, 6.0951766660001], [-2.37145325099982, 6.09499246700005], [-2.37148668399993, 6.09480832600002], [-2.37145085199995, 6.09459008100015], [-2.37138068799993, 6.09437200900004], [-2.37131113099997, 6.09422309700017], [-2.37126385599987, 6.09403933199997], [-2.37130876099997, 6.09383199300015], [-2.37139955899988, 6.09367052900012], [-2.37132971299997, 6.09350999100013], [-2.37135150299991, 6.09331459500015], [-2.37166087999992, 6.09316325600014], [-2.37205044899991, 6.09301154000002], [-2.37237051799997, 6.09273373600013], [-2.37242669499989, 6.09252636700012], [-2.37250500599987, 6.09215822700003], [-2.37243391899995, 6.09181354900011], [-2.37246717799997, 6.09156050500013], [-2.37243094199988, 6.09128472600014], [-2.37236014199988, 6.09095167500004], [-2.37217511299997, 6.09073441200007], [-2.37197133199987, 6.09057071000007], [-2.37180574599995, 6.09043769100015], [-2.37158577999986, 6.09015161400004], [-2.37148145799995, 6.08993354299997], [-2.37146802199987, 6.08962325500011], [-2.37147764599996, 6.08931290900017], [-2.37159101099985, 6.08905931700014], [-2.37175084199993, 6.08887425100011], [-2.37193344499985, 6.08867784400013], [-2.37208093699996, 6.08834346200013], [-2.3721479219999, 6.08802134400014], [-2.37218074899988, 6.08773376200014], [-2.37221360599995, 6.08745755000001], [-2.37216581199988, 6.08717051899998], [-2.37206117399995, 6.08692962400005], [-2.37200210999993, 6.08667698700003], [-2.3720469569999, 6.08644673700013], [-2.37220647199996, 6.08627330000013], [-2.37247036099996, 6.08620286500008], [-2.37267720799991, 6.08623627400004], [-2.37289607399993, 6.08632692700019], [-2.37306911199994, 6.08646403500018], [-2.37319591099993, 6.08652047200013], [-2.37331017199989, 6.08641656800006], [-2.37325119499997, 6.08619838200013], [-2.37316984799992, 6.08601479000004], [-2.37306515299997, 6.08578543800007], [-2.37292667799994, 6.08567141100013], [-2.37268529899995, 6.08562680700015], [-2.37250128099993, 6.08557025800019], [-2.37224811499993, 6.08552594100018], [-2.37201760199997, 6.08538932500005], [-2.37179864899997, 6.08526421900018], [-2.37155729799997, 6.08519644500007], [-2.37124645299986, 6.08510628300007], [-2.37100515999987, 6.08506167800005], [-2.37083275999993, 6.08503980800003], [-2.37068851799995, 6.08498619], [-2.37072054099997, 6.08475010900008], [-2.37082295699997, 6.08450427600013], [-2.37087205299997, 6.08438642700003], [-2.37111110499995, 6.08421692800016], [-2.37120368699993, 6.08423848500007], [-2.37133445099994, 6.08410274100004], [-2.37148133299991, 6.0840126280001], [-2.37166520499994, 6.08401155700011], [-2.37175770399995, 6.08411467800005], [-2.37190701599997, 6.08412532200003], [-2.37202133399984, 6.08404407100011], [-2.37213669099998, 6.08413550600017], [-2.37218347399994, 6.08426165100019], [-2.37224170199994, 6.08442213300015], [-2.37231102599992, 6.08447931900008], [-2.37247027799992, 6.08420244100012], [-2.37258367099992, 6.08396021800002], [-2.37292896299988, 6.08409628400011], [-2.37304379999995, 6.08408419300008], [-2.37316999199993, 6.08403727700011], [-2.37329598399998, 6.08397907799997], [-2.37339929299998, 6.08400164000011], [-2.37365347099995, 6.08424163700016], [-2.37381425399997, 6.08422908400007], [-2.37396333399994, 6.08418245300004], [-2.37431784299997, 6.08391584499998], [-2.37447738399993, 6.08371949700012], [-2.37463750199993, 6.08358042200007], [-2.37474034699994, 6.08352228200005], [-2.37484382699995, 6.08351047700006], [-2.37500469699995, 6.08353237600016], [-2.37513158399997, 6.08362352100016], [-2.3751782249999, 6.08376120800011], [-2.3753403369999, 6.08396724500017], [-2.37545474199987, 6.08392061700005], [-2.37551094599991, 6.08372478900003], [-2.37560153799996, 6.08348288200017], [-2.37570354199994, 6.08322931900005], [-2.37578347199997, 6.08315995400005], [-2.37593217399996, 6.08303253500009], [-2.37606923399994, 6.08292822900017], [-2.37613714199995, 6.08276716800009], [-2.37624012799995, 6.08266294900005], [-2.37642379999994, 6.08268478799999], [-2.37654457899993, 6.08271031599998], [-2.37671857899983, 6.08264449400008], [-2.37677283999994, 6.08257897800013], [-2.37689806399993, 6.08259500400004], [-2.37705077699997, 6.08271992200008], [-2.37737235299983, 6.08289889100007], [-2.37771543699995, 6.08297429000015], [-2.37809650899987, 6.08300600800015], [-2.37844511899993, 6.08311408100008], [-2.3786249499999, 6.08320079200007], [-2.37884819699997, 6.08323836000017], [-2.37897330899995, 6.08321080000019], [-2.37918535199998, 6.08312308800004], [-2.37958172999993, 6.08306725700015], [-2.38005030899996, 6.08295198700017], [-2.38028962099997, 6.08288599800017], [-2.38081195099994, 6.08281928600013], [-2.38118185999997, 6.08274206600015], [-2.38169335999993, 6.08269717300004], [-2.38209595199993, 6.08263076700007], [-2.38246522599997, 6.08266109600004], [-2.38281506699985, 6.08289588499997], [-2.38339819899994, 6.08319403900015], [-2.38379597399984, 6.08337281000013], [-2.38444507499997, 6.08392685500019], [-2.38552906199988, 6.08427275700006], [-2.38613926999983, 6.08451635700015], [-2.38628038899998, 6.0843634470001], [-2.38701686599995, 6.08430343600003], [-2.38734667299997, 6.08431556800014], [-2.38774832899992, 6.08438477400017], [-2.3880886799999, 6.08450181700016], [-2.38833581999995, 6.08457084900004], [-2.38882245799988, 6.08448767200014], [-2.3892252469999, 6.08448515400011], [-2.38969352499993, 6.08457805000018], [-2.39001747899988, 6.08459574000005], [-2.39079605199993, 6.08440720600009], [-2.39093292199988, 6.08437539100004], [-2.39126731299984, 6.08432396500018], [-2.39156034399991, 6.08447055100009], [-2.39188271799998, 6.08456041400012], [-2.39222853399997, 6.08476545400003], [-2.39244836099994, 6.08502835300004], [-2.39259987999998, 6.08539529800009], [-2.39283132299994, 6.08565825300013], [-2.39322296699993, 6.08581675199997], [-2.39337271399995, 6.0858962910001], [-2.39390271799994, 6.08612290400009], [-2.39442145799995, 6.08641862000007], [-2.39472161999993, 6.08666976900014], [-2.39483732699989, 6.08679547500003], [-2.3952420739999, 6.08722989100011], [-2.39563578799988, 6.08775632100014], [-2.39596014299991, 6.08817966100003], [-2.39621439099989, 6.08844246900009], [-2.39635289699987, 6.08853366400007], [-2.39685242199994, 6.08882109000007], [-2.39703776799996, 6.08886892800012], [-2.39744441999989, 6.08897799500016], [-2.39788601699991, 6.08914427900004], [-2.39823568799989, 6.08935799400007], [-2.39879774099995, 6.08965543400018], [-2.39916192299995, 6.08983764800013], [-2.39943897899997, 6.08975600600013], [-2.39991244499987, 6.08946580200012], [-2.40091700799996, 6.0893228330001], [-2.40140182299996, 6.08930496200014], [-2.40192157099995, 6.08917986299997], [-2.40277236399993, 6.08905877500007], [-2.40320456599989, 6.08903865400009], [-2.40411965099992, 6.08915400500018], [-2.40464351699984, 6.08905549700017], [-2.40513863599995, 6.08902054200001], [-2.40598807199996, 6.08901832900011], [-2.40665144399998, 6.08886113900007], [-2.40709846399994, 6.08885846100003], [-2.40790791199993, 6.08855548299999], [-2.40823403899998, 6.0883322520001], [-2.40942256499994, 6.08806752600003], [-2.41039739899992, 6.08797349800011], [-2.4113157619999, 6.08788703700014], [-2.41197050699998, 6.08790599600019], [-2.41237389199995, 6.08811052600004], [-2.41271965499988, 6.08829238300012], [-2.41318142099988, 6.08864558800008], [-2.41337813999991, 6.08888597000009], [-2.41375960499994, 6.08926281200019], [-2.41423316899994, 6.08968540200016], [-2.41452230399989, 6.08999392700002], [-2.41464957599987, 6.09013113900016], [-2.41508499499992, 6.09065652000004], [-2.41543598199991, 6.09097682500015], [-2.41557443599993, 6.09107955600007], [-2.41625628299994, 6.09175352000005], [-2.41641797199998, 6.09189064000003], [-2.41677719999996, 6.09238277400004], [-2.41687014599984, 6.09255443900014], [-2.41711453599987, 6.0930243090001], [-2.41768163899991, 6.09371071600015], [-2.41861666599993, 6.09446367700002], [-2.41885974399997, 6.09476095000002], [-2.41891833099993, 6.09492150900007], [-2.41902386299995, 6.09526573900013], [-2.41912933599997, 6.09558705900008], [-2.41919939699983, 6.0957591290001], [-2.41947829799989, 6.09626335700005], [-2.41973349799997, 6.09668711800003], [-2.42003379199986, 6.09694953100018], [-2.42040317699997, 6.09721176200009], [-2.42070294599995, 6.09740527400015], [-2.42087587299989, 6.09749602600016], [-2.42106021599994, 6.09757546600002], [-2.42131400799991, 6.09775781700006], [-2.42142972299996, 6.0978834280001], [-2.42183440599996, 6.09828336800012], [-2.42213485299987, 6.09860339700003], [-2.4224810049999, 6.09883123700007], [-2.42265375699998, 6.09888753900009], [-2.42347032299989, 6.09905487900011], [-2.42402253499984, 6.09921215200006], [-2.42479488499987, 6.09964418900017], [-2.42530182099989, 6.09985954300009], [-2.42621180999987, 6.10027907000006], [-2.42678846199988, 6.10063195400011], [-2.42729598999995, 6.10097348000011], [-2.42802401599988, 6.10161921100018], [-2.42897483499996, 6.10317259100009], [-2.42992153799997, 6.10403874200011], [-2.43168570199992, 6.1051582070001], [-2.43357864999996, 6.10671165300016], [-2.43383464199997, 6.10699200900012], [-2.43406558499993, 6.10745127400003], [-2.43409280899994, 6.10808992400007], [-2.43323237999988, 6.11087704800013], [-2.43282588799991, 6.11159350000008], [-2.43201855899991, 6.11282948400003], [-2.43239693599998, 6.11451260800004], [-2.43342106299997, 6.1158125500001], [-2.43862774099989, 6.11988394600019], [-2.44023238599988, 6.11935617100011], [-2.44054145799987, 6.11919342500016], [-2.44090803199992, 6.11900692600011], [-2.44404516899988, 6.11684391199998], [-2.44417923999987, 6.11616520600018], [-2.44517328799998, 6.11503978600012], [-2.4456504289999, 6.11514814600002], [-2.44581267999985, 6.11537697600011], [-2.44597492999986, 6.11560580700012], [-2.44620774099985, 6.11607560000004], [-2.44629541099982, 6.11632814400014], [-2.44638308199995, 6.11658068700018], [-2.44633940599982, 6.11691428400013], [-2.44619322999989, 6.11743246600003], [-2.44610774599994, 6.11841022400012], [-2.44612273899992, 6.11896207900003], [-2.44618370899997, 6.11952517800017], [-2.44618601299993, 6.11987001900019], [-2.44614101399992, 6.120031369], [-2.44604012699995, 6.12040008600007], [-2.44593891699998, 6.12074537900014], [-2.44589486799981, 6.12106760900014], [-2.44588508099997, 6.12133221400012], [-2.44594607599987, 6.12187205900011], [-2.44605249099988, 6.12234305200008], [-2.44609947399994, 6.12250363700014], [-2.44620479499997, 6.12280755000012], [-2.44631011699988, 6.12311146300016], [-2.44629113499991, 6.12373248099999], [-2.4463050629999, 6.12411191300015], [-2.44634102199996, 6.12436468200002], [-2.44643471799998, 6.12461712300001], [-2.44658599799988, 6.12497241500012], [-2.44672676299996, 6.12538543900018], [-2.4467453929999, 6.12560948900006], [-2.44676402399995, 6.12583353700012], [-2.44675571699997, 6.12632792300019], [-2.44677074299989, 6.12689131700006], [-2.44662441199995, 6.12735214000008], [-2.44630520099992, 6.12774504500004], [-2.44593010099987, 6.12834549200005], [-2.44577176399991, 6.12872556300016], [-2.44572117799993, 6.12892137600011], [-2.44567059299982, 6.12911719100003], [-2.44570684199988, 6.12938167100009], [-2.44575382699986, 6.12954225500005], [-2.44586030499988, 6.13003581500004], [-2.44588457999993, 6.13023125500018], [-2.44596725299994, 6.13057570700011], [-2.44598212499994, 6.13108139800011], [-2.44588050999994, 6.13140412700005], [-2.44579038699993, 6.13168066200012], [-2.44573465299987, 6.1319453910001], [-2.44573786999996, 6.13240529400002], [-2.44579736499998, 6.13273826800008], [-2.44584590099993, 6.13322418000013], [-2.44588468899985, 6.13361249700017], [-2.44577073499994, 6.13396873300019], [-2.44577300899994, 6.13430220600014], [-2.4457866489999, 6.13467009900012], [-2.44603514999994, 6.13511881700015], [-2.44608198799995, 6.13558771500004], [-2.44679454099997, 6.13776790700012], [-2.44715554399994, 6.13820450600008], [-2.44744936099988, 6.13848028399997], [-2.44818461799997, 6.13907440500003], [-2.44857384599993, 6.13938238600002], [-2.44874586299989, 6.13951601600007], [-2.44903952399994, 6.13973312600007], [-2.44936672199992, 6.13996690700014], [-2.44950692699996, 6.14006876100007], [-2.44972999399994, 6.14017991100019], [-2.45005004599989, 6.14033904600012], [-2.45041746299989, 6.14060928800012], [-2.45063839199997, 6.14097557700012], [-2.45068871499996, 6.14113665800005], [-2.4508276819999, 6.14143380600012], [-2.45084097999995, 6.14170615000006], [-2.45080788199988, 6.14185290600017], [-2.45072954299997, 6.14214936900009], [-2.45058375199989, 6.14245795000011], [-2.45042094199994, 6.14275071600002], [-2.45026704199989, 6.14312408500007], [-2.4502490989999, 6.14342742500014], [-2.45024741199995, 6.14360604300015], [-2.45024360999992, 6.14374852900005], [-2.45023574699997, 6.14393712200012], [-2.45021274799996, 6.14416175800005], [-2.45015065299992, 6.14431729700004], [-2.45008855899994, 6.14447283600003], [-2.44995842299994, 6.14474283800018], [-2.44985352499998, 6.14503187100019], [-2.44980822999986, 6.14531275600007], [-2.44988134399995, 6.14602912900011], [-2.44990402799988, 6.14617552400006], [-2.44991546199992, 6.14625951200009], [-2.44992934899994, 6.14674976000015], [-2.44972908299997, 6.14729898000007], [-2.4494708659999, 6.14764300100006], [-2.44924775999993, 6.14792429800013], [-2.44875881299987, 6.14854002100003], [-2.44832717699995, 6.14930150800006], [-2.44821514199992, 6.14971642000012], [-2.4480558599999, 6.14997040600014], [-2.44785038699996, 6.15016715700017], [-2.44762131599992, 6.15027776000017], [-2.44739224699987, 6.15038836299999], [-2.44712957999991, 6.15059715400014], [-2.4467194419999, 6.15116324899998], [-2.4464232759999, 6.15152147300017], [-2.44627552299994, 6.15177542700019], [-2.44600284499995, 6.15225984800003], [-2.44583231999997, 6.15252540500006], [-2.44551671999994, 6.15288889100015], [-2.44504323799987, 6.15319523700009], [-2.44499856399989, 6.15343016300017], [-2.44497088599991, 6.15376140700005], [-2.44489676699993, 6.15428099600013], [-2.44494321799993, 6.15464136100019], [-2.44509878899993, 6.15488398800011], [-2.44575578399991, 6.15469112000011], [-2.45521641099998, 6.15191375600017], [-2.45744446599991, 6.15114607600009], [-2.46544761199988, 6.1489131620001], [-2.46692051899987, 6.1485143060001], [-2.47246948299983, 6.14860662400014], [-2.48781512399995, 6.14888911200006], [-2.49511479699987, 6.14915462500005], [-2.50192656399997, 6.14920983300004], [-2.5117006619999, 6.14966810100009], [-2.51190798999988, 6.15905698000006], [-2.51218241199996, 6.17148088200003], [-2.51218582899998, 6.17163555400003], [-2.52156212899996, 6.17432554800001], [-2.52654108799987, 6.1757538920001], [-2.53080207899984, 6.17697622300005], [-2.52864399999987, 6.17864335000007], [-2.52849826499983, 6.17875593100007], [-2.52837785299988, 6.1788489490001], [-2.5282513869999, 6.17901001700011], [-2.52814788299997, 6.17913622500009], [-2.52804459799995, 6.17930842300012], [-2.52790658199996, 6.17949277700006], [-2.52782637899992, 6.17964200000011], [-2.52772287499988, 6.17976820800004], [-2.52763082999991, 6.17992917700013], [-2.52751599399988, 6.18012466100015], [-2.52740089899987, 6.18032014500017], [-2.52729754799986, 6.1804694330001], [-2.52722861699993, 6.18061879500016], [-2.52711377999992, 6.18081427900017], [-2.52702176899987, 6.18098678800015], [-2.52694137899988, 6.18110156200004], [-2.52686083199995, 6.18125095799996], [-2.52674599499994, 6.18144644199998], [-2.52664251699991, 6.18164189200019], [-2.52652764699991, 6.18182549000011], [-2.52647021399997, 6.18196345200016], [-2.52640100599984, 6.18213589600003], [-2.52629775199989, 6.18231997700008], [-2.52621713899993, 6.18244612000012], [-2.52613683499993, 6.18256106600001], [-2.52599894299988, 6.18269891400007], [-2.52586103799985, 6.18280231200009], [-2.52568880499996, 6.1828482790001], [-2.52555080899992, 6.18285969900012], [-2.52535570499987, 6.18288265000018], [-2.52519487199987, 6.18288259500008], [-2.52505715299992, 6.18287110500017], [-2.52491920999989, 6.18287098400009], [-2.52471233699993, 6.18287106000008], [-2.52456311999993, 6.1828708000001], [-2.52440225399994, 6.18285954800001], [-2.52418419399993, 6.18285931200018], [-2.52403492499991, 6.18287076400009], [-2.52389694699997, 6.18285893000018], [-2.52374756699993, 6.18280148300011], [-2.52360981499993, 6.18277845299997], [-2.52343760999997, 6.18274398100016], [-2.5232996339999, 6.18273249100008], [-2.52310444499994, 6.18275544200014], [-2.52290912799992, 6.18282438300008], [-2.52278291199997, 6.18289312600012], [-2.52262211699997, 6.18299659000019], [-2.52247275299987, 6.1830655710001], [-2.52231185799997, 6.18313441300012], [-2.52216254699988, 6.18319185399997], [-2.52201305599993, 6.18330665200006], [-2.52186375799994, 6.18339871500012], [-2.52174877499993, 6.18351358700005], [-2.52163412399995, 6.18359418100016], [-2.52150771399988, 6.18368566100008], [-2.52136967699994, 6.18374324200016], [-2.52124333399996, 6.18385814700014], [-2.52109403599997, 6.183950036], [-2.52092161299987, 6.1841110630001], [-2.52071487599994, 6.18424876200004], [-2.52060011799995, 6.18435226499997], [-2.52047364299995, 6.18442118100018], [-2.52031256699996, 6.18454755300019], [-2.52018640499989, 6.18460510000006], [-2.52001405599992, 6.18473150400018], [-2.51988761399997, 6.1848117880001], [-2.51969236099995, 6.18490346400006], [-2.51949710999997, 6.18499565600001], [-2.51934782999996, 6.1850642930001], [-2.51922138899988, 6.18514492100002], [-2.51903760299996, 6.18521382800014], [-2.51889972399994, 6.18523678600008], [-2.51867011199994, 6.18525983400002], [-2.51852071399992, 6.1853172750001], [-2.51835996499995, 6.18531721700009], [-2.51818751099989, 6.18531684900006], [-2.51802672999997, 6.18530542200006], [-2.51785445699994, 6.18524769499999], [-2.51767066699995, 6.18522479500007], [-2.51748692899992, 6.18519018100005], [-2.51729186599994, 6.18516731300014], [-2.51714251699991, 6.18512106100019], [-2.51692427099982, 6.18508637300016], [-2.51678645399994, 6.1850406050001], [-2.5166142139999, 6.18499441800009], [-2.51644178199996, 6.18497131200013], [-2.51614482399998, 6.18772533800012], [-2.51648943399988, 6.18786284000009], [-2.51727047899993, 6.18798876100016], [-2.51776417199994, 6.18798855600005], [-2.51836151599997, 6.18818338199998], [-2.51867177399981, 6.18843604100005], [-2.51885575099993, 6.18873470600016], [-2.51899345499987, 6.18886091200011], [-2.51971739499993, 6.1892396770001], [-2.52037183499988, 6.18938886299998], [-2.52057872599994, 6.18951504400002], [-2.52067062899982, 6.18966429000011], [-2.52087761899998, 6.18982491899999], [-2.52189997499994, 6.19037593200005], [-2.52323217599991, 6.19082305000006], [-2.52389857299983, 6.19102955500006], [-2.52437928799998, 6.19116820200003], [-2.52560419499997, 6.19152148600017], [-2.52588541099982, 6.19160259300003], [-2.52653992399996, 6.19147583400007], [-2.52688423199993, 6.19137218600002], [-2.52722853999984, 6.1912685370001], [-2.52853764599996, 6.19116417900017], [-2.52869860699997, 6.19111789900006], [-2.52904286499995, 6.19092244300003], [-2.52924942799996, 6.19093356100007], [-2.52963977099995, 6.19078396100014], [-2.53052357499996, 6.19025469000013], [-2.5308910249999, 6.19010481100008], [-2.53146503999989, 6.18996656600012], [-2.53189007399988, 6.19000082300016], [-2.53276270799995, 6.19019569700015], [-2.53357761499996, 6.19052849000008], [-2.53402626699989, 6.19071171100001], [-2.53524377499997, 6.19104424000011], [-2.5356227449999, 6.19115889300008], [-2.53624313799997, 6.19152604600015], [-2.53686365999982, 6.19214622400017], [-2.53746163499983, 6.19312266800011], [-2.53767996899995, 6.19330616400003], [-2.53828880899988, 6.19360479300013], [-2.53886304499997, 6.19381120000008], [-2.53968680399993, 6.19423496300004], [-2.54000040199992, 6.19439628700007], [-2.54054050699995, 6.19482102300003], [-2.54102257599993, 6.19530378000007], [-2.54153277999995, 6.19581471000009], [-2.54181577599991, 6.19602708400009], [-2.54264803699994, 6.19665164800006], [-2.54292531099998, 6.19685972600007], [-2.54394151899987, 6.19762232800008], [-2.54429765599991, 6.19793253600017], [-2.5457680099999, 6.19784396200015], [-2.54592508999986, 6.19774628400006], [-2.54723791699996, 6.19692992600017], [-2.54805162199995, 6.19642393600003], [-2.54833847499998, 6.19602194399999], [-2.54846430899988, 6.19552741100006], [-2.54868737799995, 6.19524063200004], [-2.54918450099996, 6.19460152200008], [-2.54937716699993, 6.19427804900005], [-2.54945051799996, 6.19388339799997], [-2.54981773799994, 6.19353835600003], [-2.55015103999995, 6.19377938500003], [-2.55032324799987, 6.19381367400007], [-2.55063325199995, 6.19376746799998], [-2.55097773899985, 6.19359473600008], [-2.55190788099998, 6.19376649900016], [-2.55203423699993, 6.19383537100003], [-2.55248266899991, 6.1944555120001], [-2.55264337999989, 6.19450137600012], [-2.55343563399992, 6.19439760600011], [-2.55459543299986, 6.19438473700018], [-2.55477914799997, 6.19429308200012], [-2.55536478399983, 6.19445344600007], [-2.55567490399983, 6.19447613400018], [-2.55653591999993, 6.19425710100012], [-2.55686348299992, 6.19399435700001], [-2.55752293299997, 6.19354370400015], [-2.55885501199998, 6.19365717000011], [-2.55967024499989, 6.19351914100014], [-2.56064585499996, 6.19285193400009], [-2.56088667899991, 6.192633167], [-2.56140342099997, 6.19248334700006], [-2.56181652999993, 6.19214987600009], [-2.56225300299991, 6.19224143000002], [-2.5629645169999, 6.19204521900002], [-2.56327171299989, 6.19206219400013], [-2.56416424999998, 6.19211151200011], [-2.56428514399994, 6.19211819200012], [-2.56493378199986, 6.19215403300018], [-2.56498595999989, 6.19229676599997], [-2.56518115799997, 6.19236525900004], [-2.56604228099991, 6.19221528100007], [-2.56635241599997, 6.19221505500008], [-2.56720237899998, 6.19257080900019], [-2.56740929099993, 6.19278860100007], [-2.56786895499988, 6.19347793300011], [-2.56812219799997, 6.19408674800013], [-2.56837544299998, 6.19469556300015], [-2.56844453299988, 6.19498317600005], [-2.56810095599997, 6.1961325260001], [-2.56815863799994, 6.19650594800009], [-2.56821632099985, 6.19687937099997], [-2.56818219799993, 6.19715523100007], [-2.5680216259999, 6.1974194070001], [-2.56778058199995, 6.19759218899998], [-2.56760845399998, 6.19767279100012], [-2.56730977699988, 6.19770743300012], [-2.56706878499995, 6.19786867400006], [-2.56698862099995, 6.19814449700004], [-2.56708072799995, 6.19827082300003], [-2.56783843699992, 6.19815524900002], [-2.56856198899993, 6.19830416600018], [-2.56965282799996, 6.19822274100011], [-2.57010081699997, 6.19839468900011], [-2.57027310499996, 6.19865908700018], [-2.57030782399988, 6.19893474200012], [-2.57014743399992, 6.1994634830001], [-2.56994138699991, 6.19988884000003], [-2.56974632699996, 6.20013021100004], [-2.56961985999988, 6.20019948200019], [-2.56864373699995, 6.20005079800012], [-2.56831082699995, 6.20006263500011], [-2.56817311899994, 6.20014313500019], [-2.56808134499994, 6.20030410800013], [-2.56811594899989, 6.20045333900009], [-2.56825364999992, 6.20054525300009], [-2.56945968499997, 6.20088892300009], [-2.56959767799992, 6.20099254900015], [-2.56973550999987, 6.20124499100007], [-2.56962118299992, 6.20157861700017], [-2.56936864899995, 6.20196932000005], [-2.56870308599997, 6.20242962500004], [-2.56859994999996, 6.20264816000008], [-2.56858862999991, 6.20292378100004], [-2.56872684199988, 6.20318810800018], [-2.56912879599992, 6.20336036500015], [-2.56926670799987, 6.20334858800015], [-2.56936970099997, 6.20325647800013], [-2.56974823299993, 6.20246304600005], [-2.57002331299998, 6.20207227600002], [-2.57016105299982, 6.20200297100007], [-2.57034498699994, 6.20201465600007], [-2.57078144899998, 6.20218663800011], [-2.57086758399993, 6.20230143900011], [-2.57095371999992, 6.20241624200008], [-2.57097696699998, 6.20256550600016], [-2.57082795599985, 6.20301377600015], [-2.57054120999993, 6.20335893700019], [-2.57049535499993, 6.20350840500009], [-2.57044973599989, 6.20379566700007], [-2.57050776199998, 6.20453113899998], [-2.57056522499994, 6.20466927800015], [-2.57069160099991, 6.20477242200019], [-2.57147251799995, 6.20464540300003], [-2.57208102499987, 6.20473660700014], [-2.57254614399989, 6.20469035800011], [-2.5730112629999, 6.20464410900013], [-2.57347083799993, 6.20491970800009], [-2.57406841699998, 6.20556246000018], [-2.57440191199987, 6.20629780000007], [-2.57449968299989, 6.20644701500009], [-2.57459745399996, 6.20659622900018], [-2.57472384999994, 6.20667663500006], [-2.57481565799992, 6.20652737300014], [-2.57482703799997, 6.20638954600003], [-2.57471164999993, 6.20592966100008], [-2.57472267799994, 6.20547008800014], [-2.57506673099982, 6.20457341200006], [-2.57519266899993, 6.20441250900012], [-2.57557141799992, 6.20415922200004], [-2.57600793899996, 6.20408971600017], [-2.5766738609999, 6.20421571000008], [-2.57708753799994, 6.20442254600016], [-2.57724848999993, 6.20454849200013], [-2.57734032399998, 6.20469789500015], [-2.57732904599993, 6.20498539900012], [-2.57698535499992, 6.2059738800001], [-2.5769797669999, 6.20613477000006], [-2.5769741769999, 6.20629566000008], [-2.57706623499996, 6.20643317900016], [-2.57751421499989, 6.20668607200002], [-2.57783643999994, 6.20742109700001], [-2.57803178099994, 6.20765097300006], [-2.57818123999994, 6.20773130900011], [-2.57833061299993, 6.2077539440001], [-2.57846828599997, 6.20766207400015], [-2.57854838999992, 6.20745514700019], [-2.57855951399989, 6.2071447350001], [-2.57846745799998, 6.2068344600001], [-2.57801912799994, 6.20608792500019], [-2.57799581099988, 6.2059157540001], [-2.57804183599995, 6.20576611200016], [-2.57834002299995, 6.20536355800004], [-2.57887943799989, 6.20499542200014], [-2.5793272649999, 6.20499477600009], [-2.57963740399981, 6.2051095970001], [-2.57974070199992, 6.20523605900007], [-2.57954627099991, 6.20606339400007], [-2.57958084699993, 6.2062014280001], [-2.57968441999998, 6.20630480800014], [-2.58080975399992, 6.20653363100013], [-2.5813613599999, 6.20682065900007], [-2.58135021799995, 6.20732639099998], [-2.58069029899997, 6.20775784300002], [-2.58006155099991, 6.20803143800015], [-2.57998932799995, 6.20821190300006], [-2.57998994799993, 6.20841989100006], [-2.58044174699984, 6.20842033600019], [-2.58051281799993, 6.20845327800009], [-2.58069688699987, 6.20868284200009], [-2.58070831199996, 6.20882060100018], [-2.58067404299987, 6.20895866800015], [-2.5802956689999, 6.20951079500009], [-2.58018105599996, 6.20977500999999], [-2.58019251699989, 6.20992448100003], [-2.58030741599993, 6.21001611500014], [-2.58046809799987, 6.20999307100004], [-2.5807550859999, 6.20986070800018], [-2.58104207299994, 6.20972834500014], [-2.58156064899987, 6.20996353600015], [-2.58205321599996, 6.21018692999996], [-2.5820763289999, 6.21034790500005], [-2.5819271389999, 6.21076172800014], [-2.58162902199985, 6.21107230800004], [-2.58126734699994, 6.21122211800002], [-2.58090567199986, 6.21137192900005], [-2.58066471299998, 6.21154420000005], [-2.58046969199995, 6.21179728700008], [-2.58019475299983, 6.21240663400016], [-2.58022953299997, 6.21272844800012], [-2.58045360999995, 6.21296960500013], [-2.58067768799998, 6.21321076200007], [-2.58081592099995, 6.21368177200014], [-2.58078159899998, 6.21400344700004], [-2.58066471899997, 6.21426969700002], [-2.58033983099995, 6.21462940800001], [-2.57990967899997, 6.2148601180001], [-2.57963404799989, 6.21490097700001], [-2.57947086399997, 6.21484934300003], [-2.57924340799997, 6.21465980000005], [-2.57902468299983, 6.21389002000012], [-2.57879467799989, 6.21352245500003], [-2.57840386799995, 6.21322409500004], [-2.57811668399995, 6.21313228600013], [-2.57797909699991, 6.21316697300011], [-2.57780691299996, 6.21343153100014], [-2.57778420799997, 6.21358093200013], [-2.57784740499994, 6.2137072540001], [-2.57791060299991, 6.21383357600007], [-2.57874951999997, 6.21433866800015], [-2.5789679259999, 6.21462565700017], [-2.57806161499997, 6.21582147400005], [-2.57764862199991, 6.21639644100014], [-2.57752251299996, 6.21650016100017], [-2.57726988499996, 6.21656929400012], [-2.57699412699986, 6.21644300300005], [-2.57689058599993, 6.21635133500013], [-2.57675283199995, 6.21604102300006], [-2.57660279699991, 6.21542071400012], [-2.57640752099991, 6.21521374600007], [-2.57625816299998, 6.21516820200003], [-2.57615482399996, 6.21525997100008], [-2.57604034399998, 6.2156565520001], [-2.57592586399994, 6.21605313400005], [-2.57566202699996, 6.21631779300003], [-2.57520275599995, 6.21652498900011], [-2.5747436769999, 6.21659404700011], [-2.57430720899993, 6.21651125000011], [-2.57413501699989, 6.21657174600017], [-2.57403159099988, 6.21672138700018], [-2.57400888199993, 6.21704302800009], [-2.57406660599992, 6.2171809940001], [-2.5741929859999, 6.21728447900006], [-2.57487057599991, 6.21742163300007], [-2.57574344799986, 6.2174782830001], [-2.57604190699993, 6.21756988700008], [-2.57670828999994, 6.21790273600016], [-2.57712207899988, 6.21825838500018], [-2.5773865079999, 6.21862619200016], [-2.57754763399993, 6.21909713400004], [-2.57754790599995, 6.21930416700019], [-2.5774563199999, 6.21961447300009], [-2.57737575099998, 6.21975250700018], [-2.57725538099987, 6.21983287200015], [-2.57713501199987, 6.21991323700013], [-2.57629638999987, 6.21968424700003], [-2.57596326499993, 6.2196271950001], [-2.57565326999992, 6.21965033800018], [-2.57536633599983, 6.21984617000004], [-2.57447143999997, 6.22089244600005], [-2.57416707699997, 6.22086190800002], [-2.57386921199992, 6.22083202100015], [-2.57344945999995, 6.220789905], [-2.57334016899995, 6.22067500200001], [-2.57323087999987, 6.22056009800013], [-2.57296638899993, 6.21994012800013], [-2.57287424899994, 6.21951479400013], [-2.57271295299995, 6.21910103400018], [-2.57242554899995, 6.21876222900011], [-2.57160972999998, 6.21806793900004], [-2.57146067699995, 6.21812539400008], [-2.57136879899991, 6.21825192000011], [-2.57110527699996, 6.21882678400004], [-2.57104228499998, 6.21907387900018], [-2.57097929299994, 6.21932097400008], [-2.57101413199996, 6.21983811100017], [-2.57119491499992, 6.22065792500013], [-2.57124468599994, 6.22088362000005], [-2.57114186699988, 6.22141236200008], [-2.57079783999984, 6.22220569500013], [-2.57045390299987, 6.22276891400008], [-2.56984558199991, 6.22324059600004], [-2.56930594399995, 6.22336759100017], [-2.56901890599988, 6.22335604300008], [-2.56886971199998, 6.22354044000014], [-2.56874953499982, 6.22392132300013], [-2.56864509599995, 6.22399817500008], [-2.56832673999992, 6.22388632200017], [-2.56802994499998, 6.22425783000017], [-2.56785964199992, 6.22432266000004], [-2.56754983299993, 6.22432289000005], [-2.56743472499994, 6.22421954300012], [-2.56737724299995, 6.22404712700006], [-2.56746893899998, 6.22377126800006], [-2.56736558699987, 6.22365651700005], [-2.56722760199995, 6.2236450420001], [-2.56698686899989, 6.22401314799998], [-2.56700990999997, 6.2241508730001], [-2.56712472599986, 6.22424285400018], [-2.56718246499992, 6.22441509600003], [-2.56690683399995, 6.22450720200004], [-2.56673474299993, 6.22480620700014], [-2.56661995499991, 6.22489818100013], [-2.56645932299995, 6.22479514000003], [-2.56614920099997, 6.22486409500016], [-2.56601143999995, 6.22484142300004], [-2.56588522399989, 6.22491034900008], [-2.56585117799989, 6.22541580800004], [-2.56567903699988, 6.22566916900013], [-2.5653916949999, 6.22543921700014], [-2.56525386599998, 6.22539346500008], [-2.56495532899993, 6.22539366100011], [-2.56480599799994, 6.22547436800011], [-2.56474883199991, 6.22561198700004], [-2.56485225299997, 6.225750162], [-2.56497861799994, 6.22581885700009], [-2.56541500599997, 6.22578432100011], [-2.56542649599993, 6.22594481600015], [-2.56509386999994, 6.22623241200012], [-2.56508247099981, 6.22639349200011], [-2.56525501899995, 6.22682995800017], [-2.5653585959999, 6.22693334100012], [-2.56549625599996, 6.22692156500005], [-2.56564580699995, 6.22700224700014], [-2.56582955099998, 6.22720856500018], [-2.56582970199997, 6.22734670200015], [-2.56572635999987, 6.22743881300005], [-2.56560007899992, 6.22736977400007], [-2.56546219499995, 6.22739291900012], [-2.56539337799995, 6.22751937700014], [-2.56550851599997, 6.22780685100008], [-2.56538214199992, 6.22790988200018], [-2.56526748199991, 6.22778379600004], [-2.56509493599987, 6.22772643400009], [-2.56500324599983, 6.22783005200017], [-2.56516425299992, 6.22805968900008], [-2.56495772299996, 6.22826664800004], [-2.56494633999989, 6.22840447500016], [-2.56501544099996, 6.22857720000013], [-2.56491234299995, 6.22901362200002], [-2.56502738399996, 6.22909406300005], [-2.56533721699992, 6.22901356800003], [-2.56547528599998, 6.2291399290001], [-2.56521139699993, 6.22956511500007], [-2.56518846599988, 6.22972605700011], [-2.56564802999998, 6.22998977300006], [-2.56555650899998, 6.2301510910001], [-2.56549925099984, 6.2305186530001], [-2.56571790899989, 6.23109311900004], [-2.56575275999995, 6.23170223400007], [-2.56598298399996, 6.23234573500014], [-2.56590268699989, 6.23246051500001], [-2.56576516099989, 6.23251793500015], [-2.56568475899991, 6.23271366800009], [-2.56571936699993, 6.23286289900011], [-2.56585743399989, 6.23310414400009], [-2.56590360299981, 6.23343729500004], [-2.56605305199992, 6.23348301199997], [-2.56617914999987, 6.23340271699999], [-2.56635154499992, 6.23337946900006], [-2.56665018599995, 6.23352877700012], [-2.56702944199998, 6.23381563800018], [-2.56704090099993, 6.2339651100001], [-2.56692379599991, 6.23406661800016], [-2.56678689899996, 6.23405896700012], [-2.56676005799989, 6.23451024499997], [-2.5668249229999, 6.23466313800009], [-2.56717182499995, 6.23489576300011], [-2.56733598199992, 6.23505068100013], [-2.56746245099993, 6.23515675499999], [-2.56811386999988, 6.23490504900013], [-2.56903513899994, 6.23469685100014], [-2.56934932299987, 6.23455695600001], [-2.56973970899986, 6.2345921380001], [-2.57027923499993, 6.23480014899997], [-2.57053125199997, 6.23498490300017], [-2.57147091199994, 6.23592960200011], [-2.57229653399992, 6.23649484700007], [-2.57265216999997, 6.23662227800003], [-2.57336418199998, 6.23675036700007], [-2.57443110499997, 6.23722394500015], [-2.57521163999991, 6.23744432100011], [-2.57538376199994, 6.23744501200008], [-2.57568301399994, 6.23730770300017], [-2.57618960699989, 6.2368032440001], [-2.57632726899993, 6.23679198200006], [-2.57676918899989, 6.23690795600004], [-2.57721110999995, 6.23702393000002], [-2.57752108099993, 6.23716234500006], [-2.57788705999985, 6.23778407200007], [-2.5781047399999, 6.23802593500011], [-2.57880411999997, 6.23853350000007], [-2.57898692899988, 6.23897061600019], [-2.57922762399994, 6.23916659400004], [-2.57953730499997, 6.23929381200008], [-2.57969815299987, 6.2392941920001], [-2.57983612599998, 6.23921403000008], [-2.58001991699985, 6.2392603290001], [-2.58022611999985, 6.23949102899996], [-2.58069628699985, 6.23981360300019], [-2.58079382399984, 6.23994716100009], [-2.58097598899997, 6.24019569800009], [-2.58176272199989, 6.24049454200014], [-2.58185399499996, 6.24063730800003], [-2.58199984899989, 6.24072507500011], [-2.58217302199989, 6.24079342100009], [-2.58246194599991, 6.24043766200003], [-2.5826228279999, 6.24038883600008], [-2.58278386799998, 6.24039238200004], [-2.58340563799993, 6.24099479100005], [-2.58378230399984, 6.24126941100002], [-2.58426479699995, 6.24133961300015], [-2.58482809799995, 6.24112244500014], [-2.58547097599995, 6.24123901200011], [-2.58657256199996, 6.24170143200018], [-2.58670878899994, 6.24181844700018], [-2.58643641999987, 6.24219609600004], [-2.58661685899989, 6.2424371080001], [-2.58655876999995, 6.24260952300006], [-2.58627140999988, 6.24279564900019], [-2.58619007299984, 6.24309118300016], [-2.58656855699996, 6.24340265800009], [-2.58716414599996, 6.24410498100002], [-2.58739580299994, 6.24501311500018], [-2.58751812399993, 6.24549262700009], [-2.58755400399997, 6.24563328100015], [-2.58762037999998, 6.24589348600011], [-2.58776725199994, 6.24646923900002], [-2.58787373799987, 6.24688667400005], [-2.58791520299991, 6.24704922200016], [-2.58840779699995, 6.24755618800003], [-2.5891419809999, 6.24792566500014], [-2.5896816959999, 6.24807646700015], [-2.58991089999995, 6.24828384000017], [-2.59042623799996, 6.24894041000016], [-2.59082656299995, 6.24964211000014], [-2.5909064519999, 6.24984941700012], [-2.59099650899998, 6.25057375600011], [-2.59145500599988, 6.25093114399999], [-2.59182298799988, 6.25083994900018], [-2.59270926999994, 6.25004909800003], [-2.59304255199987, 6.24998108800008], [-2.59366337899991, 6.24971792100007], [-2.59452487399994, 6.24963952499996], [-2.59482381399994, 6.24951374500006], [-2.59507731099995, 6.24927304700003], [-2.59554966599995, 6.24866498800009], [-2.59619425099987, 6.24809206100002], [-2.59644780699989, 6.24770151400014], [-2.59650588999983, 6.24741456000004], [-2.5968288229999, 6.24682900000005], [-2.59726581799993, 6.24662288200005], [-2.59781792299992, 6.24623384100011], [-2.59832351199992, 6.24614291400013], [-2.59925421099996, 6.24609909300017], [-2.59988613299993, 6.24589375900001], [-2.60058856999996, 6.245217309], [-2.60160036999991, 6.24475986600009], [-2.60227904399994, 6.24433616000005], [-2.60398107299989, 6.24335180200012], [-2.60411914299993, 6.24324855500004], [-2.60452243399993, 6.24274387300017], [-2.60500559499991, 6.24241170300007], [-2.60508645199997, 6.24228555100012], [-2.60528781599993, 6.24212509900013], [-2.60548918099988, 6.24196464900018], [-2.60633022799993, 6.24088611100012], [-2.60682917599991, 6.24067066100008], [-2.60769922199995, 6.23996976100017], [-2.60813400699988, 6.23956858700018], [-2.60857325099988, 6.2394088690001], [-2.60911189199987, 6.23866629600002], [-2.60947906499996, 6.23832750499997], [-2.60989045199989, 6.23794791700004], [-2.61030183799983, 6.23756832900006], [-2.6106688509999, 6.2372296850001], [-2.61141324899995, 6.23696429500018], [-2.61201377399988, 6.23675019700005], [-2.61283708699989, 6.23633318900016], [-2.61327859799991, 6.23610956400006], [-2.61361282599995, 6.23570808900013], [-2.61376330699989, 6.23513356000012], [-2.61407562299996, 6.23500191100015], [-2.61445847099992, 6.23484053200002], [-2.61477097999995, 6.23470880200017], [-2.6152462739999, 6.23503325200016], [-2.61607532399995, 6.23559918500018], [-2.6166213219999, 6.23595653900009], [-2.61792883499993, 6.23675257100007], [-2.61810105699988, 6.23678717900009], [-2.61868697799997, 6.23674266500012], [-2.61961789499998, 6.23652657600013], [-2.62088933699994, 6.23656865900011], [-2.62121170199993, 6.23663357699996], [-2.62139502399992, 6.236670495], [-2.62437297399993, 6.23760330300013], [-2.62675164199993, 6.23881757600014], [-2.62778481699996, 6.23821297500012], [-2.63115574499989, 6.23624033000004], [-2.63293301299996, 6.23520027100005], [-2.63377364499996, 6.23466282300018], [-2.63537913099992, 6.23363636600004], [-2.63717105199987, 6.23237262300006], [-2.63923877999997, 6.23102775800004], [-2.64159355799995, 6.22978654200006], [-2.64254359199987, 6.22924993700013], [-2.64354644299988, 6.22868349700013], [-2.64524623399996, 6.22749976800003], [-2.64538431099993, 6.22743078800016], [-2.64555661599996, 6.22732742700003], [-2.6457633949999, 6.22721276200008], [-2.6459587409999, 6.22707453700008], [-2.64617674199991, 6.22697103300004], [-2.64644116299996, 6.22687926900011], [-2.64659027499994, 6.22684470100006], [-2.64682022299996, 6.22676441099998], [-2.64695795599988, 6.2266956040001], [-2.64717629899985, 6.22659175500013], [-2.64744030499992, 6.22647725600012], [-2.64767017299994, 6.22645414800019], [-2.64788848099988, 6.22633910200005], [-2.64820990599992, 6.22625869900008], [-2.6484972589999, 6.22623575500012], [-2.64863483999983, 6.22620139600002], [-2.64879589899994, 6.22618987000016], [-2.64993985699988, 6.22266483200002], [-2.6509985649999, 6.22304368699997], [-2.65233956199995, 6.22352355400017], [-2.65281044699998, 6.22330757900016], [-2.65331472899987, 6.22307628700003], [-2.65375764599992, 6.22276394900013], [-2.65426762999994, 6.22260687700009], [-2.65533400399988, 6.22293669800013], [-2.65602189099997, 6.22289012000016], [-2.65715220399994, 6.22237572800003], [-2.65852825299987, 6.22237141100015], [-2.65912743099989, 6.22234731900011], [-2.65979263399993, 6.22214533200003], [-2.65977155399997, 6.22250077000012], [-2.66088364099988, 6.22325244000012], [-2.66126080499993, 6.22320683300018], [-2.66155002899995, 6.22342803000009], [-2.66181657099997, 6.223493824], [-2.66296934999997, 6.22306819200014], [-2.66308018199993, 6.22302342199998], [-2.66343875799993, 6.22330473700009], [-2.66367281999993, 6.22295860800017], [-2.66385593499996, 6.22268781900004], [-2.66410139899995, 6.22310904900007], [-2.66439020499996, 6.22319698200016], [-2.66487694199998, 6.22270681300017], [-2.6651217779999, 6.22292814900004], [-2.66517908699996, 6.22328145800003], [-2.66528021499994, 6.22390491800013], [-2.66569565999987, 6.22463860400006], [-2.6660836879999, 6.22532386800009], [-2.66660231499992, 6.22555958700013], [-2.66692067399987, 6.22592174300007], [-2.66713273299985, 6.22616297500014], [-2.66734830399992, 6.22640820300018], [-2.66749494399988, 6.22657501600003], [-2.66764158399991, 6.22674182800017], [-2.66782845099993, 6.22695440300009], [-2.6684400929999, 6.22739700300014], [-2.66894494399986, 6.22760501500011], [-2.66945312799987, 6.22726088800016], [-2.66979205499996, 6.22732482400011], [-2.6700993799999, 6.22738279800012], [-2.67022505599982, 6.22772528199999], [-2.67033424699997, 6.228022839], [-2.67068489799993, 6.22897840100006], [-2.67080370899993, 6.22930217499999], [-2.67109412399998, 6.22967973699997], [-2.67151012999983, 6.23022057800006], [-2.67170893799994, 6.23047904500004], [-2.67194307599993, 6.23078344200007], [-2.67170081799998, 6.23104775000013], [-2.67122634899988, 6.23156540300005], [-2.67089927799998, 6.23192224200017], [-2.67099637999996, 6.232147005], [-2.67142684299995, 6.23314340900004], [-2.67174277899989, 6.23304246800012], [-2.67191955999994, 6.23298598499997], [-2.67206129199997, 6.23294070200006], [-2.67224164899994, 6.23288307700017], [-2.67239091399995, 6.23283538600003], [-2.67256451499992, 6.2327799200001], [-2.67269955199993, 6.23273677500015], [-2.67284492799996, 6.23269032600012], [-2.67308355699981, 6.2326140830001], [-2.67340652399997, 6.23251870500007], [-2.67353821899997, 6.2324798140001], [-2.67374278099993, 6.23241940200012], [-2.67392433999993, 6.23236578400008], [-2.67415126099996, 6.23229876900012], [-2.67431178899983, 6.23225136200006], [-2.67446476399994, 6.23220618500011], [-2.67459449699993, 6.23216787200005], [-2.67475134799997, 6.23212155000016], [-2.67494662099995, 6.23206388200015], [-2.67517640199998, 6.23199602200003], [-2.67549270199993, 6.23207408700006], [-2.67566336699991, 6.23211620800004], [-2.67590118599998, 6.23217490300004], [-2.67607963099988, 6.23221894400001], [-2.67625827999996, 6.23226303600012], [-2.67657403099997, 6.23234096400017], [-2.67957091899996, 6.23573112100013], [-2.68096095699991, 6.23948930900002], [-2.68120081899997, 6.2396650820001], [-2.67915246199993, 6.24143372100013], [-2.67632638299989, 6.24850252900006], [-2.67819672399992, 6.25148329200005], [-2.67879807799994, 6.2525840130001], [-2.67981534199993, 6.25444600300011], [-2.67986572699982, 6.25450641300017], [-2.68076210899989, 6.25558114500006], [-2.68654321999998, 6.26251250299998], [-2.68691908499989, 6.26296315300016], [-2.68376208499996, 6.26502732400013], [-2.67424090999998, 6.27125264300003], [-2.67179098299988, 6.27060029300003], [-2.66861458099987, 6.27075043600013], [-2.66464852599989, 6.27368618600002], [-2.66373007099986, 6.27352410300017], [-2.66273100799998, 6.27345373100007], [-2.66144492099994, 6.27346332100012], [-2.6593659109999, 6.27373600800007], [-2.65470382799987, 6.27344193400006], [-2.65365910699995, 6.27322201600015], [-2.65067472099986, 6.27237851900009], [-2.64676628699993, 6.27119007400006], [-2.64353503099994, 6.27020754000011], [-2.63525954399989, 6.28231816100003], [-2.63713231499997, 6.30459061700009], [-2.63530771099988, 6.30907520800014], [-2.6348086989999, 6.31030169400003], [-2.63465756199992, 6.3106636120001], [-2.63443276599997, 6.31129459499999], [-2.63418261399988, 6.31187523600016], [-2.63389104499993, 6.31242557500013], [-2.63367939699998, 6.31233076800004], [-2.63329884699993, 6.31209238700012], [-2.6327702879999, 6.31214943600014], [-2.63264372999993, 6.31213176100016], [-2.63238237299987, 6.31209526000009], [-2.63224021399992, 6.31206905100015], [-2.63211800799996, 6.31204652000014], [-2.63171206199985, 6.31163599300004], [-2.6316421169999, 6.31155307500006], [-2.63133236799996, 6.31092614500005], [-2.63060489999998, 6.310626985], [-2.62994598799992, 6.31075400500004], [-2.62914800599998, 6.311349506], [-2.62760828599994, 6.31169324600006], [-2.62746917699997, 6.31172430200013], [-2.62570428999987, 6.31134919100009], [-2.62450206199998, 6.31195358600007], [-2.62412188199994, 6.31214471200008], [-2.62549686399996, 6.31243786300013], [-2.62543280699987, 6.31301093200017], [-2.62707018399993, 6.31277329400007], [-2.62713274599992, 6.31289866000014], [-2.62792738999997, 6.31449102400006], [-2.62791162499997, 6.31459897600013], [-2.62773369999991, 6.315043253], [-2.62758894399991, 6.31540470500011], [-2.62767353899983, 6.31568501700002], [-2.62800629999992, 6.31615693700013], [-2.62837048499995, 6.31638333200016], [-2.62858634099996, 6.31666942000004], [-2.62863791599995, 6.31674435399998], [-2.62871823699993, 6.31713525000004], [-2.62852279399993, 6.31772129199999], [-2.62862615399996, 6.31802031500013], [-2.62905115899997, 6.31867640999997], [-2.62914291399989, 6.31895256100017], [-2.62908503199998, 6.31929704200019], [-2.62874044199998, 6.31947474800012], [-2.62818576899991, 6.31985893500001], [-2.62796126199993, 6.32069342600005], [-2.62814213699994, 6.32212989800007], [-2.62856819999996, 6.32257810900012], [-2.62918132899995, 6.32272331000019], [-2.62938127599989, 6.32317142300019], [-2.63023794499998, 6.32353515900007], [-2.63157139899994, 6.32323646500009], [-2.63197693599989, 6.32330302500009], [-2.63263946299992, 6.32357066500003], [-2.63365325099994, 6.32362701700004], [-2.63389434699991, 6.3236846480001], [-2.63418152399987, 6.32383462400009], [-2.63450282299993, 6.32413399200016], [-2.63514599699994, 6.32446884200016], [-2.63543245799991, 6.32461797900015], [-2.63571942199997, 6.32483702100018], [-2.63614423599984, 6.32526317200018], [-2.63981366099995, 6.32916208100011], [-2.64407572199997, 6.33369056500015], [-2.64482286299989, 6.33402543300014], [-2.64544439899993, 6.33440634100003], [-2.64616933699995, 6.33504044800003], [-2.6464331389999, 6.33536255199999], [-2.64701466299988, 6.33578525000019], [-2.64717515999985, 6.33662293600003], [-2.64733862099996, 6.33747609000011], [-2.64739926499993, 6.33774863100018], [-2.64811203499983, 6.34095185400008], [-2.64858173199997, 6.34306265800012], [-2.64942168699991, 6.34516868800011], [-2.64908169999995, 6.34615056200016], [-2.64906046699997, 6.34718046000012], [-2.64945683999997, 6.34764340500016], [-2.64998539899995, 6.34793176400012], [-2.65020352599993, 6.34798980100004], [-2.65108846299989, 6.34877288500019], [-2.65145722799986, 6.34921107800011], [-2.65192997899987, 6.34994810900008], [-2.65237764799997, 6.35051212500002], [-2.65261834899991, 6.35068462300006], [-2.65354608199993, 6.35160517900005], [-2.65436020799996, 6.35274414300011], [-2.65501493199997, 6.35331989300016], [-2.65511844399992, 6.35346992200004], [-2.65522208599998, 6.35384936500009], [-2.65573895099993, 6.35389628200016], [-2.65634689199993, 6.35424190400016], [-2.65655412999996, 6.354580693], [-2.65731843899994, 6.35545458900003], [-2.65784619499993, 6.35589209300002], [-2.65794941199994, 6.35603023800013], [-2.65804043999992, 6.35650134900015], [-2.65833041999991, 6.35671354600004], [-2.6598490479999, 6.35643895900012], [-2.66047499199993, 6.35617665400002], [-2.66087679299994, 6.35600827600013], [-2.66171141299998, 6.35635942200003], [-2.66150643299989, 6.35696387700006], [-2.66112872899993, 6.35807766800008], [-2.66046567799992, 6.35766296300017], [-2.66035785299988, 6.35807897800004], [-2.65996685399995, 6.35838887500017], [-2.65942667099995, 6.35856043000007], [-2.65847267399988, 6.35920230300013], [-2.65819674699998, 6.35929378200018], [-2.65785225399998, 6.35923598300008], [-2.65769087399997, 6.35964348800013], [-2.65757629599989, 6.36037050099998], [-2.65750527699987, 6.36082112600008], [-2.65761892999996, 6.36155654200019], [-2.65772183999985, 6.36186692100017], [-2.65827264999996, 6.36218964100004], [-2.65873151499989, 6.36253470200012], [-2.65886867299997, 6.36278778900015], [-2.65874149699994, 6.36350003700011], [-2.65891217399991, 6.36440801900011], [-2.6588024109999, 6.36483309800019], [-2.65834910699988, 6.36596795000014], [-2.65819698099989, 6.36634879900009], [-2.65860426599994, 6.36709241400007], [-2.65895286999989, 6.36772888800016], [-2.65936599799988, 6.36806272700017], [-2.65959472099991, 6.36868358100003], [-2.65994969799988, 6.36926992700006], [-2.66000675699996, 6.36945420400008], [-2.66059057199988, 6.37069602100007], [-2.66099189899995, 6.37121349600017], [-2.66215030999996, 6.37219218300004], [-2.66276939599993, 6.37283640700008], [-2.66317265799984, 6.37384460900017], [-2.66427523999994, 6.37420835000017], [-2.66562776899991, 6.37378325100008], [-2.66759168199997, 6.37384390500011], [-2.66864838899994, 6.37376522400012], [-2.67098047499996, 6.37345868200015], [-2.67163630099998, 6.37647703900001], [-2.67345667199993, 6.37669179700003], [-2.67484056899997, 6.3783422620001], [-2.67545267599996, 6.380050396], [-2.67336159599989, 6.3813811550001], [-2.67358885299996, 6.38243814600003], [-2.67358735499994, 6.38298021500003], [-2.67673366099984, 6.3839629580001], [-2.67708960599987, 6.38428135200013], [-2.67762005799989, 6.38522887100009], [-2.67756850599989, 6.386332342], [-2.67773662699994, 6.38715927200008], [-2.6786214149999, 6.38792870000015], [-2.68138049699991, 6.38786113800006], [-2.68335930899997, 6.38658927000017], [-2.68494189599988, 6.38723979800017], [-2.68532074099988, 6.38699916600012], [-2.68693865199998, 6.38508810500002], [-2.68829486899995, 6.38453857500002], [-2.68858219399982, 6.38437814800017], [-2.68979661199995, 6.38221016599999], [-2.69215149299993, 6.38152136500014], [-2.69258787899997, 6.38169440000013], [-2.69340300399989, 6.38189099300018], [-2.69367850699996, 6.38206369500006], [-2.69361098399997, 6.38389615500017], [-2.69853269999987, 6.38529915400017], [-2.70056162199995, 6.38644427800006], [-2.70207464999993, 6.38468869700017], [-2.70232446799997, 6.38439883000012], [-2.70275538199996, 6.38369906200012], [-2.70267800999994, 6.38228531999999], [-2.70267821499993, 6.38211274500003], [-2.70278215599996, 6.38163050400004], [-2.70310419999993, 6.38148149500006], [-2.70428740899996, 6.38126505300005], [-2.70844188699988, 6.38302407300012], [-2.71127036399997, 6.38493965600009], [-2.71082902599994, 6.38617515000016], [-2.71041057599996, 6.38734657100002], [-2.71188576499998, 6.38934504900016], [-2.71289314699993, 6.39117812800004], [-2.71330334199996, 6.39138160300007], [-2.71385597499994, 6.39165573300005], [-2.71436413399988, 6.39190780100012], [-2.71473338299995, 6.39254097399998], [-2.71526123999996, 6.39323088000009], [-2.71542157899989, 6.39350677000016], [-2.71566408299998, 6.39380659500017], [-2.71584213599988, 6.39474099100005], [-2.71655674799996, 6.3949102580001], [-2.71683185399996, 6.39514064200017], [-2.71695778199989, 6.3954738270001], [-2.71699150999996, 6.39593373500014], [-2.71719766699994, 6.39637050600015], [-2.71738133499997, 6.3964396450001], [-2.71785227699991, 6.39644560300007], [-2.71850702299992, 6.39631497900007], [-2.71882843099996, 6.39646494900006]]]]}, "properties": {"REGION": "Western North", "DISTRICT": "Sefwi-Wiawso"}}, {"type": "Feature", "geometry": {"type": "MultiPolygon", "coordinates": [[[[-2.90829121699994, 6.0415873980001], [-2.91412397199997, 6.04196449700009], [-2.91475612099987, 6.0420053630001], [-2.93275776399997, 6.03903338800018], [-2.94223399699996, 6.03512193900008], [-2.94308554699995, 6.03494828100008], [-2.94545783499996, 6.03542839900001], [-2.94611158899994, 6.03627139900016], [-2.94860828799995, 6.03904664600003], [-2.94826692799995, 6.04324352700007], [-2.94943383099996, 6.04459653399999], [-2.95137405199989, 6.04555899200005], [-2.95288560599994, 6.04580173400007], [-2.95466374099988, 6.04477163500019], [-2.95699047999983, 6.04334403700005], [-2.95871835199989, 6.04126714200004], [-2.95969585199992, 6.03949540700012], [-2.96620092399985, 6.03349714700011], [-2.97516616099983, 6.02733017300005], [-2.98807374299997, 6.01847667600015], [-3.00237623799995, 6.0106692650001], [-3.01339967199993, 6.00655735100008], [-3.03100125899988, 6.00086989600015], [-3.04763552799994, 5.99557335700007], [-3.06019556799993, 5.98835302400011], [-3.07281588799998, 5.98253773000016], [-3.07400791699996, 5.98527632000008], [-3.07939426199994, 6.01855323700016], [-3.08325843299991, 6.03950967500003], [-3.08858039599988, 6.06957878200006], [-3.0913102749999, 6.08742217700006], [-3.09369562899991, 6.10371871500018], [-3.09563199699988, 6.11641208000015], [-3.09854194999997, 6.13133351700009], [-3.10115191499983, 6.14559441000011], [-3.1022844499999, 6.15193620100018], [-3.10769668599983, 6.165100086], [-3.11525634799995, 6.17838868500002], [-3.12121953299987, 6.19084193900017], [-3.13093876799996, 6.20807192400014], [-3.12905267399998, 6.20798420600016], [-3.12908977899991, 6.20995905500007], [-3.12924571499997, 6.21033044000012], [-3.12929926699996, 6.21118651600011], [-3.12900955199996, 6.21181289700013], [-3.12784822399988, 6.21483206900018], [-3.12738632699995, 6.21545793800004], [-3.12669375899992, 6.21636781300009], [-3.12631854299997, 6.2168513630001], [-3.12594332799983, 6.21733491300017], [-3.12565618399998, 6.21741932100002], [-3.12536904099994, 6.21750372800017], [-3.12479475399994, 6.2176725440001], [-3.1242762629999, 6.2181267950001], [-3.12418839299994, 6.21852593700009], [-3.12409924399992, 6.21915323400003], [-3.12443964799996, 6.22001057100005], [-3.12454964799997, 6.22100933900009], [-3.12476426899997, 6.22221827300007], [-3.12580846099996, 6.22479392800011], [-3.12585038799995, 6.22503658800014], [-3.12521139499995, 6.22674572100004], [-3.12497545499997, 6.22697833100011], [-3.12460353099993, 6.22734500700005], [-3.12423160599997, 6.22771168300005], [-3.12302085499988, 6.22901916200016], [-3.12238899399989, 6.22921627700003], [-3.12175713299996, 6.22941339100015], [-3.12054772799996, 6.23037837900006], [-3.11968174999993, 6.23154448000003], [-3.11881577399993, 6.23271058100011], [-3.11800966299995, 6.23339224400013], [-3.11732046499992, 6.23350383600012], [-3.11623180799984, 6.23327127300013], [-3.1148576789999, 6.23263813600005], [-3.11342527399995, 6.23223303300006], [-3.11291110799988, 6.23177448500013], [-3.11257262899994, 6.23057498900016], [-3.11209428399997, 6.22934757400014], [-3.10144216199996, 6.23063597500004], [-3.08889582699987, 6.23087125500018], [-3.08778976499991, 6.22860734200015], [-3.08720511499996, 6.22843264000011], [-3.08643712199995, 6.228245921], [-3.08582975299993, 6.22803669700011], [-3.08533686399994, 6.22787385600003], [-3.08477535899993, 6.22769923199996], [-3.08392572399987, 6.22756848400019], [-3.08355537399996, 6.227291734], [-3.08319990599995, 6.22704650800017], [-3.08276753699988, 6.22646039200015], [-3.08230927199997, 6.22462525500009], [-3.08205046899997, 6.22391906900015], [-3.08179561999992, 6.22320487000007], [-3.08154952399991, 6.22279602000003], [-3.08130392899994, 6.22237239700007], [-3.08042542199996, 6.22258711900002], [-3.07969939699996, 6.22245219500007], [-3.07889883399997, 6.22296453200011], [-3.0781218649999, 6.22347487200005], [-3.07697265599995, 6.2238127600001], [-3.07659925299987, 6.22389679500003], [-3.07622584999996, 6.22398083100006], [-3.07571004399983, 6.22383614900002], [-3.07318652199996, 6.22351200500003], [-3.07009302199987, 6.22235821100014], [-3.06900481699995, 6.22189703200007], [-3.06785820799996, 6.22166406400015], [-3.06671159799993, 6.22143109500013], [-3.06574909599988, 6.22071732300009], [-3.0653962369999, 6.2204555890001], [-3.06337936599994, 6.22008090300017], [-3.06213880899998, 6.21960447200007], [-3.05987363399993, 6.21948575600004], [-3.05868693499997, 6.21912298500013], [-3.05753959099991, 6.21922507800014], [-3.05618752899994, 6.21993272700018], [-3.05483546699998, 6.22064037500007], [-3.05287706299987, 6.22217330199999], [-3.05270262999983, 6.22262892300012], [-3.05252819799995, 6.22308454299997], [-3.05189278199987, 6.22393817900013], [-3.05108749599992, 6.22433434600009], [-3.04831915899996, 6.22666518500012], [-3.04751670899998, 6.22748004900006], [-3.04696625199995, 6.22771977800011], [-3.04572676799995, 6.22845272000018], [-3.04558995899993, 6.22833778300014], [-3.04505541099991, 6.22833098800004], [-3.0414271169999, 6.22811802200016], [-3.03976490199994, 6.22765469400002], [-3.03643568999991, 6.22764085900002], [-3.03548961399997, 6.22740868200009], [-3.03454353699993, 6.22717650500016], [-3.03299584099989, 6.22671357300004], [-3.03236574099998, 6.22645425600018], [-3.03173563999997, 6.22619494100013], [-3.03135568799996, 6.22584719200006], [-3.03103019499997, 6.2255492860001], [-3.03088939299994, 6.22495535300004], [-3.03085633599994, 6.22477131300013], [-3.03080153799993, 6.2244147290001], [-3.03079217499987, 6.22412736600006], [-3.03086245099985, 6.22393268299999], [-3.03107124199988, 6.22366979399999], [-3.03111913799995, 6.22338289900017], [-3.03111130699983, 6.22291179400003], [-3.03117166499993, 6.22249845699997], [-3.03114009399991, 6.22209615000003], [-3.0309126219999, 6.2217955050001], [-3.03064916399995, 6.22172471100009], [-3.03032788899992, 6.22166464300011], [-3.03011037599987, 6.22158282300006], [-3.02988256499987, 6.22133969400011], [-3.02959647099982, 6.221188052], [-3.02928723999997, 6.22109401400007], [-3.02912813599988, 6.22088609200006], [-3.02892516699995, 6.22036751999997], [-3.02881302399993, 6.21998739100007], [-3.0287967299999, 6.21986665600014], [-3.02878043599998, 6.21974592200007], [-3.02877625399998, 6.21938549700019], [-3.02911536499988, 6.21858652300017], [-3.02951295199983, 6.21832256700014], [-3.02960780499996, 6.21810857800011], [-3.02971364599983, 6.21777617200019], [-3.02978485799997, 6.2174664580001], [-3.02983745699993, 6.21732892700004], [-3.02989005699993, 6.21719139700002], [-3.02988090999997, 6.21688130199999], [-3.02977902099991, 6.21666196700005], [-3.02965382299993, 6.21653467600009], [-3.02939083399986, 6.21638329000018], [-3.02917417199995, 6.21616353500002], [-3.02915272999996, 6.21595628900013], [-3.02915451499985, 6.21570349500018], [-3.02913843499994, 6.21556545300012], [-3.02912235499991, 6.21542741100006], [-3.02907759899995, 6.21524333000002], [-3.02909134099986, 6.21495622200007], [-3.02921946999987, 6.2146927820001], [-3.02924469599992, 6.21438272800003], [-3.0292573289999, 6.21423338300002], [-3.02929323199993, 6.21403814400014], [-3.02945484399993, 6.21390183100016], [-3.02961647799998, 6.2137995280001], [-3.02977811199992, 6.21369722400016], [-3.03006589599994, 6.21357299800019], [-3.03022814499997, 6.21337865100003], [-3.03022937799994, 6.21320644800005], [-3.03035716699998, 6.21300035200005], [-3.03050695299993, 6.21293262000017], [-3.03066843499994, 6.21283023100011], [-3.03077325699991, 6.21265883500013], [-3.03087896499989, 6.21230318300019], [-3.03098429599987, 6.21205136900016], [-3.03120405999994, 6.2118576630001], [-3.03135418299996, 6.21173224200015], [-3.03146877299992, 6.2113659310001], [-3.03104468299989, 6.2105973730001], [-3.03096293699997, 6.21044922800019], [-3.03091871199996, 6.21016086700007], [-3.03066584699991, 6.20986791700017], [-3.03028763699996, 6.20971191000012], [-3.03011928799998, 6.20957609300018], [-3.03009742599994, 6.20934523900007], [-3.03018547899995, 6.20904026700003], [-3.02978059499986, 6.20899696100003], [-3.02916305099984, 6.20912838100008], [-3.0282536659999, 6.20897369500005], [-3.02771459099989, 6.20888199800004], [-3.02737865799998, 6.20880980500016], [-3.02678021399993, 6.20867603200003], [-3.02528034599993, 6.20851559500016], [-3.02447518199983, 6.20869363000008], [-3.02362343899995, 6.20899789100008], [-3.02294189099996, 6.20953276400002], [-3.02227169999992, 6.21009067], [-3.02178575499988, 6.21059293799999], [-3.02117388799996, 6.21105952600004], [-3.02082666499984, 6.21141317199999], [-3.02067523799991, 6.21169951600007], [-3.01222531199994, 6.20586361600004], [-3.01070148899981, 6.20481116200017], [-3.00988919499991, 6.20441456600003], [-3.00913347499994, 6.20413295700013], [-3.00832096699992, 6.2037475520001], [-3.00762366399988, 6.20332899100003], [-3.00681222799989, 6.20279428100002], [-3.00587453499992, 6.20228174300007], [-3.00521349099995, 6.20162195800009], [-3.00460807699994, 6.20118065800017], [-3.00402503699985, 6.20084310900006], [-3.00338426799993, 6.20051645300003], [-3.00263112699997, 6.1998904190001], [-3.00220850599993, 6.19958825200001], [-3.00193327299996, 6.19954038500009], [-3.00163442599995, 6.19957251000017], [-3.00132465099995, 6.19955887000009], [-3.00117631999996, 6.199431312], [-3.00100596099998, 6.19915453800002], [-3.00095579599991, 6.19895290600005], [-3.00059436199996, 6.19739291600013], [-2.99899120299989, 6.19541519299997], [-2.99872729299989, 6.19536934800004], [-2.99850932899989, 6.19552997200014], [-2.99833709199987, 6.19571384400012], [-2.99811925599994, 6.19584002800008], [-2.99797003099997, 6.1958404180001], [-2.99787246799997, 6.19577147400008], [-2.99782080099988, 6.19561057400006], [-2.99778625599993, 6.19535808300009], [-2.99776341199993, 6.19513998900015], [-2.99761405499993, 6.19502500400012], [-2.99740185099995, 6.19493315799997], [-2.99729574999986, 6.19488723400008], [-2.99718964799996, 6.19484131200005], [-2.99682228199993, 6.19466911399996], [-2.99670759699995, 6.19455434200006], [-2.99660422599993, 6.19430176600014], [-2.99650089599993, 6.19404918900011], [-2.99637459499985, 6.19377328000013], [-2.9960189709999, 6.19335995400019], [-2.99580070199988, 6.19315344400019], [-2.99558290799996, 6.19307315600008], [-2.99544512599994, 6.19310759699999], [-2.9951698619999, 6.1932684360001], [-2.99507083299989, 6.19331581900019], [-2.99490578399991, 6.19339479200005], [-2.99407986499995, 6.19421034900012], [-2.99410288099989, 6.19439417400014], [-2.99413725099993, 6.19453180700009], [-2.99427499399997, 6.19485330800012], [-2.99446999299983, 6.19524382000009], [-2.99477997799988, 6.19574910199998], [-2.99494082099994, 6.19605897800005], [-2.99490623699995, 6.19623131000009], [-2.99480308199992, 6.19625425700013], [-2.99461952899992, 6.19627733400017], [-2.99411463599989, 6.19620845700007], [-2.99366700099989, 6.19628883600006], [-2.99343754899991, 6.19640386900011], [-2.99340317999992, 6.19656449000013], [-2.99340313699992, 6.19670225300007], [-2.99339169599995, 6.1968744990001], [-2.99339182599988, 6.19698952900006], [-2.99334579799989, 6.19711575500003], [-2.99320814399994, 6.19719617400017], [-2.99308193199988, 6.19723091700013], [-2.9929672479999, 6.19719639100009], [-2.99284099299996, 6.19715054300002], [-2.99260013799994, 6.19708136100019], [-2.99224434299987, 6.19698970800016], [-2.99196881699993, 6.19693219400017], [-2.99181976299991, 6.19689779600003], [-2.99167045099989, 6.19680605700012], [-2.99155567999992, 6.19673709000006], [-2.99144112499994, 6.19672563800015], [-2.99128049899997, 6.19677170200004], [-2.99120022999989, 6.19687515300018], [-2.99118878799993, 6.19697851800009], [-2.99120031699994, 6.19726553700013], [-2.99117164699993, 6.19740340700002], [-2.99114297599988, 6.19754127700003], [-2.99110860599995, 6.19777095300003], [-2.99100536499986, 6.19813830500004], [-2.99090216699994, 6.19836789400011], [-2.99074128299986, 6.1986435070001], [-2.99059240099996, 6.1989536860001], [-2.99039718899991, 6.19924079200007], [-2.99009894999983, 6.19943615700015], [-2.9898925949999, 6.19961981100005], [-2.98980062499993, 6.19983816500019], [-2.98967458299995, 6.19999896000007], [-2.98946801299985, 6.20012509800006], [-2.98894023199995, 6.20019423800011], [-2.98832051999995, 6.20027457100008], [-2.98806804999992, 6.20049283800012], [-2.98798790899997, 6.20063072900007], [-2.98787309399995, 6.20076857800018], [-2.98757489599996, 6.20090642600002], [-2.98734526699997, 6.20105572600011], [-2.98728783799993, 6.20122797199997], [-2.98731089599988, 6.20135428300006], [-2.98746012299989, 6.20150354000003], [-2.98757485199997, 6.20156097000017], [-2.98779286499996, 6.20162972300011], [-2.98791899299994, 6.20177906700019], [-2.98793628499993, 6.20187664100013], [-2.98795357899996, 6.20197421500018], [-2.9879421359999, 6.20207758000015], [-2.98781596599991, 6.20213522500018], [-2.98752903799993, 6.20212390200004], [-2.98717323799997, 6.20216983700004], [-2.98682905199991, 6.20222709400008], [-2.98673738099995, 6.20230751200012], [-2.98673746599997, 6.20239929600012], [-2.98679465999982, 6.20253150600018], [-2.98710453699994, 6.20272080100017], [-2.98723087999991, 6.20285860700017], [-2.98725376499988, 6.20300799300009], [-2.98724245199992, 6.20315733600012], [-2.98719637999994, 6.20342149600015], [-2.98711627899996, 6.20371988100004], [-2.98705893699992, 6.20391520200013], [-2.98687533499998, 6.20429404900011], [-2.98673763499988, 6.20450103700017], [-2.98659993399997, 6.20478810000003], [-2.98648528999996, 6.20527035500004], [-2.98608384599987, 6.20548866400009], [-2.98599191799991, 6.20541995500002], [-2.9858771449999, 6.20528210600008], [-2.98586861699994, 6.20507514900009], [-2.9858771019999, 6.20497179600017], [-2.98594584599994, 6.20479967900019], [-2.98608350499995, 6.20458149799998], [-2.98610643299997, 6.20430588700003], [-2.98608640899994, 6.20407034400017], [-2.98599161999988, 6.20401890900007], [-2.98587706199993, 6.20400711200006], [-2.98571638999994, 6.20404163800009], [-2.98549846099996, 6.20421379800013], [-2.98538368799996, 6.20437472200013], [-2.98518860099989, 6.20454696800016], [-2.98493617299994, 6.20455876200009], [-2.98467216999995, 6.20448966500015], [-2.98447704199998, 6.20443236300002], [-2.98423605499994, 6.20448974900012], [-2.98413272499994, 6.20453577000012], [-2.98409839599992, 6.20470810100011], [-2.98407550899998, 6.20491465900011], [-2.98397226399987, 6.20506400200014], [-2.98383469399994, 6.2050872480001], [-2.98369686299992, 6.20504109700011], [-2.98355903399988, 6.204926237], [-2.98336420699991, 6.20480022500004], [-2.98285904899996, 6.20452469600008], [-2.98233139099989, 6.20432932500017], [-2.98180334499983, 6.20426052500017], [-2.98143618599994, 6.20421471400005], [-2.98124118799996, 6.20397349700005], [-2.98114930899987, 6.20347996000015], [-2.98112608299994, 6.20308931600016], [-2.98109175599984, 6.20296287400004], [-2.98099991499987, 6.20284818500005], [-2.98089675899996, 6.20279071100009], [-2.98073587099998, 6.20283677400005], [-2.98065581299994, 6.20292851300007], [-2.98062118199988, 6.20308931000017], [-2.98060977899991, 6.20328463199996], [-2.98059828999993, 6.20352576000005], [-2.98055242899989, 6.20377838200017], [-2.98048376999998, 6.20397357300004], [-2.98026243099997, 6.20399023900018], [-2.98008811799991, 6.20388935000011], [-2.98001494099992, 6.2037010470001], [-2.97996799399994, 6.20277284899998], [-2.97979335599996, 6.20258492599999], [-2.97950276299997, 6.20239743600013], [-2.97921319699992, 6.20248555300003], [-2.97911325099983, 6.2028920890001], [-2.97908583099996, 6.20331286100009], [-2.97885478399985, 6.20354581700019], [-2.97871005499996, 6.20360438100005], [-2.97839133699995, 6.20364908800013], [-2.97786942599993, 6.20362202500013], [-2.9776511419999, 6.20339074700013], [-2.97773600099993, 6.2028247020001], [-2.97760479399989, 6.20262211000005], [-2.97741979299997, 6.20253290600016], [-2.97720169299993, 6.20241240200011], [-2.9764443709999, 6.20198764400016], [-2.97611150599988, 6.20160865800005], [-2.97605391199994, 6.20129856000017], [-2.97600234099991, 6.20101719700006], [-2.97595076899989, 6.20073583500005], [-2.97588181799989, 6.20048329700012], [-2.97576696499988, 6.20024212200013], [-2.97550318599991, 6.20001252400016], [-2.97517035999982, 6.1998746220001], [-2.9747227609999, 6.19981739600018], [-2.97422938999995, 6.19974828500006], [-2.97411466299997, 6.19969085100007], [-2.97404562299994, 6.19956471000006], [-2.97403704399994, 6.19947859700011], [-2.97404567499996, 6.19927764500017], [-2.97402275099989, 6.19910552600004], [-2.97396515799994, 6.19887584700018], [-2.97385051999993, 6.19869201400013], [-2.97372426599998, 6.19857728000005], [-2.97358652299994, 6.1985542000001], [-2.9734486939999, 6.1985888100001], [-2.97335710599998, 6.19868059099997], [-2.97327661499997, 6.19880677300011], [-2.97319655299992, 6.19903662000007], [-2.97311623399986, 6.19920895100017], [-2.97301298799994, 6.19931816800005], [-2.9729097419999, 6.19942738600002], [-2.97261123599998, 6.19956505500016], [-2.97237020499995, 6.19959953200009], [-2.97223255099993, 6.19953064500015], [-2.97225565599996, 6.19936972000005], [-2.97230130399993, 6.19920922800014], [-2.97226706599986, 6.19903680600004], [-2.97212915299997, 6.19896792000003], [-2.97184226699994, 6.19896778100014], [-2.9715669069999, 6.19902528900008], [-2.97103907699994, 6.19908304500007], [-2.97051128999988, 6.19908294100009], [-2.97010984199989, 6.19922081900012], [-2.96992602499995, 6.199243545], [-2.96970805499996, 6.19919785900015], [-2.96968521499991, 6.19911752399997], [-2.96974252099994, 6.19897971900002], [-2.97020132599982, 6.19842833600018], [-2.97031623699991, 6.19815272500017], [-2.97031611799997, 6.19790010100007], [-2.97025873599995, 6.19779699200018], [-2.97015536499993, 6.19776241800014], [-2.96988007299996, 6.19776817600007], [-2.96977663299992, 6.19786576999996], [-2.96973085299987, 6.19806087600011], [-2.96969664699998, 6.19826764900012], [-2.96959326699994, 6.19845125900002], [-2.96940966699987, 6.19846296300011], [-2.96930638499992, 6.19838275400014], [-2.96922611799994, 6.19826784700012], [-2.96903079099997, 6.19778519300013], [-2.96889305599984, 6.19761332700017], [-2.96868604099996, 6.19750571500015], [-2.96852697799994, 6.19760784700003], [-2.96835488699998, 6.19800978400002], [-2.96796513399988, 6.19853831200004], [-2.96767698999986, 6.19850917500003], [-2.96753920599991, 6.19847472800012], [-2.96742447899993, 6.19841729300003], [-2.96721786799998, 6.198313875], [-2.96698854599993, 6.19816473500009], [-2.96682787499992, 6.198118491], [-2.96657188899997, 6.19806478400011], [-2.96626546499994, 6.19751469500017], [-2.96603070699996, 6.19674674900006], [-2.96555537799998, 6.19626191900005], [-2.96501239299994, 6.19574961200004], [-2.96497508099992, 6.19568051100009], [-2.9646763589999, 6.19512729700017], [-2.96449121999996, 6.19470929700003], [-2.96444239099992, 6.19447519800013], [-2.96424051799983, 6.19434351700016], [-2.96406264799992, 6.19418850200003], [-2.96378725599988, 6.19401611000012], [-2.96358065199996, 6.19383227000003], [-2.96344304699994, 6.1936600570001], [-2.96330544299991, 6.19348784400012], [-2.96291511599992, 6.19321238000009], [-2.96203138099992, 6.19284471600002], [-2.96113650399997, 6.192511878], [-2.9604823489999, 6.19228233400003], [-2.96008065799981, 6.19213279200011], [-2.95989693599995, 6.19204116800017], [-2.95982236899994, 6.1919779860001], [-2.95974780099988, 6.19191480199999], [-2.95965605499993, 6.19174259100004], [-2.95957579999987, 6.19147837800011], [-2.95956430299998, 6.19131189700011], [-2.95955280599992, 6.19114541700003], [-2.95948396299991, 6.19068605300004], [-2.95941495899996, 6.19004294500013], [-2.95936896299997, 6.18951461400019], [-2.95931145199995, 6.18877967800012], [-2.95921985599989, 6.18827441800005], [-2.95917393199994, 6.18798734800009], [-2.95909333399993, 6.18771142600002], [-2.9589557409999, 6.18742469400013], [-2.95888687999997, 6.18727530000018], [-2.95887549199983, 6.18709159800005], [-2.95882961399997, 6.18674701000015], [-2.95877195399987, 6.18634494900004], [-2.95672905099997, 6.17986821400018], [-2.95702733799993, 6.17855886300009], [-2.95719947799989, 6.17812237600015], [-2.95746345499987, 6.17774323900011], [-2.95757823899987, 6.17751361000001], [-2.95771578799997, 6.1771805730001], [-2.95776175599997, 6.17680155000011], [-2.95779615899988, 6.17635368600014], [-2.95779593299994, 6.1759173160001], [-2.95766972199988, 6.17535483800009], [-2.95760085099988, 6.17508481300007], [-2.95753197899995, 6.1748147890001], [-2.95747483299994, 6.17453946800015], [-2.95746328199994, 6.17424056100003], [-2.95748601399987, 6.17398802200017], [-2.95760072499996, 6.17358618700007], [-2.95778443599988, 6.17316119400016], [-2.95784166399983, 6.17293143300003], [-2.95791048599995, 6.17240319500007], [-2.95794501099994, 6.17205865500011], [-2.95812850999994, 6.17157614700017], [-2.95846144899997, 6.17107104700011], [-2.95854173499993, 6.17081829699998], [-2.95857596399992, 6.17039333800011], [-2.95859884499993, 6.16987663500009], [-2.95862184499981, 6.16947444800013], [-2.95870209599997, 6.16913008500012], [-2.95879388899994, 6.168865928], [-2.95888568299995, 6.16860177000018], [-2.95920705399993, 6.16802748500004], [-2.95955125499995, 6.16759122600007], [-2.95988238599983, 6.16727383800009], [-2.95979060399998, 6.16710179800009], [-2.95968724499994, 6.16698662700003], [-2.95967000699994, 6.16683161800012], [-2.95965276899994, 6.16667661000008], [-2.95956090899995, 6.16640107300009], [-2.95936598599991, 6.1660909580001], [-2.95933133099987, 6.16588426500016], [-2.95937724799995, 6.16564318000019], [-2.95938866099993, 6.16544785600018], [-2.95928565699995, 6.16520680100007], [-2.95928553699991, 6.16510347800011], [-2.95951510399982, 6.16517220500003], [-2.95966403099987, 6.16509192600006], [-2.95968713499991, 6.16501142100003], [-2.95967553899993, 6.16478174000014], [-2.95966403199998, 6.1644945430001], [-2.95959538799997, 6.1643912990001], [-2.95942328399997, 6.16437970499999], [-2.95922815499995, 6.16454091800011], [-2.9589870399999, 6.16471314900008], [-2.95879200399992, 6.16474744700008], [-2.9585167109999, 6.1646785420001], [-2.95844772999988, 6.16448334100005], [-2.95837896499995, 6.16427677400009], [-2.95825263899997, 6.16413878400004], [-2.95811508099996, 6.16408142800009], [-2.95793153299996, 6.16410448900012], [-2.95778230599996, 6.16417340200007], [-2.95752987899988, 6.16433413700014], [-2.95695603699983, 6.16452928700011], [-2.95606116999994, 6.16471304400017], [-2.95569389699995, 6.16478189600014], [-2.95555629799992, 6.16471334600016], [-2.95557936099993, 6.1646211310001], [-2.95562509899992, 6.16448354200014], [-2.95551026099992, 6.16432277799998], [-2.95551048399994, 6.16423099100012], [-2.95557914099993, 6.16418510400018], [-2.95568243099996, 6.16405866999997], [-2.95571676599997, 6.16395522000016], [-2.95567092099998, 6.16384052700016], [-2.9556021869999, 6.16379445500007], [-2.95539559199995, 6.16367949000005], [-2.95523485599995, 6.1635421420001], [-2.95461791399981, 6.16285663100012], [-2.95454219999993, 6.16277250100006], [-2.95417632999994, 6.16272844100018], [-2.95409349399995, 6.16271846500007], [-2.95389062199996, 6.1629489610001], [-2.95386280199995, 6.16326819700004], [-2.95416823999989, 6.16370966200009], [-2.95410768599987, 6.16396680300011], [-2.95392681199991, 6.16389823900016], [-2.95368602299988, 6.16377186000005], [-2.95346780199986, 6.16379470200019], [-2.95339922999995, 6.16386383600002], [-2.95336479799994, 6.16408180400015], [-2.9533074389999, 6.16428848999999], [-2.95322706599984, 6.16451816400019], [-2.95308935599991, 6.16472514500015], [-2.95285988699993, 6.16498911700018], [-2.95264195599992, 6.16516160600014], [-2.95244687599995, 6.16519590100006], [-2.95232063499998, 6.16508081300009], [-2.95224025199997, 6.1649316320001], [-2.95219444999992, 6.1648284740001], [-2.95201066199991, 6.16463317600011], [-2.95186166399992, 6.16454107400011], [-2.95173546799987, 6.16442650200008], [-2.95149431899989, 6.16443771700017], [-2.95144849899992, 6.16455291900013], [-2.95145992399989, 6.16473662200013], [-2.9514601059999, 6.16509257400008], [-2.95143714099987, 6.16551749299998], [-2.95136831699995, 6.16596531100009], [-2.95124221099991, 6.1662638630001], [-2.95103558399995, 6.16651673100006], [-2.95081761299997, 6.16661999200016], [-2.95058799599997, 6.16660843400012], [-2.95042755299994, 6.16655115900011], [-2.95037019699987, 6.16648799699999], [-2.94977145799993, 6.16560712100011], [-2.94956612399989, 6.1654598400001], [-2.94929053099992, 6.16540282300008], [-2.94897161499989, 6.16538948200014], [-2.94823591999995, 6.16542587800012], [-2.94775374499994, 6.1650928680001], [-2.94726034399997, 6.16477126600017], [-2.94680126999992, 6.16443834200015], [-2.94642260099994, 6.16402487700014], [-2.94611287999987, 6.16326691600005], [-2.94595794199995, 6.16301425000012], [-2.94580300399991, 6.16276158400012], [-2.94535556999995, 6.16221042900008], [-2.94494225599993, 6.16159043900012], [-2.94474722399997, 6.16117699000011], [-2.94462112399992, 6.16056817800001], [-2.94463246599997, 6.15990220900011], [-2.94470144499991, 6.15925910600009], [-2.94472417499992, 6.15869642000007], [-2.94470117899988, 6.1581335570001], [-2.94460938699984, 6.15772024800009], [-2.94451759399988, 6.15730693900014], [-2.94401264399994, 6.15607783600012], [-2.94374296099983, 6.15550364300015], [-2.94347327599996, 6.15492945000011], [-2.94296841799996, 6.15372393700011], [-2.94269296499988, 6.15322441699999], [-2.94241751199985, 6.15272489600017], [-2.94193563199997, 6.15148468300015], [-2.94156850199994, 6.15037062400006], [-2.94130438199994, 6.14973923500014], [-2.94090286499994, 6.14916482900003], [-2.94053582599986, 6.14876267700015], [-2.94005359899984, 6.14833804000011], [-2.93937684899987, 6.14800503400005], [-2.9386193709999, 6.14759155300004], [-2.93809150599992, 6.14717827200008], [-2.93788511499992, 6.14689108800007], [-2.93774744599989, 6.14673039900003], [-2.93751777699981, 6.14617930399999], [-2.93733415799989, 6.14542104500003], [-2.93702435599994, 6.14485852900003], [-2.93689247299994, 6.14470341600008], [-2.93676058899996, 6.14454830200003], [-2.93655415099994, 6.14431880700016], [-2.93601488499996, 6.14395119900013], [-2.93539509199996, 6.14330817600012], [-2.93502791399993, 6.14272227100003], [-2.93471798299987, 6.14219419400013], [-2.93437387699993, 6.14181520100016], [-2.93424760499994, 6.14168891200006], [-2.93297416599984, 6.14109164200005], [-2.93276737899987, 6.14062105300007], [-2.93256086799994, 6.13969066300001], [-2.93229698499994, 6.13873757700003], [-2.93218806499988, 6.13834145800007], [-2.93207914599992, 6.13794534000016], [-2.93187248399988, 6.13750884600006], [-2.93161996599997, 6.13679681100007], [-2.93140211799988, 6.13608482200004], [-2.93094298099982, 6.13525797900007], [-2.93063316199994, 6.13461486000006], [-2.93014002299998, 6.13366173600008], [-2.92943994199987, 6.13274310900005], [-2.92876314899985, 6.13200797100012], [-2.9281433569999, 6.13151423800002], [-2.92739762699995, 6.1309858250001], [-2.92677794899981, 6.13060712400011], [-2.92666894899992, 6.13049213600004], [-2.92655994899997, 6.13037714699999], [-2.92635350199987, 6.12999833900011], [-2.92616982299995, 6.12952748800012], [-2.92583703999992, 6.12891871600004], [-2.92551583199992, 6.12855116800017], [-2.92529796899993, 6.12828709199999], [-2.92503404199994, 6.12799993200008], [-2.92497653899989, 6.12770135400007], [-2.9251257819999, 6.12725358800014], [-2.92553879899998, 6.12696640900009], [-2.92594041999996, 6.12665636700018], [-2.92626172099989, 6.12643805700003], [-2.92645688399989, 6.12635779500016], [-2.92691565599995, 6.12586397200005], [-2.92754665599989, 6.12533543200004], [-2.92830406799987, 6.1248305470001], [-2.92900382099987, 6.12444004300011], [-2.92923336199993, 6.12427906300013], [-2.92935953899996, 6.12415272400006], [-2.92941684299984, 6.12408397900015], [-2.92949729199984, 6.123716366], [-2.92942829899988, 6.1234407340001], [-2.92929083999996, 6.12310783100003], [-2.92917609599982, 6.12274023200007], [-2.92909566399993, 6.12218910600012], [-2.92907263599994, 6.12175280900016], [-2.92906116299997, 6.12139654900017], [-2.92903832799988, 6.12109784700016], [-2.92896936699992, 6.12090280900003], [-2.92853353499993, 6.12027116000007], [-2.92809735099991, 6.11969720100006], [-2.92789084999987, 6.11914566600018], [-2.92758100799989, 6.11849100400002], [-2.92729439599998, 6.11808923300009], [-2.92667459499995, 6.11751507000008], [-2.92655426599987, 6.11738858300004], [-2.92643393799995, 6.11726209600016], [-2.92631902899996, 6.11714747200006], [-2.92625031099993, 6.11679141500002], [-2.9261813949999, 6.11607940200014], [-2.92614696499993, 6.11568912600018], [-2.92594058099996, 6.11524125800008], [-2.92575119399993, 6.11501160699999], [-2.92556180699989, 6.11478195400008], [-2.92481598299992, 6.11421908900013], [-2.92425389099998, 6.11377128800012], [-2.92388686599998, 6.11327732500001], [-2.92351970299995, 6.11259978600003], [-2.92330721099995, 6.11221537400019], [-2.92322129299987, 6.11205994200014], [-2.92283128099996, 6.11169246200006], [-2.92247552999982, 6.11143989700008], [-2.92229197599988, 6.11083110000004], [-2.92213124799991, 6.11030290300016], [-2.92208541299993, 6.10972857200011], [-2.92209699499995, 6.10918908200006], [-2.9222918779999, 6.10848852300012], [-2.92238946199996, 6.10817832400011], [-2.92248704599996, 6.10786812700013], [-2.92257883799994, 6.10760405800005], [-2.92260701299995, 6.10749545100003], [-2.92265923899993, 6.10729413700005], [-2.92263623499997, 6.10701833800005], [-2.92268197899995, 6.10665093600005], [-2.92280828799989, 6.10601924800017], [-2.92296851299994, 6.10575428200008], [-2.92307211299988, 6.10558295800013], [-2.92333611499987, 6.10512350400012], [-2.92342789299994, 6.10492832000017], [-2.92345082099996, 6.10479628200005], [-2.92347374799988, 6.10466424400016], [-2.92343923999988, 6.10425080500016], [-2.92335914899991, 6.10379146200006], [-2.92316409599994, 6.10305647500007], [-2.92328100999993, 6.09779217300007], [-2.92518875199994, 6.09309255799997], [-2.92554419399994, 6.09221693900008], [-2.92620747399997, 6.09058297100006], [-2.9267747859999, 6.08886057900003], [-2.92688728799988, 6.08851901500003], [-2.92698506499988, 6.08822215800006], [-2.92709543299998, 6.08788707200006], [-2.92718884799996, 6.08760345800005], [-2.92775671199996, 6.08587937700008], [-2.92787144299996, 6.08575303900011], [-2.92808962399988, 6.08532828000006], [-2.92833047699992, 6.08509872400009], [-2.92875496599987, 6.08496081800007], [-2.92889266399982, 6.08482281700009], [-2.92893862899996, 6.08466223900012], [-2.92896156199993, 6.0843750840001], [-2.92901910499995, 6.08391559400008], [-2.92905349799997, 6.0835252440001], [-2.92915669099989, 6.08321524200005], [-2.92928285899995, 6.08285900600004], [-2.92933447499996, 6.08274162400011], [-2.92969605099995, 6.08262943800008], [-2.93022376199997, 6.08248014200012], [-2.9306137179999, 6.0823079160001], [-2.93094656499994, 6.08208982800016], [-2.93113018199995, 6.08179107800015], [-2.93130219099987, 6.08146946400018], [-2.93140541199989, 6.08135461800009], [-2.9315086339999, 6.08123977300011], [-2.93173832699989, 6.08111358300016], [-2.9322086389999, 6.08109063400008], [-2.93288550799997, 6.08117121800018], [-2.93363123399985, 6.08125146800006], [-2.93435392899994, 6.08144666400005], [-2.93465236699996, 6.08146961900013], [-2.93504250199982, 6.08149276200015], [-2.93539815899993, 6.08142398200016], [-2.93558170899985, 6.08125163200009], [-2.93571936399997, 6.08110234999998], [-2.93576531099995, 6.08102176400007], [-2.93590282899993, 6.08091846300016], [-2.93605198799992, 6.0809071650001], [-2.93632745299982, 6.08096464200014], [-2.93656829299994, 6.08103343900007], [-2.93667169099996, 6.08101050900012], [-2.93675196399994, 6.08090715400004], [-2.93669461999991, 6.08072326700017], [-2.93664875099995, 6.08059703100002], [-2.93662567899997, 6.08045934600011], [-2.93667166599988, 6.08039029700018], [-2.93677480599996, 6.08036728200011], [-2.93695837199988, 6.08035586100016], [-2.93707329799997, 6.08032135200006], [-2.93717636899987, 6.08019501100017], [-2.93731408899993, 6.07991958600019], [-2.93758944299998, 6.07986211500014], [-2.93777300699998, 6.07985043500008], [-2.93825488699997, 6.07982769700016], [-2.94039753999994, 6.08003525900011], [-2.94072420599997, 6.07994481700007], [-2.94088046699994, 6.07973469400002], [-2.94106983399996, 6.07948005500015], [-2.94121493499989, 6.07928493700018], [-2.94130246899994, 6.07916723200015], [-2.94158204699983, 6.07917298600006], [-2.94193903399997, 6.07913487000013], [-2.94217486999992, 6.07921278200018], [-2.94230108799997, 6.07915953500009], [-2.94245888499989, 6.07909296400004], [-2.94275993999992, 6.07896595799997], [-2.9429755509999, 6.07887499800012], [-2.94314216599986, 6.07880470800012], [-2.94327822299994, 6.07868215600013], [-2.94372751899988, 6.07827745500015], [-2.94398012199991, 6.0780362810001], [-2.94443071799998, 6.0778841290001], [-2.94483380299994, 6.07774801900018], [-2.94561063399982, 6.07772013700003], [-2.94605734999993, 6.07770410300014], [-2.94655065299997, 6.07768639500006], [-2.94733624999986, 6.07765819600013], [-2.94797673799991, 6.07741936500003], [-2.94832919699996, 6.07728793700016], [-2.94881015099998, 6.07697965200015], [-2.94929585799991, 6.07653239300015], [-2.94961566199981, 6.07611772800004], [-2.94982848399991, 6.07584177800015], [-2.94999317999998, 6.07562823100011], [-2.94996848499994, 6.0754989670001], [-2.94991769999996, 6.07523312400002], [-2.94985892599993, 6.07492547000015], [-2.94982892399997, 6.07476841900007], [-2.94979892099997, 6.07461136800009], [-2.94974632899988, 6.07433607300015], [-2.94917742099994, 6.07328752000018], [-2.94991151399995, 6.07120635699999], [-2.94997660999991, 6.07102180500004], [-2.9476318909999, 6.07006046000015], [-2.94712820199987, 6.06972693600011], [-2.94679102299995, 6.0695036680001], [-2.94645398499995, 6.06928049300018], [-2.94617522999988, 6.0690959100001], [-2.94516824099998, 6.06852469000012], [-2.94504266099989, 6.06845345400006], [-2.94495489999991, 6.0681393970001], [-2.94466887799996, 6.06711584000004], [-2.94404917599985, 6.06619587800014], [-2.94282170999998, 6.06488650300008], [-2.94269556899985, 6.06474867200012], [-2.94244301599991, 6.06455334500004], [-2.94190381999988, 6.06433511000017], [-2.94153214699998, 6.064182808], [-2.9412804669999, 6.06407967500013], [-2.93997648899995, 6.06270430800009], [-2.93969324999995, 6.06257307300012], [-2.93921948999991, 6.06207268500015], [-2.93909459499997, 6.06168108500009], [-2.93892949399998, 6.06143508500014], [-2.93862273499991, 6.06122264300012], [-2.93769357699995, 6.06085537200005], [-2.93700528799997, 6.06057954100004], [-2.9368447569999, 6.06048781100009], [-2.93669236199997, 6.06031297100003], [-2.93614353399988, 6.05968331800005], [-2.93541052799998, 6.05889121300015], [-2.93506639999993, 6.05878773800004], [-2.93460760599987, 6.05873039300019], [-2.93417149999993, 6.05854656500009], [-2.93394634199996, 6.0583911600001], [-2.93369537199993, 6.058291704], [-2.93352715999993, 6.05822504400004], [-2.93313788099988, 6.05807077700013], [-2.93280840299997, 6.05827658100009], [-2.93224832999982, 6.05862641900012], [-2.93169346999991, 6.05909785800009], [-2.93144625899987, 6.05912741800006], [-2.93114804899989, 6.05933114300012], [-2.93039694499993, 6.05984426800006], [-2.92935037299992, 6.06042974900009], [-2.92870908499998, 6.06093865600019], [-2.92836632199987, 6.06121066200012], [-2.92798197799993, 6.06145191800005], [-2.92759763299995, 6.06169317299998], [-2.92719361099984, 6.06192253400008], [-2.92669752499989, 6.06197850700016], [-2.92650892799992, 6.06199978700016], [-2.92578806999995, 6.06195654200019], [-2.92552103799989, 6.06166990000014], [-2.92531456699987, 6.06118741200015], [-2.92518829799991, 6.0607511340001], [-2.9250852749999, 6.06041810100004], [-2.92485579899994, 6.06013098000017], [-2.92455757799996, 6.05993554600013], [-2.92419044799993, 6.05979770400012], [-2.92392639999997, 6.05969445300002], [-2.92358235699993, 6.05938431700008], [-2.92308898599993, 6.05889044500009], [-2.92274506599989, 6.05861475000012], [-2.92257294399997, 6.05843100900012], [-2.92243507899991, 6.05813228200014], [-2.92222871799993, 6.05776482600015], [-2.92209679899992, 6.05762700800011], [-2.92196487899992, 6.05748919100017], [-2.92096685699994, 6.05680000800004], [-2.92031305499995, 6.0563865200001], [-2.91977371099989, 6.05611099700013], [-2.91919999799995, 6.05585815400013], [-2.9188215929999, 6.05555941500018], [-2.91823637099998, 6.05484758300008], [-2.91791533999998, 6.05435352500007], [-2.91765135899988, 6.05396319400018], [-2.91721567299982, 6.05326237000008], [-2.91692880699998, 6.05269965000008], [-2.91679122499994, 6.05232075400016], [-2.91658456799991, 6.05195303700003], [-2.91644709199988, 6.05167746800004], [-2.91634376099995, 6.05141331600004], [-2.91625203899991, 6.05116066200009], [-2.91622903399997, 6.05095408900013], [-2.91586219399983, 6.05050599800012], [-2.91540317299996, 6.05013839600008], [-2.91492145999996, 6.04989736300013], [-2.91439367299989, 6.0497019550001], [-2.91383142699993, 6.0495641870001], [-2.9136766449999, 6.04946071700004], [-2.9135218639999, 6.04935724600011], [-2.91324645899994, 6.04892097100014], [-2.91250088099997, 6.04800192000005], [-2.91192741099997, 6.04749668799997], [-2.91149143299992, 6.04718660499998], [-2.91127334399994, 6.04700276100004], [-2.91112428599996, 6.04679602900018], [-2.91083763299991, 6.04629064800002], [-2.91065398599994, 6.04604369600003], [-2.91047033899991, 6.04579674400003], [-2.91013781799995, 6.04539485100008], [-2.90983944899995, 6.04515368300002], [-2.90940364599993, 6.04465976000012], [-2.90928941499993, 6.04444912700018], [-2.90918690499996, 6.04425703599998], [-2.90894483799991, 6.04379815900012], [-2.90870387899997, 6.04322390200014], [-2.90860644099996, 6.04298276000009], [-2.90829121699994, 6.0415873980001]]]]}, "properties": {"REGION": "Western North", "DISTRICT": "Suaman"}}]}