{"type": "FeatureCollection", "features": [{"type": "Feature", "geometry": {"type": "MultiPolygon", "coordinates": [[[[0.194065312000077, 10.402674861], [0.194052845000044, 10.4023778180001], [0.194040579000045, 10.402080245], [0.194013904000087, 10.4016532060002], [0.194026162000057, 10.4015691180001], [0.194038507000073, 10.4014844340001], [0.194140012000048, 10.401451163], [0.194254755000031, 10.4014960360001], [0.19433718, 10.401563632], [0.194407206000108, 10.4016210350001], [0.194501965000029, 10.401690108], [0.194620081000039, 10.401754274], [0.194725459000097, 10.401811513], [0.194824868000012, 10.4018655410001], [0.194924533, 10.40191979], [0.195185705000142, 10.402057258], [0.19526943700015, 10.4020785630001], [0.195377839000059, 10.402106055], [0.195479383000077, 10.402131861], [0.195561246000011, 10.402152669], [0.195650493000073, 10.402170153], [0.195768332000114, 10.402169713], [0.195936289000088, 10.4021434580001], [0.196020642, 10.4020291930001], [0.19609165300011, 10.4019332220001], [0.196166941000172, 10.4018335590001], [0.196203666999963, 10.4017345890001], [0.196246835000181, 10.401555783], [0.196209210000177, 10.4014717260001], [0.19615982800002, 10.401361432], [0.196124787000031, 10.401283167], [0.196083125000143, 10.4011901850001], [0.195987352000145, 10.4011156010002], [0.195919714000013, 10.4010629130001], [0.195802143000151, 10.400998966], [0.195646741000076, 10.4009905750002], [0.195542201000137, 10.4009850050001], [0.195435835000069, 10.4009792830001], [0.195332196000095, 10.401042375], [0.19526449500006, 10.4010995930001], [0.195121617000154, 10.4011001260001], [0.194999167000162, 10.4011005820001], [0.194950985000105, 10.4009938660001], [0.194926814000098, 10.4008859200001], [0.194979167000099, 10.4007377020001], [0.195053758000142, 10.4005262910001], [0.195151108, 10.4004012640002], [0.195245607000118, 10.4003092960002], [0.19533283100003, 10.400224393], [0.195401839000056, 10.4001571830001], [0.195497137000132, 10.4000818230001], [0.195647050000048, 10.3999688810002], [0.196302881, 10.399679839], [0.196549685000036, 10.399433658], [0.196791495000127, 10.3989725490001], [0.197033303000069, 10.3985114400001], [0.197071686000129, 10.3983569750002], [0.197185297000033, 10.398221521], [0.197340011000051, 10.397915057], [0.197358918000077, 10.397763422], [0.197328814000116, 10.3975334310001], [0.197298710999974, 10.3973034400001], [0.197254655000108, 10.3970760340002], [0.19720761200017, 10.396817815], [0.197220354000024, 10.3966368520001], [0.197230921000084, 10.3964878930001], [0.197255364000057, 10.396154463], [0.197312947000114, 10.3959255230001], [0.197361166000121, 10.3957958240001], [0.197409384000025, 10.3956661250001], [0.197964170000091, 10.3944294870001], [0.197904844000163, 10.3942009830001], [0.197624665000149, 10.3940876660002], [0.197344487000066, 10.3939743490001], [0.197246549000113, 10.3938396840001], [0.197245458000111, 10.3935530930001], [0.197379741000134, 10.3929986900001], [0.197379153999975, 10.3928443710001], [0.197876028000053, 10.3917512480001], [0.198010740000029, 10.3913098290001], [0.198009795000019, 10.391061817], [0.198188685000105, 10.3905265380001], [0.198374149000188, 10.3902557830001], [0.198545633000151, 10.389968547], [0.198661448000053, 10.389681519], [0.19881571500008, 10.389259316], [0.198813384000175, 10.3886475530001], [0.19871392500005, 10.3881133130001], [0.198615917000097, 10.3879593580001], [0.198368254000115, 10.3872465490002], [0.19822928200017, 10.3869342930001], [0.198090310000055, 10.3866220360001], [0.19789601400015, 10.3863809550002], [0.197762159000149, 10.386335288], [0.197638111000174, 10.3862875250001], [0.197228673000041, 10.3862174030001], [0.196542784999963, 10.3866470990001], [0.195849321000139, 10.3872807440001], [0.195696524000027, 10.3873584740001], [0.19536822200007, 10.3873982770001], [0.195172647000106, 10.387206105], [0.19505487400005, 10.3869778170002], [0.195034667000073, 10.386787747], [0.195284611000147, 10.3859049820001], [0.195303374, 10.3857147670001], [0.195243895000146, 10.385444926], [0.194996635000109, 10.385201964], [0.194749374000025, 10.3849590020002], [0.194273325000154, 10.384205702], [0.194117160000076, 10.384129123], [0.193964145000166, 10.3841489820001], [0.19380856500004, 10.3842267210001], [0.19363379400005, 10.3843816910001], [0.193382163000138, 10.3848207880001], [0.19340530900007, 10.3850521840001], [0.193584145000159, 10.3859691780001], [0.193526279000139, 10.3861237150002], [0.193448624000041, 10.386198408], [0.193292897000049, 10.386237567], [0.192978294, 10.386219446], [0.192390328000045, 10.38604802], [0.192134690000046, 10.3861647090002], [0.192018296000185, 10.3863001730001], [0.191902403000086, 10.3865679090002], [0.191838690000054, 10.3873838440001], [0.191772639000021, 10.387582502], [0.191695286000083, 10.38773711], [0.191504093000162, 10.387966545], [0.191348584000025, 10.3880635730001], [0.190883891000169, 10.3881038780002], [0.190730654000049, 10.388065866], [0.190498760000025, 10.387838], [0.190263573000038, 10.3874751150001], [0.190243505000126, 10.3873208680002], [0.190281682000034, 10.3871112910002], [0.190359035000085, 10.3869566830002], [0.190416622000157, 10.3867277430001], [0.190416038000137, 10.3865734240002], [0.19035701200005, 10.3864220780001], [0.190162452000095, 10.3864972040001], [0.190009872000076, 10.3866328000001], [0.189836016000072, 10.3866623800001], [0.189734154000178, 10.3865924860002], [0.189640216000043, 10.3860416870002], [0.189678601000139, 10.385887224], [0.189663558, 10.3857736050002], [0.189445210000088, 10.3852625360001], [0.189444251000111, 10.3850090120001], [0.189635226000178, 10.384721707], [0.189904126000044, 10.3844313590001], [0.189806205000025, 10.3842994460001], [0.189251729000148, 10.384149934], [0.188879393000093, 10.3843221690001], [0.18878247300006, 10.3844548030001], [0.188727387000085, 10.384609328], [0.188610919000041, 10.3847255010001], [0.188068793000127, 10.384898363], [0.187606960000039, 10.3849579420001], [0.187450868999974, 10.384900649], [0.187258240000119, 10.3847497950002], [0.187168358000179, 10.3845351800001], [0.187333504000151, 10.3840412920001], [0.187505422000186, 10.3838670440001], [0.187708238000084, 10.3837670880001], [0.18837591900018, 10.383673678], [0.188528790000078, 10.3836152420002], [0.188683934000153, 10.3834217670001], [0.188741886000173, 10.383289276], [0.188740730000063, 10.3829833930001], [0.188518385000066, 10.3823338620001], [0.188638035000167, 10.381586614], [0.188695904000099, 10.3814320790001], [0.188576983000075, 10.3808979050002], [0.188518276000138, 10.3808306070001], [0.188459569000145, 10.3807633080001], [0.188010432, 10.3804976630001], [0.187840645000108, 10.3804982910002], [0.187630406000039, 10.380843536], [0.187707293000074, 10.3813034610001], [0.187555214000042, 10.38157133], [0.187324263000164, 10.3815914730002], [0.187053659000185, 10.3814298850001], [0.186639865000018, 10.3809408920001], [0.186307518000149, 10.3806445000001], [0.186081314000091, 10.3804469210002], [0.185869485000069, 10.380370543], [0.18571375900018, 10.3804096980002], [0.185252585000171, 10.380642883], [0.185116623000113, 10.380756369], [0.185097721000147, 10.3809107610002], [0.185117557000012, 10.3810043830001], [0.185369942000023, 10.3815022410001], [0.185370450000107, 10.381637271], [0.185218442000121, 10.381924429], [0.18508247900013, 10.3820379160001], [0.184926898000128, 10.382115651], [0.18424318100017, 10.3823854790002], [0.18392395800015, 10.382618139], [0.18381040800017, 10.3827701240001], [0.183604983000123, 10.3829169350001], [0.183389065000028, 10.382863994], [0.183173147000105, 10.3828110520001], [0.182919358000163, 10.3826797110002], [0.182589971000141, 10.382430152], [0.182530950000171, 10.3822788030002], [0.182548902000065, 10.381870887], [0.182820331000187, 10.3815116410001], [0.183050568000169, 10.3813013560001], [0.18308895600012, 10.3811468930002], [0.183068902000059, 10.3809954010001], [0.182854072000055, 10.3808611600001], [0.182597998000176, 10.380862103], [0.182083780000085, 10.3810541430001], [0.181791450000048, 10.3810359280001], [0.181560147000027, 10.3809623740001], [0.181309712000029, 10.3809825850001], [0.181000173000086, 10.3808294020001], [0.180899599000099, 10.3807305640001], [0.180861419000109, 10.3801988460002], [0.180955676, 10.379355241], [0.180915923000043, 10.3791459500001], [0.180819178000093, 10.3789547820001], [0.180722432000096, 10.3787636130002], [0.18048798600006, 10.378593618], [0.180334610000159, 10.3785170210002], [0.179471489000036, 10.3784485410002], [0.179251797000177, 10.3785017070001], [0.179096309000101, 10.3786042400002], [0.179097505000186, 10.3789239030001], [0.179176008000013, 10.3790751810001], [0.17932289200013, 10.3796478370001], [0.179391562000092, 10.3801463750002], [0.179508971000132, 10.380280976], [0.179587835000063, 10.3805287030002], [0.179573648000087, 10.3806424300001], [0.179432821000034, 10.380758], [0.179279588000099, 10.3807199820001], [0.179123717000039, 10.3807205540002], [0.178989968999986, 10.3806824650001], [0.178706586000089, 10.380824048], [0.178551731000141, 10.3810960580001], [0.178396876000022, 10.3813680670002], [0.178146336999987, 10.3813607190001], [0.177830913000037, 10.381122125], [0.177178451000032, 10.3800745770001], [0.17682748500016, 10.379634942], [0.176476520000165, 10.3791953080001], [0.176138842000114, 10.3789595500001], [0.175981313000136, 10.378888477], [0.175839190000147, 10.3788119560002], [0.175758791000021, 10.378739266], [0.17563699800013, 10.378739712], [0.175444765000123, 10.378759454], [0.174938955000187, 10.3789199660002], [0.17478517100011, 10.378936395], [0.174631078000061, 10.37887032], [0.174560070000041, 10.378737304], [0.174353714000176, 10.3784080420001], [0.174141682000027, 10.3782755410001], [0.173901425000167, 10.3782471060001], [0.17367353000003, 10.378220134], [0.173532601000034, 10.378246034], [0.173333981000098, 10.3782721450002], [0.172930331000089, 10.378324391], [0.172699849000026, 10.3784013900001], [0.172437364000075, 10.3784911990002], [0.172184292000111, 10.3785909320001], [0.171847881000076, 10.378509507], [0.171711135000123, 10.3784135550001], [0.171674387999985, 10.3782621220001], [0.171615720000148, 10.3782044650001], [0.171556623000129, 10.378031068], [0.171207089000177, 10.3775996890001], [0.171206208000172, 10.377362697], [0.171108153000148, 10.377192198], [0.170953281000095, 10.377086666], [0.170759871000087, 10.3770970160002], [0.169987510000055, 10.377482879], [0.169834496000021, 10.3775027260002], [0.169678554000086, 10.3774840040001], [0.169466371000169, 10.3773111630001], [0.169329422000146, 10.377160095], [0.169220205000045, 10.376981368], [0.169155000000103, 10.376661938], [0.169230121000169, 10.3762786140001], [0.169305243000167, 10.37589529], [0.169209124000133, 10.375496056], [0.1692085520001, 10.3753417350002], [0.169321248000188, 10.374958275], [0.169340169000066, 10.3748066390001], [0.169320399000185, 10.3747295490001], [0.169186009999976, 10.374517845], [0.168969707000144, 10.3739840150001], [0.168855088000157, 10.3738493990002], [0.168468128000086, 10.3738315160002], [0.168359372000168, 10.3737767960001], [0.168333540000162, 10.3735660750002], [0.168307708000157, 10.3733553530001], [0.168343391000178, 10.3732201910001], [0.168266361000178, 10.3727134110001], [0.168079191000174, 10.3725294550002], [0.167962291000094, 10.3725298800001], [0.167906838000022, 10.372587953], [0.167829466, 10.372739801], [0.167733468000051, 10.3731232000002], [0.167616996000049, 10.3732393650001], [0.167464197000072, 10.3733170820001], [0.167077095000025, 10.3732606170001], [0.166940424000188, 10.3731839510002], [0.166767152000034, 10.3729944330001], [0.166588649000118, 10.3728958730001], [0.166017765000106, 10.3728180280002], [0.165811980000058, 10.3728683780001], [0.164802245000089, 10.373474449], [0.16448168300002, 10.3736668590001], [0.164178662000097, 10.3737671640002], [0.163779170999987, 10.3741241050001], [0.163289979000012, 10.374310512], [0.163134109000111, 10.3743110760001], [0.162978098000053, 10.3742730590002], [0.16268395600008, 10.374090443], [0.16254689200008, 10.3739563290001], [0.162405828000146, 10.3738204280002], [0.162243387000103, 10.3735481960002], [0.16198638100002, 10.3732955940001], [0.161857360000056, 10.3731799360001], [0.161478123000052, 10.372839974], [0.160992051000164, 10.372362227], [0.160830193999971, 10.372248447], [0.160668338000107, 10.3721346670002], [0.160481518000097, 10.372044401], [0.160205965000102, 10.372045396], [0.159927965, 10.3721373400002], [0.15972309100016, 10.3724357020001], [0.159446520000074, 10.372916203], [0.159010717000172, 10.3732401990002], [0.15845732300005, 10.3733772270002], [0.158156050000059, 10.373196432], [0.157981457000119, 10.3730248250001], [0.157801884000094, 10.372845737], [0.157655386000044, 10.3725842760002], [0.157494715000155, 10.3723638150001], [0.157367445000091, 10.3721934160002], [0.157366686000103, 10.3719867360001], [0.157571835000113, 10.37176278], [0.157617805000029, 10.3713960980001], [0.157407880000164, 10.3710771840002], [0.157084343000122, 10.3708964680001], [0.156900136000047, 10.370759342], [0.156529951000095, 10.3707606740001], [0.156454436000161, 10.3706785350001], [0.156320359000119, 10.370532699], [0.156244082000114, 10.3703214770001], [0.156205070000112, 10.3702134440001], [0.156203897000125, 10.3698937790001], [0.156433226000161, 10.3694327410001], [0.156754688000092, 10.369048532], [0.156845284000156, 10.3687064910001], [0.156822638000051, 10.368603231], [0.156799991000014, 10.368499971], [0.156682424000167, 10.3683185130001], [0.156475195000155, 10.3679747870001], [0.156287206000172, 10.3675648530001], [0.156307794999975, 10.367107321], [0.156214772, 10.366787986], [0.15609686300013, 10.366492249], [0.155959137000082, 10.3661468100001], [0.155797038000117, 10.3659655110001], [0.155564680000055, 10.365599829], [0.155527794000022, 10.3650281380001], [0.155490907000058, 10.3644564480001], [0.155580666000162, 10.3638856810002], [0.155835213000159, 10.3634714], [0.156103902000098, 10.3632703660001], [0.156201607000071, 10.3631972620001], [0.156619099000181, 10.363195762], [0.157195239000032, 10.3631936900002], [0.157448392000106, 10.3631583320001], [0.157736473000057, 10.363112654], [0.1578004160001, 10.362933331], [0.157722239000122, 10.3627545180001], [0.157590624000022, 10.362621645], [0.157373058000132, 10.362349785], [0.15678910000014, 10.3617373480001], [0.15661137800015, 10.3614692980001], [0.156433655000114, 10.36120125], [0.156262441000138, 10.3608105450001], [0.15622475300006, 10.3604000700001], [0.156302130000142, 10.3602482250001], [0.156455067000081, 10.3602090940001], [0.156822457000146, 10.3602077740001], [0.157348402000025, 10.3601810810001], [0.158553046000065, 10.359281121], [0.158718624000073, 10.3592736360002], [0.15890618100002, 10.3592634300001], [0.159072353000113, 10.3593297630001], [0.159376284000132, 10.3593861180001], [0.159577818000116, 10.359423486], [0.159968807000041, 10.359028003], [0.160012670000185, 10.3588459640002], [0.159833458000094, 10.3585517430001], [0.159702171000163, 10.3584226940001], [0.15913665700009, 10.3582841870002], [0.158827160000158, 10.358133734], [0.158554403000096, 10.3581347160001], [0.158479539000098, 10.358212147], [0.158421511000086, 10.35832672], [0.158363483000073, 10.358441294], [0.158094348000134, 10.3586709910002], [0.157938628000181, 10.3587101320001], [0.157707478000077, 10.3586723830001], [0.157216929000072, 10.3584839980001], [0.156246796000175, 10.3585383330002], [0.156081084000164, 10.3584109180001], [0.155883680000159, 10.358168657], [0.155820405000156, 10.357910304], [0.15591953500018, 10.3573753990001], [0.155987255000127, 10.357110531], [0.156224065000174, 10.356794144], [0.156336873999976, 10.356643428], [0.15646087500005, 10.3564777570001], [0.156635724000012, 10.3563420960001], [0.157034759999988, 10.3558639130001], [0.157103833000122, 10.355562112], [0.157152431000043, 10.355349771], [0.157126123000182, 10.3552219410001], [0.157037447000164, 10.3550785090001], [0.156582742000069, 10.355019215], [0.15619524300007, 10.355046192], [0.155988807000085, 10.355123688], [0.155741428000113, 10.355344962], [0.15537217900004, 10.355597063], [0.155165167000121, 10.355690124], [0.154958155000031, 10.3557831860001], [0.154646807000063, 10.3558862650002], [0.154335460000141, 10.3559893460001], [0.15392059800007, 10.355946741], [0.15354942200014, 10.3556724940001], [0.15306422600014, 10.3554234560002], [0.152719107000053, 10.3554246910002], [0.152393641000117, 10.355472705], [0.152029531000039, 10.3556674450002], [0.151743645000181, 10.3558250150001], [0.15137369700011, 10.355886965], [0.151137802000051, 10.3560018920001], [0.150007045000052, 10.3565564310002], [0.149929016000044, 10.356604497], [0.149349168000015, 10.356731956], [0.148844716000042, 10.3567912190001], [0.148648589000061, 10.3568142600001], [0.148377851000077, 10.356810721], [0.148322949000146, 10.3567275730001], [0.148013337000066, 10.3564254580001], [0.147780963000059, 10.35601278], [0.147640639000144, 10.3556936100001], [0.147364268000103, 10.355465865], [0.14717779200015, 10.3554665290001], [0.146877294000149, 10.3554924030001], [0.14669418200009, 10.3556528900001], [0.146485349000159, 10.3556288320001], [0.146348231000161, 10.3554253920001], [0.146091174000105, 10.3551507290001], [0.145929336000052, 10.3550383180001], [0.145698239000012, 10.355014338], [0.145466402000125, 10.3547864330001], [0.145259613000178, 10.3545584390001], [0.144936135000023, 10.3543873530001], [0.144612658000028, 10.354216267], [0.144469624000067, 10.3539163940001], [0.144367847000069, 10.3527124780002], [0.144383164000033, 10.351563261], [0.144122480000135, 10.351054367], [0.143891056000143, 10.350939446], [0.143664141000102, 10.3505323960001], [0.143644099000085, 10.3503781430001], [0.14368195600008, 10.3500721170001], [0.14383573900011, 10.3494983670001], [0.143834770000126, 10.3492310590001], [0.143677246000038, 10.3487714020001], [0.143406381000091, 10.3485243430001], [0.143250384000112, 10.3484863150002], [0.143097379000153, 10.3485061490001], [0.142700284000057, 10.3487555780002], [0.142575739000108, 10.3489489250001], [0.14244248600005, 10.3490430940001], [0.142286838000132, 10.349101518], [0.141899558000034, 10.3489871480002], [0.141371390000074, 10.34877958], [0.139597344000151, 10.348077622], [0.139441348000048, 10.3480395930002], [0.139213543000096, 10.3480667250001], [0.138940587000093, 10.3480992350001], [0.13840090900004, 10.3489444140001], [0.138073040000165, 10.3490971410001], [0.137455174000024, 10.3490993230001], [0.136989977000155, 10.348987978], [0.136602421000077, 10.3487964400002], [0.13620912000016, 10.3485553180001], [0.136080242000105, 10.3483187740001], [0.136021320000054, 10.3481867040002], [0.136020031000044, 10.3478284550001], [0.136356405000129, 10.3469454160002], [0.136363912000149, 10.346711147], [0.136324670000079, 10.3466341230001], [0.136171121000075, 10.3465023860001], [0.135742555000149, 10.3465149200001], [0.135128210000062, 10.3467210130001], [0.134270499000024, 10.3473606230001], [0.133932566000055, 10.3478110070001], [0.133816424000031, 10.3480208560001], [0.133778013000153, 10.348175315], [0.133626106000122, 10.348501034], [0.133318617000157, 10.3489044620001], [0.132389647000025, 10.3490785880001], [0.132236987, 10.3491948680001], [0.13204291400001, 10.3494049900001], [0.131890186000021, 10.3495019800001], [0.131659180999975, 10.3495027920002], [0.13142485000003, 10.3493520460001], [0.131153914000038, 10.3490829290001], [0.130844438000167, 10.3489324470002], [0.130536047000135, 10.349085098], [0.130380326000136, 10.3491242260001], [0.130032428000106, 10.349125446], [0.129878257999962, 10.3488200930001], [0.12989418900014, 10.348605085], [0.13026347400006, 10.3483585240002], [0.130416421000177, 10.348322162], [0.130513418000135, 10.348206078], [0.130551830000115, 10.3480516190001], [0.130453048000106, 10.347668909], [0.130276348000052, 10.3472892290001], [0.130421571000113, 10.347039319], [0.130598562000102, 10.3468138600001], [0.13094759400002, 10.3463692440001], [0.131047657000181, 10.3462417800002], [0.131127179000032, 10.346140479], [0.130990215000054, 10.3460418200002], [0.130667868000103, 10.345809623], [0.130136722000032, 10.345603171], [0.12967221100007, 10.3456819610001], [0.129595812000048, 10.34572081], [0.129519413000025, 10.3457596590002], [0.128722882000147, 10.3463880170001], [0.128283920000058, 10.346607262], [0.128129518000094, 10.3466257150001], [0.127974611000127, 10.3466378150002], [0.127823899000077, 10.3466495860002], [0.127580276000117, 10.3466686140001], [0.127082266000116, 10.3466295960001], [0.126757839000163, 10.3467328480002], [0.126522667000074, 10.3467512150002], [0.126405676000104, 10.3467240660001], [0.126168478000181, 10.3465485230001], [0.126050131000056, 10.3461410780002], [0.125931071000139, 10.3459237860002], [0.12581201100005, 10.345706493], [0.125930537000102, 10.3453836510001], [0.126222563000113, 10.3453247580002], [0.126607061000129, 10.3454419140001], [0.126754567999967, 10.345441398], [0.127104410000186, 10.3452059320001], [0.127103998000109, 10.3450901890002], [0.126971380000157, 10.3449735310002], [0.126838762000034, 10.3448568730001], [0.12625099700017, 10.34471287], [0.125667272000101, 10.344921596], [0.125491521000185, 10.344806465], [0.125390699000036, 10.3446304460001], [0.125317601, 10.3444240160001], [0.125159841000141, 10.343889941], [0.125120063, 10.3436613480002], [0.12509860900002, 10.343107506], [0.124944712000172, 10.3428765560001], [0.124788582000065, 10.3427999390001], [0.124326375000066, 10.3427436800001], [0.124189727000157, 10.3426669930001], [0.123801715000184, 10.3423431610001], [0.123648447000107, 10.3422885800001], [0.123027809000121, 10.3422907420001], [0.122615543000109, 10.3421902140001], [0.121859309000058, 10.3416279060002], [0.121593133000033, 10.341127275], [0.121536658000082, 10.3408987400001], [0.121281830000157, 10.3404586970001], [0.121105663000037, 10.3402250660001], [0.120662209000102, 10.3399620500002], [0.120113614000104, 10.3398730140001], [0.119849276000082, 10.3398904680001], [0.119232030000035, 10.3400634710001], [0.119078959000035, 10.3400640030002], [0.118807878000098, 10.3401421060001], [0.118536797000104, 10.3402202090001], [0.118383989000108, 10.340295146], [0.118228612000109, 10.34043072], [0.118092980000085, 10.340640632], [0.118075321000163, 10.34115603], [0.117842873000086, 10.3415343810001], [0.117724903000124, 10.3416229760001], [0.117606931000125, 10.3417115710001], [0.117256354000119, 10.3417403440001], [0.116930522000189, 10.3416836010001], [0.116665813000054, 10.3415963330002], [0.116401415000041, 10.3415972480001], [0.116271221999966, 10.341771315], [0.116082626000036, 10.3415639050001], [0.115894029000117, 10.3413564940001], [0.115717953000114, 10.341147662], [0.115564609000046, 10.341071029], [0.115177550000112, 10.3410144970001], [0.114868622000131, 10.341015565], [0.114559160000113, 10.340865065], [0.114352636000035, 10.340703186], [0.114033641000049, 10.3402165090002], [0.113647049, 10.3402922520002], [0.112868861000095, 10.340603591], [0.112524480000161, 10.3400205460001], [0.113021795000179, 10.3397735620001], [0.112889184000096, 10.3392614380001], [0.11257979300018, 10.339130227], [0.112445796000031, 10.3390149450001], [0.112327760000028, 10.3386901660001], [0.112559777000115, 10.338187807], [0.112862495000115, 10.3380048790002], [0.11302017200012, 10.3377315090001], [0.112910574000125, 10.3374315030001], [0.112631237000187, 10.337140351], [0.112259674000086, 10.337321178], [0.112031853000133, 10.336853057], [0.11179601200007, 10.3354759620001], [0.111793328000033, 10.3347126100002], [0.111686109000118, 10.3342968510001], [0.11144348800002, 10.3341571410001], [0.111267079000129, 10.3338518530001], [0.11149706700013, 10.3335644550001], [0.111554166000133, 10.3331812000001], [0.111474622000117, 10.3327212530002], [0.111373735000029, 10.3325231810001], [0.110998681000126, 10.3327118690001], [0.110586430000183, 10.3326113230001], [0.110119773, 10.3320755440001], [0.109656849000089, 10.3318098220001], [0.109470066000029, 10.3317195220001], [0.108980499000097, 10.3317928570001], [0.108939460000158, 10.3312004970001], [0.108608135, 10.330366621], [0.108606899000108, 10.33001388], [0.108875917000148, 10.3297456410002], [0.108855566000159, 10.3294976880002], [0.107947921000118, 10.329393328], [0.107946618000085, 10.3290212970001], [0.10802123000002, 10.3288694710001], [0.108387383000036, 10.328523736], [0.108484045000068, 10.328311206], [0.108733447000077, 10.3280044530001], [0.108771877000038, 10.327852751], [0.108172515000035, 10.3275654480001], [0.108056102000091, 10.3277008830001], [0.107475247000082, 10.3271351770002], [0.107474620000119, 10.32695605], [0.107802948000085, 10.3269356330002], [0.107820626000148, 10.3264202340001], [0.108215813000072, 10.326418877], [0.10823205700018, 10.3262892980001], [0.107741091000037, 10.325960284], [0.1068774740001, 10.3257097110002], [0.10661820100006, 10.3255810760001], [0.106230026000162, 10.325199347], [0.105999442000098, 10.3253158810001], [0.105863479000107, 10.3254320910001], [0.105479954000089, 10.3255849750001], [0.105304230000115, 10.325472588], [0.105439058000059, 10.3250311950002], [0.105321239000034, 10.3247642830001], [0.104741501000035, 10.324515488], [0.104951210000024, 10.3239994310001], [0.104950671000097, 10.3238451070001], [0.104851930000166, 10.323462385], [0.104870882000171, 10.3233107500002], [0.105091963000064, 10.322863549], [0.104964790999986, 10.3226077030002], [0.104808892000165, 10.3222940620001], [0.104577847000144, 10.3222783170001], [0.10409647, 10.3223020110001], [0.103798192000056, 10.3221597270001], [0.10343608800008, 10.322070022], [0.102973453000118, 10.32188145], [0.102586620000125, 10.3218827720002], [0.102042204000043, 10.3213858250002], [0.101657493000118, 10.321196985], [0.101152042000137, 10.320699904], [0.100686492000136, 10.3204727570001], [0.100299594000091, 10.3204547840002], [0.099815874000058, 10.3202042730001], [0.099505254000121, 10.3201130100001], [0.099204120000081, 10.319948686], [0.098900730000025, 10.3199359390001], [0.098683514000129, 10.3197437820001], [0.095191318000047, 10.3162216210001], [0.094721554000046, 10.3157314240001], [0.094359056000087, 10.3154975600002], [0.090415566000104, 10.312953367], [0.086076234000075, 10.3100610360001], [0.085551768000016, 10.3096880020001], [0.08493303500012, 10.3094172500001], [0.084445419000076, 10.3092397560002], [0.084013563000042, 10.3090923880001], [0.083214313000155, 10.3089297160001], [0.082818994000036, 10.3088869470002], [0.082650517000047, 10.3088544410002], [0.082482040000059, 10.308821934], [0.082144927000172, 10.3087100730002], [0.081759959000124, 10.3084385330001], [0.081338778000145, 10.3081560890001], [0.080920689000095, 10.3079645780002], [0.08047813800016, 10.3079440090002], [0.079841310000063, 10.308078418], [0.079171351000127, 10.308290099], [0.078582253000093, 10.3085483570001], [0.078120427000044, 10.3085884800001], [0.077435661000038, 10.3085384010001], [0.076889870000116, 10.3084382530002], [0.076628191000054, 10.3084129430001], [0.076366512000163, 10.308387634], [0.075960221, 10.308391742], [0.075590295000154, 10.308450845], [0.075264978000121, 10.3085346030002], [0.075012054000183, 10.3086291420001], [0.074675446000015, 10.3086660880001], [0.074396541000112, 10.3084851280001], [0.074185682000177, 10.3082639830002], [0.073974824000175, 10.3080428370002], [0.073494937000135, 10.307680657], [0.072691820000045, 10.3071955360002], [0.071933687000126, 10.3068453000001], [0.071003101000031, 10.3065204360001], [0.070671545000152, 10.3064044090002], [0.070339988000114, 10.3062883830002], [0.070064002000038, 10.3061459910001], [0.069687038000097, 10.3061617180001], [0.069059517000142, 10.3061878950002], [0.068750814000111, 10.3062467890001], [0.068364441000028, 10.306380346], [0.067591964000144, 10.3067273790001], [0.066974686000037, 10.306883745], [0.066704746000084, 10.3068846350001], [0.066297548000136, 10.30661866], [0.066177089000064, 10.306382053], [0.065840083000069, 10.3063004880001], [0.065445026000134, 10.3063348600002], [0.065291839000167, 10.306296782], [0.065060473000187, 10.3061817980001], [0.064364403000184, 10.3060793660002], [0.064213713000129, 10.3059558490002], [0.063957116000154, 10.3057858290001], [0.063735097000119, 10.3059684470001], [0.063571249000063, 10.306070952], [0.06345482100005, 10.3062063720002], [0.063436173000127, 10.306454461], [0.063283373000047, 10.3065321280001], [0.063030067000057, 10.3065136690001], [0.062785987000154, 10.306756987], [0.06253017500012, 10.306821213], [0.061952351000059, 10.3071262560001], [0.061448982000059, 10.3072271190002], [0.061293399000078, 10.3073047940001], [0.06098526500017, 10.3075345420001], [0.060716283000147, 10.3078220340001], [0.060407834000102, 10.3079580830001], [0.060176853999963, 10.3079588410001], [0.060021399000163, 10.3080750960001], [0.059885802000053, 10.308304278], [0.05986961200017, 10.308455903], [0.059926181000094, 10.3087285490001], [0.05971781400018, 10.308833954], [0.05953979200001, 10.3088593410001], [0.059191929000121, 10.3088604800001], [0.058842723000168, 10.3084592670002], [0.05861136600015, 10.308347034], [0.05837974200017, 10.3081548820001], [0.058242939000138, 10.3080230480001], [0.058145023000179, 10.3078690400001], [0.057991577999985, 10.3077537950001], [0.057855281000172, 10.3077735330001], [0.057502819000149, 10.3080640510001], [0.056890582000051, 10.3080660530001], [0.056737137000027, 10.3079508080001], [0.056388128000037, 10.3076074640001], [0.05623655800008, 10.307219382], [0.055898172000184, 10.30862433], [0.055064330000107, 10.3103548850002], [0.054729984000176, 10.31149446], [0.05482665400018, 10.3128341590001], [0.054702632000044, 10.3134366680001], [0.054918022000095, 10.3141003590001], [0.054585879000058, 10.3155672810001], [0.053953842000055, 10.3183586660001], [0.053757945000086, 10.3188097360001], [0.053097736000097, 10.320329933], [0.049505684000053, 10.3286007300002], [0.048352397000144, 10.3334288080002], [0.047914125000091, 10.336328909], [0.04785370500008, 10.3385056200001], [0.048399211000117, 10.3398432400001], [0.055714455000157, 10.3506784840001], [0.064585737000186, 10.3610341270001], [0.067510287000061, 10.3715824470002], [0.069459987000073, 10.3830893], [0.052818220000063, 10.39870641], [0.045570258000055, 10.4053231110001], [0.040455162000171, 10.405978185], [0.043139031000067, 10.4281537250002], [0.033390529000144, 10.4636253880001], [0.024616877000028, 10.4703357880001], [0.013893525000071, 10.4875904340001], [-0.008285293999961, 10.495527334], [-0.019250686999897, 10.5017880410002], [-0.028999885999895, 10.5038856040001], [-0.055549792999898, 10.5065603170002], [-0.075792695999894, 10.513470598], [-0.100163951999946, 10.5173045130001], [-0.119660955999962, 10.5230552940001], [-0.1440322119999, 10.525930645], [-0.16755560099989, 10.537812306], [-0.197648974999822, 10.5288059690001], [-0.219102230999908, 10.5251699240001], [-0.219188220999854, 10.525339667], [-0.219258546999811, 10.5254784910001], [-0.219432645999916, 10.5255703620002], [-0.219600176999904, 10.525794062], [-0.219659691999937, 10.525873532], [-0.21974075299994, 10.525981769], [-0.219896233999975, 10.5262544360001], [-0.219992654999885, 10.5265942290001], [-0.220183859999963, 10.5269777880001], [-0.220183188999954, 10.5272451210001], [-0.220085177999977, 10.5274570940001], [-0.220065107999915, 10.5276857960001], [-0.220135493999976, 10.5279381450001], [-0.220205879999924, 10.5281904950002], [-0.220274911999979, 10.528446897], [-0.220410069999957, 10.528948907], [-0.220370691999904, 10.5291031480001], [-0.220219609999901, 10.5294029990001], [-0.220074820999912, 10.5296391570001], [-0.220059912999943, 10.529752806], [-0.220156864999979, 10.529962503], [-0.220262430999981, 10.5300688710001], [-0.220367997999858, 10.5301752380001], [-0.220426269999962, 10.5302608170001], [-0.220484542999884, 10.5303463980001], [-0.220349507999913, 10.5308834920001], [-0.220421555999849, 10.5310283610001], [-0.220493605999934, 10.5311732300001], [-0.220841021999831, 10.5314607120001], [-0.22094580299995, 10.5318798860001], [-0.22086705199996, 10.532185612], [-0.220710698999881, 10.5323395650001], [-0.220709881999881, 10.5326647750002], [-0.220556126999952, 10.532893147], [-0.220716658999947, 10.5332931670001], [-0.220660786999929, 10.5336172050001], [-0.220690526999874, 10.533717531], [-0.220651153999938, 10.533869016], [-0.22049489699998, 10.5339843850001], [-0.22043602899987, 10.5341358220001], [-0.220512341999893, 10.534315669], [-0.220591267999964, 10.534425587], [-0.220571391999897, 10.5345771200001], [-0.220629733999942, 10.53463514], [-0.220688075999874, 10.53469316], [-0.221158987999956, 10.5347015510001], [-0.22193343399988, 10.5347153500001], [-0.222059650999938, 10.5347351160001], [-0.222175185999902, 10.5347546920001], [-0.222330772999896, 10.5349066560001], [-0.222379152999906, 10.535050089], [-0.222427533999905, 10.5351935210001], [-0.222368658999926, 10.5353477140002], [-0.222521073999928, 10.5356540080001], [-0.222559678999914, 10.535808441], [-0.222513682999931, 10.5359633920002], [-0.222485241999891, 10.5360592050002], [-0.222434516999954, 10.5361937450001], [-0.222373005999941, 10.5362919890001], [-0.222299538999891, 10.5363931010001], [-0.222120255999869, 10.536667243], [-0.222016510999936, 10.5369439700001], [-0.221768345999976, 10.5370577360001], [-0.221908400999951, 10.5372954420001], [-0.22199579099987, 10.5374317360001], [-0.222053992999918, 10.5375462550001], [-0.221936725999967, 10.5376617200002], [-0.221760395999979, 10.5380057910001], [-0.22179919499996, 10.538083054], [-0.221837993999884, 10.5381603190001], [-0.221954585999924, 10.5383135650002], [-0.222071178999897, 10.538466812], [-0.222012116999906, 10.5386954170002], [-0.222011348999956, 10.5390013340001], [-0.221932976999938, 10.539155479], [-0.221458525999935, 10.539417329], [-0.221428798999966, 10.5395361370001], [-0.221377255999869, 10.5397411480001], [-0.221421592999889, 10.539830828], [-0.221465930999841, 10.539920508], [-0.221680966999941, 10.5401853000001], [-0.221698784999944, 10.5403592900001], [-0.22164423199996, 10.540455616], [-0.22155898799997, 10.540572151], [-0.221185156999979, 10.5408182830001], [-0.221056511999961, 10.541027425], [-0.221041598999818, 10.5411431420001], [-0.221238934999974, 10.541584592], [-0.221204997999905, 10.5417898330001], [-0.221171058999971, 10.5419950740001], [-0.22143655699989, 10.54212725], [-0.221538246999955, 10.5421778750002], [-0.22159658999982, 10.542235895], [-0.221654933999957, 10.5422939150002], [-0.221706372999904, 10.542398254], [-0.221754506999901, 10.5425441050001], [-0.221845575999964, 10.542906223], [-0.221845191999932, 10.5430591810001], [-0.221844807999901, 10.54321214], [-0.221922219999954, 10.5434410810001], [-0.22193404199993, 10.5435858020001], [-0.221941134999895, 10.5436726340001], [-0.221818292999956, 10.5437871280002], [-0.221739421999928, 10.5438029300001], [-0.221531367999944, 10.5438361710001], [-0.221377529999813, 10.5438738260001], [-0.221263464999879, 10.544015471], [-0.221311917999969, 10.544129965], [-0.221356268999898, 10.5441993070001], [-0.221493818999932, 10.5443412490001], [-0.221571424999865, 10.5444930210001], [-0.221537607999892, 10.5445863680001], [-0.221424574999958, 10.544742081], [-0.221429209999826, 10.544837176], [-0.221557801999893, 10.5450206200001], [-0.221608921999859, 10.5450884160001], [-0.22158865699987, 10.5453942860001], [-0.22160777299996, 10.5455459140001], [-0.221537056999864, 10.5458204310001], [-0.221335874999909, 10.5462342530001], [-0.221154225999896, 10.5464763360001], [-0.221045469999979, 10.5465284340002], [-0.220958261999954, 10.546872722], [-0.220693199999857, 10.5470567240002], [-0.220559127999934, 10.5472079740001], [-0.220464020999884, 10.5475778280001], [-0.220229068999913, 10.5477638790002], [-0.220170002999907, 10.5479924840001], [-0.219994095999937, 10.5481656800001], [-0.219762732999868, 10.5482395230001], [-0.219441624999945, 10.548558429], [-0.218962485999896, 10.5485875630001], [-0.218721917999972, 10.5487705580001], [-0.21871613999997, 10.5490802840001], [-0.218754743999966, 10.5492347170002], [-0.218658654999899, 10.5496531640001], [-0.218636462999939, 10.5497498020001], [-0.218228075999889, 10.5504378000002], [-0.218285502999947, 10.5508596130002], [-0.218275538999933, 10.550945026], [-0.218265573999872, 10.5510304370001], [-0.218131296999957, 10.5512616120001], [-0.217975036999917, 10.5513742230001], [-0.217935847999968, 10.551451295], [-0.217896658999905, 10.5515283670001], [-0.217864147999876, 10.551718452], [-0.217876388999912, 10.5518342350001], [-0.217820293999978, 10.551988434], [-0.217477210999959, 10.5521832630001], [-0.217334450999942, 10.5524640240001], [-0.217024991999835, 10.5525790110001], [-0.216765319999922, 10.5528319230001], [-0.216700609999975, 10.5530880730001], [-0.216597296999964, 10.5531897900001], [-0.216491353999913, 10.55322949], [-0.216385411999852, 10.5532691900001], [-0.216169255999887, 10.5528359580002], [-0.21586525299989, 10.55299265], [-0.21574802899994, 10.5530912240001], [-0.215591033999942, 10.5534932150001], [-0.215453192999973, 10.5540302970001], [-0.215084079999826, 10.5546026340002], [-0.214891992999924, 10.5545635720001], [-0.214582530999962, 10.5546785570001], [-0.214116805999822, 10.55490615], [-0.213954712999907, 10.5551207170001], [-0.213497299999972, 10.5553648650001], [-0.213090645999898, 10.5553638530001], [-0.213013954999951, 10.555400869], [-0.212908, 10.555445046], [-0.212820208999915, 10.5554665310001], [-0.212703151999904, 10.5554951780001], [-0.212539886999821, 10.555591232], [-0.212260043999947, 10.5555905350001], [-0.212093043999971, 10.555504808], [-0.211948573999905, 10.5553995930001], [-0.211670013999878, 10.5550449480002], [-0.211601533999897, 10.5549577650001], [-0.211456979999923, 10.554847163], [-0.211375879999878, 10.554806449], [-0.211125949999882, 10.554680976], [-0.210772098999939, 10.554726945], [-0.210584782999945, 10.5548102760001], [-0.210507193999945, 10.554844793], [-0.210114726999961, 10.5547418400001], [-0.209994008999956, 10.5547642110001], [-0.209910665999871, 10.5547871240001], [-0.209938574999967, 10.5550070330001], [-0.209952487999942, 10.5551574970002], [-0.209984210999835, 10.555295104], [-0.20991971199993, 10.5554324710001], [-0.209823271999937, 10.555516863], [-0.209651662999931, 10.555561977], [-0.209623108999892, 10.5564073460001], [-0.209540391999951, 10.5565565020001], [-0.208964957999967, 10.5575941130001], [-0.208583167999905, 10.5581665070001], [-0.208375807999971, 10.558477387], [-0.207978962999903, 10.5588880960001], [-0.207459574999916, 10.5595082030001], [-0.206909897999935, 10.5601008640002], [-0.206720665999967, 10.5601761300002], [-0.206213605999949, 10.560377809], [-0.205354044999979, 10.5606101080002], [-0.204852054999947, 10.5606964590001], [-0.204425536999963, 10.560769828], [-0.203388396999969, 10.5607131970001], [-0.202707047999979, 10.560219428], [-0.202135252999938, 10.5597376980001], [-0.201097806999883, 10.558482538], [-0.200924722999957, 10.558996006], [-0.200729733999879, 10.5589173620001], [-0.200797041999976, 10.559374775], [-0.200740905999851, 10.559541308], [-0.20062352299982, 10.5596953480002], [-0.200778810999964, 10.559963075], [-0.200931704999903, 10.5600792140001], [-0.201009346999967, 10.5602144550001], [-0.201067246999855, 10.5604433510001], [-0.201008363999961, 10.5605947820001], [-0.200670320999961, 10.560841786], [-0.200581166999939, 10.5609960800001], [-0.200592609999944, 10.561304042], [-0.200599396999962, 10.5614866970001], [-0.200879854999869, 10.5618208830001], [-0.200714678999816, 10.5621456750001], [-0.200714287999972, 10.562297255], [-0.200587279999922, 10.5624030410001], [-0.200460271999816, 10.5625088260001], [-0.200209247999908, 10.562640479], [-0.199828330999935, 10.5627910380002], [-0.199105152999948, 10.5630593520002], [-0.198951658999931, 10.5631747160001], [-0.19875609099995, 10.5634029680002], [-0.198563450999814, 10.5635761090002], [-0.198237479999932, 10.563953306], [-0.197780764999891, 10.564395704], [-0.197721315999956, 10.564720295], [-0.197620448999942, 10.5652710160002], [-0.197557266999979, 10.565602358], [-0.197462516999849, 10.5660992560001], [-0.19734014799991, 10.5664594000001], [-0.19705462099995, 10.5672997360002], [-0.196513300999925, 10.5679213680001], [-0.195792770999958, 10.5682755380001], [-0.194847363999827, 10.568629134], [-0.194206524999913, 10.568894109], [-0.19388015699991, 10.5692647720001], [-0.193547097999954, 10.5697744940001], [-0.193308902999888, 10.5701390300001], [-0.193150202999902, 10.5703888300001], [-0.193054721999829, 10.5706387910001], [-0.192896021999843, 10.570888591], [-0.192642082999953, 10.5712945240001], [-0.19223050599993, 10.5715436760001], [-0.191976974999932, 10.5717932320002], [-0.191581635999967, 10.572109776], [-0.19167441299993, 10.5723998280001], [-0.191827157999967, 10.5725738480001], [-0.191942504999929, 10.5726692250001], [-0.192057851999948, 10.5727646030002], [-0.192154989999892, 10.5728998950001], [-0.192112018999978, 10.573354526], [-0.19189535899983, 10.5735898440001], [-0.191625965999833, 10.5738824360002], [-0.191320872999881, 10.5744466350001], [-0.191183682999906, 10.5746105930001], [-0.190872715999944, 10.575068306], [-0.190762096999947, 10.5752267930001], [-0.19060041299997, 10.5754571540001], [-0.190504507999947, 10.575593796], [-0.19046621799987, 10.5756696780001], [-0.190262321999967, 10.5760719280001], [-0.190225477999945, 10.5761518050001], [-0.190095624999969, 10.5764333290001], [-0.190064261999908, 10.576708849], [-0.190114068999947, 10.576835753], [-0.190230704999919, 10.576971097], [-0.190383653999959, 10.5770679490001], [-0.190480747999914, 10.5772197780001], [-0.19048034399998, 10.5773741140001], [-0.190287343999898, 10.577679535], [-0.190267447999872, 10.5778310640001], [-0.19030325499989, 10.577985492], [-0.190286338999897, 10.5780626170001], [-0.190130004999958, 10.5781945040001], [-0.190090602999874, 10.5783487390001], [-0.190284864999967, 10.5786248380002], [-0.190456886999925, 10.5788843440001], [-0.190607972999885, 10.5790435220002], [-0.190675783999893, 10.5791149650001], [-0.19080839399993, 10.5792528460001], [-0.191240332999882, 10.5796745710001], [-0.191515917999936, 10.5797441770002], [-0.192137251999952, 10.579682381], [-0.192465516999903, 10.5798458260001], [-0.192601704999902, 10.5799619270001], [-0.192798314999948, 10.580406147], [-0.192967691999911, 10.58061328], [-0.193367884999873, 10.5809670730001], [-0.19411919099997, 10.5815112840001], [-0.194226991999926, 10.5815893700001], [-0.194480237999926, 10.581890232], [-0.194827667999959, 10.582207127], [-0.194974343999945, 10.5823409120002], [-0.195157600999892, 10.5824864690001], [-0.195747128999926, 10.5829547180002], [-0.195993545999897, 10.583081271], [-0.196503596999889, 10.5834168990001], [-0.19706060599998, 10.5834569020001], [-0.197216496999829, 10.5834958830001], [-0.197639354999978, 10.5837064160002], [-0.198569326999916, 10.5838631170001], [-0.198839181999972, 10.5839960910001], [-0.199123121999946, 10.584068469], [-0.199677304999966, 10.5841249950001], [-0.200022055999966, 10.584379423], [-0.200152176999893, 10.5846884260001], [-0.200288269999874, 10.5848431080001], [-0.200694468999927, 10.5850343030002], [-0.200984017999872, 10.585092913], [-0.201371110999958, 10.585132478], [-0.201524316999837, 10.585132866], [-0.202123853999979, 10.5848863420001], [-0.202241146999881, 10.584770887], [-0.20257026299987, 10.584609114], [-0.20274553299987, 10.5846949940001], [-0.203132725999865, 10.5846959730001], [-0.203595419999942, 10.5845841460001], [-0.203829704999976, 10.5844689850001], [-0.204041308999876, 10.5845081030001], [-0.204205519999903, 10.584668514], [-0.204312306999952, 10.5847389140001], [-0.204443951999906, 10.5848211770001], [-0.20458076999995, 10.5848732580001], [-0.204736760999879, 10.5848736520001], [-0.204892901999926, 10.5848161690001], [-0.205277458999944, 10.584759262], [-0.205433350999954, 10.5847982390002], [-0.205780325999967, 10.5849795840002], [-0.205878444999939, 10.5850308650001], [-0.206284350999965, 10.5853378050001], [-0.206398168999954, 10.585489673], [-0.206862225999885, 10.5859318020001], [-0.207268431999921, 10.5861229880001], [-0.207783564999829, 10.5862014520002], [-0.208578231999923, 10.5859002860001], [-0.209358299999906, 10.585860903], [-0.209838061999903, 10.5859729280001], [-0.210460583999975, 10.5861778510001], [-0.210864801999946, 10.586057598], [-0.211098501999913, 10.5861711800002], [-0.211329704999969, 10.5861717590001], [-0.211638509999943, 10.586326867], [-0.211927625999976, 10.5865563400001], [-0.212192221999828, 10.5865707810001], [-0.212554122999904, 10.5866598780001], [-0.212912548999896, 10.5870190550001], [-0.213146200999972, 10.587151927], [-0.213545323999938, 10.5872347930002], [-0.214059157999941, 10.5874353180001], [-0.214248024999904, 10.5876535150002], [-0.214365869999824, 10.5878358900001], [-0.214447800999949, 10.5879626870002], [-0.214513301999943, 10.5884947610002], [-0.214727448999895, 10.5886303400001], [-0.215398824999909, 10.5889459080001], [-0.215667700999973, 10.5891370320001], [-0.215718828999854, 10.5892970080002], [-0.215769956999907, 10.5894569840001], [-0.215904699999953, 10.5901463240001], [-0.216076098999906, 10.5906621260002], [-0.216212054999971, 10.5908746780001], [-0.216695738999931, 10.5912755030002], [-0.217196613999931, 10.5914889610001], [-0.217583571999967, 10.5915863830002], [-0.217739182999935, 10.5917383510001], [-0.217833502999952, 10.5918929210001], [-0.217907708999974, 10.5922899720002], [-0.218121657999973, 10.5925054730002], [-0.218263019999938, 10.5927841820001], [-0.218103050999957, 10.593252308], [-0.218158428999914, 10.5933847350001], [-0.218442207999942, 10.593525995], [-0.218779481999945, 10.593444151], [-0.218893497999886, 10.5935216030001], [-0.218834419999894, 10.593750206], [-0.21885328399992, 10.59400105], [-0.218969995999828, 10.5941143370001], [-0.219125796999947, 10.5941918910001], [-0.219214511999894, 10.5942798410001], [-0.219338434999941, 10.5943756930002], [-0.219476056999952, 10.5944821410001], [-0.220440431999975, 10.5942723160001], [-0.220749639999894, 10.5942730800001], [-0.221406234999961, 10.5945999140002], [-0.221523378999962, 10.5945423270001], [-0.22193008499994, 10.5945433320001], [-0.222333331999948, 10.5948116620001], [-0.22251950499998, 10.5949967750001], [-0.2230705529999, 10.5952020800001], [-0.223170337999932, 10.5954007600002], [-0.223609924999948, 10.5956195690001], [-0.224208844999964, 10.5956210440001], [-0.224440250999976, 10.5955444460002], [-0.224977586999955, 10.595664277], [-0.225445667999963, 10.5961849390001], [-0.225599853999938, 10.5963520570001], [-0.225825375999932, 10.5964279450002], [-0.225902633999851, 10.5964703530001], [-0.226526311999919, 10.5968228570002], [-0.226692158999811, 10.5969165930001], [-0.227221751999934, 10.5972159200001], [-0.227318911999873, 10.5973512030002], [-0.227201145999913, 10.5976568340001], [-0.227047421999885, 10.5978604020001], [-0.227027714999963, 10.597943034], [-0.227238466999893, 10.5983266380002], [-0.22729639399995, 10.5985555310002], [-0.227374054999927, 10.5986907670002], [-0.227507428999957, 10.598826139], [-0.227663242999938, 10.5989009340001], [-0.22789435999988, 10.598940085], [-0.228203137999969, 10.5991144720002], [-0.228319564999879, 10.5993435060001], [-0.22835803299995, 10.5995558150001], [-0.228455201999907, 10.599688342], [-0.228608271999974, 10.5997465940001], [-0.228764223999917, 10.5997662670002], [-0.228842271999895, 10.599747167], [-0.228975792999904, 10.599824663], [-0.229014027999881, 10.6001306750001], [-0.229111148999948, 10.6002824940002], [-0.22980671799985, 10.6006286990001], [-0.229938025999957, 10.6007810190001], [-0.230073926999921, 10.6010089930001], [-0.230192686999885, 10.6011284840002], [-0.230251385999964, 10.60125756], [-0.2304323379999, 10.6016554700001], [-0.230671988999916, 10.6021824570001], [-0.230854560999944, 10.60269828], [-0.230904141999872, 10.6029309620001], [-0.230924775999881, 10.6030277960001], [-0.230994989999942, 10.6033573130001], [-0.23115489199995, 10.604027418], [-0.231229770999903, 10.605278836], [-0.231315489999872, 10.6055353560001], [-0.231374376999952, 10.6064973520001], [-0.231396250999978, 10.606662767], [-0.231473914999924, 10.6067980030001], [-0.231531845999939, 10.6070268940001], [-0.231547451999973, 10.607170584], [-0.231646221999881, 10.6080799750001], [-0.231895705999932, 10.608576668], [-0.231973130999961, 10.6088083630001], [-0.231972779999921, 10.6089492280001], [-0.231972175999942, 10.609191449], [-0.231913103999943, 10.6094200550001], [-0.231912438999814, 10.6096865450001], [-0.231912195999882, 10.6097838480001], [-0.23192196399998, 10.6101726140001], [-0.235385995999877, 10.6195408170001], [-0.237461929999881, 10.62515475], [-0.240319564999879, 10.6328823110002], [-0.240451415999871, 10.6332388520001], [-0.244139989999894, 10.643212842], [-0.244326009999895, 10.643715827], [-0.243977173999895, 10.6439464920002], [-0.243783423999957, 10.6439928780001], [-0.243686547999857, 10.6440160700001], [-0.243589671999928, 10.6440392630001], [-0.243436434999921, 10.6440388930001], [-0.243202542999938, 10.6439804520002], [-0.243086895999966, 10.64398982], [-0.24297124799989, 10.6439991870002], [-0.242788321999967, 10.6443444660001], [-0.242689965999887, 10.6445301160002], [-0.242632145999835, 10.644639253], [-0.242484189999914, 10.6449185230001], [-0.242115903999945, 10.6451270910001], [-0.241884654999978, 10.6451265320001], [-0.241653405999955, 10.6451259740001], [-0.241459936999831, 10.6450579820001], [-0.241266466999889, 10.644989992], [-0.241149413999892, 10.6450041780001], [-0.240956776999951, 10.6451628730002], [-0.240861134999932, 10.6455319480001], [-0.241013247999888, 10.6459870600001], [-0.240876255999922, 10.6461768940002], [-0.240755482999873, 10.646216392], [-0.240243883999938, 10.6461422900001], [-0.239987238999902, 10.6462712020002], [-0.239850341999954, 10.6464224510001], [-0.239747807999834, 10.6464800790001], [-0.239581205999968, 10.6465320390001], [-0.239448781999954, 10.6465647910002], [-0.239183934999971, 10.6466302930001], [-0.239015951999932, 10.6469578520001], [-0.23887793699987, 10.64741179], [-0.238841788999935, 10.647530681], [-0.238802591999956, 10.6476077550001], [-0.238395244999936, 10.6478355150002], [-0.237983147999842, 10.6477325420001], [-0.237247725999907, 10.647681145], [-0.236536735999891, 10.6478888720001], [-0.236161354999922, 10.6480740940001], [-0.235839874999954, 10.648233539], [-0.235425650999957, 10.6485938420001], [-0.23537526399997, 10.6488616730002], [-0.235374308999894, 10.6492447580001], [-0.235217520999811, 10.6495502940001], [-0.235119681999947, 10.6496795880001], [-0.23502184299997, 10.6498088820001], [-0.234886099999926, 10.649846526], [-0.234578532999876, 10.6499318210001], [-0.234472441999969, 10.6500183770001], [-0.234392871999944, 10.650083293], [-0.23431740299992, 10.650180603], [-0.234268455999882, 10.6502562740002], [-0.234112084999936, 10.6506727400002], [-0.234063677999927, 10.6508111110002], [-0.234054840999875, 10.6510026330002], [-0.233956938999938, 10.6511567310002], [-0.233877975999974, 10.651536869], [-0.23375173699992, 10.6518810620001], [-0.23362540099987, 10.65226384], [-0.233558684999934, 10.6524323740001], [-0.23349206499995, 10.652562322], [-0.23344891399995, 10.6526464940001], [-0.233103948999883, 10.653073242], [-0.232915737999974, 10.6533060730002], [-0.232725873999868, 10.6535409480002], [-0.232403636999948, 10.6539395760001], [-0.232199765999951, 10.6541225190001], [-0.232129894999957, 10.6542141950002], [-0.231921217999911, 10.6543762890001], [-0.231712540999979, 10.654538383], [-0.23148514899998, 10.654715013], [-0.231286707999914, 10.654868278], [-0.23092399199993, 10.6551124560002], [-0.230514514999868, 10.6553097120001], [-0.2302102189999, 10.6554563], [-0.230016874999933, 10.655549439], [-0.229727389999937, 10.6556331590002], [-0.229515519999893, 10.6556794900002], [-0.229378800999882, 10.655756323], [-0.228687869999931, 10.655797716], [-0.228450843999838, 10.6558119160001], [-0.228138835999971, 10.6557918550001], [-0.227985495999974, 10.655830062], [-0.22705681899987, 10.6556183140001], [-0.226960694999889, 10.6556180780001], [-0.226769892999926, 10.6555314090001], [-0.226664987999868, 10.6555040630001], [-0.226539852999906, 10.6554714430001], [-0.226414718999933, 10.6554388230001], [-0.226164448999953, 10.655373583], [-0.225901066999882, 10.6554060040001], [-0.22563768699996, 10.6554384250001], [-0.22522920199998, 10.6555578200001], [-0.225102196999956, 10.6556493150001], [-0.224792536999928, 10.6558028860001], [-0.22469074199995, 10.6558412180001], [-0.224588947999962, 10.6558795500001], [-0.224385357999893, 10.6559562140002], [-0.224274436999963, 10.6560227730001], [-0.224163515999919, 10.656089332], [-0.223941671999967, 10.6562224490001], [-0.223771996999972, 10.6563530930001], [-0.223210249999909, 10.6567856190001], [-0.222942517999968, 10.656885549], [-0.222674784999924, 10.6569854800001], [-0.222454455999923, 10.6570703690001], [-0.222234126999979, 10.6571552580001], [-0.222118351999825, 10.6572128470002], [-0.221966367999926, 10.657281997], [-0.22104332899994, 10.6575767250001], [-0.220575121999957, 10.657622412], [-0.220106916999839, 10.6576681000001], [-0.219630261999839, 10.657563673], [-0.218274587999929, 10.657266668], [-0.218068163999817, 10.6572153140001], [-0.217578282999966, 10.657093441], [-0.217088400999842, 10.6569715680001], [-0.216711458999896, 10.6570119660001], [-0.216625887999953, 10.6569704130001], [-0.216430852999963, 10.656969924], [-0.215998577999926, 10.6566525910001], [-0.215910857999916, 10.6565662460002], [-0.215813979999893, 10.6563158960001], [-0.215814270999942, 10.6562022120001], [-0.215698031999978, 10.6558960040002], [-0.215406474999952, 10.6555066770002], [-0.214968849999877, 10.6551904840001], [-0.21455814299992, 10.6549340590001], [-0.214413788999877, 10.6548630740002], [-0.214327176999973, 10.6548204830001], [-0.214173984999945, 10.6548008070001], [-0.213998305999951, 10.6548582420001], [-0.213954874999899, 10.6549539050001], [-0.213911442999972, 10.655049567], [-0.213865650999821, 10.6552331190001], [-0.213771017999875, 10.6556124540002], [-0.213752627999952, 10.655740028], [-0.213725294999847, 10.6559296440001], [-0.21372441099993, 10.656274142], [-0.213472378999882, 10.6567695910001], [-0.213142224999899, 10.6573061830001], [-0.213084859999867, 10.6574024980001], [-0.212656310999932, 10.657710808], [-0.212160822999977, 10.6580672730001], [-0.211379559999898, 10.6571593650002], [-0.210857588999886, 10.6571559220001], [-0.210063502999901, 10.6571506820001], [-0.209469927999919, 10.6571467640001], [-0.209212752999974, 10.6571450660001], [-0.209133938999912, 10.6571445460001], [-0.208568962999891, 10.657140815], [-0.20848948399987, 10.6571439210001], [-0.207943094999962, 10.6572705580001], [-0.207633787999953, 10.6573422460001], [-0.207132725999884, 10.6574583760001], [-0.207026975999952, 10.6574995720001], [-0.206055333999927, 10.657878086], [-0.205671471999949, 10.657631829], [-0.2051705639999, 10.6576305580002], [-0.204896900999927, 10.6576298640001], [-0.204481403999978, 10.6577638530001], [-0.203969034999943, 10.658463565], [-0.203547539999818, 10.659018216], [-0.202978093999945, 10.6594218990001], [-0.202530897999964, 10.6599581810001], [-0.202568714999927, 10.6604157730001], [-0.202200929999947, 10.660414835], [-0.202084302999879, 10.6602629590001], [-0.201679456999955, 10.6595150520001], [-0.201526464999915, 10.6594182020001], [-0.201295207999976, 10.659417612], [-0.201139077999926, 10.6594557980002], [-0.200653373999955, 10.6597990580001], [-0.200342900999942, 10.6602585180001], [-0.200228167999967, 10.6604483880001], [-0.200241947999871, 10.6607641470002], [-0.200246571999969, 10.6608701020002], [-0.199779101999923, 10.661698463], [-0.19958373299994, 10.6618247400001], [-0.198664102999942, 10.6622849350001], [-0.198213876999944, 10.6625102340001], [-0.197338283999954, 10.6627780780001], [-0.197201358999905, 10.6629293070001], [-0.197086522999825, 10.66315776], [-0.197066614999926, 10.663312044], [-0.196890581999867, 10.6635017570002], [-0.196737133999932, 10.6635785300001], [-0.196557970999947, 10.6635684120001], [-0.19635009599989, 10.6634810780002], [-0.196135899999945, 10.6633482400002], [-0.195924744999957, 10.6631189500001], [-0.195749512999953, 10.6630027490001], [-0.195518709999931, 10.662828528], [-0.195259868999926, 10.6627203800001], [-0.194950390999907, 10.662796752], [-0.194763174999878, 10.663000214], [-0.194432787999972, 10.6636111940001], [-0.194044487999918, 10.6639932780001], [-0.193734805999952, 10.664146816], [-0.193347317999951, 10.66422023], [-0.193193869999959, 10.6642970020002], [-0.192959415999951, 10.664450733], [-0.19284477899987, 10.6646020170001], [-0.192747755999903, 10.6646590020001], [-0.192456577999963, 10.6649455150001], [-0.192339405999974, 10.6650037830001], [-0.192225011999938, 10.665060669], [-0.192014592999897, 10.6651187860001], [-0.191681286999881, 10.665210845], [-0.191528041999902, 10.6652104500001], [-0.191419230999941, 10.6652652880002], [-0.191023920999953, 10.665134736], [-0.19083166799993, 10.6651342390001], [-0.190694994999888, 10.6651890050002], [-0.19044346499993, 10.6654777330001], [-0.190345339999908, 10.6657062270002], [-0.190325383999948, 10.6658770470001], [-0.190383079999947, 10.666185867], [-0.19030445899989, 10.6664144110001], [-0.190167623999969, 10.6665298080002], [-0.189936113999977, 10.666622912], [-0.189665843999933, 10.6666222130001], [-0.189434682999888, 10.6665830300001], [-0.189332048999916, 10.6666073750001], [-0.188906753999902, 10.666708252], [-0.188718298999959, 10.6666969260002], [-0.18856221599998, 10.666715813], [-0.188312004999887, 10.6665057100001], [-0.188156074999881, 10.6664667220001], [-0.187963264999894, 10.6666756760002], [-0.187574040999948, 10.6674022470002], [-0.187377829999946, 10.667842695], [-0.187341204999939, 10.66799418], [-0.187145417999943, 10.6682747820001], [-0.186743303999947, 10.6686072120001], [-0.186121494999952, 10.6687792220001], [-0.184588775999941, 10.6688689360001], [-0.184396416999846, 10.6689070190001], [-0.184267915999953, 10.6690307030001], [-0.183601399999873, 10.6692494440001], [-0.183232996999948, 10.6694772290001], [-0.183138003999886, 10.669573441], [-0.182818966999889, 10.6700962450001], [-0.182367288999899, 10.670205304], [-0.18125076299998, 10.669907494], [-0.181023087999961, 10.6696064970001], [-0.180628271999979, 10.6692912810001], [-0.180244877999883, 10.6690964750002], [-0.180138427999964, 10.669086055], [-0.179779879999955, 10.6687543970001], [-0.179316109999945, 10.6681771810001], [-0.179116449999867, 10.667821137], [-0.17899973599998, 10.667705079], [-0.178969433999953, 10.6675754690001], [-0.17867121199987, 10.6676077570001], [-0.178498202999947, 10.6677037640001], [-0.178380201999971, 10.6680672430001], [-0.178050952999911, 10.668240005], [-0.177498682999953, 10.667957808], [-0.177277287999914, 10.6678934750001], [-0.177027841999973, 10.6678900140001], [-0.176929633999919, 10.6679159860001], [-0.176835357999948, 10.6679750810001], [-0.176772868999933, 10.6680581960002], [-0.176677721999965, 10.6680820610001], [-0.176555849999943, 10.6682500790001], [-0.176510591999886, 10.6683292810001], [-0.176193423999962, 10.668924116], [-0.175835581999934, 10.669366887], [-0.175437245999831, 10.669559248], [-0.175299797999912, 10.6696672550001], [-0.175182516999882, 10.669762027], [-0.175067453999873, 10.670067637], [-0.17506528499996, 10.6708723780001], [-0.174921688999973, 10.6714259500001], [-0.174729877999937, 10.6716491580001], [-0.174558433999948, 10.6718080740001], [-0.174047657999949, 10.6721319300001], [-0.173707621999881, 10.6721696160002], [-0.173454295999875, 10.6720835120001], [-0.173146226999961, 10.6716334730001], [-0.172993186999918, 10.671555902], [-0.172818065999934, 10.671401104], [-0.172740458999897, 10.6712493200001], [-0.172741701999826, 10.6707890750001], [-0.172600359999933, 10.6705075920001], [-0.172394552999947, 10.6703664930001], [-0.172013270999969, 10.6702347880001], [-0.171854416999963, 10.670213485], [-0.171725078999884, 10.670244414], [-0.171638953999889, 10.6702650100002], [-0.171330200999932, 10.6704421570001], [-0.171274035999886, 10.6705178620001], [-0.17125401699991, 10.6707079710001], [-0.171273102999976, 10.670862356], [-0.171194257999957, 10.6711680610002], [-0.171000163999963, 10.6713237070001], [-0.17042050799995, 10.671367196], [-0.170203243999936, 10.6712758800001], [-0.170149282999887, 10.6712038750001], [-0.170078869999941, 10.6710568640001], [-0.170033138999884, 10.6708783610002], [-0.170151254999894, 10.6704763020001], [-0.170152136999945, 10.6701511000001], [-0.169843274999891, 10.6699959460001], [-0.16962977999998, 10.6700573260002], [-0.169279758999892, 10.6702452440001], [-0.168911135999963, 10.6705501780001], [-0.168506962999913, 10.67060698], [-0.167963788999828, 10.6705476610002], [-0.167654507999885, 10.6705468380002], [-0.166859891999877, 10.670734885], [-0.166099099999883, 10.6707797100001], [-0.165792668999927, 10.6707554670001], [-0.165486237999914, 10.6707312250001], [-0.164790073999939, 10.6705777890002], [-0.164656127999876, 10.670651842], [-0.163725596999882, 10.67061353], [-0.163572111999883, 10.670649708], [-0.163335397999958, 10.6706810080001], [-0.162850152999852, 10.6708096180001], [-0.162874309999893, 10.6711459110001], [-0.16298808199997, 10.6713170860002], [-0.162819303999868, 10.6717506280002], [-0.16268120899997, 10.6719639170001], [-0.162542749999886, 10.6721592210001], [-0.16230681299993, 10.6728475820001], [-0.162315016999969, 10.6733656440002], [-0.162402185999895, 10.673633289], [-0.162390331999973, 10.673945836], [-0.162120547999962, 10.6741733070001], [-0.161744996999971, 10.6744100010002], [-0.161607247999939, 10.6744427920001], [-0.16147565499989, 10.674475836], [-0.161316048999936, 10.6744516570001], [-0.160701560999883, 10.6742322870001], [-0.160257753999929, 10.6737529360001], [-0.16018419999989, 10.6736493890001], [-0.16025727799996, 10.6735788120001], [-0.160273952999944, 10.6734346650001], [-0.160520586999837, 10.6729116920001], [-0.160432398999887, 10.6725559370001], [-0.16044280899996, 10.6723161950001], [-0.160453915999824, 10.6719819900001], [-0.160352483999873, 10.6718981130002], [-0.160100414999874, 10.671689671], [-0.159839613999964, 10.6716475600001], [-0.15944855999993, 10.6716355570001], [-0.158286473999965, 10.6717020210001], [-0.158118671999944, 10.671738014], [-0.15795625599992, 10.6717156010002], [-0.157820781999931, 10.6716991800001], [-0.157628788999943, 10.671603582], [-0.157531679999977, 10.6715918180001], [-0.157407175999879, 10.6716101330002], [-0.157163734999926, 10.6716459460002], [-0.156756294999923, 10.6718763490002], [-0.155967059999909, 10.6721305260001], [-0.155522551999923, 10.671978225], [-0.154887611999868, 10.671532324], [-0.154180413999882, 10.671340251], [-0.153536249999888, 10.6715286710001], [-0.152859639999861, 10.6720375830002], [-0.152753530999973, 10.6721704080001], [-0.15231457799996, 10.6724858160001], [-0.152021514999944, 10.6726913650001], [-0.151665420999905, 10.672842528], [-0.151354441999842, 10.6730757450001], [-0.151231949999897, 10.673164625], [-0.151068057999964, 10.6733353240002], [-0.150735882999925, 10.6735742730001], [-0.150347182999894, 10.674077559], [-0.150162002999934, 10.674217109], [-0.149806544999933, 10.6746093680001], [-0.149422263999952, 10.6750258510002], [-0.148956198999826, 10.675725604], [-0.148955801999875, 10.675868223], [-0.148890929999936, 10.6759683230001], [-0.148648334999848, 10.67622734], [-0.148424916999943, 10.6764658830001], [-0.14813632799985, 10.676721712], [-0.147571770999946, 10.6771511710002], [-0.146486377999906, 10.677685622], [-0.146248967999895, 10.6778765410001], [-0.146085203999974, 10.6779996980001], [-0.145936009999957, 10.678204996], [-0.144875648999971, 10.678753289], [-0.143849399999965, 10.6794178860002], [-0.142930876999912, 10.6797015240001], [-0.142561231999878, 10.6800057490001], [-0.142448911999907, 10.680168715], [-0.142002265999906, 10.680958449], [-0.141663912999888, 10.681384694], [-0.141567227999872, 10.681381679], [-0.14136484799991, 10.681561775], [-0.140920455999947, 10.6817715600001], [-0.140572876999954, 10.6819356420002], [-0.13994967699989, 10.6822899990001], [-0.139364659999899, 10.6825386280001], [-0.138487917999896, 10.6826850340001], [-0.138400801999978, 10.6827040850001], [-0.138083651999864, 10.682674686], [-0.137880450999944, 10.682694382], [-0.137670183999944, 10.6827115770001], [-0.137506574999975, 10.682777682], [-0.137142658999892, 10.6828067120001], [-0.136791955999911, 10.6828346880001], [-0.136155814999938, 10.683130573], [-0.13476114599996, 10.6836448340002], [-0.134158386999957, 10.6837762690001], [-0.133601078999959, 10.6839668220002], [-0.133330532999878, 10.6841733090001], [-0.133041789999879, 10.684296112], [-0.132877881999889, 10.6844668000002], [-0.132280610999942, 10.6848423060001], [-0.132060962999901, 10.6849410300001], [-0.13181747099992, 10.685050471], [-0.131482068999958, 10.6851379890002], [-0.1309050939999, 10.6852029410001], [-0.130664658999933, 10.685240304], [-0.1304337279999, 10.6853157250001], [-0.130201960999898, 10.6853201960001], [-0.129297622999957, 10.6853686620001], [-0.128221112999881, 10.6856991290001], [-0.127537581999889, 10.6859976200001], [-0.126859405999937, 10.6861383110001], [-0.126196649999883, 10.686225372], [-0.125906075999922, 10.686200484], [-0.12528830499997, 10.686147571], [-0.124731490999977, 10.686046269], [-0.124173810999935, 10.6859257670001], [-0.123946198999931, 10.6858627460002], [-0.123559062999959, 10.6857529010001], [-0.12327100899995, 10.6856949260002], [-0.122963597999899, 10.6855610710002], [-0.122854715999949, 10.6855972990002], [-0.122622995999961, 10.6857523600001], [-0.122500612999886, 10.6861017240001], [-0.12249064599996, 10.6862252990001], [-0.122537482999917, 10.6866532870001], [-0.122541510999895, 10.686959233], [-0.122420378999891, 10.687261467], [-0.122171798999943, 10.6876209980002], [-0.122044474999882, 10.6878087330002], [-0.121917151999924, 10.687996469], [-0.121850115999962, 10.6883342610001], [-0.12179316299995, 10.6884784090001], [-0.121390036999912, 10.6891304330001], [-0.121001093999894, 10.689396762], [-0.120450466999898, 10.6896709540001], [-0.12037533299997, 10.6897087620001], [-0.120287919999953, 10.6898622410001], [-0.120105314999932, 10.6900027470002], [-0.119809271999941, 10.6903882030001], [-0.119719470999883, 10.6904580410002], [-0.119633080999961, 10.690610937], [-0.118893015999902, 10.6911820860001], [-0.118457422999938, 10.691395766], [-0.11755199199996, 10.6920112240002], [-0.117430240999852, 10.6921011940001], [-0.117301441999928, 10.6922196900002], [-0.116673608999861, 10.6926171710001], [-0.116092473999913, 10.6931501770002], [-0.115857962999939, 10.6933038460002], [-0.114981419999935, 10.69332555], [-0.114691164999954, 10.6933882310001], [-0.113343339999915, 10.6937156180001], [-0.11265143199995, 10.6940342170001], [-0.112260725999931, 10.6942141210001], [-0.111892397999952, 10.6944006820002], [-0.111675901999888, 10.6945748640002], [-0.111476175999883, 10.694743785], [-0.110922282999979, 10.695486309], [-0.110313421999933, 10.695966863], [-0.109941298999956, 10.696486673], [-0.109351794999952, 10.6970168860001], [-0.109211688999835, 10.697283811], [-0.109174723999956, 10.6975372510001], [-0.109210313999881, 10.6977550720001], [-0.109396439999841, 10.6979512730001], [-0.109674521999921, 10.698147738], [-0.110058362999894, 10.6983885980001], [-0.110193046999939, 10.699025602], [-0.109806359999936, 10.699760332], [-0.109221463999916, 10.700618514], [-0.108600838999905, 10.701305724], [-0.107750149999958, 10.7018012870001], [-0.106759530999966, 10.7020473140001], [-0.105055764999975, 10.7024447970001], [-0.104335692999882, 10.7028313170001], [-0.104501091999964, 10.7034436070001], [-0.10462160599991, 10.704157737], [-0.104430621999938, 10.7046670360002], [-0.103989128999899, 10.7050791560001], [-0.103347826999936, 10.7052095980001], [-0.102701436999951, 10.705174668], [-0.10194006699993, 10.7053874390002], [-0.101388299999826, 10.705394117], [-0.100879330999817, 10.706007222], [-0.10014547499992, 10.7063385710002], [-0.099503478999907, 10.706595776], [-0.099291760999904, 10.7066805970001], [-0.098368112999935, 10.7071133640001], [-0.09768945299993, 10.707624002], [-0.096683012999961, 10.708723456], [-0.095847438999954, 10.709523007], [-0.095058033999976, 10.7097880410001], [-0.094239201999926, 10.7096396000002], [-0.093986923999921, 10.7097058960002], [-0.093647972999918, 10.7097949690001], [-0.092927271999883, 10.7103826390001], [-0.092395926999927, 10.7110149530002], [-0.091692728999817, 10.7113381030001], [-0.090883874999861, 10.711581022], [-0.090398038999979, 10.711902047], [-0.090596181999956, 10.7091393790001], [-0.088517449999813, 10.706301526], [-0.083293881999964, 10.6982350680001], [-0.078427974999897, 10.6906353640002], [-0.076291522999952, 10.6852172660001], [-0.073932307999883, 10.6793327290002], [-0.072507109999833, 10.6760459460001], [-0.07162318099995, 10.673804234], [-0.071749159999911, 10.6730746180001], [-0.071799432999967, 10.6727834680001], [-0.071665562999897, 10.6725612770002], [-0.071556538999971, 10.6715406990001], [-0.071215588999905, 10.6709177960001], [-0.070752788999869, 10.670384981], [-0.070525007999947, 10.6701237140002], [-0.070341064999923, 10.6698921890001], [-0.070274026999869, 10.6697113180002], [-0.070093075999921, 10.6692544290001], [-0.070060490999879, 10.6690635450001], [-0.069987421999883, 10.668811161], [-0.069969702999913, 10.6687311320001], [-0.069956501999911, 10.668441779], [-0.07015473499996, 10.667389611], [-0.070180718999893, 10.667090672], [-0.070196649999957, 10.666801719], [-0.070180011999923, 10.6666352570001], [-0.070077122999919, 10.6661270820001], [-0.069991997999921, 10.6659284970001], [-0.069917908999912, 10.665553474], [-0.070040476999907, 10.665103247], [-0.070163043999969, 10.6646530200001], [-0.070229304999941, 10.6635542010001], [-0.070265729999903, 10.6629501740001], [-0.070333644999948, 10.6628373630001], [-0.070400218999964, 10.662702542], [-0.070440128999962, 10.6625904770001], [-0.070402191999904, 10.662052154], [-0.070442955999908, 10.6616587180002], [-0.070410980999952, 10.6614513920001], [-0.070379716999923, 10.661195], [-0.069977991999906, 10.6604469560001], [-0.069639302999974, 10.6600435870001], [-0.06954252099996, 10.6597249520001], [-0.069172286999958, 10.658777238], [-0.069098576999977, 10.6582782000001], [-0.069040477999977, 10.6581429880001], [-0.069060683999965, 10.6578704990002], [-0.069022906999919, 10.6577364390001], [-0.06888480799995, 10.6573384900001], [-0.068812545999947, 10.657050971], [-0.068546325999932, 10.6564968640001], [-0.068268826999883, 10.6560178800001], [-0.068079744999977, 10.6556915080001], [-0.067926049999869, 10.6553837670002], [-0.067753720999974, 10.6546149370001], [-0.067723255999965, 10.654272533], [-0.067709970999942, 10.6540602880002], [-0.067951014999892, 10.6535869900001], [-0.067939815999921, 10.653474552], [-0.067995628999938, 10.65334598], [-0.067974270999969, 10.6531811120001], [-0.067865918999928, 10.6529390980001], [-0.067768737999927, 10.6528370190001], [-0.067548263999868, 10.652723192], [-0.067340091999881, 10.6525991940001], [-0.067257641999959, 10.6525500840001], [-0.067068890999906, 10.6522359430001], [-0.066944790999855, 10.6521288760001], [-0.066777399999864, 10.6519740470001], [-0.066719353999929, 10.6518222990002], [-0.066760924999926, 10.6509791160001], [-0.066644606999887, 10.6507500290001], [-0.066220101999932, 10.6501700240001], [-0.066221368999948, 10.649753886], [-0.066010560999928, 10.6494473530001], [-0.065885704999971, 10.6493800730001], [-0.065788117999887, 10.649302005], [-0.065721458999974, 10.649234286], [-0.065693371999942, 10.6488511310002], [-0.065733497999929, 10.648740289], [-0.065704539999899, 10.6486203900002], [-0.065655858999946, 10.6484755270002], [-0.065087653999854, 10.647854444], [-0.064644922999889, 10.64685824], [-0.064083019999941, 10.6465699500002], [-0.063949644999923, 10.6464538040001], [-0.063833564999925, 10.6461475520001], [-0.063835666999978, 10.6454585810001], [-0.063683370999911, 10.6451522220001], [-0.063586212999951, 10.6450361840001], [-0.063483871999949, 10.6447933580001], [-0.063530742999887, 10.644041136], [-0.063453197999877, 10.6438893290002], [-0.063434166999912, 10.6437349420001], [-0.063223718999893, 10.6433126600001], [-0.063121881999905, 10.6429044810002], [-0.063047610999888, 10.641680637], [-0.06299808599988, 10.6414765520001], [-0.062746833999881, 10.6411878100002], [-0.062573350999912, 10.6409778430001], [-0.062043399999936, 10.6402666130001], [-0.061891089999961, 10.6399657640001], [-0.061828570999921, 10.639455734], [-0.061602911999898, 10.6389982690001], [-0.061613700999828, 10.6386586350001], [-0.061595107999892, 10.6383609420001], [-0.061571284999957, 10.6381796700002], [-0.061493962999975, 10.638001914], [-0.06141013499996, 10.6378092070001], [-0.06135097899994, 10.6373984150001], [-0.061329789999945, 10.6370448800001], [-0.061324297999931, 10.6369532420001], [-0.061281814999973, 10.6367243750001], [-0.061260572999913, 10.6366099420001], [-0.060808043999941, 10.6360932330001], [-0.060684029999891, 10.635650539], [-0.060544118999871, 10.6349404750001], [-0.06057230499988, 10.63461852], [-0.060568073999889, 10.6344562440001], [-0.060539854999888, 10.63434962], [-0.060446691999971, 10.6340031760001], [-0.060311000999945, 10.633735447], [-0.060235899999952, 10.633696639], [-0.060094677999928, 10.6334151140001], [-0.059295168999938, 10.6323556990001], [-0.055526640999972, 10.6314504420001], [-0.053120311999976, 10.6307500880001], [-0.041041284999949, 10.6284608450001], [-0.026736135999897, 10.6255528730002], [-0.02188310799994, 10.6247201860001], [-0.016652322999846, 10.6235682850001], [-0.015665280999883, 10.6235197710002], [-0.015804080999828, 10.6231908890001], [-0.015827438999963, 10.6230660490001], [-0.015798514999972, 10.6229227920001], [-0.015713304999963, 10.6228612880001], [-0.015702297999951, 10.6227136290001], [-0.015679848999923, 10.6225545780002], [-0.015680357999884, 10.6223956000002], [-0.015738442999975, 10.6221800220001], [-0.015831254999853, 10.6218737080001], [-0.015786828999978, 10.6214079840001], [-0.015626669999961, 10.6212371460001], [-0.015489287999969, 10.621123158], [-0.014640582999903, 10.6208933830001], [-0.014545522999867, 10.6208368560002], [-0.014441489999967, 10.6206740670001], [-0.014243974999886, 10.6203649980002], [-0.014157, 10.6199506950001], [-0.013913094999964, 10.619297285], [-0.013673911999945, 10.6189738490001], [-0.013289336999946, 10.618543125], [-0.013234067999974, 10.6183438400001], [-0.013280354999893, 10.6178572660002], [-0.013182097999959, 10.617115819], [-0.013093603999891, 10.6168168720001], [-0.012614394999957, 10.6163175880001], [-0.012201637999908, 10.6160176230001], [-0.01178845499993, 10.615850398], [-0.011486731999923, 10.6157941400002], [-0.011325763999935, 10.6157985390001], [-0.01119283099996, 10.6157897230001], [-0.010829227999977, 10.615975975], [-0.010464495999884, 10.616389644], [-0.010338259999912, 10.6165275180001], [-0.010030322999853, 10.6166648220001], [-0.009862644999941, 10.6166504670001], [-0.009694476999869, 10.6167882090001], [-0.009512642999937, 10.616829118], [-0.009455852999906, 10.61676277], [-0.009149332999868, 10.616800319], [-0.008967766999945, 10.6167582650001], [-0.008800800999893, 10.616522676], [-0.008723083999939, 10.6162501880001], [-0.008584779999978, 10.616153442], [-0.008438917999968, 10.6160514090001], [-0.008468296999922, 10.615609031], [-0.00811876299997, 10.6156489560001], [-0.007811295999943, 10.6156346130001], [-0.007153001999882, 10.6160611780001], [-0.006985412999882, 10.616019167], [-0.006551818999981, 10.616114588], [-0.006609778999973, 10.61547872], [-0.006582851999895, 10.615160609], [-0.006458041999963, 10.614856016], [-0.006276611999965, 10.61477248], [-0.005996494999977, 10.6149513480001], [-0.005688201999931, 10.6151992630001], [-0.005380041999956, 10.6154056970001], [-0.004835034999871, 10.6153763180001], [-0.004530489999979, 10.6152837630001], [-0.004094576999876, 10.6152771830001], [-0.00364799099998, 10.6150683600002], [-0.003089007999904, 10.615038934], [-0.003019347999896, 10.6149695770001], [-0.002950001999977, 10.614803431], [-0.002964426999881, 10.6146652050001], [-0.002993230999891, 10.6144025790001], [-0.003007834999948, 10.6142090450001], [-0.002895856999828, 10.6141245390002], [-0.002614504999883, 10.6139276380001], [-0.00183571599996, 10.6136107580002], [0.000357191000035, 10.6131613200001], [0.009070387000122, 10.6106169440001], [0.030099563000135, 10.6047414160001], [0.034319943000128, 10.6035098690001], [0.04125026100013, 10.6015587680001], [0.041572164, 10.6009523220001], [0.041503027999966, 10.6003221820001], [0.041244173000166, 10.5995569170001], [0.041243530000031, 10.5993667670002], [0.041328149000151, 10.5988539030002], [0.041060242000128, 10.598477238], [0.040966463000075, 10.5983453470002], [0.040813496000112, 10.5981303640001], [0.040885079000077, 10.5979824840001], [0.041209897000158, 10.5979004130002], [0.041498485000034, 10.5978379640001], [0.041700431000038, 10.5977940900001], [0.041786974000047, 10.597708233], [0.041816172000154, 10.5974489330001], [0.04191331200002, 10.5973523950001], [0.04206627800005, 10.597277358], [0.04243394000008, 10.597256771], [0.04259559500008, 10.5971707570002], [0.042730129000176, 10.597099384], [0.042820257000187, 10.5969309060001], [0.042768440000032, 10.5964350280001], [0.042973195000059, 10.596029243], [0.042841420000059, 10.5957761430001], [0.042660058000138, 10.5956858010001], [0.042536668000082, 10.595440941], [0.042682825000156, 10.595005035], [0.04277458700011, 10.5949578820001], [0.042813070000022, 10.594806184], [0.042767645000083, 10.594552798], [0.04287796400007, 10.5942272450002], [0.043119622000177, 10.5940266470001], [0.043353391000039, 10.593830619], [0.044051563999972, 10.5934402510001], [0.044513554000048, 10.5931774790002], [0.045014476000063, 10.593022248], [0.045236912000178, 10.592648304], [0.045445938000057, 10.5924953900001], [0.046463940000137, 10.5920768300001], [0.046814165000058, 10.5918579570001], [0.047097325000038, 10.5915759210002], [0.047191056000031, 10.5912890040001], [0.047263234000184, 10.591217112], [0.047625038999968, 10.5911277230001], [0.047816587000057, 10.5909369340001], [0.048002190000034, 10.590635931], [0.048157845000048, 10.5905389600001], [0.048697822, 10.5904214180001], [0.048853421000047, 10.5903079120001], [0.049025208000103, 10.5900400250001], [0.049005185000169, 10.5898857650001], [0.04871412500006, 10.5894816270001], [0.048713554000074, 10.5893135240001], [0.04879050500017, 10.5890073710001], [0.049051442000177, 10.588744699], [0.049657891000152, 10.5885167020001], [0.050141077000148, 10.5880824280001], [0.050294077000046, 10.588024046], [0.05048977600012, 10.5882355920001], [0.050490686000046, 10.588502904], [0.050569137000025, 10.5886376780002], [0.050683526000171, 10.588692414], [0.050839443000029, 10.5886726030001], [0.051088307000043, 10.588137143], [0.051224265000087, 10.587982363], [0.051537420000159, 10.5879220690002], [0.051850574000127, 10.5878617730002], [0.052033582000149, 10.58761865], [0.052188511000111, 10.58730948], [0.052177983000092, 10.587080783], [0.052167454000028, 10.586852084], [0.052029994000065, 10.5865659380001], [0.052029467000068, 10.5864116130001], [0.052184472000022, 10.5861244890002], [0.052598561000082, 10.585850281], [0.052918239000064, 10.585661817], [0.053691922000041, 10.5854690800002], [0.054232085000081, 10.5854094030001], [0.054462808000096, 10.5852735960001], [0.054598773000066, 10.5851215710001], [0.054684394000105, 10.584909086], [0.054945634000035, 10.5847373510001], [0.055155879000154, 10.5843150060001], [0.055311142999983, 10.5841050440001], [0.055466859000092, 10.5840273600001], [0.055775967000102, 10.5840070350001], [0.056006755000169, 10.583890517], [0.05608449000016, 10.5838158490001], [0.056236760000104, 10.5835452690001], [0.056235290000188, 10.583115365], [0.056233818000067, 10.5826854620001], [0.056291782000073, 10.5825309420001], [0.056505603000062, 10.5823400740001], [0.056658532000029, 10.5822623990002], [0.056775052999967, 10.5821269730001], [0.056888469000114, 10.5818978600001], [0.056769158000122, 10.5804046030001], [0.056855865000102, 10.580099622], [0.056998377000184, 10.579830625], [0.057325931000094, 10.5795043400001], [0.057816145000174, 10.5786897290001], [0.057926821000081, 10.5784744040002], [0.058037496000054, 10.5782590790002], [0.058305045000111, 10.577492063], [0.058302948000176, 10.5768802770002], [0.058355180000092, 10.576678927], [0.058600312000124, 10.576279889], [0.058845444000156, 10.5758808500001], [0.058796167000082, 10.575318828], [0.059029893000059, 10.5744361810001], [0.059029137000152, 10.5742157180001], [0.058950431000028, 10.574006539], [0.058949903000155, 10.5738522150001], [0.05912719600002, 10.5735705260001], [0.059762542000158, 10.5728463680001], [0.060028573000068, 10.5724513930002], [0.060086543000068, 10.5722996280002], [0.060104726000077, 10.5719165080001], [0.06004577300007, 10.5717816700001], [0.059911562000082, 10.5716305510001], [0.05975990200011, 10.5712645360001], [0.059831080000151, 10.5709032840001], [0.059810800000093, 10.570674619], [0.059712920000152, 10.570559204], [0.059653381000089, 10.570253507], [0.059672349000095, 10.570099117], [0.060076240000171, 10.5692958180001], [0.060095339999975, 10.569180009], [0.060094244000084, 10.568860337], [0.059855365000146, 10.568238324], [0.059835472000145, 10.5681226460001], [0.059815579000031, 10.5680069680001], [0.059958964999964, 10.5675848460001], [0.060252579000121, 10.5671126140001], [0.06031850700009, 10.5668450790001], [0.060281185000179, 10.566520017], [0.060315965000029, 10.5661037710001], [0.06056828200002, 10.5657722250002], [0.060626242000069, 10.565617705], [0.060480429000165, 10.5653315890001], [0.060507761999986, 10.565179927], [0.060815006000041, 10.5646222190001], [0.06083394500007, 10.564459562], [0.060852883000052, 10.5642969050001], [0.060851636000052, 10.5639331410001], [0.06077313100019, 10.5637818350002], [0.0607726020001, 10.5636275100001], [0.06050354700011, 10.5625709030002], [0.060439886999973, 10.561630656], [0.080696583000019, 10.5539170080001], [0.117700054000068, 10.5412948850001], [0.127947525000025, 10.5300409750001], [0.142636715000037, 10.526618838], [0.143552151000108, 10.5256565330001], [0.143609848000153, 10.5254441310001], [0.14358993400009, 10.5253298390001], [0.143570019000151, 10.525215547], [0.143520901000159, 10.525111006], [0.14347178200012, 10.5250064640001], [0.1434148190001, 10.5246622], [0.14343345900005, 10.5244306490001], [0.143242190000137, 10.5239132570001], [0.143274632000157, 10.523648587], [0.143523206999987, 10.5230910270001], [0.143639323, 10.5228618810002], [0.143888749000041, 10.5225358020001], [0.144144069000049, 10.522297885], [0.144363158000147, 10.5220518330001], [0.144582246000141, 10.521805779], [0.144796028000087, 10.521631396], [0.14519771700003, 10.5210622590001], [0.145197198000062, 10.5209217180001], [0.145121595000091, 10.5208090050001], [0.145023918000106, 10.5207514870002], [0.144793001000096, 10.520810191], [0.144656967, 10.5209236680001], [0.144425706000163, 10.5208886780001], [0.144189253000036, 10.5202005920002], [0.144321466000065, 10.519806042], [0.14463239600002, 10.5195458780001], [0.14478756699998, 10.5193358810001], [0.144919605999974, 10.518894484], [0.145247284000106, 10.5186452830001], [0.145382890000121, 10.518416065], [0.145401956000114, 10.518300255], [0.145323141000063, 10.5180718110001], [0.145244815000183, 10.5179756430002], [0.145224053000049, 10.517631248], [0.145704987000045, 10.5166539740001], [0.145734135000168, 10.5162515280001], [0.14568344200012, 10.516097389], [0.145605197000123, 10.516023266], [0.145256760000166, 10.5159280730001], [0.144908039000029, 10.5157557180001], [0.144676710000169, 10.5157014390001], [0.14438375300017, 10.515548173], [0.144309473000078, 10.515416164], [0.14423500800018, 10.5152893440001], [0.144267934000084, 10.5151007790001], [0.144300674000135, 10.5149174040002], [0.144403138000087, 10.5147627110001], [0.144508782000116, 10.5147154820002], [0.144614425000043, 10.5146682540001], [0.144845622000105, 10.5146867100001], [0.145620951000012, 10.515009091], [0.145796455000152, 10.5150277480001], [0.14602729600017, 10.5149497530001], [0.146163245000139, 10.5148142290001], [0.146284418000107, 10.5144472760002], [0.146856232000175, 10.51395193], [0.147008533000076, 10.513719896], [0.14712514200005, 10.5136257790002], [0.147355910000158, 10.5135284930001], [0.147433524000178, 10.513431761], [0.147471664000136, 10.5132028960001], [0.147393339000132, 10.513106727], [0.147181280000098, 10.5129917520002], [0.146558650999964, 10.5125448140001], [0.146188855000105, 10.5119426390002], [0.146112685000048, 10.5116756060002], [0.146029269000053, 10.5109538990001], [0.145914166000068, 10.510700785], [0.14581906300009, 10.510585386], [0.145720332000167, 10.5102412730001], [0.145719488999987, 10.5100125490001], [0.145832815000176, 10.509783411], [0.14606600999997, 10.5095896670002], [0.146220982000045, 10.50932731], [0.146308952000027, 10.508263271], [0.146369248000042, 10.5080012560001], [0.146677991000104, 10.5071513680001], [0.146847839000088, 10.506392922], [0.14686228100004, 10.505778336], [0.146939406000115, 10.5055493300001], [0.147152617000131, 10.5052233800001], [0.14763335900011, 10.504954334], [0.147847129000183, 10.5047799500002], [0.148037645000159, 10.5043410960001], [0.147986076000052, 10.5029924980001], [0.14799609500011, 10.502786845], [0.14792194000006, 10.5024152400001], [0.147516807000045, 10.5020432990001], [0.147111673000097, 10.5016713570001], [0.147110677000171, 10.5014012970001], [0.147362382000154, 10.5009429320002], [0.147429032000161, 10.5008944650001], [0.147495683000045, 10.500845999], [0.147612063000111, 10.500691257], [0.147747732000028, 10.500481329], [0.147841562000167, 10.500252262], [0.148149514000067, 10.49994526], [0.148691639000106, 10.4997118170002], [0.148833130000128, 10.4995707620001], [0.149133129000177, 10.4986189410001], [0.14967946600018, 10.4981733040001], [0.149832240000023, 10.498024421], [0.149876270000107, 10.4979098770001], [0.149963120000052, 10.4977563340001], [0.150079665000021, 10.497614379], [0.150200965000067, 10.4975568350002], [0.15077167100003, 10.4974473280001], [0.150962944000185, 10.4972151520001], [0.151020145000189, 10.4968704750001], [0.150999665000086, 10.4966032410002], [0.150844257000188, 10.4959920260001], [0.150454670000045, 10.4953044980001], [0.150337224000054, 10.495169891], [0.15023588400004, 10.4948726360001], [0.15033475000007, 10.4945002510001], [0.150431646000072, 10.4943483350001], [0.150565347000054, 10.4939840910002], [0.150699049000082, 10.493619847], [0.150951623000026, 10.492646152], [0.151272447999986, 10.4920580140001], [0.151779604000069, 10.491408575], [0.151908943000024, 10.4909947430001], [0.151908444000071, 10.4908597130001], [0.151601152000012, 10.4898356850001], [0.151555297000073, 10.4894831150001], [0.151436722000085, 10.489042623], [0.151358199000072, 10.4888913410002], [0.151204629000176, 10.4887761540001], [0.151048774000174, 10.4887960090001], [0.150892775000102, 10.4887772830001], [0.150739135000038, 10.4886428070002], [0.150758066000094, 10.4884911720002], [0.150816039000176, 10.4883559310001], [0.15079598900013, 10.488204436], [0.150698036000108, 10.488069759], [0.150658485000122, 10.4879155790001], [0.150657355000021, 10.4876096950002], [0.15071526700018, 10.487457919], [0.151222693000079, 10.4868828850001], [0.151324565000152, 10.4865711160001], [0.151262612999972, 10.4860064100001], [0.151308179000011, 10.4859042830001], [0.151483218000067, 10.4858016860001], [0.151742166000133, 10.485800749], [0.152074718000108, 10.4861274800002], [0.152420165000024, 10.486175831], [0.152458402000093, 10.485974523], [0.152304049000179, 10.4856471470001], [0.152295084000059, 10.485481834], [0.152452146000087, 10.4854123720002], [0.152609209000047, 10.4853429090002], [0.152734220000184, 10.4852652950001], [0.152926530000116, 10.485315579], [0.153118841000094, 10.485365864], [0.153272073000153, 10.4853901100001], [0.153374351000082, 10.485188569], [0.153423531000101, 10.4849348620001], [0.153525992000141, 10.4847829240001], [0.153704190000155, 10.4847822780001], [0.154010471000163, 10.4847811670001], [0.154088250000086, 10.484731281], [0.154215952000186, 10.4846288550001], [0.154533340000171, 10.4846194360001], [0.154596155000149, 10.4842885180001], [0.154646454000101, 10.4835856180002], [0.154720529000087, 10.4832877280001], [0.15477525700004, 10.4830284890002], [0.154774915000189, 10.482936173], [0.154774573000168, 10.4828438560001], [0.154643086000021, 10.4826762320001], [0.154473996000036, 10.4828807720001], [0.154232033000028, 10.4829560540001], [0.154025654000066, 10.482865863], [0.153966836, 10.4827723810001], [0.154135926000151, 10.482567841], [0.154285730000083, 10.4824184870001], [0.154265618000068, 10.48225046], [0.154124702000104, 10.4821682980001], [0.153983785999969, 10.4820861360001], [0.153666096000165, 10.4820128830002], [0.15332864100003, 10.481865295], [0.153294728000162, 10.4817303860002], [0.15348345200016, 10.481564357], [0.153444762000163, 10.4812668760002], [0.153708014000074, 10.481301746], [0.153780132000179, 10.4812270790002], [0.153779102000101, 10.4809487520001], [0.153893260000132, 10.4809483380001], [0.154119688000037, 10.481190024], [0.15423113300011, 10.4812089090001], [0.15426976700013, 10.4811150730001], [0.154268940000122, 10.4808918610001], [0.154248134, 10.4805364440001], [0.154556409, 10.4803231330001], [0.154961368000045, 10.479902789], [0.155037370000116, 10.4797495690001], [0.15511337300012, 10.4795963490001], [0.155112801000087, 10.4794420290001], [0.155025813000123, 10.4792604650002], [0.154861151000034, 10.4791563430001], [0.154551806000086, 10.4790803040001], [0.154283676000091, 10.478855305], [0.154221064000069, 10.4784890170001], [0.15421957500007, 10.478086681], [0.154257985000015, 10.4779322200001], [0.154371364999975, 10.4777223710001], [0.154574303000118, 10.477636207], [0.154777241000033, 10.477550043], [0.154933223000114, 10.477566012], [0.155714155000055, 10.4779214260001], [0.15605589400019, 10.4777231490002], [0.156397632000051, 10.4775248720002], [0.156692768000141, 10.477523799], [0.1570012520001, 10.4773683570001], [0.157336659, 10.4769647970001], [0.157751254000118, 10.4761420760001], [0.158188121000137, 10.4760688380001], [0.158426198000029, 10.4756987010002], [0.158734332000108, 10.4754495620001], [0.158810327000083, 10.4752949640001], [0.158886321000182, 10.4751403650001], [0.158905386000072, 10.4750259320002], [0.158924450000029, 10.474911499], [0.158921605000103, 10.4741454100002], [0.158960022000144, 10.473993704], [0.159189641000069, 10.4735960410001], [0.159189099000173, 10.473449988], [0.159188556000061, 10.473303935], [0.159072262, 10.4727284060002], [0.158993738999982, 10.4725771260001], [0.158991467000021, 10.4719653570002], [0.158913222000024, 10.471888481], [0.158834976000094, 10.4718116040002], [0.158720822000078, 10.4718120200002], [0.158391462000168, 10.4719675400001], [0.158062102000088, 10.4721230590001], [0.158014304000062, 10.4719978470002], [0.157966507000083, 10.4718726330001], [0.157984861000045, 10.4715666780001], [0.157945380000058, 10.4714317900002], [0.157596072000104, 10.47108859], [0.157497776000127, 10.4708602200001], [0.157478, 10.470783131], [0.157458224000038, 10.4707060410001], [0.157496641000137, 10.4705543350001], [0.157699573000059, 10.4704681700002], [0.157941688999983, 10.4704369770002], [0.158058198000163, 10.4703208120001], [0.158114778000026, 10.4701869520002], [0.158171360000097, 10.470053093], [0.15791051399998, 10.469538714], [0.157841301000019, 10.4688941200001], [0.157611988000156, 10.4686235120001], [0.157382676, 10.468352903], [0.157315364000112, 10.4682208710001], [0.157314792000079, 10.4680665510002], [0.157391830000051, 10.467818253], [0.157332789000066, 10.4676641460002], [0.157215434000022, 10.4675515860001], [0.157059446000119, 10.4675328620002], [0.156809195000108, 10.4676219550001], [0.156364803000088, 10.467915678], [0.15621181400013, 10.4679548130002], [0.15596123500012, 10.4679557220001], [0.155495853000161, 10.4678444250001], [0.155356286000028, 10.4677484790001], [0.155263632000185, 10.4675393780001], [0.155207132000157, 10.467319122], [0.155106645999979, 10.4672505920001], [0.154914260000055, 10.467176884], [0.154658398000038, 10.467254973], [0.154488419000074, 10.4672170080001], [0.154409890000068, 10.46706297], [0.154428809000137, 10.4669085790001], [0.154215518000171, 10.4664518960001], [0.15417533700014, 10.4661268620002], [0.15432151400006, 10.46575155], [0.154500826000117, 10.4653017120001], [0.154634110000131, 10.4652047780001], [0.154789821000179, 10.465149099], [0.154983144000084, 10.4651001720001], [0.15517646700016, 10.465051246], [0.155309751000175, 10.4649543120001], [0.155426126000123, 10.4648023230001], [0.155715314000076, 10.4639497460001], [0.156094818000042, 10.4626752110001], [0.156268945000136, 10.4623301100001], [0.156422003000046, 10.4623102650001], [0.156500030000188, 10.462329272], [0.156790288000025, 10.462518366], [0.15702500499998, 10.462746242], [0.157178205000093, 10.4627649760002], [0.157333843000174, 10.462690006], [0.157372250000037, 10.462535544], [0.157331852000084, 10.462152641], [0.157386973000087, 10.4620008750001], [0.15777318500011, 10.461787279], [0.158140131000096, 10.4616343800001], [0.158848527000089, 10.4612101760001], [0.159415717000115, 10.4609986770001], [0.159838119000085, 10.460784947], [0.160051648000035, 10.460555443], [0.160204490000069, 10.4604777260001], [0.160380178000082, 10.4605542480001], [0.16041971900006, 10.460705671], [0.160498033000124, 10.4608018370002], [0.160651448000124, 10.4608784390001], [0.16088231700013, 10.4608197280002], [0.161018308999985, 10.4607034910001], [0.161117248000096, 10.4603559060001], [0.161286948000111, 10.4603194630001], [0.161674087000108, 10.460356634], [0.161829855000178, 10.4603174860002], [0.162142996000057, 10.459922272], [0.162270113000034, 10.4596655250002], [0.162560817000099, 10.4592263000001], [0.162596436000115, 10.4590718480001], [0.162579168000093, 10.4589203450001], [0.162227872000187, 10.4580397850001], [0.162090528000022, 10.4577922680002], [0.161914267000043, 10.457561428], [0.16176000400003, 10.4572561010001], [0.161679775000039, 10.4566446160001], [0.161677501000042, 10.4560328480001], [0.161755312000139, 10.455993984], [0.161908437000136, 10.4559934260001], [0.162393651000116, 10.456201095], [0.162673086000041, 10.456475653], [0.162803052000129, 10.4569849920001], [0.162995873000057, 10.4571771920001], [0.163090348000139, 10.457127244], [0.163241087000074, 10.4568593870001], [0.163391825000133, 10.4565915300001], [0.16361373400008, 10.4563702600001], [0.163591824000036, 10.4557199820001], [0.163627442000177, 10.455565531], [0.163976627000181, 10.4551316040001], [0.164168277000044, 10.4550096520001], [0.164245657000038, 10.4548550480001], [0.164206043000149, 10.454684336], [0.163976147000142, 10.4542552770001], [0.164067345000035, 10.4540730660001], [0.164452906000065, 10.4536886090002], [0.164682916000061, 10.4534011720001], [0.164838609000071, 10.4533427330001], [0.165181306000136, 10.453410375], [0.165704394000045, 10.453323036], [0.166691513000103, 10.4522446870001], [0.167460764000054, 10.451723794], [0.167808133000108, 10.4515516660002], [0.168467027000077, 10.4513012370002], [0.16860094000009, 10.4513751520001], [0.16877705700017, 10.4515674090001], [0.168892057999983, 10.451795715], [0.168931612000108, 10.4519498920001], [0.169171097000117, 10.4523361960001], [0.169410582000125, 10.4527225010002], [0.169728646000124, 10.4529032140001], [0.169881770000188, 10.4529026530001], [0.170037244000071, 10.452786342], [0.170388767000134, 10.45223666], [0.170847755000068, 10.4521330140001], [0.170981028000028, 10.4520360740001], [0.171205164000071, 10.451668737], [0.171267918000126, 10.4513267950001], [0.17136479100003, 10.4511748730002], [0.171520409000152, 10.4510971410002], [0.171673460000079, 10.4510772890001], [0.171982561, 10.4510954440001], [0.172060369000064, 10.4510565780001], [0.172181969000178, 10.4508163820001], [0.172116614000174, 10.4504638870001], [0.172038154000063, 10.450329143], [0.171998610000173, 10.4501777230001], [0.17211570000012, 10.4494773340002], [0.172261488000061, 10.449005566], [0.172167838000178, 10.4485319230002], [0.172166970999967, 10.448300443], [0.172281317000056, 10.4476110880001], [0.172355484000036, 10.4473435090001], [0.172484422000082, 10.4468332230001], [0.172313564000149, 10.4465582750001], [0.172140739000156, 10.4465010390002], [0.171871269000064, 10.4466563510001], [0.171813455000063, 10.4468301740001], [0.171814239000128, 10.4470396080001], [0.171687114000179, 10.4472908470001], [0.171466671000132, 10.447156625], [0.171368725000036, 10.4470219530001], [0.171309405000102, 10.4467934440001], [0.17128877100015, 10.4464876310001], [0.171213097000134, 10.4463528780001], [0.17105712100016, 10.4463341600001], [0.170807066000179, 10.4464701090001], [0.170517601000142, 10.4464904600001], [0.170361552000088, 10.4464524520001], [0.170205287000044, 10.4463565730001], [0.170188077000034, 10.4462216040001], [0.170242974000075, 10.4460119660001], [0.170624208000163, 10.4452196700001], [0.170698272000038, 10.4449245340001], [0.17054698700008, 10.4446715600001], [0.170393579000176, 10.4445949620001], [0.170237821000057, 10.4446341130001], [0.170123965000073, 10.4447116910001], [0.169970221000142, 10.4449175580002], [0.16981647700004, 10.4451234240001], [0.169563381000046, 10.4451904890001], [0.169448742000043, 10.445058633], [0.169447023000032, 10.4445984290001], [0.169368493999968, 10.4444443950002], [0.168980377000139, 10.4441399280001], [0.168630237000116, 10.443568014], [0.168601986000169, 10.4434578880002], [0.168995931000154, 10.4430871760001], [0.169131636000088, 10.4428965330002], [0.169014205000053, 10.4427619310001], [0.168336135000118, 10.4423455380002], [0.167599736, 10.4419651820001], [0.167309628000169, 10.4418119200001], [0.167153510000048, 10.441754621], [0.166785029000039, 10.4414886590001], [0.166706514000168, 10.44133738], [0.166803449000099, 10.441201994], [0.167346034000161, 10.4411228510002], [0.167571113000065, 10.4410090420001], [0.168077534000133, 10.440191489], [0.168229480000093, 10.439876778], [0.168267879000155, 10.439722316], [0.16838395100018, 10.4394931640001], [0.16849758900014, 10.4393577170001], [0.168613373000142, 10.4390514060001], [0.16863229400002, 10.4388997700001], [0.168302781000023, 10.4386309130001], [0.168106476000048, 10.438248581], [0.168074949000186, 10.4380061900001], [0.168453327, 10.4379414240001], [0.168764562000092, 10.4377887200001], [0.169052948000171, 10.4374817770002], [0.169160894000072, 10.4373132820002], [0.169127106000076, 10.437211443], [0.168934881999974, 10.4371763210001], [0.168470315000036, 10.4372717160001], [0.168316984000057, 10.4372144050001], [0.168257955000058, 10.4370630550002], [0.169067714000164, 10.4362168350002], [0.169181288000118, 10.4360648530002], [0.169527127000038, 10.4354876360001], [0.169573084000035, 10.4351209540001], [0.169738637000137, 10.434723521], [0.169948350000027, 10.434223962], [0.169947784000158, 10.4340723980001], [0.169809366000038, 10.433535534], [0.169857446000151, 10.4333645020001], [0.170061918000158, 10.4333251730001], [0.170371568, 10.433494895], [0.17070021100011, 10.433532273], [0.170853036999972, 10.4334545520001], [0.170910933000187, 10.433302774], [0.170871381000097, 10.4331485970001], [0.170756603000029, 10.4329781610001], [0.170211665000011, 10.4324234950001], [0.169939848000183, 10.4319477460001], [0.169915360000118, 10.4306085420002], [0.169836907000104, 10.4304737970001], [0.169547097000134, 10.4303976960001], [0.169327480000163, 10.4304811720001], [0.169276640000021, 10.4302857000001], [0.169295552000165, 10.430131309], [0.169595948000165, 10.4293145080001], [0.169889936000175, 10.4290185680001], [0.170276038000111, 10.428788428], [0.170970928000088, 10.428499287], [0.171666386000027, 10.4283617080001], [0.172303886000066, 10.428359372], [0.172593551000091, 10.4283968900002], [0.172768716000121, 10.428338377], [0.172885215000065, 10.4282249640002], [0.172979071000043, 10.4280124280001], [0.172978504000071, 10.427860864], [0.172804617000168, 10.4275170330001], [0.172862284000075, 10.42730463], [0.172906167000065, 10.4272217960001], [0.173014322000029, 10.427017474], [0.173478789000171, 10.426900029], [0.173612134000109, 10.4268251350001], [0.17367030500003, 10.4267477600001], [0.17370870100018, 10.4265932980001], [0.173669159000099, 10.4264418770001], [0.173476003000133, 10.4261559880002], [0.173436452000146, 10.4260018110001], [0.173494334000111, 10.425847278], [0.173627462000127, 10.4257145130002], [0.173783067000102, 10.4256367810001], [0.174246747000097, 10.4253099020002], [0.174399713000184, 10.4252707600001], [0.174658060000127, 10.4251237560001], [0.174804642000026, 10.4248669340001], [0.174881731000085, 10.424637924], [0.175161057000082, 10.4241463760002], [0.175419279000153, 10.423966304], [0.175575100000174, 10.4239464410001], [0.175842748000093, 10.4240529310002], [0.176660512000069, 10.4246120970001], [0.176872589000141, 10.4247463480001], [0.177416145000166, 10.4249344940002], [0.178343941000037, 10.4251405140002], [0.178557083000044, 10.4251879550001], [0.178770227000143, 10.4252353950001], [0.178923045000147, 10.4251576710001], [0.179039541000179, 10.425044256], [0.179155590000107, 10.424812346], [0.179154150000159, 10.4244293040001], [0.179383484000141, 10.4239710050001], [0.179574840000157, 10.423777398], [0.179838814000163, 10.4236469050002], [0.180387429000177, 10.423699996], [0.180891224, 10.4236788470001], [0.181043969000143, 10.4235818330001], [0.181340589000172, 10.4232500480001], [0.181649298000025, 10.4231717480002], [0.181838347000109, 10.4231049120002], [0.182241477000105, 10.4229656350001], [0.182374515999982, 10.4228108230001], [0.182451891000085, 10.422658972], [0.182468779000089, 10.421969974], [0.182546143000081, 10.4218153670001], [0.182757461000165, 10.4217484480002], [0.18328113300015, 10.4218319410001], [0.183628241000065, 10.4216019300001], [0.183764771000028, 10.4214008930001], [0.183780189000061, 10.4212941040001], [0.183799316000091, 10.42119896], [0.183664396000154, 10.4208549920002], [0.183527263000087, 10.420662598], [0.183468227000162, 10.420509872], [0.183409191000067, 10.4203571470001], [0.183428105000019, 10.4202055120001], [0.183774192000158, 10.4197054440001], [0.183871052000029, 10.419553519], [0.184023795000144, 10.4194565040001], [0.184179757000038, 10.4194752170001], [0.184379813000078, 10.4193752700001], [0.184217138000065, 10.419053451], [0.184275160000027, 10.418937495], [0.184428121000167, 10.4188983490002], [0.184621560000096, 10.418889366], [0.184814999000025, 10.4188803830001], [0.184970670000041, 10.4188219370001], [0.185278292000078, 10.41845704], [0.185336240000083, 10.4183217940002], [0.185316181000132, 10.4181703030002], [0.185080754000069, 10.417749547], [0.18504362900012, 10.4175016690001], [0.185043118000181, 10.4173666400002], [0.185195068000155, 10.41706019], [0.185310374999972, 10.4170018930001], [0.18542568100014, 10.4169435950001], [0.185581570000124, 10.4169430180002], [0.185737750000101, 10.4170196000001], [0.186047974000189, 10.4173436280001], [0.186181885000167, 10.417420292], [0.186337919000096, 10.417458295], [0.186799509000082, 10.417321552], [0.1870613050001, 10.4173536500002], [0.186976406000099, 10.4177232340001], [0.18689860700016, 10.4177621030001], [0.186821456000075, 10.4179718240002], [0.187094772000137, 10.418105842], [0.187752674000023, 10.4183514170001], [0.187867600000118, 10.4185604270001], [0.187965251000094, 10.418617935], [0.188159966000114, 10.4185786320001], [0.188304434000031, 10.4185023130001], [0.188448901000129, 10.4184259940001], [0.18862033500011, 10.418119471], [0.188775201000169, 10.4178488340001], [0.188927950000107, 10.4177545720001], [0.18898589700018, 10.417619325], [0.188881886, 10.4173524060001], [0.188733335000052, 10.417085652], [0.188596421000113, 10.416951129], [0.188654012000143, 10.4167221900001], [0.188789903000099, 10.4165866540001], [0.189098897000122, 10.416585506], [0.189329653000186, 10.4165074890001], [0.189793595000026, 10.4162577490002], [0.189909999000065, 10.4161222860001], [0.189947145000133, 10.416007784], [0.189984292000076, 10.4158932840002], [0.189997173000165, 10.4141516130002], [0.190074542000104, 10.4139997600001], [0.190343610000184, 10.4137479890002], [0.190421051999976, 10.413615425], [0.19038120100015, 10.4133840930001], [0.190283343000033, 10.413271471], [0.190129874000036, 10.4131755910001], [0.189728783000021, 10.4131136990001], [0.189550282000084, 10.4130234230001], [0.189452059000189, 10.4128143520001], [0.189602185000183, 10.412028411], [0.18967955300019, 10.4118765580001], [0.189544924000131, 10.4116097520001], [0.18908725700004, 10.4111498290001], [0.18916631899998, 10.4108698660002], [0.189501296000117, 10.4105299870002], [0.18959435700009, 10.410364761], [0.189460664000137, 10.409942846], [0.189404136000064, 10.409613197], [0.189461497000082, 10.4093443650002], [0.189919239000119, 10.409198865], [0.190172553000139, 10.4091188270002], [0.190325417000167, 10.4090215160002], [0.190437658000121, 10.4088909710001], [0.190499752000107, 10.4086768610002], [0.190479399000139, 10.4084482110001], [0.190495826000131, 10.4081905890001], [0.190575258000138, 10.4080050880001], [0.190573703000098, 10.4076238960002], [0.190494820000083, 10.407376173], [0.190454678000094, 10.407070064], [0.190551576000132, 10.4069345710001], [0.190742415000045, 10.4070168090001], [0.190954634000093, 10.4070485470001], [0.190954219000162, 10.4066662430001], [0.190664138000045, 10.4061324730001], [0.190622272000098, 10.405749818], [0.190660869000055, 10.4056139620001], [0.19081608800002, 10.4054785640001], [0.191046954000115, 10.405458358], [0.19135621700002, 10.405495751], [0.191524845000117, 10.4054740720001], [0.191664718000027, 10.4054562160001], [0.191898501000139, 10.405380738], [0.191983241, 10.4052417310002], [0.191991067000117, 10.4048044200001], [0.191944274000093, 10.404737181], [0.191651169000068, 10.4042957290001], [0.19162127400017, 10.404194627], [0.191658718000099, 10.40379215], [0.191787708999982, 10.403585123], [0.192073740000126, 10.4034546550001], [0.192357852000043, 10.403519074], [0.192692277000049, 10.4035950700001], [0.192833579000023, 10.403627407], [0.192930146000094, 10.4036492900001], [0.19310767900015, 10.4034611790001], [0.193107103000102, 10.4033094870002], [0.193052849000082, 10.4032278050001], [0.192786147, 10.4028274270001], [0.192737618000024, 10.4027547390001], [0.192698072000098, 10.4026033200001], [0.192717454000103, 10.4025253790001], [0.192872891000093, 10.4024477150001], [0.192983610999988, 10.4024940500001], [0.193398771999966, 10.4026754710001], [0.194065312000077, 10.402674861]]]]}, "properties": {"REGION": "North East", "DISTRICT": "Bunkpurugu Nakpanduri"}}, {"type": "Feature", "geometry": {"type": "MultiPolygon", "coordinates": [[[[0.071661939000023, 9.96635398200004], [0.071616938000091, 9.96649050700006], [0.071529681000072, 9.96671543100001], [0.07148942900011, 9.96679361200017], [0.071431614000062, 9.96690590300017], [0.071333547, 9.9670963750001], [0.071159976000104, 9.96757646100002], [0.071078115000034, 9.96804798500017], [0.071018567000067, 9.96854148300014], [0.071100049000052, 9.96880578900016], [0.071181531000036, 9.96907009600005], [0.071447768000155, 9.96972514900017], [0.071711641000036, 9.9705069800001], [0.07195593900002, 9.97125304800005], [0.071966043000145, 9.97179317400014], [0.07190953800017, 9.97236658500009], [0.071826177000105, 9.97322945300004], [0.07166301500007, 9.97434336400011], [0.071534830000076, 9.97510165100005], [0.071511531000169, 9.97562810500011], [0.071580469000025, 9.9758814270001], [0.071649408000098, 9.9761347490001], [0.071754371, 9.97635213000007], [0.071859332000088, 9.97656950900017], [0.071773157000166, 9.97713036100004], [0.071631121000109, 9.97753791900004], [0.071574300000123, 9.97782160700007], [0.071125862000144, 9.97841281200004], [0.070923765000032, 9.97867251700012], [0.070750328000145, 9.97876953000002], [0.070576890000041, 9.97886654400008], [0.070343618999971, 9.97894445800011], [0.069766981000043, 9.97919967300004], [0.069376712000178, 9.97937240100009], [0.068675204000044, 9.9796828800001], [0.06873522900014, 9.98018701900003], [0.068734174000156, 9.98071615800018], [0.068640928000093, 9.98110779600006], [0.068445071000099, 9.98157692900008], [0.068155293000132, 9.9822310080001], [0.068023764000145, 9.98269411900014], [0.067759506000129, 9.98336085700004], [0.067631942000048, 9.98372501000006], [0.067516377000175, 9.98409329500009], [0.067319128000122, 9.98498959800008], [0.067209271000024, 9.98540333600005], [0.06709941400004, 9.98581707500006], [0.066937320000136, 9.98645728600019], [0.066901786000074, 9.98659763100017], [0.066751044, 9.98726228800018], [0.066461375000131, 9.98795219300018], [0.066182602000083, 9.98857316500005], [0.06603156000017, 9.98914687800016], [0.065799706000178, 9.98966297600003], [0.065534311000135, 9.99012406200018], [0.065174085000024, 9.99049175000005], [0.064780416000019, 9.99083474100013], [0.064328963000094, 9.99136256400016], [0.064016409000146, 9.99185687000005], [0.063701521000041, 9.99248898000013], [0.063319981000063, 9.99314335000008], [0.062950123, 9.99397130500012], [0.062891226000033, 9.99415461500018], [0.062636350000105, 9.99494789900007], [0.062475004000078, 9.99577518800004], [0.06247449, 9.99604526900009], [0.062473977000082, 9.99631535100008], [0.062553648000176, 9.99687730300019], [0.062738824000064, 9.99739482400014], [0.062995488000126, 9.99799709900014], [0.063211354000089, 9.99850363200005], [0.06348124900012, 9.99913694700012], [0.063710911000101, 9.99965432500011], [0.064905888000112, 10.000344995], [0.065323506000027, 10.000522793], [0.065741124000112, 10.0007005910002], [0.066712519000134, 10.0010337000001], [0.067467285000021, 10.0014364], [0.068369665000091, 10.001918545], [0.069028573000082, 10.0019136740001], [0.069106293000118, 10.0018748410002], [0.069184077000159, 10.0018553], [0.069299331000082, 10.0018163470001], [0.069531228000187, 10.0017384360002], [0.069645091000098, 10.0016994880002], [0.069800658000077, 10.001660405], [0.07018648900015, 10.001469007], [0.070725412000058, 10.001332235], [0.070920154000021, 10.0013701910001], [0.071074362000161, 10.0013407580001], [0.071189646999983, 10.0013114500002], [0.071267249000016, 10.0012367900001], [0.071420036000177, 10.001197716], [0.071575729000131, 10.001197215], [0.071691203000114, 10.0012257810001], [0.071845537000115, 10.0012349290001], [0.071962434000113, 10.0012731350001], [0.072115346000146, 10.001272643], [0.072231990000034, 10.0012336840001], [0.072423572000048, 10.0011559020001], [0.072617555000022, 10.0009623640001], [0.072695284000133, 10.0009262860001], [0.072770034000143, 10.000829589], [0.072847690000174, 10.0007714640001], [0.072925409999982, 10.0007326310002], [0.073081102000117, 10.0007321290001], [0.073263381000174, 10.000784593], [0.073389961000146, 10.000808299], [0.073543000000143, 10.0008463880001], [0.073814040000173, 10.0008358680001], [0.074006981000082, 10.000748435], [0.074065112000142, 10.0006710820001], [0.074139680000087, 10.000519266], [0.074197874000106, 10.0004612050001], [0.074275593999971, 10.0004223710001], [0.074662045000082, 10.0004211240001], [0.074739764000185, 10.0003822910001], [0.074797831000126, 10.000285646], [0.074911068000176, 10.0000565410002], [0.075085661000116, 9.99988511100003], [0.075238319000164, 9.99980745300019], [0.075624769000171, 9.99980620500008], [0.075780587000054, 9.99984428400012], [0.07593350000019, 9.99984379000006], [0.076011472000062, 9.99988212000005], [0.076242167000089, 9.9998620830001], [0.076320076000059, 9.99988112300002], [0.076475768000137, 9.99988062000011], [0.076553731000104, 9.99991619400004], [0.076628680000169, 9.99988012500012], [0.078018786000086, 9.99987562700011], [0.078174596000167, 9.99991094900003], [0.078327762000072, 9.99998761800009], [0.07848345400015, 9.99998711300009], [0.078676551000058, 9.99994790500006], [0.078869649000069, 9.99990869700002], [0.078947377000077, 9.99987261900003], [0.079177371000128, 9.99964037700005], [0.079485473000034, 9.99948780400013], [0.079611639000177, 9.99938611500011], [0.079679197000075, 9.99921709800009], [0.079678696000087, 9.99906552500005], [0.079753507000021, 9.99898811700007], [0.07994773900009, 9.99887173900004], [0.080217046000087, 9.99875787400009], [0.080447802000151, 9.99875712500011], [0.080525584000043, 9.99873758100011], [0.080756404000113, 9.99875612300002], [0.080911841000102, 9.99867845300003], [0.080989432000024, 9.99860103700018], [0.081027977000133, 9.99848654200002], [0.081122125000093, 9.99837186600013], [0.081238511000095, 9.9982557400001], [0.081394202000126, 9.99825523500016], [0.081546985000045, 9.99821615700012], [0.081740240000158, 9.99822517400008], [0.081933496000147, 9.99823419100005], [0.082011468000019, 9.99827252099999], [0.082164507000186, 9.99831060600002], [0.082320198000161, 9.99831010000003], [0.082472853000127, 9.99823243900005], [0.082579763000069, 9.99819350900003], [0.082706262000158, 9.99819309800012], [0.08284003, 9.99828911900011], [0.082918132000088, 9.99836603], [0.082976771000062, 9.99844300399997], [0.083093913000141, 9.99855561500016], [0.083152552000115, 9.99863258900012], [0.083188950000135, 9.998709636], [0.0832285030001, 9.99889966500001], [0.083189964000042, 9.99901553699999], [0.083229270000061, 9.99913115699997], [0.083268566000129, 9.9992440210001], [0.083346668000047, 9.99932093200016], [0.083424640999965, 9.99935926000012], [0.083502743000054, 9.99943617200012], [0.083539141000074, 9.99951321900016], [0.083578566000028, 9.99966466399997], [0.083617744000094, 9.99974170200016], [0.08369578200012, 9.99979932100001], [0.083851473000152, 9.99979881500019], [0.083927865000078, 9.99977927500015], [0.084004257000174, 9.99975973500011], [0.084235013000068, 9.99975898300005], [0.084390961000167, 9.999835641], [0.084508232000189, 9.99998683300009], [0.084583490000057, 10.0000444620002], [0.084661271000186, 10.000024917], [0.084766224000077, 10.0002112700001], [0.084876618000123, 10.0004072840002], [0.084818800000164, 10.0005783380001], [0.084819248000031, 10.0007133760001], [0.084838965000131, 10.0007904770001], [0.084914534000063, 10.0009418050001], [0.085066435000101, 10.0010840230001], [0.085168237000175, 10.0011531810001], [0.085246339000093, 10.0012300920002], [0.085321524000165, 10.0012656740001], [0.085418767000135, 10.001246065], [0.085612944000104, 10.0013225970001], [0.085727628000029, 10.0013222230001], [0.085834537999972, 10.0012832920002], [0.085941265000031, 10.0011892430001], [0.086016204000089, 10.001150416], [0.08617189500012, 10.0011499080001], [0.08630578500015, 10.001281754], [0.086403926, 10.0015322200002], [0.086481955000181, 10.0015870840001], [0.08663790300011, 10.00166374], [0.086891187000106, 10.0016708500001], [0.08702138200016, 10.001604613], [0.08711812100006, 10.0014334320002], [0.087146708000034, 10.00125145], [0.087214475000053, 10.0011465050001], [0.087329631000159, 10.0010786100001], [0.087444721000054, 10.000991422], [0.087561426000036, 10.0009717500001], [0.087678259000029, 10.0009906600001], [0.087831170000186, 10.0009901600001], [0.087908888000186, 10.0009513230002], [0.088023987000042, 10.000866892], [0.088139398000067, 10.0008761610001], [0.088217363000069, 10.0009117320001], [0.088295273000085, 10.0009307700001], [0.088373311000169, 10.0009883880001], [0.088448506000077, 10.0010267250001], [0.088604326, 10.0010647970001], [0.08866290300017, 10.0011224790001], [0.088738474000081, 10.0012738060001], [0.088826370999982, 10.0013699750002], [0.08893797200011, 10.001485358], [0.08908670600016, 10.0014848710001], [0.089242013000103, 10.001368615], [0.089300141000138, 10.0012912600001], [0.089472201000149, 10.001196997], [0.089666687999966, 10.0011577770002], [0.089809933000026, 10.0011766], [0.089917100000093, 10.0012148320002], [0.090014407000069, 10.001214513], [0.090092189000131, 10.0011949670001], [0.090322946000128, 10.0011942110002], [0.09043004900002, 10.001213152], [0.090768350000189, 10.0013636170002], [0.090940788000069, 10.0013823430001], [0.091125446000092, 10.0013142190002], [0.091268531000082, 10.0012848120001], [0.091404890000092, 10.0013229490002], [0.091482801000041, 10.001341984], [0.091674893000118, 10.0014185190001], [0.091820919000156, 10.001437331], [0.091925306000178, 10.0014755720001], [0.092003409000142, 10.00155248], [0.092081374000088, 10.0015880500001], [0.092159477999985, 10.0016649600001], [0.092235059000132, 10.001819041], [0.092313163000028, 10.0018959500001], [0.092430631000127, 10.0021050120001], [0.092585353000175, 10.0022298970001], [0.092739936000044, 10.0023134440002], [0.092856833000042, 10.0023516420001], [0.092932157000064, 10.0024285600001], [0.093087979000188, 10.0024666310001], [0.093204877000062, 10.00250483], [0.093552534000139, 10.0025422690001], [0.093947324000112, 10.0025409720001], [0.094342116000121, 10.0025396750001], [0.09441989700008, 10.0025201270001], [0.094738346000042, 10.00255284], [0.095251377000125, 10.0025752660001], [0.095328965000135, 10.0024978460001], [0.095403901000111, 10.0024590160001], [0.095461963000162, 10.0023623700001], [0.09551026500003, 10.002257487], [0.095598435000056, 10.0021828380002], [0.09571881700009, 10.002156645], [0.095854867000128, 10.0022226080001], [0.095975983000017, 10.0023045020001], [0.096041759000173, 10.002348978], [0.096127075000084, 10.0024161690002], [0.096298434000175, 10.0026628060001], [0.096400037000137, 10.0026996330002], [0.096762600000034, 10.002622479], [0.09689491600011, 10.0026980020002], [0.096992588000035, 10.0028065380001], [0.097213196000155, 10.0030951780001], [0.0976309240001, 10.0033004920001], [0.097725452000077, 10.0033001800001], [0.097881403000144, 10.0033768310001], [0.098030580000113, 10.0034097820001], [0.09855750600002, 10.0035261730002], [0.098819291000098, 10.003657591], [0.099062079000134, 10.003926866], [0.099137664000068, 10.004080946], [0.099371592000068, 10.0041959200001], [0.099524505000034, 10.0041954150001], [0.099680448000015, 10.0042693090001], [0.099950843000101, 10.004480618], [0.100259450000181, 10.0044795980001], [0.100668820000124, 10.004679423], [0.101163497000073, 10.004617157], [0.101572878000127, 10.0048197370001], [0.101920537000183, 10.0048571680001], [0.102362102000029, 10.0047096440002], [0.102863809000098, 10.0042587730001], [0.103019185000164, 10.0041645580002], [0.103327725000099, 10.0041442450002], [0.103483547, 10.0041823110001], [0.10379305500004, 10.0044486040001], [0.103946218000033, 10.0045225040001], [0.104390804000047, 10.0044466210002], [0.104795999000089, 10.0042330730001], [0.104948781000132, 10.0041939840001], [0.105084631000182, 10.0040805420002], [0.105255449000083, 10.0036197430001], [0.105333132, 10.003571257], [0.105410815000141, 10.0035227710001], [0.105563662000066, 10.0035029720001], [0.105719615000112, 10.0035796190002], [0.105816922000088, 10.0035792950001], [0.106099608000022, 10.0041350430001], [0.106576033000124, 10.004431094], [0.106707571000129, 10.0046869530001], [0.107054707000088, 10.004570051], [0.107441551000136, 10.0046845110001], [0.107615805000137, 10.004828614], [0.107961779000163, 10.0047792350001], [0.108098393000091, 10.004891771], [0.108254087000034, 10.004891252], [0.108407195000098, 10.0049486150001], [0.108711408000147, 10.005292086], [0.108872661000078, 10.005291549], [0.109141436000186, 10.0050233330001], [0.109411119000185, 10.0050224340001], [0.109489096000175, 10.005060757], [0.109567335000179, 10.005176242], [0.10956784900003, 10.0053278140001], [0.109509922000086, 10.0054630450001], [0.109742169000071, 10.0059004540001], [0.109818302000065, 10.006214369], [0.110379760000114, 10.0061684020001], [0.110535575000142, 10.0062037080002], [0.110630033000177, 10.006182724], [0.110724490000052, 10.0061617390001], [0.110825244000068, 10.00635707], [0.110904130000165, 10.0066627080001], [0.111067218000187, 10.006935417], [0.111155784000061, 10.0070835160001], [0.111661024000114, 10.007674341], [0.111717153000029, 10.007828481], [0.111758673000111, 10.0085917190001], [0.111817518000066, 10.0087265600001], [0.111818887000084, 10.0091289130002], [0.111966621000079, 10.010057147], [0.112365925000063, 10.0105628910001], [0.112965504000044, 10.011095524], [0.113063274000126, 10.011230234], [0.113467588, 10.0115733640001], [0.114019247999977, 10.011913244], [0.11445310300013, 10.0119503730002], [0.114608996000129, 10.0120077230001], [0.115439651000031, 10.0118147830001], [0.115631820000033, 10.0119105930001], [0.115922334000061, 10.0123092200001], [0.116406366000149, 10.012384759], [0.116540347000125, 10.0125386380001], [0.116579789000014, 10.012690078], [0.116581749000034, 10.0132632910001], [0.116880248000086, 10.013557167], [0.11726285400016, 10.0136482020001], [0.117645460000176, 10.0137392380001], [0.117949408000129, 10.0140000230001], [0.118007884000178, 10.0142292520002], [0.118066361000103, 10.014458481], [0.118183314000078, 10.0149169390002], [0.118223549000163, 10.015299869], [0.118425977000186, 10.0159550820001], [0.118504355000084, 10.0161091480001], [0.118833678000101, 10.0164718130002], [0.119064841000124, 10.0165867810001], [0.119549985000106, 10.0169847470002], [0.119667761000073, 10.017276472], [0.119475546999979, 10.0179798650001], [0.119398161000163, 10.0181151620002], [0.119360285000027, 10.0184211900001], [0.119344498000089, 10.0194932740001], [0.119614086000183, 10.020272275], [0.120164528000089, 10.0210613510001], [0.120438110000123, 10.021382864], [0.120626173000176, 10.021900332], [0.120785072000103, 10.0228312760001], [0.120786339000119, 10.0232005570001], [0.120752063000111, 10.0233398440001], [0.120717786, 10.0234791300001], [0.120325386000047, 10.0241831990002], [0.120327146000022, 10.0246957830001], [0.12038605500004, 10.0248471560001], [0.120537095000088, 10.0251084530001], [0.120910613000092, 10.025382778], [0.121239390000028, 10.0255828460001], [0.12182402100018, 10.0257985850001], [0.121954699000128, 10.025798143], [0.122147010000162, 10.02593253], [0.123037305000025, 10.0269023390001], [0.124293284000089, 10.0279019700001], [0.124423713000112, 10.0282177010002], [0.124541545000113, 10.0285232030001], [0.124595769000166, 10.0289281300001], [0.124446996000188, 10.029325477], [0.12356130500018, 10.030502471], [0.122675611000091, 10.0316794620002], [0.122438968000154, 10.0323995410002], [0.122439424000163, 10.0325318210001], [0.122877435000078, 10.0333639860001], [0.123002300000053, 10.0336928880001], [0.122876243000178, 10.0358428820001], [0.122818575, 10.036052522], [0.122802406000176, 10.037008859], [0.123058165000145, 10.037801679], [0.123492910000152, 10.0380868160001], [0.123640396000098, 10.0381207650001], [0.123787880000179, 10.0381547130001], [0.124158476000105, 10.0383821930001], [0.124293791000071, 10.038515394], [0.12442910600015, 10.0386485940001], [0.124429772000042, 10.0388415010001], [0.124277900000038, 10.0391479160001], [0.124297513000158, 10.0399966530001], [0.12421738200004, 10.0401429850001], [0.124164884000152, 10.0402396170001], [0.124012346000143, 10.0403531250001], [0.122871445000158, 10.0409054050002], [0.122010947000149, 10.0421401850002], [0.121719988000166, 10.0424305340001], [0.121684163000111, 10.0425243550002], [0.121759627000131, 10.0426370890001], [0.121760159000189, 10.0427914150001], [0.121650294000062, 10.0431858740001], [0.121297440000035, 10.0440744540001], [0.121348174000104, 10.0442727040002], [0.121606252000163, 10.0445267470001], [0.12186433200003, 10.0447807910002], [0.122458110000139, 10.0452197170001], [0.122522395000033, 10.045315955], [0.122542381000073, 10.0454674580001], [0.122406599000044, 10.0456029550002], [0.122023471000148, 10.0457751160001], [0.121172619000106, 10.0457779940002], [0.120555865000028, 10.0459344080002], [0.120344543000158, 10.0459351230001], [0.11889435300003, 10.045499084], [0.118875419000062, 10.0456534760002], [0.118914868000047, 10.0458049150002], [0.119284204000053, 10.0464733420001], [0.11931289100005, 10.0467295390001], [0.11934106700005, 10.046836922], [0.119399923000117, 10.0469717610001], [0.119440775000157, 10.0475310620001], [0.12036493100004, 10.0486275250001], [0.120855149000079, 10.0488683820001], [0.120933309000179, 10.048956306], [0.120953562000182, 10.0491849730001], [0.120817711000029, 10.0493011790001], [0.1205093210001, 10.04937663], [0.120356920000177, 10.0495314730001], [0.120011318000024, 10.0501058600001], [0.119720673000188, 10.0504899060001], [0.119568793000099, 10.050796319], [0.119472722000012, 10.0511604170001], [0.119396714000118, 10.0516980660001], [0.119129553000164, 10.052443049], [0.119090891000155, 10.0525203450002], [0.119052227000168, 10.0525976390002], [0.118725165000058, 10.0529046440001], [0.118686767000099, 10.0530591020001], [0.118897636000042, 10.0537335740001], [0.118845704000023, 10.0539955560001], [0.118768302000035, 10.054128098], [0.118615698000156, 10.054225069], [0.118447328000116, 10.0541843000001], [0.118278957000086, 10.0541435300001], [0.118136661000051, 10.054003462], [0.118052038999963, 10.053653754], [0.117937503000121, 10.0534998120001], [0.117761936000079, 10.053387414], [0.117414290000056, 10.0533692970001], [0.117159343000026, 10.053623696], [0.117109056000061, 10.054365191], [0.11711142200005, 10.0550541480001], [0.117199393000135, 10.0555691970002], [0.11748748499997, 10.056058767], [0.117955913, 10.0564292270001], [0.118139503000123, 10.0564478980002], [0.118295542000169, 10.05654107], [0.118527132000111, 10.056771779], [0.118605578000029, 10.056942378], [0.118606108999984, 10.0570967040002], [0.117842743000097, 10.059100034], [0.117727528000046, 10.0595578950002], [0.117784099, 10.0598360450001], [0.117881944000032, 10.0599872880001], [0.11794112400014, 10.0602158230001], [0.117786468000133, 10.0605250020001], [0.117653449000045, 10.0606577320002], [0.117576309000071, 10.0608674380001], [0.117674297000178, 10.0610600170001], [0.118178968999985, 10.0614551550001], [0.118215790000136, 10.0616506970001], [0.11815786000011, 10.0617859290001], [0.118005243000027, 10.061880144], [0.117385743999989, 10.0620558550001], [0.117272199000126, 10.062191276], [0.117214325000134, 10.0623430430001], [0.117214855000157, 10.062497369], [0.117137583000158, 10.0626684930002], [0.116893714000184, 10.062911831], [0.116637452000077, 10.0627859270001], [0.116461151000181, 10.0624613310001], [0.116268818000151, 10.0623269430001], [0.116035371000123, 10.0623663120001], [0.115735934000099, 10.0626236160001], [0.115556407999975, 10.0629797270001], [0.11536098199997, 10.0635646280001], [0.115418100999989, 10.0640026160002], [0.115591668999969, 10.064341002], [0.115639329000032, 10.0644538310001], [0.115871549000076, 10.0648664270001], [0.115891828000031, 10.0651033630002], [0.115698463000115, 10.0654788110002], [0.115169301000037, 10.0668612800001], [0.114933807000114, 10.0671156130001], [0.11475875300016, 10.0671547850001], [0.11466188900016, 10.067290148], [0.114561602000094, 10.0680483470001], [0.114518826000108, 10.0681435680001], [0.114476301000082, 10.0682388990001], [0.114318756999978, 10.0685920700001], [0.114185600999974, 10.0686862170002], [0.114108270000088, 10.068840806], [0.113956178000137, 10.0690893450001], [0.113885543000038, 10.0691695030002], [0.113814907000062, 10.069249661], [0.113397939000038, 10.0701053810001], [0.113265775000116, 10.0704888910001], [0.113268005000123, 10.0711392650001], [0.113424094000152, 10.0720564410001], [0.113461738000069, 10.0724917400001], [0.113374595000039, 10.0730294260001], [0.113286412000093, 10.0732639710002], [0.11319823000008, 10.073498515], [0.113198843000077, 10.073677644], [0.113199458000054, 10.073856773], [0.113238654000099, 10.073933805], [0.113239551000049, 10.0741956080001], [0.11378339800001, 10.075466983], [0.113784012000053, 10.0756461110001], [0.113402248000114, 10.0762275060002], [0.113300468000034, 10.0765516620002], [0.113517978000118, 10.0767273040001], [0.113670991000049, 10.076746079], [0.114365735000149, 10.0766087000001], [0.114463197000077, 10.0766469540001], [0.114561047000166, 10.0767981960001], [0.114561577000188, 10.0769525220001], [0.114329822000116, 10.0774879390001], [0.114294200000188, 10.0776423870001], [0.114330872000039, 10.0777938360001], [0.114389535000157, 10.0778708020001], [0.114545528, 10.0779474400002], [0.114804259000039, 10.077979638], [0.115338986000154, 10.0782120810001], [0.115570583000022, 10.078440035], [0.11557171000004, 10.078767978], [0.115650029, 10.078899995], [0.115881370000068, 10.0790535410001], [0.116381061000084, 10.078801071], [0.116576051999971, 10.0788968670001], [0.116806075000113, 10.0786673540001], [0.116805544000158, 10.0785130280001], [0.116883142000177, 10.0784356020001], [0.116960816000187, 10.0783802220001], [0.117113895000159, 10.078418286], [0.117231146, 10.0785501710001], [0.117287400000066, 10.0787346230001], [0.117427305000149, 10.0797923970002], [0.117486235000058, 10.079946526], [0.117726707999964, 10.080328776], [0.118164424000156, 10.0806524860002], [0.118398415000058, 10.080767439], [0.118590951000158, 10.0809569410001], [0.118610949000072, 10.0811112010001], [0.118572805000099, 10.0813400660001], [0.118371559000138, 10.0818505810001], [0.118310165000025, 10.082594869], [0.118097519, 10.0830255010001], [0.117993251000087, 10.0834337200001], [0.117768968000121, 10.0837155760001], [0.117230927999969, 10.0841390420002], [0.117172790000154, 10.0842150250002], [0.117114652000168, 10.084291007], [0.117213037, 10.084596574], [0.117310635000081, 10.0846734080002], [0.1172527, 10.0848086410001], [0.11706127400015, 10.0849415700001], [0.116769612000041, 10.0850390110001], [0.116636650000032, 10.0851910330001], [0.116520583000124, 10.0854036260002], [0.116443771000149, 10.085709785], [0.116445479000106, 10.0862058320001], [0.116564649, 10.086894393], [0.116180218000125, 10.0875102490002], [0.115989643000034, 10.0878912000001], [0.116010428000095, 10.088274194], [0.115552075000096, 10.0892292680002], [0.11541759000005, 10.0905552880001], [0.115342958000099, 10.0906878210001], [0.115391255000077, 10.0909839130001], [0.115439551000179, 10.0912800040001], [0.115420714000152, 10.0914633320001], [0.115421866000077, 10.0917981640001], [0.11538623600012, 10.0919498570001], [0.114789103000021, 10.092985319], [0.114770167000074, 10.0931397110002], [0.114829553000163, 10.0934261190001], [0.114888940000185, 10.0937125270002], [0.114890790000175, 10.0942499120001], [0.114782696000134, 10.094356378], [0.11467460300014, 10.0944628440001], [0.114352198000176, 10.0945190500001], [0.113907240000174, 10.0945205520001], [0.113521204000165, 10.0946734280001], [0.112806235000107, 10.094601432], [0.112439863000134, 10.0948121130002], [0.112362525000151, 10.0949667010001], [0.112347344000057, 10.0954049340001], [0.112496752000141, 10.0959914270001], [0.11253925800014, 10.0966241090002], [0.112549508000086, 10.096776667], [0.11273690500002, 10.0970874470001], [0.112891843000057, 10.0972591650001], [0.113051780000092, 10.0974694490001], [0.113066778000075, 10.0975851430001], [0.112995105999971, 10.097770028], [0.112537640000141, 10.0981794380002], [0.112394782000081, 10.09869092], [0.112395266000078, 10.098831677], [0.112395795000054, 10.098985676], [0.112444753000034, 10.0990698920001], [0.112532583000188, 10.0991357370002], [0.112792873000046, 10.0992120220001], [0.113150103000123, 10.0991722350001], [0.113305973000024, 10.09921029], [0.113526215000149, 10.0993666300001], [0.113426780000168, 10.0995653880001], [0.113327345000016, 10.0997641450001], [0.112980899000149, 10.100109796], [0.112115043000074, 10.100644598], [0.111726833000148, 10.100976609], [0.111574140000187, 10.1010542880002], [0.111419887000125, 10.1010823660002], [0.111265634000063, 10.1011104450001], [0.111110226000164, 10.1012074240001], [0.111032820000162, 10.1013427210002], [0.111033870000085, 10.1016486180001], [0.111073325000064, 10.1018000570002], [0.111015661000067, 10.1020152080001], [0.110652448000167, 10.1023388670001], [0.11061403400015, 10.1024905680002], [0.11060930900004, 10.102783382], [0.11059798000008, 10.1034854860001], [0.110559309000166, 10.1035627810002], [0.110559641000179, 10.103659234], [0.110608536000086, 10.1037252100002], [0.110657432000039, 10.1037911860001], [0.110810523000168, 10.1038292520001], [0.110961893000081, 10.103973425], [0.11098717800013, 10.1042503030002], [0.111101665000092, 10.1043849540001], [0.111179601000174, 10.104403982], [0.111565509000116, 10.1042097710001], [0.111718997000025, 10.1043635810001], [0.11178337900003, 10.1044846220001], [0.111747749000074, 10.1047653790002], [0.111721099000022, 10.104975374], [0.111722415000145, 10.105358433], [0.111686526000085, 10.105435719], [0.111704783000107, 10.105893129], [0.11182211900018, 10.1060470600001], [0.112360622000097, 10.106555076], [0.11217205700018, 10.1067155530001], [0.111503526000035, 10.1068115060001], [0.111343746000159, 10.1068506280001], [0.111032329000068, 10.1068709690001], [0.110879568000087, 10.1069293570002], [0.110668866000083, 10.1071229770002], [0.110610984000061, 10.1072747440001], [0.110573892000048, 10.107812261], [0.11061348100003, 10.1080022810001], [0.111153934000072, 10.108267777], [0.11177107400016, 10.1081885310001], [0.111887493000097, 10.108075148], [0.112079256000072, 10.1080359190001], [0.112313134000033, 10.1081122940001], [0.112333123000042, 10.1082637980002], [0.112222759000133, 10.1085204660001], [0.111503806000087, 10.108916978], [0.111426333000111, 10.1090329850001], [0.111387918000048, 10.109184688], [0.111466584000027, 10.1094159140001], [0.111448168000095, 10.109721876], [0.111392048000027, 10.109779938], [0.111237280000012, 10.1098617580001], [0.111101219000034, 10.1099242230002], [0.110811811000076, 10.1098755940001], [0.110214467000048, 10.1100512260001], [0.110058723000122, 10.1100517510001], [0.109807826000065, 10.1098789770002], [0.109689903000174, 10.109554184], [0.10951101400002, 10.1092929800001], [0.109226868000121, 10.1091561440001], [0.108879228000148, 10.1091573150001], [0.108646795000027, 10.109502578], [0.108534601000144, 10.110037592], [0.108535649000032, 10.1103434880001], [0.108693518000052, 10.1109630250002], [0.108654134000176, 10.1116438540001], [0.108618508000063, 10.1117983020001], [0.108655183000167, 10.1119497510001], [0.108992976000138, 10.1123206540001], [0.109060631000148, 10.112584989], [0.10902522300006, 10.1128028210001], [0.108989815000143, 10.1130206520001], [0.108777112000041, 10.1134430140001], [0.108777632000113, 10.1135945840002], [0.10889601800011, 10.1140544130001], [0.108916271000112, 10.1142830810001], [0.108838928000182, 10.1144376700001], [0.10870311400015, 10.1145731640001], [0.107431955000038, 10.1153408140001], [0.107279520000134, 10.1154956540001], [0.107141282000043, 10.1157358790002], [0.107395057000019, 10.115936203], [0.107500554000126, 10.1158807310001], [0.108495941000172, 10.1157974610001], [0.108746643000131, 10.115912363], [0.108728158000076, 10.116199034], [0.108653586000116, 10.116350857], [0.108131773000025, 10.1166585140001], [0.107379064000042, 10.116950412], [0.106652129000167, 10.1174599340001], [0.106552686000043, 10.11765869], [0.106555044000061, 10.1183476460002], [0.106438630000184, 10.118463784], [0.10595516300009, 10.118600445], [0.105888641000092, 10.118666809], [0.105966685000112, 10.11952913], [0.105934206000029, 10.119791046], [0.106049009000174, 10.1200166400001], [0.106463175000158, 10.1199463520001], [0.106734236000136, 10.120320237], [0.107129801000099, 10.1205035490001], [0.107169541000189, 10.1207376630001], [0.107432883000115, 10.1212934600002], [0.107452871000021, 10.121444965], [0.107414982000137, 10.121750992], [0.107474437000178, 10.1220566920001], [0.107552839999983, 10.1222107560001], [0.107686802000103, 10.1223453420002], [0.107920747000151, 10.1224382530002], [0.108074112000168, 10.1225534830001], [0.108208500000103, 10.1228120810002], [0.108518011, 10.1230425300001], [0.108694430000128, 10.123391929], [0.108887433, 10.1233058470002], [0.109080436000113, 10.1232197650002], [0.109197711000149, 10.123354406], [0.109263685999963, 10.1239384250001], [0.1092252790001, 10.1240928830001], [0.109407290000149, 10.1244505300001], [0.109741608000093, 10.1246147530001], [0.109800279000069, 10.1246917190001], [0.109977866000122, 10.125380083], [0.109968624000032, 10.1255234190002], [0.10995938200017, 10.1256667540002], [0.109843156000125, 10.1258380090001], [0.109766203999982, 10.125904409], [0.109548968000126, 10.126020888], [0.10914267600009, 10.1259561180001], [0.108970532000058, 10.12604213], [0.108854115000099, 10.126158268], [0.108855753000057, 10.1266350250001], [0.109048654000162, 10.1269237390002], [0.109542516000147, 10.127380923], [0.109698035000122, 10.1275248920001], [0.110036378000132, 10.1278381060001], [0.110153713000159, 10.1279892820002], [0.110330515000044, 10.1284489130001], [0.110331567000173, 10.1287548080001], [0.110563202000037, 10.1289827620001], [0.11097682500008, 10.1287526290002], [0.111140922000061, 10.1287520750001], [0.111336276000031, 10.1289443240001], [0.111142894000068, 10.129325286], [0.11114501000003, 10.1299398330002], [0.111223408000114, 10.1300911400002], [0.111360222000087, 10.1302450050002], [0.111455707000061, 10.1305119990001], [0.111456361000137, 10.1307021520001], [0.111323912000103, 10.131008498], [0.111168424000027, 10.131086188], [0.110087483000029, 10.1313764480001], [0.109988918000113, 10.1314263850001], [0.10988895600002, 10.131474951], [0.109770518000175, 10.131407832], [0.109121782000159, 10.1312088440001], [0.108968479000168, 10.1311129060002], [0.108503934000169, 10.1310951820001], [0.108239843000092, 10.1311346540002], [0.107423255000015, 10.1314625960001], [0.107120772000144, 10.1316620370002], [0.107007522000174, 10.1318911540001], [0.106671551000034, 10.1320576360001], [0.106518710000046, 10.132096732], [0.106325409000135, 10.1320973830001], [0.106132107000121, 10.1320980340001], [0.105745835000164, 10.132195788], [0.105012811000051, 10.1325620260001], [0.104890711999985, 10.1326437330001], [0.104768612000044, 10.1327254420002], [0.104474867000135, 10.133040597], [0.104290117000119, 10.1332696360001], [0.104103738000106, 10.1335006930001], [0.103732610000122, 10.1339607900001], [0.103333116000101, 10.1342597640001], [0.102860890000102, 10.1344377240001], [0.102742230000047, 10.1347123300001], [0.102974716000119, 10.1351896900001], [0.103014248000022, 10.135363177], [0.102975898000011, 10.1355355470001], [0.102937548000057, 10.1357079170001], [0.102880790000142, 10.1357838930002], [0.102824030000079, 10.1358598700002], [0.102757848000124, 10.136026821], [0.102552118000119, 10.136053692], [0.102224473000092, 10.1362173860001], [0.101568760000134, 10.1364207630001], [0.101608216000045, 10.136572203], [0.101725494000107, 10.136706847], [0.101706872000022, 10.1369549370001], [0.101570915000025, 10.1370518470001], [0.101494493000132, 10.137071394], [0.101418071000182, 10.137090942], [0.101262249000058, 10.137072173], [0.100952530000143, 10.1367838460001], [0.100799301000166, 10.1367099500001], [0.100565799000037, 10.1367493150001], [0.10041320900018, 10.1368628160002], [0.100179838000145, 10.1369407620001], [0.099879484000155, 10.1369234360001], [0.099645167000062, 10.136752397], [0.099550601000033, 10.136752713], [0.098711967000099, 10.1372741680001], [0.098579169000118, 10.13735674], [0.098249030999966, 10.1376058720001], [0.097887251000088, 10.1383649420001], [0.09804482800007, 10.1388990520001], [0.098045353000032, 10.1390533790001], [0.097890571000164, 10.139340506], [0.097852147000026, 10.139492207], [0.097834245000115, 10.139952496], [0.097545823000075, 10.1402014870001], [0.097236048000127, 10.1398966210001], [0.097234745000094, 10.1395135600001], [0.097097482000038, 10.1392274090002], [0.096944309000037, 10.1391700470001], [0.096827540000049, 10.1391849060001], [0.096675104000042, 10.1393445650001], [0.096474799000077, 10.140149946], [0.09662040600017, 10.1404360700001], [0.097022099000071, 10.1407792110001], [0.097123402000022, 10.1411233560001], [0.097124180000094, 10.1413520890001], [0.097163382000133, 10.141429122], [0.097204207000061, 10.1419829140002], [0.097185262000153, 10.1421373060002], [0.096975112, 10.142501781], [0.096627754000053, 10.1425966400001], [0.096416891000104, 10.1427516730001], [0.096319991000087, 10.1428842780001], [0.096205261000023, 10.143499218], [0.096108295000136, 10.1436125320002], [0.095855720000145, 10.143770459], [0.095476004000147, 10.1433473230002], [0.09510400400012, 10.1435580100001], [0.094878998000127, 10.143644191], [0.094564351000145, 10.143543273], [0.094408648000126, 10.143560327], [0.09429513300006, 10.1437150340001], [0.094237303000057, 10.1438860900001], [0.094238536999967, 10.1442498600002], [0.094316876000164, 10.1443846360001], [0.094915465000042, 10.1445535050001], [0.095068706000177, 10.144630158], [0.095166515000187, 10.1447648680002], [0.095167686000025, 10.1451093470001], [0.095054161000121, 10.1452612990001], [0.094283007000115, 10.1458784270002], [0.09408895100006, 10.146069228], [0.093631, 10.1471813670001], [0.093295948000048, 10.1476261770002], [0.092727040000057, 10.148234027], [0.092594770000119, 10.148375351], [0.091380415000117, 10.1495396100001], [0.091313697000089, 10.1503721030002], [0.091628062999973, 10.15120884], [0.091422420000129, 10.1512646420001], [0.091328166000153, 10.1513586550001], [0.09132972499998, 10.1518188790001], [0.091263837000042, 10.1520753930001], [0.091180640000175, 10.1521487000002], [0.091097441000159, 10.1522220070001], [0.090982754000152, 10.1522368570001], [0.09067090100001, 10.151936816], [0.090518170000109, 10.1520117310001], [0.090363124000078, 10.152224448], [0.090210468, 10.1523214110002], [0.090054704000124, 10.1523219280001], [0.089797938000174, 10.1520664860001], [0.089462421000064, 10.151965633], [0.089415212000119, 10.1515772130001], [0.089338591000114, 10.1515388850001], [0.089261970000052, 10.1515005570001], [0.089106205000064, 10.1515010740001], [0.088429592000125, 10.151293873], [0.087944764000156, 10.1510446960002], [0.087791652000078, 10.1510066220002], [0.087612278000165, 10.1510168620001], [0.087432904000082, 10.1510271020001], [0.087166606000096, 10.151242942], [0.086923051999975, 10.1516047680001], [0.086647835000065, 10.1518792740001], [0.086462865000044, 10.1520637660001], [0.085846400999969, 10.1523717080001], [0.085666208000077, 10.1525514360001], [0.085281639000186, 10.1531645110001], [0.085051552000039, 10.1533967650001], [0.08426362300014, 10.1540001500001], [0.083913541000129, 10.154117053], [0.083714586999974, 10.1545090440001], [0.083730127000024, 10.1549940260001], [0.083500316000141, 10.1553089540002], [0.083037404000038, 10.1557872490001], [0.08258808100004, 10.1561717980002], [0.082226480000088, 10.1561729910002], [0.082151249000162, 10.156134657], [0.081995482000139, 10.1561351710001], [0.081687248000037, 10.1562905170001], [0.081590274000177, 10.1564038270001], [0.081423455000163, 10.1564264240001], [0.081240002000129, 10.156465611], [0.081145939000123, 10.1566174940001], [0.081263218000117, 10.156752146], [0.081631086000186, 10.1569603780001], [0.081823652000139, 10.157149899], [0.081652417999976, 10.157514238], [0.081594718000019, 10.1577266310001], [0.081469758000139, 10.1578930840001], [0.081442630000026, 10.157994452], [0.081326249000085, 10.1581271180001], [0.081189313000152, 10.1579374140001], [0.081035874000122, 10.1578028820001], [0.080879986000014, 10.15776757], [0.080596628000023, 10.1578759820001], [0.080340169000067, 10.1577114750001], [0.080184531000157, 10.1577505700001], [0.080109936999975, 10.157902388], [0.080090984000094, 10.1580567800002], [0.080003679000072, 10.1581507670001], [0.079729815000178, 10.1581874960002], [0.079529875000162, 10.1582873650001], [0.079377147000116, 10.1583650320001], [0.078953877000117, 10.1590553940002], [0.078576682000062, 10.1593845830001], [0.07836944800016, 10.1597986460001], [0.077864501000022, 10.1601888850001], [0.077723600000184, 10.1604759590001], [0.077762003000089, 10.1611455100001], [0.077726350000034, 10.1612972010001], [0.077648918000023, 10.1614324930001], [0.077379997999969, 10.1617006970001], [0.077380506000054, 10.1618522680001], [0.077476113000046, 10.1621606120001], [0.077362704000166, 10.1623511400001], [0.07716856400009, 10.1625226430001], [0.076919953000186, 10.1630415640001], [0.076764312000023, 10.1630806580002], [0.076455554000063, 10.1630816710002], [0.076302823000105, 10.163159337], [0.076161643000148, 10.1633637350001], [0.076099314999965, 10.1638572420001], [0.075778361000062, 10.1643708890001], [0.075574226000128, 10.1648813960001], [0.075576023000053, 10.165418786], [0.075730377000184, 10.1658261490001], [0.07573170400002, 10.1662229900001], [0.075677223000071, 10.1665676530001], [0.075594326000044, 10.166733278], [0.075543032000041, 10.1671991900001], [0.075446118, 10.16733179], [0.07529351400018, 10.167448038], [0.075137741000162, 10.167448549], [0.074441878000073, 10.1673157940001], [0.074288951000142, 10.1673355860001], [0.073830908000161, 10.1676154310001], [0.073498287000064, 10.167969274], [0.073459859000081, 10.1681237280002], [0.073461009000027, 10.168468209], [0.07361908200005, 10.16915666], [0.073601202000134, 10.169633486], [0.073426923, 10.169923424], [0.073293779000039, 10.1700368510001], [0.072693195000056, 10.1701159830001], [0.072560061000047, 10.1702321650001], [0.072482937000075, 10.1704611560001], [0.072580746000085, 10.1705958740001], [0.072792273000118, 10.1706310080002], [0.073143382000126, 10.1708145010002], [0.073317594000116, 10.1713375470001], [0.073279166000134, 10.1714920020002], [0.073162785000022, 10.1716274210001], [0.073006946000021, 10.1716086410001], [0.072814430000051, 10.171435651], [0.072716565000064, 10.1712843990001], [0.07258272200005, 10.171188381], [0.072426755000038, 10.1711310180002], [0.072273827000174, 10.17115081], [0.072118310000178, 10.171228484], [0.071965758000033, 10.1713612650001], [0.071581272000174, 10.172012911], [0.071355312000151, 10.1722382540001], [0.071129352000071, 10.1724635970002], [0.070448120000037, 10.1725512570001], [0.069769238000163, 10.1725093810001], [0.068992196000181, 10.1730630940001], [0.068892705000053, 10.1732590870001], [0.068830431000038, 10.173771883], [0.06864569600009, 10.1742657890001], [0.068459623000081, 10.1743573400001], [0.068303847000152, 10.1743578480001], [0.06822725800015, 10.1743305390001], [0.06815066900009, 10.1743032300001], [0.067983272, 10.1741549590001], [0.067878994000068, 10.1737474280001], [0.067925330000037, 10.1734606660002], [0.067740529000105, 10.1730974920001], [0.067534554000019, 10.1730595810001], [0.067328580000037, 10.1730216700001], [0.06723647300015, 10.172928271], [0.06706273500015, 10.172545769], [0.066973396000094, 10.172448226], [0.066884056, 10.172350683], [0.066513876000101, 10.1722916350001], [0.06632608000001, 10.1718591980002], [0.066172767000069, 10.1717632410001], [0.065785983000183, 10.1717259170001], [0.06539895300017, 10.1716141850001], [0.065243178000117, 10.171614692], [0.065166772000055, 10.1716424990001], [0.065090367000039, 10.1716703060002], [0.06501267200008, 10.1717284330001], [0.064934975000142, 10.1717865590001], [0.064627284000153, 10.1721127540002], [0.064472899000066, 10.172113256], [0.064318515000082, 10.172113757], [0.064240518000133, 10.1720809400001], [0.064222999000037, 10.1726707560002], [0.064262955000117, 10.1729765300001], [0.064341281000054, 10.173108557], [0.064381247000142, 10.1734170870002], [0.064092067, 10.173453853], [0.063936100000149, 10.1733964860002], [0.063839251000047, 10.17355113], [0.063840711000182, 10.1739920670001], [0.063771633000158, 10.1741328420002], [0.063861797000129, 10.1744797900001], [0.063428204000047, 10.174588678], [0.063375693000069, 10.1746921940001], [0.06332318200009, 10.1747957110001], [0.063131690000034, 10.1749313710001], [0.063093248000087, 10.175083069], [0.063113230000113, 10.1752373340001], [0.062997345000042, 10.175524322], [0.063235106000093, 10.1759203980001], [0.062882290000175, 10.176062093], [0.062748703000068, 10.1760432360001], [0.062612771000033, 10.1761566680001], [0.062471640000126, 10.1763803530001], [0.062750344000108, 10.1765392900002], [0.06269243700001, 10.176693807], [0.062556697000161, 10.1768651130002], [0.062444167000081, 10.1773257110001], [0.061904504000097, 10.1781680070002], [0.061817229000098, 10.1786946640001], [0.061645506000161, 10.1789212040001], [0.061369524000099, 10.1795862670001], [0.060984124000186, 10.1799705850001], [0.06090673500006, 10.180122409], [0.06098519700015, 10.1802957760001], [0.061063151000042, 10.180314815], [0.061293656000032, 10.18019832], [0.061446780999972, 10.1802364060002], [0.061564253000142, 10.180428937], [0.061525809000159, 10.1805806350001], [0.061160008000172, 10.1810034710001], [0.061121563000086, 10.1811551700001], [0.060872724000035, 10.1816162100001], [0.060873105000155, 10.1817319560001], [0.061068459000126, 10.181921479], [0.061319203000096, 10.1820364130002], [0.06150604700008, 10.1821763570002], [0.061577447000161, 10.182316675], [0.061648847000185, 10.1824569930001], [0.061939512000151, 10.1828666770001], [0.06219028400011, 10.1829898780001], [0.06222948400017, 10.183066916], [0.062268931000176, 10.1832183610001], [0.062006091000057, 10.1836518880002], [0.061791097000082, 10.1842533690001], [0.061827771000083, 10.184407579], [0.061886445000141, 10.184484553], [0.062273053000126, 10.1844640070001], [0.062577072000181, 10.1847055380001], [0.062617002000081, 10.185003044], [0.062779406, 10.185322199], [0.062868570000148, 10.1853660030001], [0.062836374000142, 10.185724372], [0.062885275000156, 10.1857903550001], [0.062934177000159, 10.1858563370002], [0.062973632000137, 10.1860105380001], [0.062915972000155, 10.186239464], [0.062935955000114, 10.1863937280002], [0.063170012, 10.1865087150002], [0.063303978000079, 10.186640561], [0.063285582000162, 10.1869658150002], [0.063363984999967, 10.1871198910001], [0.063557573000026, 10.1871950470001], [0.063751162000131, 10.1872702050001], [0.063924403000158, 10.1875011360002], [0.064213714000061, 10.1875001940001], [0.064311206000127, 10.1875384590001], [0.064428482000039, 10.1876703600001], [0.064468346000126, 10.1879471960001], [0.064641364000067, 10.1881106080001], [0.064797275000103, 10.1881486820001], [0.06502867100005, 10.1882995020001], [0.065177992999963, 10.1884478340001], [0.06532731600015, 10.188596165], [0.065339870000116, 10.1890260410001], [0.065146788000163, 10.1891038350001], [0.064944033000188, 10.1892009520001], [0.064954337000131, 10.189371782], [0.065071686000181, 10.189525729], [0.065091663000146, 10.1896772370001], [0.064784085000099, 10.1900420160001], [0.06474565000002, 10.1901964710001], [0.064873833000036, 10.191099982], [0.064626273000158, 10.191946843], [0.064693194000085, 10.1919934760001], [0.064654696000105, 10.1921286390001], [0.064656223000156, 10.1925888660001], [0.064715584000169, 10.192872529], [0.065275896000173, 10.1932179440001], [0.065315858000133, 10.1935237160002], [0.065227496999967, 10.1937224280001], [0.065142677000097, 10.1941498660001], [0.065205233000086, 10.1945575320001], [0.065147252000031, 10.1946900030001], [0.064965940000093, 10.1948335490001], [0.06487811300002, 10.1949030830002], [0.064820132000136, 10.195035554], [0.064840118000177, 10.1951898180002], [0.06501411500011, 10.1956467270001], [0.064975809000146, 10.1958397640001], [0.064881608000064, 10.1959558180001], [0.064609549000181, 10.1961275690001], [0.064515412000162, 10.1962629140002], [0.06467019300004, 10.1967970500001], [0.064728805000129, 10.1968547330002], [0.064768254000114, 10.197006178], [0.064749230000132, 10.1971412770001], [0.064594457, 10.1974476840001], [0.064673056000061, 10.197659631], [0.064821038000048, 10.1978217460002], [0.06523324, 10.1988014950001], [0.065182875, 10.1995512580001], [0.065336385000137, 10.1997023310001], [0.065620609000177, 10.199841954], [0.065743638000129, 10.2000289530001], [0.065783089000149, 10.200180397], [0.066015393000157, 10.2006012890002], [0.065996176000112, 10.200678515], [0.066035883000097, 10.200907124], [0.066236835000041, 10.2011021360001], [0.066441920000045, 10.2008672170002], [0.066628585000103, 10.2009492830001], [0.066959011000108, 10.201595835], [0.067547463000096, 10.2020320970001], [0.067779256000165, 10.2022986590001], [0.067857279000179, 10.202336986], [0.068437838000136, 10.2029083090001], [0.068621618000066, 10.2029586920001], [0.068778758000121, 10.2029457760001], [0.069442827000046, 10.2031144670001], [0.069598175000124, 10.2029816750002], [0.069751119000159, 10.202961884], [0.070060488000081, 10.2031317340001], [0.070448202000023, 10.203436366], [0.07060405600015, 10.2034551460002], [0.071219995000035, 10.2029570690001], [0.071375656000043, 10.2029179760001], [0.071528664000084, 10.2029174740001], [0.071838033000176, 10.203087323], [0.072302557000057, 10.2030665070001], [0.072455823000155, 10.2031431680001], [0.072592655000108, 10.2032970470001], [0.07267061400006, 10.2033160830001], [0.072823558000096, 10.2032962880002], [0.073139484000137, 10.2029314760002], [0.073345349000022, 10.202930799], [0.073532054000111, 10.2030238850001], [0.073864419000188, 10.2034141260002], [0.074215307000088, 10.2035204510001], [0.074661252999988, 10.203767012], [0.074758557000052, 10.2037474010001], [0.074911953000139, 10.203862643], [0.075009905000059, 10.2040359400001], [0.075417413000025, 10.204434199], [0.075949130000083, 10.2045399260001], [0.076286869000057, 10.2048722730001], [0.076635200000169, 10.2050447450001], [0.076880143000096, 10.2050825190001], [0.077131077000104, 10.205247043], [0.07754266000012, 10.2060283510002], [0.077954244000068, 10.2068096590002], [0.077954532000092, 10.20689509], [0.078013344000169, 10.2070106420002], [0.078398956000115, 10.2075136920001], [0.079195870000149, 10.2078858560001], [0.079388217000144, 10.2080009670001], [0.079649247000077, 10.208683558], [0.079738420000069, 10.208727357], [0.079816827000059, 10.20887867], [0.079818249000027, 10.209300313], [0.080088103000151, 10.20929942], [0.080166130000123, 10.209337743], [0.080359380000118, 10.20972017], [0.080593451000027, 10.2098323850001], [0.080594549000125, 10.2101575730001], [0.080747820000113, 10.2102342300001], [0.080768131000127, 10.2104821910001], [0.080904906000114, 10.210616775], [0.080905427000118, 10.210771101], [0.080964361000156, 10.2109224790001], [0.08105947100006, 10.2110764920001], [0.081679212000097, 10.2117055310001], [0.081679593000047, 10.2118185200001], [0.081944084000156, 10.2126995190001], [0.08214717300018, 10.2126988460001], [0.082302706000178, 10.2126211660001], [0.08253348500017, 10.2125818180002], [0.082884319000073, 10.2126688420001], [0.083651058000157, 10.2131623500001], [0.083913850000044, 10.213128407], [0.084176640000123, 10.2130944630001], [0.084332565000125, 10.2131325280001], [0.084775880000166, 10.2134176630001], [0.085030596000081, 10.2138742890001], [0.085324443000161, 10.2141457750002], [0.085146043000123, 10.2142817720002], [0.084160899000153, 10.215018107], [0.083876491000069, 10.2152937790001], [0.083717954000178, 10.2154351550001], [0.083617323000112, 10.2155242360001], [0.083084062000125, 10.215790569], [0.082717396000021, 10.2161627230001], [0.08246023300012, 10.2164237330002], [0.081825235000167, 10.2170459090001], [0.080712145000064, 10.2177964380002], [0.080318596000097, 10.2182441920001], [0.079961958000126, 10.2189122920001], [0.079650604000108, 10.2198089780001], [0.079305863000059, 10.2207057750001], [0.07886586799998, 10.221407221], [0.078769368, 10.2216665920001], [0.078672867000137, 10.2219259620001], [0.078532020000068, 10.2222350850001], [0.078429314000118, 10.222304321], [0.078092760000175, 10.2223302380001], [0.077825862000111, 10.222386237], [0.077640435000148, 10.2226762160001], [0.077531566000118, 10.222981099], [0.077422699000067, 10.2232859820002], [0.077169944, 10.2242375910001], [0.0769755500001, 10.225169716], [0.076918553000098, 10.2255943070001], [0.076861558000076, 10.2260188990001], [0.076565345000176, 10.227284819], [0.076335085000153, 10.2283080060002], [0.077801657000123, 10.2295900990001], [0.078632890000108, 10.2312217930001], [0.079665856000133, 10.233249455], [0.081328654, 10.2363840540002], [0.084181494000177, 10.2392184310001], [0.08470609900013, 10.2397396330001], [0.086342533, 10.242173947], [0.086894229000166, 10.242407729], [0.08797485600013, 10.2427265530001], [0.088971660000027, 10.2429409300001], [0.089412869000057, 10.2430028380001], [0.08985408, 10.243064745], [0.090507612000124, 10.2430309280001], [0.090873191000071, 10.2431280110001], [0.091014654000162, 10.2431655770002], [0.091011742999967, 10.243475403], [0.090923786000076, 10.2442571990001], [0.090787375000048, 10.2450485850002], [0.090629024, 10.2459337440001], [0.090501872000175, 10.2469924160002], [0.090414884000097, 10.247767946], [0.090391168000053, 10.2479793820001], [0.090379733000077, 10.2487042090002], [0.090386061000061, 10.2489274110001], [0.090392389000101, 10.2491506130002], [0.08999957400016, 10.249818847], [0.089423198000077, 10.25050974], [0.088672349000035, 10.2514409770001], [0.088023437000174, 10.252076996], [0.087421748000054, 10.252690808], [0.086243549000187, 10.2531439510001], [0.085194133000186, 10.2538309080001], [0.084250088000147, 10.254412788], [0.083119823000175, 10.2550559160002], [0.082542150000052, 10.2553720070001], [0.082256620000067, 10.255684371], [0.082096371000034, 10.2560183630001], [0.08201979200004, 10.256409949], [0.082012810000151, 10.256812328], [0.082021294000128, 10.2576721260001], [0.082015641000112, 10.2584658310001], [0.081965582000123, 10.2592927540001], [0.081907083000033, 10.2596829020002], [0.081848585000159, 10.2600730510001], [0.081707032000054, 10.2618897770001], [0.081244123000033, 10.268216201], [0.080935517000114, 10.269527777], [0.080164946000025, 10.271955092], [0.079392487000121, 10.274388323], [0.078333210000153, 10.2782017200001], [0.078235213000141, 10.2785545040001], [0.078057057000137, 10.2823795820001], [0.077666762000092, 10.286026853], [0.077416099000061, 10.288369255], [0.075911917000099, 10.290526028], [0.074223334000123, 10.292673231], [0.073689053000066, 10.2940137990001], [0.073725139000032, 10.2951131940002], [0.073212504000139, 10.2949357620001], [0.072711198000036, 10.2948161660001], [0.071920735000106, 10.2947719350001], [0.071436274000064, 10.2946963740001], [0.071302506, 10.294638944], [0.070302733000176, 10.2944162690002], [0.069909649000124, 10.2942053670001], [0.069772773000182, 10.2940514920001], [0.069560773000035, 10.29390062], [0.068919515000118, 10.2935389640001], [0.068690133000132, 10.2931842150002], [0.067843860000039, 10.2930902590001], [0.065135254000097, 10.2932291610002], [0.061940489000165, 10.2934375150002], [0.059718044000022, 10.293576418], [0.058065135000163, 10.2939246070002], [0.057782072000066, 10.2949948100002], [0.057641225000054, 10.295317706], [0.05749976900006, 10.2962937460002], [0.057433321000076, 10.2972309590002], [0.057434596000121, 10.2976140200001], [0.057401100000163, 10.2984188440001], [0.057349549000094, 10.298815857], [0.057402753000076, 10.2989148950001], [0.057441225000048, 10.2996037360001], [0.057213188000105, 10.3004863600001], [0.057361311000022, 10.3015110590001], [0.057026525000026, 10.3020936410002], [0.05684742, 10.302628865], [0.056720052000117, 10.3028221920001], [0.056615662000013, 10.3032304010001], [0.056449242000099, 10.3033962970001], [0.056117299000107, 10.3039981600001], [0.056029432, 10.3043539550001], [0.056049406000056, 10.30492022], [0.056070196000178, 10.3057317560002], [0.056071856000131, 10.3062305630002], [0.056117640000025, 10.3066079670001], [0.056163422999987, 10.3069853720002], [0.05623655800008, 10.307219382], [0.056388128000037, 10.3076074640001], [0.056737137000027, 10.3079508080001], [0.056890582000051, 10.3080660530001], [0.057502819000149, 10.3080640510001], [0.057855281000172, 10.3077735330001], [0.057991577999985, 10.3077537950001], [0.058145023000179, 10.3078690400001], [0.058242939000138, 10.3080230480001], [0.05837974200017, 10.3081548820001], [0.05861136600015, 10.308347034], [0.058842723000168, 10.3084592670002], [0.059191929000121, 10.3088604800001], [0.05953979200001, 10.3088593410001], [0.05971781400018, 10.308833954], [0.059926181000094, 10.3087285490001], [0.05986961200017, 10.308455903], [0.059885802000053, 10.308304278], [0.060021399000163, 10.3080750960001], [0.060176853999963, 10.3079588410001], [0.060407834000102, 10.3079580830001], [0.060716283000147, 10.3078220340001], [0.06098526500017, 10.3075345420001], [0.061293399000078, 10.3073047940001], [0.061448982000059, 10.3072271190002], [0.061952351000059, 10.3071262560001], [0.06253017500012, 10.306821213], [0.062785987000154, 10.306756987], [0.063030067000057, 10.3065136690001], [0.063283373000047, 10.3065321280001], [0.063436173000127, 10.306454461], [0.06345482100005, 10.3062063720002], [0.063571249000063, 10.306070952], [0.063735097000119, 10.3059684470001], [0.063957116000154, 10.3057858290001], [0.064213713000129, 10.3059558490002], [0.064364403000184, 10.3060793660002], [0.065060473000187, 10.3061817980001], [0.065291839000167, 10.306296782], [0.065445026000134, 10.3063348600002], [0.065840083000069, 10.3063004880001], [0.066177089000064, 10.306382053], [0.066297548000136, 10.30661866], [0.066704746000084, 10.3068846350001], [0.066974686000037, 10.306883745], [0.067591964000144, 10.3067273790001], [0.068364441000028, 10.306380346], [0.068750814000111, 10.3062467890001], [0.069059517000142, 10.3061878950002], [0.069687038000097, 10.3061617180001], [0.070064002000038, 10.3061459910001], [0.070339988000114, 10.3062883830002], [0.070671545000152, 10.3064044090002], [0.071003101000031, 10.3065204360001], [0.071933687000126, 10.3068453000001], [0.072691820000045, 10.3071955360002], [0.073494937000135, 10.307680657], [0.073974824000175, 10.3080428370002], [0.074185682000177, 10.3082639830002], [0.074396541000112, 10.3084851280001], [0.074675446000015, 10.3086660880001], [0.075012054000183, 10.3086291420001], [0.075264978000121, 10.3085346030002], [0.075590295000154, 10.308450845], [0.075960221, 10.308391742], [0.076366512000163, 10.308387634], [0.076628191000054, 10.3084129430001], [0.076889870000116, 10.3084382530002], [0.077435661000038, 10.3085384010001], [0.078120427000044, 10.3085884800001], [0.078582253000093, 10.3085483570001], [0.079171351000127, 10.308290099], [0.079841310000063, 10.308078418], [0.08047813800016, 10.3079440090002], [0.080920689000095, 10.3079645780002], [0.081338778000145, 10.3081560890001], [0.081759959000124, 10.3084385330001], [0.082144927000172, 10.3087100730002], [0.082482040000059, 10.308821934], [0.082650517000047, 10.3088544410002], [0.082818994000036, 10.3088869470002], [0.083214313000155, 10.3089297160001], [0.084013563000042, 10.3090923880001], [0.084445419000076, 10.3092397560002], [0.08493303500012, 10.3094172500001], [0.085551768000016, 10.3096880020001], [0.086076234000075, 10.3100610360001], [0.090415566000104, 10.312953367], [0.094359056000087, 10.3154975600002], [0.094721554000046, 10.3157314240001], [0.095191318000047, 10.3162216210001], [0.098683514000129, 10.3197437820001], [0.098900730000025, 10.3199359390001], [0.099204120000081, 10.319948686], [0.099505254000121, 10.3201130100001], [0.099815874000058, 10.3202042730001], [0.100299594000091, 10.3204547840002], [0.100686492000136, 10.3204727570001], [0.101152042000137, 10.320699904], [0.101657493000118, 10.321196985], [0.102042204000043, 10.3213858250002], [0.102586620000125, 10.3218827720002], [0.102973453000118, 10.32188145], [0.10343608800008, 10.322070022], [0.103798192000056, 10.3221597270001], [0.10409647, 10.3223020110001], [0.104577847000144, 10.3222783170001], [0.104808892000165, 10.3222940620001], [0.104964790999986, 10.3226077030002], [0.105091963000064, 10.322863549], [0.104870882000171, 10.3233107500002], [0.104851930000166, 10.323462385], [0.104950671000097, 10.3238451070001], [0.104951210000024, 10.3239994310001], [0.104741501000035, 10.324515488], [0.105321239000034, 10.3247642830001], [0.105439058000059, 10.3250311950002], [0.105304230000115, 10.325472588], [0.105479954000089, 10.3255849750001], [0.105863479000107, 10.3254320910001], [0.105999442000098, 10.3253158810001], [0.106230026000162, 10.325199347], [0.10661820100006, 10.3255810760001], [0.1068774740001, 10.3257097110002], [0.107741091000037, 10.325960284], [0.10823205700018, 10.3262892980001], [0.108215813000072, 10.326418877], [0.107820626000148, 10.3264202340001], [0.107802948000085, 10.3269356330002], [0.107474620000119, 10.32695605], [0.107475247000082, 10.3271351770002], [0.108056102000091, 10.3277008830001], [0.108172515000035, 10.3275654480001], [0.108771877000038, 10.327852751], [0.108733447000077, 10.3280044530001], [0.108484045000068, 10.328311206], [0.108387383000036, 10.328523736], [0.10802123000002, 10.3288694710001], [0.107946618000085, 10.3290212970001], [0.107947921000118, 10.329393328], [0.108855566000159, 10.3294976880002], [0.108875917000148, 10.3297456410002], [0.108606899000108, 10.33001388], [0.108608135, 10.330366621], [0.108939460000158, 10.3312004970001], [0.108980499000097, 10.3317928570001], [0.109470066000029, 10.3317195220001], [0.109656849000089, 10.3318098220001], [0.110119773, 10.3320755440001], [0.110586430000183, 10.3326113230001], [0.110998681000126, 10.3327118690001], [0.111373735000029, 10.3325231810001], [0.111474622000117, 10.3327212530002], [0.111554166000133, 10.3331812000001], [0.11149706700013, 10.3335644550001], [0.111267079000129, 10.3338518530001], [0.11144348800002, 10.3341571410001], [0.111686109000118, 10.3342968510001], [0.111793328000033, 10.3347126100002], [0.11179601200007, 10.3354759620001], [0.112031853000133, 10.336853057], [0.112259674000086, 10.337321178], [0.112631237000187, 10.337140351], [0.112910574000125, 10.3374315030001], [0.11302017200012, 10.3377315090001], [0.112862495000115, 10.3380048790002], [0.112559777000115, 10.338187807], [0.112327760000028, 10.3386901660001], [0.112445796000031, 10.3390149450001], [0.11257979300018, 10.339130227], [0.112889184000096, 10.3392614380001], [0.113021795000179, 10.3397735620001], [0.112524480000161, 10.3400205460001], [0.112868861000095, 10.340603591], [0.113647049, 10.3402922520002], [0.114033641000049, 10.3402165090002], [0.114352636000035, 10.340703186], [0.114559160000113, 10.340865065], [0.114868622000131, 10.341015565], [0.115177550000112, 10.3410144970001], [0.115564609000046, 10.341071029], [0.115717953000114, 10.341147662], [0.115894029000117, 10.3413564940001], [0.116082626000036, 10.3415639050001], [0.116271221999966, 10.341771315], [0.116401415000041, 10.3415972480001], [0.116665813000054, 10.3415963330002], [0.116930522000189, 10.3416836010001], [0.117256354000119, 10.3417403440001], [0.117606931000125, 10.3417115710001], [0.117724903000124, 10.3416229760001], [0.117842873000086, 10.3415343810001], [0.118075321000163, 10.34115603], [0.118092980000085, 10.340640632], [0.118228612000109, 10.34043072], [0.118383989000108, 10.340295146], [0.118536797000104, 10.3402202090001], [0.118807878000098, 10.3401421060001], [0.119078959000035, 10.3400640030002], [0.119232030000035, 10.3400634710001], [0.119849276000082, 10.3398904680001], [0.120113614000104, 10.3398730140001], [0.120662209000102, 10.3399620500002], [0.121105663000037, 10.3402250660001], [0.121281830000157, 10.3404586970001], [0.121536658000082, 10.3408987400001], [0.121593133000033, 10.341127275], [0.121859309000058, 10.3416279060002], [0.122615543000109, 10.3421902140001], [0.123027809000121, 10.3422907420001], [0.123648447000107, 10.3422885800001], [0.123801715000184, 10.3423431610001], [0.124189727000157, 10.3426669930001], [0.124326375000066, 10.3427436800001], [0.124788582000065, 10.3427999390001], [0.124944712000172, 10.3428765560001], [0.12509860900002, 10.343107506], [0.125120063, 10.3436613480002], [0.125159841000141, 10.343889941], [0.125317601, 10.3444240160001], [0.125390699000036, 10.3446304460001], [0.125491521000185, 10.344806465], [0.125667272000101, 10.344921596], [0.12625099700017, 10.34471287], [0.126838762000034, 10.3448568730001], [0.126971380000157, 10.3449735310002], [0.127103998000109, 10.3450901890002], [0.127104410000186, 10.3452059320001], [0.126754567999967, 10.345441398], [0.126607061000129, 10.3454419140001], [0.126222563000113, 10.3453247580002], [0.125930537000102, 10.3453836510001], [0.12581201100005, 10.345706493], [0.125931071000139, 10.3459237860002], [0.126050131000056, 10.3461410780002], [0.126168478000181, 10.3465485230001], [0.126405676000104, 10.3467240660001], [0.126522667000074, 10.3467512150002], [0.126757839000163, 10.3467328480002], [0.127082266000116, 10.3466295960001], [0.127580276000117, 10.3466686140001], [0.127823899000077, 10.3466495860002], [0.127974611000127, 10.3466378150002], [0.128129518000094, 10.3466257150001], [0.128283920000058, 10.346607262], [0.128722882000147, 10.3463880170001], [0.129519413000025, 10.3457596590002], [0.129595812000048, 10.34572081], [0.12967221100007, 10.3456819610001], [0.130136722000032, 10.345603171], [0.130667868000103, 10.345809623], [0.130990215000054, 10.3460418200002], [0.131127179000032, 10.346140479], [0.131047657000181, 10.3462417800002], [0.13094759400002, 10.3463692440001], [0.130598562000102, 10.3468138600001], [0.130421571000113, 10.347039319], [0.130276348000052, 10.3472892290001], [0.130453048000106, 10.347668909], [0.130551830000115, 10.3480516190001], [0.130513418000135, 10.348206078], [0.130416421000177, 10.348322162], [0.13026347400006, 10.3483585240002], [0.12989418900014, 10.348605085], [0.129878257999962, 10.3488200930001], [0.130032428000106, 10.349125446], [0.130380326000136, 10.3491242260001], [0.130536047000135, 10.349085098], [0.130844438000167, 10.3489324470002], [0.131153914000038, 10.3490829290001], [0.13142485000003, 10.3493520460001], [0.131659180999975, 10.3495027920002], [0.131890186000021, 10.3495019800001], [0.13204291400001, 10.3494049900001], [0.132236987, 10.3491948680001], [0.132389647000025, 10.3490785880001], [0.133318617000157, 10.3489044620001], [0.133626106000122, 10.348501034], [0.133778013000153, 10.348175315], [0.133816424000031, 10.3480208560001], [0.133932566000055, 10.3478110070001], [0.134270499000024, 10.3473606230001], [0.135128210000062, 10.3467210130001], [0.135742555000149, 10.3465149200001], [0.136171121000075, 10.3465023860001], [0.136324670000079, 10.3466341230001], [0.136363912000149, 10.346711147], [0.136356405000129, 10.3469454160002], [0.136020031000044, 10.3478284550001], [0.136021320000054, 10.3481867040002], [0.136080242000105, 10.3483187740001], [0.13620912000016, 10.3485553180001], [0.136602421000077, 10.3487964400002], [0.136989977000155, 10.348987978], [0.137455174000024, 10.3490993230001], [0.138073040000165, 10.3490971410001], [0.13840090900004, 10.3489444140001], [0.138940587000093, 10.3480992350001], [0.139213543000096, 10.3480667250001], [0.139441348000048, 10.3480395930002], [0.139597344000151, 10.348077622], [0.141371390000074, 10.34877958], [0.141899558000034, 10.3489871480002], [0.142286838000132, 10.349101518], [0.14244248600005, 10.3490430940001], [0.142575739000108, 10.3489489250001], [0.142700284000057, 10.3487555780002], [0.143097379000153, 10.3485061490001], [0.143250384000112, 10.3484863150002], [0.143406381000091, 10.3485243430001], [0.143677246000038, 10.3487714020001], [0.143834770000126, 10.3492310590001], [0.14383573900011, 10.3494983670001], [0.14368195600008, 10.3500721170001], [0.143644099000085, 10.3503781430001], [0.143664141000102, 10.3505323960001], [0.143891056000143, 10.350939446], [0.144122480000135, 10.351054367], [0.144383164000033, 10.351563261], [0.144367847000069, 10.3527124780002], [0.144469624000067, 10.3539163940001], [0.144612658000028, 10.354216267], [0.144936135000023, 10.3543873530001], [0.145259613000178, 10.3545584390001], [0.145466402000125, 10.3547864330001], [0.145698239000012, 10.355014338], [0.145929336000052, 10.3550383180001], [0.146091174000105, 10.3551507290001], [0.146348231000161, 10.3554253920001], [0.146485349000159, 10.3556288320001], [0.14669418200009, 10.3556528900001], [0.146877294000149, 10.3554924030001], [0.14717779200015, 10.3554665290001], [0.147364268000103, 10.355465865], [0.147640639000144, 10.3556936100001], [0.147780963000059, 10.35601278], [0.148013337000066, 10.3564254580001], [0.148322949000146, 10.3567275730001], [0.148377851000077, 10.356810721], [0.148648589000061, 10.3568142600001], [0.148844716000042, 10.3567912190001], [0.149349168000015, 10.356731956], [0.149929016000044, 10.356604497], [0.150007045000052, 10.3565564310002], [0.151137802000051, 10.3560018920001], [0.15137369700011, 10.355886965], [0.151743645000181, 10.3558250150001], [0.152029531000039, 10.3556674450002], [0.152393641000117, 10.355472705], [0.152719107000053, 10.3554246910002], [0.15306422600014, 10.3554234560002], [0.15354942200014, 10.3556724940001], [0.15392059800007, 10.355946741], [0.154335460000141, 10.3559893460001], [0.154646807000063, 10.3558862650002], [0.154958155000031, 10.3557831860001], [0.155165167000121, 10.355690124], [0.15537217900004, 10.355597063], [0.155741428000113, 10.355344962], [0.155988807000085, 10.355123688], [0.15619524300007, 10.355046192], [0.156582742000069, 10.355019215], [0.157037447000164, 10.3550785090001], [0.157126123000182, 10.3552219410001], [0.157152431000043, 10.355349771], [0.157103833000122, 10.355562112], [0.157034759999988, 10.3558639130001], [0.156635724000012, 10.3563420960001], [0.15646087500005, 10.3564777570001], [0.156336873999976, 10.356643428], [0.156224065000174, 10.356794144], [0.155987255000127, 10.357110531], [0.15591953500018, 10.3573753990001], [0.155820405000156, 10.357910304], [0.155883680000159, 10.358168657], [0.156081084000164, 10.3584109180001], [0.156246796000175, 10.3585383330002], [0.157216929000072, 10.3584839980001], [0.157707478000077, 10.3586723830001], [0.157938628000181, 10.3587101320001], [0.158094348000134, 10.3586709910002], [0.158363483000073, 10.358441294], [0.158421511000086, 10.35832672], [0.158479539000098, 10.358212147], [0.158554403000096, 10.3581347160001], [0.158827160000158, 10.358133734], [0.15913665700009, 10.3582841870002], [0.159702171000163, 10.3584226940001], [0.159833458000094, 10.3585517430001], [0.160012670000185, 10.3588459640002], [0.159968807000041, 10.359028003], [0.159577818000116, 10.359423486], [0.159376284000132, 10.3593861180001], [0.159072353000113, 10.3593297630001], [0.15890618100002, 10.3592634300001], [0.158718624000073, 10.3592736360002], [0.158553046000065, 10.359281121], [0.157348402000025, 10.3601810810001], [0.156822457000146, 10.3602077740001], [0.156455067000081, 10.3602090940001], [0.156302130000142, 10.3602482250001], [0.15622475300006, 10.3604000700001], [0.156262441000138, 10.3608105450001], [0.156433655000114, 10.36120125], [0.15661137800015, 10.3614692980001], [0.15678910000014, 10.3617373480001], [0.157373058000132, 10.362349785], [0.157590624000022, 10.362621645], [0.157722239000122, 10.3627545180001], [0.1578004160001, 10.362933331], [0.157736473000057, 10.363112654], [0.157448392000106, 10.3631583320001], [0.157195239000032, 10.3631936900002], [0.156619099000181, 10.363195762], [0.156201607000071, 10.3631972620001], [0.156103902000098, 10.3632703660001], [0.155835213000159, 10.3634714], [0.155580666000162, 10.3638856810002], [0.155490907000058, 10.3644564480001], [0.155527794000022, 10.3650281380001], [0.155564680000055, 10.365599829], [0.155797038000117, 10.3659655110001], [0.155959137000082, 10.3661468100001], [0.15609686300013, 10.366492249], [0.156214772, 10.366787986], [0.156307794999975, 10.367107321], [0.156287206000172, 10.3675648530001], [0.156475195000155, 10.3679747870001], [0.156682424000167, 10.3683185130001], [0.156799991000014, 10.368499971], [0.156822638000051, 10.368603231], [0.156845284000156, 10.3687064910001], [0.156754688000092, 10.369048532], [0.156433226000161, 10.3694327410001], [0.156203897000125, 10.3698937790001], [0.156205070000112, 10.3702134440001], [0.156244082000114, 10.3703214770001], [0.156320359000119, 10.370532699], [0.156454436000161, 10.3706785350001], [0.156529951000095, 10.3707606740001], [0.156900136000047, 10.370759342], [0.157084343000122, 10.3708964680001], [0.157407880000164, 10.3710771840002], [0.157617805000029, 10.3713960980001], [0.157571835000113, 10.37176278], [0.157366686000103, 10.3719867360001], [0.157367445000091, 10.3721934160002], [0.157494715000155, 10.3723638150001], [0.157655386000044, 10.3725842760002], [0.157801884000094, 10.372845737], [0.157981457000119, 10.3730248250001], [0.158156050000059, 10.373196432], [0.15845732300005, 10.3733772270002], [0.159010717000172, 10.3732401990002], [0.159446520000074, 10.372916203], [0.15972309100016, 10.3724357020001], [0.159927965, 10.3721373400002], [0.160205965000102, 10.372045396], [0.160481518000097, 10.372044401], [0.160668338000107, 10.3721346670002], [0.160830193999971, 10.372248447], [0.160992051000164, 10.372362227], [0.161478123000052, 10.372839974], [0.161857360000056, 10.3731799360001], [0.16198638100002, 10.3732955940001], [0.162243387000103, 10.3735481960002], [0.162405828000146, 10.3738204280002], [0.16254689200008, 10.3739563290001], [0.16268395600008, 10.374090443], [0.162978098000053, 10.3742730590002], [0.163134109000111, 10.3743110760001], [0.163289979000012, 10.374310512], [0.163779170999987, 10.3741241050001], [0.164178662000097, 10.3737671640002], [0.16448168300002, 10.3736668590001], [0.164802245000089, 10.373474449], [0.165811980000058, 10.3728683780001], [0.166017765000106, 10.3728180280002], [0.166588649000118, 10.3728958730001], [0.166767152000034, 10.3729944330001], [0.166940424000188, 10.3731839510002], [0.167077095000025, 10.3732606170001], [0.167464197000072, 10.3733170820001], [0.167616996000049, 10.3732393650001], [0.167733468000051, 10.3731232000002], [0.167829466, 10.372739801], [0.167906838000022, 10.372587953], [0.167962291000094, 10.3725298800001], [0.168079191000174, 10.3725294550002], [0.168266361000178, 10.3727134110001], [0.168343391000178, 10.3732201910001], [0.168307708000157, 10.3733553530001], [0.168333540000162, 10.3735660750002], [0.168359372000168, 10.3737767960001], [0.168468128000086, 10.3738315160002], [0.168855088000157, 10.3738493990002], [0.168969707000144, 10.3739840150001], [0.169186009999976, 10.374517845], [0.169320399000185, 10.3747295490001], [0.169340169000066, 10.3748066390001], [0.169321248000188, 10.374958275], [0.1692085520001, 10.3753417350002], [0.169209124000133, 10.375496056], [0.169305243000167, 10.37589529], [0.169230121000169, 10.3762786140001], [0.169155000000103, 10.376661938], [0.169220205000045, 10.376981368], [0.169329422000146, 10.377160095], [0.169466371000169, 10.3773111630001], [0.169678554000086, 10.3774840040001], [0.169834496000021, 10.3775027260002], [0.169987510000055, 10.377482879], [0.170759871000087, 10.3770970160002], [0.170953281000095, 10.377086666], [0.171108153000148, 10.377192198], [0.171206208000172, 10.377362697], [0.171207089000177, 10.3775996890001], [0.171556623000129, 10.378031068], [0.171615720000148, 10.3782044650001], [0.171674387999985, 10.3782621220001], [0.171711135000123, 10.3784135550001], [0.171847881000076, 10.378509507], [0.172184292000111, 10.3785909320001], [0.172437364000075, 10.3784911990002], [0.172699849000026, 10.3784013900001], [0.172930331000089, 10.378324391], [0.173333981000098, 10.3782721450002], [0.173532601000034, 10.378246034], [0.17367353000003, 10.378220134], [0.173901425000167, 10.3782471060001], [0.174141682000027, 10.3782755410001], [0.174353714000176, 10.3784080420001], [0.174560070000041, 10.378737304], [0.174631078000061, 10.37887032], [0.17478517100011, 10.378936395], [0.174938955000187, 10.3789199660002], [0.175444765000123, 10.378759454], [0.17563699800013, 10.378739712], [0.175758791000021, 10.378739266], [0.175839190000147, 10.3788119560002], [0.175981313000136, 10.378888477], [0.176138842000114, 10.3789595500001], [0.176476520000165, 10.3791953080001], [0.17682748500016, 10.379634942], [0.177178451000032, 10.3800745770001], [0.177830913000037, 10.381122125], [0.178146336999987, 10.3813607190001], [0.178396876000022, 10.3813680670002], [0.178551731000141, 10.3810960580001], [0.178706586000089, 10.380824048], [0.178989968999986, 10.3806824650001], [0.179123717000039, 10.3807205540002], [0.179279588000099, 10.3807199820001], [0.179432821000034, 10.380758], [0.179573648000087, 10.3806424300001], [0.179587835000063, 10.3805287030002], [0.179508971000132, 10.380280976], [0.179391562000092, 10.3801463750002], [0.17932289200013, 10.3796478370001], [0.179176008000013, 10.3790751810001], [0.179097505000186, 10.3789239030001], [0.179096309000101, 10.3786042400002], [0.179251797000177, 10.3785017070001], [0.179471489000036, 10.3784485410002], [0.180334610000159, 10.3785170210002], [0.18048798600006, 10.378593618], [0.180722432000096, 10.3787636130002], [0.180819178000093, 10.3789547820001], [0.180915923000043, 10.3791459500001], [0.180955676, 10.379355241], [0.180861419000109, 10.3801988460002], [0.180899599000099, 10.3807305640001], [0.181000173000086, 10.3808294020001], [0.181309712000029, 10.3809825850001], [0.181560147000027, 10.3809623740001], [0.181791450000048, 10.3810359280001], [0.182083780000085, 10.3810541430001], [0.182597998000176, 10.380862103], [0.182854072000055, 10.3808611600001], [0.183068902000059, 10.3809954010001], [0.18308895600012, 10.3811468930002], [0.183050568000169, 10.3813013560001], [0.182820331000187, 10.3815116410001], [0.182548902000065, 10.381870887], [0.182530950000171, 10.3822788030002], [0.182589971000141, 10.382430152], [0.182919358000163, 10.3826797110002], [0.183173147000105, 10.3828110520001], [0.183389065000028, 10.382863994], [0.183604983000123, 10.3829169350001], [0.18381040800017, 10.3827701240001], [0.18392395800015, 10.382618139], [0.18424318100017, 10.3823854790002], [0.184926898000128, 10.382115651], [0.18508247900013, 10.3820379160001], [0.185218442000121, 10.381924429], [0.185370450000107, 10.381637271], [0.185369942000023, 10.3815022410001], [0.185117557000012, 10.3810043830001], [0.185097721000147, 10.3809107610002], [0.185116623000113, 10.380756369], [0.185252585000171, 10.380642883], [0.18571375900018, 10.3804096980002], [0.185869485000069, 10.380370543], [0.186081314000091, 10.3804469210002], [0.186307518000149, 10.3806445000001], [0.186639865000018, 10.3809408920001], [0.187053659000185, 10.3814298850001], [0.187324263000164, 10.3815914730002], [0.187555214000042, 10.38157133], [0.187707293000074, 10.3813034610001], [0.187630406000039, 10.380843536], [0.187840645000108, 10.3804982910002], [0.188010432, 10.3804976630001], [0.188459569000145, 10.3807633080001], [0.188518276000138, 10.3808306070001], [0.188576983000075, 10.3808979050002], [0.188695904000099, 10.3814320790001], [0.188638035000167, 10.381586614], [0.188518385000066, 10.3823338620001], [0.188740730000063, 10.3829833930001], [0.188741886000173, 10.383289276], [0.188683934000153, 10.3834217670001], [0.188528790000078, 10.3836152420002], [0.18837591900018, 10.383673678], [0.187708238000084, 10.3837670880001], [0.187505422000186, 10.3838670440001], [0.187333504000151, 10.3840412920001], [0.187168358000179, 10.3845351800001], [0.187258240000119, 10.3847497950002], [0.187450868999974, 10.384900649], [0.187606960000039, 10.3849579420001], [0.188068793000127, 10.384898363], [0.188610919000041, 10.3847255010001], [0.188727387000085, 10.384609328], [0.18878247300006, 10.3844548030001], [0.188879393000093, 10.3843221690001], [0.189251729000148, 10.384149934], [0.189806205000025, 10.3842994460001], [0.189904126000044, 10.3844313590001], [0.189635226000178, 10.384721707], [0.189444251000111, 10.3850090120001], [0.189445210000088, 10.3852625360001], [0.189663558, 10.3857736050002], [0.189678601000139, 10.385887224], [0.189640216000043, 10.3860416870002], [0.189734154000178, 10.3865924860002], [0.189836016000072, 10.3866623800001], [0.190009872000076, 10.3866328000001], [0.190162452000095, 10.3864972040001], [0.19035701200005, 10.3864220780001], [0.190416038000137, 10.3865734240002], [0.190416622000157, 10.3867277430001], [0.190359035000085, 10.3869566830002], [0.190281682000034, 10.3871112910002], [0.190243505000126, 10.3873208680002], [0.190263573000038, 10.3874751150001], [0.190498760000025, 10.387838], [0.190730654000049, 10.388065866], [0.190883891000169, 10.3881038780002], [0.191348584000025, 10.3880635730001], [0.191504093000162, 10.387966545], [0.191695286000083, 10.38773711], [0.191772639000021, 10.387582502], [0.191838690000054, 10.3873838440001], [0.191902403000086, 10.3865679090002], [0.192018296000185, 10.3863001730001], [0.192134690000046, 10.3861647090002], [0.192390328000045, 10.38604802], [0.192978294, 10.386219446], [0.193292897000049, 10.386237567], [0.193448624000041, 10.386198408], [0.193526279000139, 10.3861237150002], [0.193584145000159, 10.3859691780001], [0.19340530900007, 10.3850521840001], [0.193382163000138, 10.3848207880001], [0.19363379400005, 10.3843816910001], [0.19380856500004, 10.3842267210001], [0.193964145000166, 10.3841489820001], [0.194117160000076, 10.384129123], [0.194273325000154, 10.384205702], [0.194749374000025, 10.3849590020002], [0.194996635000109, 10.385201964], [0.195243895000146, 10.385444926], [0.195303374, 10.3857147670001], [0.195284611000147, 10.3859049820001], [0.195034667000073, 10.386787747], [0.19505487400005, 10.3869778170002], [0.195172647000106, 10.387206105], [0.19536822200007, 10.3873982770001], [0.195696524000027, 10.3873584740001], [0.195849321000139, 10.3872807440001], [0.196542784999963, 10.3866470990001], [0.197228673000041, 10.3862174030001], [0.197638111000174, 10.3862875250001], [0.197762159000149, 10.386335288], [0.19789601400015, 10.3863809550002], [0.198090310000055, 10.3866220360001], [0.19822928200017, 10.3869342930001], [0.198368254000115, 10.3872465490002], [0.198615917000097, 10.3879593580001], [0.19871392500005, 10.3881133130001], [0.198813384000175, 10.3886475530001], [0.19881571500008, 10.389259316], [0.198661448000053, 10.389681519], [0.198545633000151, 10.389968547], [0.198374149000188, 10.3902557830001], [0.198188685000105, 10.3905265380001], [0.198009795000019, 10.391061817], [0.198010740000029, 10.3913098290001], [0.197876028000053, 10.3917512480001], [0.197379153999975, 10.3928443710001], [0.197379741000134, 10.3929986900001], [0.197245458000111, 10.3935530930001], [0.197246549000113, 10.3938396840001], [0.197344487000066, 10.3939743490001], [0.197624665000149, 10.3940876660002], [0.197904844000163, 10.3942009830001], [0.197964170000091, 10.3944294870001], [0.197409384000025, 10.3956661250001], [0.197361166000121, 10.3957958240001], [0.197312947000114, 10.3959255230001], [0.197255364000057, 10.396154463], [0.197230921000084, 10.3964878930001], [0.197220354000024, 10.3966368520001], [0.19720761200017, 10.396817815], [0.197254655000108, 10.3970760340002], [0.197298710999974, 10.3973034400001], [0.197328814000116, 10.3975334310001], [0.197358918000077, 10.397763422], [0.197340011000051, 10.397915057], [0.197185297000033, 10.398221521], [0.197071686000129, 10.3983569750002], [0.197033303000069, 10.3985114400001], [0.196791495000127, 10.3989725490001], [0.196549685000036, 10.399433658], [0.196302881, 10.399679839], [0.195647050000048, 10.3999688810002], [0.195497137000132, 10.4000818230001], [0.195401839000056, 10.4001571830001], [0.19533283100003, 10.400224393], [0.195245607000118, 10.4003092960002], [0.195151108, 10.4004012640002], [0.195053758000142, 10.4005262910001], [0.194979167000099, 10.4007377020001], [0.194926814000098, 10.4008859200001], [0.194950985000105, 10.4009938660001], [0.194999167000162, 10.4011005820001], [0.195121617000154, 10.4011001260001], [0.19526449500006, 10.4010995930001], [0.195332196000095, 10.401042375], [0.195435835000069, 10.4009792830001], [0.195542201000137, 10.4009850050001], [0.195646741000076, 10.4009905750002], [0.195802143000151, 10.400998966], [0.195919714000013, 10.4010629130001], [0.195987352000145, 10.4011156010002], [0.196083125000143, 10.4011901850001], [0.196124787000031, 10.401283167], [0.19615982800002, 10.401361432], [0.196209210000177, 10.4014717260001], [0.196246835000181, 10.401555783], [0.196203666999963, 10.4017345890001], [0.196166941000172, 10.4018335590001], [0.19609165300011, 10.4019332220001], [0.196020642, 10.4020291930001], [0.195936289000088, 10.4021434580001], [0.195768332000114, 10.402169713], [0.195650493000073, 10.402170153], [0.195561246000011, 10.402152669], [0.195479383000077, 10.402131861], [0.195377839000059, 10.402106055], [0.19526943700015, 10.4020785630001], [0.195185705000142, 10.402057258], [0.194924533, 10.40191979], [0.194824868000012, 10.4018655410001], [0.194725459000097, 10.401811513], [0.194620081000039, 10.401754274], [0.194501965000029, 10.401690108], [0.194407206000108, 10.4016210350001], [0.19433718, 10.401563632], [0.194254755000031, 10.4014960360001], [0.194140012000048, 10.401451163], [0.194038507000073, 10.4014844340001], [0.194026162000057, 10.4015691180001], [0.194013904000087, 10.4016532060002], [0.194040579000045, 10.402080245], [0.194052845000044, 10.4023778180001], [0.194065312000077, 10.402674861], [0.194401028000129, 10.4031701720001], [0.19471345200003, 10.4033426180001], [0.194866685000022, 10.403377872], [0.195176252000181, 10.4035310380001], [0.195313016000114, 10.403626978], [0.19574108900008, 10.4041985740001], [0.196284603000095, 10.4051142030001], [0.196672986000181, 10.4054957990001], [0.197290801000065, 10.4054549120002], [0.197574729999985, 10.4054538510001], [0.197987872000112, 10.4057581920002], [0.198143901000094, 10.4057961890001], [0.198605982000061, 10.4057944610001], [0.199534837000101, 10.4055622600001], [0.199648966000041, 10.4055618340001], [0.200321081000141, 10.4058900040001], [0.200796276000119, 10.4064062990001], [0.201259728000082, 10.4067628060002], [0.201413111000079, 10.406836636], [0.201780919000157, 10.4069317070002], [0.20218695900013, 10.4068337330001], [0.20290140000003, 10.4065830370001], [0.203018312000097, 10.4065825980002], [0.203405964000012, 10.4067712870001], [0.203677010999968, 10.40704033], [0.204075724, 10.4072096870001], [0.20518676100005, 10.40730196], [0.205882667000026, 10.4072993420002], [0.206282809000129, 10.4071159580001], [0.206400775000134, 10.4067519710001], [0.2064716430001, 10.406569518], [0.206603466000104, 10.4062856200001], [0.20675546300015, 10.4059307970002], [0.206477901000085, 10.4055371050001], [0.20626024500001, 10.4047686930001], [0.206289362000064, 10.4043637250002], [0.20636038400005, 10.4042217570001], [0.206636583999966, 10.404261203], [0.208389225000133, 10.405388203], [0.208849260000079, 10.4053763470001], [0.209186220000106, 10.4052637400001], [0.209319325000024, 10.4053138450001], [0.20940138900005, 10.4053843860002], [0.209381760000099, 10.4055970100002], [0.209291888000109, 10.4061540290002], [0.208998941000118, 10.4070761860002], [0.20865692000018, 10.4077477160001], [0.208551880000186, 10.407939634], [0.208033126999965, 10.4091293050001], [0.207745834000093, 10.409703577], [0.207515894000096, 10.4099910380001], [0.206813676000081, 10.4105255370002], [0.206554014000062, 10.4110473460001], [0.206535853000105, 10.4113918790001], [0.206555931000139, 10.4115461240002], [0.206518719000087, 10.4120037130001], [0.206326954000133, 10.4128091050001], [0.206289307000134, 10.4131537110001], [0.206351292000022, 10.4140711320002], [0.206323387000111, 10.414415701], [0.206295483000076, 10.4147602710001], [0.206220916000063, 10.414914872], [0.20611928600016, 10.4152707420001], [0.205682798000112, 10.4161404370001], [0.205278876000079, 10.416792307], [0.205109599000025, 10.4176554840001], [0.205111504000115, 10.4181515060001], [0.20515107000017, 10.418305677], [0.20541424400011, 10.4186959970002], [0.205946433000179, 10.4188235120001], [0.206658165000078, 10.418586594], [0.208057550000149, 10.4183663700001], [0.208263492000128, 10.4183518140002], [0.208771904000116, 10.4180881020002], [0.209412658000019, 10.4174932030001], [0.210287210000047, 10.416889153], [0.210595606000027, 10.416733666], [0.211115668000048, 10.4166049370002], [0.211486103000027, 10.416655894], [0.211776268000165, 10.4168256490001], [0.211815836000085, 10.4169798200002], [0.211738478000086, 10.417131677], [0.211602597000081, 10.417267221], [0.211216694000029, 10.4175359850001], [0.210986018000142, 10.4176333080001], [0.210655607999968, 10.4178550140001], [0.21035068599997, 10.418189609], [0.210253851000061, 10.4183442950002], [0.210176790000162, 10.41857331], [0.210178416000133, 10.4189949280001], [0.210296662000133, 10.419338945], [0.210414461000028, 10.4195672230001], [0.210490802000038, 10.4198728190001], [0.210511405000034, 10.4201620910001], [0.210144650000188, 10.420867235], [0.210147381000127, 10.4210521840001], [0.210148152000102, 10.4212519710001], [0.210305223000034, 10.4215572610001], [0.210422736000112, 10.4217111360001], [0.211164500000166, 10.422041771], [0.213175102000093, 10.4222242980001], [0.21413658300014, 10.4225017340002], [0.21495099800012, 10.4229009750001], [0.215339050000068, 10.423186095], [0.215649233000079, 10.4234908000001], [0.215881471000102, 10.4237958020001], [0.216209929000115, 10.4245055250001], [0.216337144000079, 10.4250065800001], [0.216391416000135, 10.4253618590001], [0.216546309000023, 10.4258214730001], [0.216798561000132, 10.426261426], [0.216935554000031, 10.4264124680001], [0.217167132000156, 10.4265466170001], [0.217400970000142, 10.4265457280001], [0.218245816000092, 10.426176002], [0.219677166, 10.4255808270001], [0.22037146800011, 10.425156557], [0.220526833000065, 10.4250209350001], [0.22062896400007, 10.4247973330001], [0.220524377000061, 10.4243898890002], [0.220074529000101, 10.42396447], [0.219461512000123, 10.4238152440001], [0.219130460000088, 10.4238716200002], [0.218705091000118, 10.4240137810001], [0.21843506700003, 10.4240148100001], [0.218200791000186, 10.4239027180001], [0.217999676000147, 10.423727119], [0.217579972000067, 10.423177575], [0.217501428000105, 10.4230235540002], [0.217461042000139, 10.4226599560001], [0.217576847000032, 10.4223729210001], [0.217885244000058, 10.4222174290002], [0.218135717000109, 10.4221999410001], [0.218503234000025, 10.422215076], [0.218581040000117, 10.422178955], [0.219296012000086, 10.4220604920001], [0.219451901000127, 10.422059898], [0.219775223000056, 10.4221633830002], [0.220592833000183, 10.4226673130001], [0.221368206000136, 10.4230473970001], [0.221833543000173, 10.4231613610001], [0.222298429000091, 10.4231595850001], [0.22276023, 10.423080661], [0.223405360000129, 10.422899074], [0.224461396000095, 10.422437588], [0.225024740000151, 10.4219862540002], [0.225405347000105, 10.421789142], [0.225552777000075, 10.4217610210001], [0.226332923000143, 10.4219371520002], [0.226515106000022, 10.4218978740001], [0.226613315000066, 10.4217404230001], [0.226774428000169, 10.4209406530001], [0.22708154500009, 10.4204599850001], [0.227370006000058, 10.4201915760001], [0.227522744000055, 10.4200972970001], [0.228726991000144, 10.4198115950001], [0.229127068000139, 10.419611649], [0.229357219000065, 10.4193820420002], [0.229415148000157, 10.4192467900002], [0.229471996000086, 10.4188359740001], [0.229817744000059, 10.4182697280001], [0.230780681000056, 10.4174999450001], [0.231166338000094, 10.4171732900002], [0.231532432, 10.4168274200002], [0.231820506000076, 10.4164625600002], [0.232205857000054, 10.4160587470001], [0.232582369000113, 10.4155309610001], [0.232876801000145, 10.4146590290001], [0.233031559000153, 10.4143718410001], [0.233344131000081, 10.413866345], [0.233779464000122, 10.4134320250001], [0.234038094000027, 10.4133676480001], [0.234263819000148, 10.413430159], [0.23455391400006, 10.4135806030002], [0.234804519000136, 10.4135989270001], [0.235043338000082, 10.413451955], [0.235300958999971, 10.4131313010001], [0.235692053000037, 10.4127743080002], [0.236058431000117, 10.412502837], [0.236522397000158, 10.412272324], [0.236675497000022, 10.4122717330001], [0.236926480000079, 10.4123865020001], [0.236985534000041, 10.4125378370001], [0.237046260000056, 10.4131135410001], [0.236952602000144, 10.414070127], [0.236955318000184, 10.4147590380001], [0.237093824000112, 10.415293106], [0.237267770000074, 10.4156368950001], [0.237424112000042, 10.41575203], [0.237580301000094, 10.415828585], [0.237733251000179, 10.4157894150002], [0.238119418000053, 10.415595023], [0.239355517000092, 10.4156288200001], [0.239741848000165, 10.415475762], [0.24059137100005, 10.4148965340001], [0.241130343, 10.4146271440002], [0.241478070000142, 10.4145679270002], [0.241595213000153, 10.4146253410001], [0.241885852000109, 10.4149121830001], [0.242176492000169, 10.4151990240001], [0.242759182000043, 10.4154254850001], [0.243456461000108, 10.415767238], [0.243765141999972, 10.4156888800001], [0.243887382000139, 10.41562778], [0.244360972999971, 10.415016935], [0.244572148000145, 10.4149196650001], [0.244958321000013, 10.4147280220002], [0.245304910000186, 10.4143822140002], [0.245562520000021, 10.4140615530002], [0.245747635000157, 10.413710862], [0.245922162000113, 10.413497996], [0.246074048000082, 10.4131915250002], [0.246420634000174, 10.412845716], [0.246576069000128, 10.4127321290002], [0.246845697000083, 10.4126346310001], [0.247405480000111, 10.4127013430001], [0.247852033000186, 10.4129944600001], [0.248123109000062, 10.413260705], [0.248589192000168, 10.413564768], [0.24866728700016, 10.4136030430001], [0.248898329000099, 10.4136021420001], [0.248976194000022, 10.4135825480001], [0.24929250800011, 10.413325037], [0.25029794600016, 10.411973588], [0.25051460100002, 10.410545303], [0.250541422000026, 10.4102902980002], [0.250568243000032, 10.4100352930001], [0.250635725000109, 10.4095059410002], [0.25082657400003, 10.4091993160001], [0.250982158999989, 10.4091243050001], [0.251290984000093, 10.4090845190001], [0.251444081000045, 10.4090839210001], [0.251522242000021, 10.409138729], [0.25246974099997, 10.409405083], [0.25318512400014, 10.4094022850002], [0.253741656000159, 10.409353261], [0.254023634000021, 10.409212996], [0.254305612999985, 10.4090727300002], [0.254630963000125, 10.4089887870001], [0.255574334000073, 10.4089189540001], [0.256314978000091, 10.4089684090001], [0.257167825000067, 10.4092323630001], [0.257555516000082, 10.4094237390001], [0.257708691, 10.409442426], [0.258096139000088, 10.4095731770001], [0.258271583000067, 10.4095917780001], [0.258347005000076, 10.409657618], [0.258753144000025, 10.4095898860001], [0.258972617000154, 10.4094815530001], [0.259176966000098, 10.4090729110001], [0.259194605000062, 10.4086126450002], [0.259135454000045, 10.4084392710001], [0.25917266700003, 10.4080009740001], [0.259308444000169, 10.4078461230002], [0.259568475000094, 10.407787232], [0.261436897000124, 10.408286923], [0.261609832000147, 10.408374423], [0.262076606000051, 10.4088493150001], [0.262245038000117, 10.4092013760001], [0.262331151000069, 10.409502782], [0.262417264000135, 10.4098041880001], [0.262699946999987, 10.410186111], [0.26316542700016, 10.4103385930002], [0.263692524000135, 10.4105845240002], [0.26403490500013, 10.4105831730001], [0.264245992000099, 10.410466602], [0.264323634000164, 10.4103918920001], [0.26440087400016, 10.4102179810001], [0.264360595000085, 10.409892972], [0.264206810000076, 10.4097227280001], [0.264069482000082, 10.4094917940002], [0.264029902000175, 10.409340389], [0.264101320000066, 10.4091031200002], [0.264337415000114, 10.4089754280001], [0.264513013000112, 10.409032604], [0.26532480000003, 10.4094675490001], [0.266039285999966, 10.4099331880001], [0.26639451200009, 10.410356155], [0.266587136, 10.410493177], [0.266779759000087, 10.410630198], [0.267013814000165, 10.410687141], [0.267166989000145, 10.410705825], [0.267244853000022, 10.4106862270002], [0.267397483000025, 10.4105698850001], [0.267513859000076, 10.4104371540001], [0.267578684000171, 10.4099463900001], [0.267761667000116, 10.409763793], [0.267978786000072, 10.4097629330001], [0.268372584000133, 10.410086542], [0.2684988580001, 10.4103368060001], [0.268789509999976, 10.4106222440001], [0.269198833000189, 10.411342604], [0.269199579000087, 10.41152723], [0.269200326000032, 10.411711856], [0.26912346600011, 10.4119794590001], [0.268971214000089, 10.4121894920001], [0.268663405000154, 10.4124800560002], [0.268507824000153, 10.4125550750001], [0.268082321000179, 10.4126532080001], [0.267890097000077, 10.4126153890001], [0.267290231, 10.4122733060001], [0.267134271000089, 10.412254634], [0.266923340000119, 10.4124097850001], [0.266924731000131, 10.412754237], [0.267054490000135, 10.4131780950001], [0.267080221000072, 10.4133460880001], [0.267159397000057, 10.413651653], [0.267162569000106, 10.4144370030002], [0.267010860000084, 10.4147820600001], [0.266664909000156, 10.415279447], [0.266574496000032, 10.4156380410001], [0.266692331000115, 10.415866294], [0.266960907000112, 10.4161986660002], [0.267052767000109, 10.4161983020002], [0.267208962000154, 10.4162748430002], [0.267556839000065, 10.4162541750001], [0.267865589, 10.416195084], [0.268096007000054, 10.4160398550001], [0.268212308000045, 10.4158878330001], [0.268441177000057, 10.4153495730002], [0.26857123800005, 10.4151589180001], [0.268846584000073, 10.4150999590001], [0.269253071000094, 10.415117637], [0.269601493000096, 10.415231993], [0.270229775000075, 10.415371417], [0.270415238000055, 10.415457485], [0.270534122000129, 10.4156003070001], [0.270653007000078, 10.4157431290001], [0.270816650000029, 10.4162839660002], [0.270881037000095, 10.4163732680001], [0.271038936000139, 10.416870037], [0.271196834000023, 10.4173668060002], [0.271197929000039, 10.4176368550001], [0.270914786000162, 10.4185197890001], [0.270989171000167, 10.4190155100002], [0.271057834000089, 10.4191295970001], [0.271140576, 10.419259313], [0.271409477000134, 10.4194629620001], [0.271644287000015, 10.4195965620002], [0.271731993000174, 10.4196663980001], [0.271992929000078, 10.419794257], [0.272173321000082, 10.4199670170001], [0.272405606000063, 10.4202719710001], [0.272897500000056, 10.4207550100001], [0.273181714000145, 10.4208227710001], [0.273473709000029, 10.4207499620002], [0.273895796999966, 10.420494762], [0.274917309000102, 10.4197824920001], [0.275070175000167, 10.4197240150001], [0.275478398000075, 10.4194826470001], [0.276306728000066, 10.4191844900001], [0.277040839000165, 10.4189914230001], [0.277714134000178, 10.4189033110001], [0.278084854000099, 10.419023079], [0.278316368000105, 10.419137892], [0.278573498000014, 10.419390383], [0.27864479699997, 10.419808957], [0.278342796000118, 10.4208407750002], [0.27838239600004, 10.4209949330001], [0.278595124000049, 10.42128067], [0.278924214000085, 10.4214309150001], [0.279253161000042, 10.4214788730002], [0.279788501000098, 10.4212795980001], [0.279945881000174, 10.421100286], [0.280102388000046, 10.4209108990001], [0.280209826000089, 10.4206349050002], [0.280382125000187, 10.419881925], [0.280870619000098, 10.4195300040001], [0.281023642000093, 10.4195101010002], [0.28139147800016, 10.419605077], [0.281518640000172, 10.4197285720001], [0.281666994000034, 10.4198845590001], [0.28198309600009, 10.4203912920001], [0.282155910000142, 10.4207015170002], [0.282327009000028, 10.421017729], [0.282732432000046, 10.4214542510001], [0.28339357200008, 10.4217960560001], [0.283702977000189, 10.4218967730001], [0.284012179000172, 10.4219478900002], [0.284418594000158, 10.4219462590001], [0.285474445000034, 10.4214680490002], [0.285971027000073, 10.4210527080002], [0.286095218000128, 10.4207904240001], [0.286171589000162, 10.420407084], [0.286323357000072, 10.4200813080001], [0.286420163000116, 10.419929359], [0.286968850000108, 10.4193236680001], [0.287419948000149, 10.418679791], [0.287784401000181, 10.417950838], [0.287934989, 10.4173384800002], [0.287915562000137, 10.417013393], [0.287682734000043, 10.4162399960001], [0.287639917000149, 10.4159811390001], [0.287657525000157, 10.4155236320001], [0.287691642000084, 10.4153717890001], [0.28781334700011, 10.4151665840001], [0.288538805999963, 10.4146405020001], [0.288685751000173, 10.414425508], [0.288697933000094, 10.4142228480001], [0.288551229000063, 10.4139353200001], [0.288328031000049, 10.4137421710001], [0.288114289000134, 10.413548759], [0.287882153000112, 10.4132823960001], [0.287764304, 10.4130541520001], [0.287762258000043, 10.41255539], [0.288145726000153, 10.411713379], [0.288375496000128, 10.4114038240001], [0.288452814000152, 10.4112519530001], [0.289098433, 10.4105301340001], [0.289723682000158, 10.4102713430001], [0.289879086000042, 10.4101549810001], [0.29001183600019, 10.409945018], [0.290002925000067, 10.4096391780001], [0.290028015000189, 10.4091403070001], [0.290335732000187, 10.4088331930001], [0.290491293000173, 10.408755408], [0.290800188000048, 10.4087348740001], [0.290995274000181, 10.4087919560002], [0.291419631000053, 10.4090961210001], [0.292584001000137, 10.4099732280001], [0.292832735000104, 10.4102147200001], [0.293281536000165, 10.4103699790001], [0.29343781200015, 10.4104657950001], [0.29405655700009, 10.4106561910002], [0.294365533000075, 10.4106549420001], [0.29459609100013, 10.4105382740001], [0.29459510200013, 10.4102985380001], [0.294287048000058, 10.4091727300001], [0.294859231000089, 10.4088728100001], [0.295310700000016, 10.4090004990001], [0.295605796000132, 10.4093465160001], [0.295906142000092, 10.4096153520001], [0.296218206000162, 10.4096884910001], [0.29726203700011, 10.4096842660001], [0.297957297000096, 10.409529891], [0.298245202000032, 10.4091456920002], [0.298435682000161, 10.4087618880002], [0.298531288000049, 10.408321978], [0.298646220000137, 10.4078434100001], [0.298642105000056, 10.4068486460002], [0.298613609000029, 10.406688935], [0.298674964000043, 10.4060438700002], [0.298655414, 10.4053550420001], [0.298438714000042, 10.4047827500001], [0.298206260000143, 10.4044392380001], [0.298205622000125, 10.4042849260001], [0.298207121000132, 10.404130647], [0.29829077200003, 10.403986249], [0.298510229000158, 10.4038747020001], [0.299009689000115, 10.40374071], [0.299529540000037, 10.4035111420001], [0.299904001000016, 10.4033124900001], [0.300054517000035, 10.4030897570001], [0.300169859000164, 10.4027806690001], [0.300183608000168, 10.4024015110002], [0.299912152000104, 10.4016463860002], [0.299910818000171, 10.4012577290001], [0.299810628000046, 10.401106494], [0.299776649000137, 10.4005157510001], [0.299775662000172, 10.4002773930001], [0.299741110000127, 10.399999215], [0.299673897000162, 10.3999002850002], [0.299539345000085, 10.3996721130001], [0.29945753100003, 10.399407904], [0.299306278000074, 10.3991798000001], [0.299321555000176, 10.3988352850001], [0.299336832000108, 10.39849077], [0.29948414200004, 10.3977654430001], [0.299679829000127, 10.397296193], [0.299761839000155, 10.396934874], [0.29977670500017, 10.3964911570002], [0.299955657000055, 10.3960137090001], [0.300121306000165, 10.3956851180002], [0.300169094000012, 10.3951255310002], [0.300183357000037, 10.3945357700001], [0.300065906000043, 10.394403976], [0.300014517000136, 10.3940927980001], [0.29993013800015, 10.3938809560001], [0.29987758700014, 10.3932887100001], [0.299859360000141, 10.3929195290001], [0.300097169000026, 10.3926134420001], [0.300187847000075, 10.3923173750002], [0.300239952000027, 10.3919532260002], [0.300084543000025, 10.3908326060002], [0.299849987000187, 10.3906516860001], [0.299601254000095, 10.3904074420001], [0.299268882000149, 10.3901304700001], [0.298986806000073, 10.3899001390002], [0.298701821000066, 10.3896395070001], [0.298502917000121, 10.389328925], [0.298220374999971, 10.388985615], [0.297737626000128, 10.388689959], [0.297488827000052, 10.3884291800001], [0.29723710899998, 10.388135345], [0.297101814000087, 10.387725303], [0.29703681, 10.3874858250001], [0.296967840000036, 10.3869597780002], [0.296866492000163, 10.386681869], [0.296698753000044, 10.3865034300001], [0.296383622000178, 10.386355899], [0.296135836000076, 10.3863403660001], [0.295934755000076, 10.3861758400001], [0.295836669000096, 10.3860136530001], [0.295785491000174, 10.385752075], [0.295834501000115, 10.385487336], [0.295816860000173, 10.3852586890002], [0.295841201000144, 10.3850863650001], [0.295865541000182, 10.3849140390001], [0.295796642000084, 10.384404525], [0.295740318000071, 10.3842449260001], [0.295572434000178, 10.3840306640001], [0.295357641000123, 10.3839157940002], [0.294876297000087, 10.3839590690001], [0.29438669200016, 10.3839929760002], [0.2939957480001, 10.3839035670002], [0.29369560300006, 10.3838490750001], [0.29356660500008, 10.3838370580001], [0.293348602000037, 10.383711708], [0.293149119000134, 10.3835967750002], [0.292917368000076, 10.3834185920001], [0.292584998000109, 10.383138854], [0.292219512000088, 10.382928142], [0.291820560000076, 10.382701028], [0.291535305000025, 10.3823715000001], [0.291185842000175, 10.3819953820001], [0.290753153000139, 10.3816857340001], [0.290587254000172, 10.381275811], [0.290619716000037, 10.3810469620001], [0.291132883000103, 10.380503157], [0.291507854000145, 10.3804334110001], [0.291899043000114, 10.3805834790001], [0.292435115000046, 10.3805813230001], [0.292588372000012, 10.3806034520001], [0.292887072000042, 10.3806098320001], [0.29300132100002, 10.3804577310001], [0.292956907000075, 10.3801695370001], [0.292730250000034, 10.3798755950001], [0.292347661000122, 10.3795657480002], [0.292199265000079, 10.3793514050001], [0.292047622000041, 10.3790240940001], [0.292029645000071, 10.3787127790002], [0.291847985000118, 10.378531638], [0.291664029, 10.3784689980002], [0.290887978, 10.3784408690001], [0.290724972000021, 10.37837518], [0.29043516400003, 10.378436053], [0.290282992000073, 10.378345032], [0.290111535000165, 10.3779520990001], [0.289947330000189, 10.3771263120001], [0.290037363000067, 10.3766710260001], [0.290079575, 10.376589129], [0.29012789300009, 10.3764938650001], [0.290396775000147, 10.3762254890001], [0.291301993000104, 10.375703792], [0.291399012000056, 10.375606954], [0.291554716000121, 10.3755677500001], [0.29178526200019, 10.3754538420001], [0.292016114000091, 10.3754143350001], [0.292171659000076, 10.3753365510001], [0.293019769000125, 10.3751430020001], [0.293483621000121, 10.3749096610001], [0.29382995300017, 10.3745252330001], [0.293926665000185, 10.3743539950001], [0.294059626999967, 10.374199144], [0.294293192000055, 10.3741430910001], [0.294524201000058, 10.3741421600001], [0.294755209000186, 10.37414123], [0.294988684000032, 10.3740631310001], [0.295319084000027, 10.3738661490001], [0.295636577000096, 10.3739144720001], [0.29610316600008, 10.373881612], [0.296310254000161, 10.3737202790001], [0.296423393000168, 10.3737073810001], [0.296531905000109, 10.373698676], [0.296804049000059, 10.373548774], [0.29707619300018, 10.3733988720001], [0.297559679000017, 10.3732040260001], [0.297826403999977, 10.3730899680001], [0.298054037999975, 10.372945757], [0.29810639700014, 10.372818786], [0.298568423000177, 10.3728196760001], [0.299125407000076, 10.3729000930001], [0.299356858000124, 10.3730066280002], [0.299559840000086, 10.3729589620001], [0.300042622000035, 10.3730160580002], [0.300528650000103, 10.3730156670001], [0.301003830000184, 10.3728318720001], [0.301192895000099, 10.3727842610001], [0.301547473000142, 10.3723777490001], [0.301667989000123, 10.371906048], [0.301852779000171, 10.3714974660002], [0.301883775000078, 10.3709159030001], [0.301863399000126, 10.370699668], [0.30184302300006, 10.370483435], [0.301996912000106, 10.3700060870001], [0.302099253000108, 10.3698513580002], [0.302534950000052, 10.3695437170001], [0.302768419000074, 10.3694656140001], [0.302999343000181, 10.3694453890001], [0.303514859000188, 10.3695948590002], [0.30412580300009, 10.3699368350001], [0.305091650000179, 10.370624578], [0.305586215000176, 10.371091027], [0.30606511100018, 10.3713638180001], [0.306138601000043, 10.3714056790001], [0.306567832000098, 10.3715527400001], [0.30679729100018, 10.3715146050001], [0.307026750000091, 10.371476472], [0.30714348500004, 10.3714374190001], [0.30760701000014, 10.3711296590002], [0.307861474000049, 10.3707455920001], [0.307886214000121, 10.3706710900001], [0.307693173000075, 10.3697597640001], [0.307750881, 10.3689107980002], [0.307943314000056, 10.3683340900001], [0.308250027000099, 10.3677982510001], [0.308327006000184, 10.3675692210001], [0.308728335000069, 10.3670302410001], [0.308961250000095, 10.3668198660002], [0.309172209000053, 10.3666839820002], [0.309569663000048, 10.3665528500001], [0.310274659000129, 10.3667566500001], [0.310544624000158, 10.36675555], [0.310794788000067, 10.366677373], [0.31102794200018, 10.366524863], [0.311487320000026, 10.3658919530001], [0.311986428000068, 10.3654435080002], [0.312315409000064, 10.364910331], [0.312353420000079, 10.3646814590001], [0.312331072000177, 10.3639926450001], [0.312252502000092, 10.3638386520001], [0.312251871000115, 10.363687095], [0.312346896000065, 10.363113539], [0.312882726000169, 10.3621275960001], [0.312990969000168, 10.3620555090001], [0.313901676000114, 10.3608668750001], [0.31403709500006, 10.3606376060001], [0.314211627000077, 10.360444], [0.314362871000185, 10.3600052390001], [0.31443936200003, 10.3596604740001], [0.314436963000105, 10.35908456], [0.314566246000027, 10.3580506750002], [0.31450516700005, 10.356750273], [0.314454670000032, 10.3566540320002], [0.314363397000022, 10.3561225700001], [0.314551858000073, 10.3552648030001], [0.314585375000092, 10.3546253630001], [0.314479275000053, 10.3545431270001], [0.314271414000132, 10.3540837880001], [0.314138214000138, 10.3535084060001], [0.314116164000097, 10.352891238], [0.314292579000039, 10.352482686], [0.314399649, 10.3521295300001], [0.314673871000139, 10.3518170250001], [0.314753558000064, 10.3515714500001], [0.315407858000015, 10.350970809], [0.316050415000177, 10.3502241680002], [0.316213188000063, 10.3498818060001], [0.316360197000051, 10.3490958540001], [0.316430222000065, 10.348536177], [0.316440022000165, 10.3482164850001], [0.31629923100013, 10.347823007], [0.315940232, 10.3471576140001], [0.315774394000186, 10.346764238], [0.315758219000145, 10.3462214480001], [0.315894945000082, 10.3456394530002], [0.316021802000023, 10.3453606180001], [0.31605765900008, 10.3452833140001], [0.316178307000087, 10.3448501900002], [0.316204609000124, 10.3444835850001], [0.316230947000179, 10.344125246], [0.316228571000181, 10.3435548430002], [0.316182592000189, 10.3425382080002], [0.316167599000096, 10.3422792410001], [0.316152605000127, 10.3420202740001], [0.315987288000031, 10.341750898], [0.315877285000056, 10.3413986270001], [0.315834531000064, 10.3411563080001], [0.315724472000113, 10.3407902590001], [0.315681260000076, 10.3404377160001], [0.315664353000045, 10.3397185690002], [0.315579626000044, 10.339421308], [0.315455653000186, 10.3390553160001], [0.315304241000092, 10.3387831270001], [0.315204983000058, 10.3383371210001], [0.315217419000021, 10.337981595], [0.315314040000089, 10.3377938190001], [0.315516344000116, 10.3375890780001], [0.315818268000044, 10.337248904], [0.316430739, 10.336634658], [0.317046449000145, 10.3361306210002], [0.317333941000129, 10.3356665030001], [0.31751080500004, 10.3353681730001], [0.317782733000172, 10.3351769250001], [0.31798197400002, 10.33490606], [0.318309399000043, 10.3346760060002], [0.319020616000159, 10.3343865150001], [0.319488021000041, 10.334357046], [0.319924193000077, 10.3341789030001], [0.320251950000113, 10.334028758], [0.320761097, 10.3339991180001], [0.321362711000063, 10.334120656], [0.321488158000079, 10.3341724990001], [0.32173446600018, 10.334510431], [0.321941537000157, 10.3347823880001], [0.322363143000075, 10.3351140890001], [0.322479116000181, 10.3352293500001], [0.32259508900006, 10.33534461], [0.322721217000037, 10.3355590310001], [0.322789480000097, 10.3359114690002], [0.322791013000142, 10.3362779600002], [0.322863260000133, 10.3369169660001], [0.322978614000078, 10.3372168540001], [0.323277455000039, 10.3374719], [0.323620937000044, 10.3377543190001], [0.323937053000066, 10.3381470730002], [0.32408926700009, 10.3386093910001], [0.324173655000095, 10.3388239820002], [0.324296841000034, 10.338999835], [0.324462117000166, 10.339258184], [0.32475313100008, 10.3396372620001], [0.325096791000135, 10.3399610120001], [0.325632020000057, 10.340176505], [0.32604434100017, 10.3402822790001], [0.326536972000156, 10.3402940300001], [0.326961738000136, 10.3400497880002], [0.327205892999984, 10.339872424], [0.327631097, 10.3397328930001], [0.327916891000029, 10.3395305570001], [0.328122651000172, 10.3394883750001], [0.328518485000075, 10.338982469], [0.32868091600011, 10.3385629470001], [0.328696791000084, 10.338367234], [0.32874738400011, 10.3378241710001], [0.328814847999979, 10.3373223730002], [0.329183024000088, 10.3368579130001], [0.32959375300004, 10.336586171], [0.330044346000136, 10.3365292010001], [0.330443094999964, 10.3367176930001], [0.330635623000092, 10.3368381450001], [0.330746938000175, 10.3368376860001], [0.330883646000132, 10.33691979], [0.331090263000078, 10.337081518], [0.331321356999979, 10.3371081200001], [0.331625084000166, 10.3372005560001], [0.332047963999969, 10.337171254], [0.332473058000176, 10.337006917], [0.333128269000099, 10.3366377140001], [0.33345840700008, 10.3363938570001], [0.333674064000036, 10.3360595370002], [0.3337832630001, 10.3355575660001], [0.333889853000073, 10.3350969390001], [0.333943337000051, 10.3345814200001], [0.334010327999977, 10.3339694000001], [0.334101794000105, 10.333222253], [0.334194295000032, 10.332720352], [0.334317291000104, 10.332190768], [0.334423811000022, 10.3317136070001], [0.336115302000053, 10.329620618], [0.336319158000094, 10.3291292770001], [0.336631321000027, 10.3285851310001], [0.336834988000135, 10.3280497010002], [0.336788324000167, 10.3268842760001], [0.336883649000129, 10.326393384], [0.337074228000176, 10.3260536560001], [0.337592602000086, 10.325577545], [0.337700210000094, 10.3253594080001], [0.337807422000083, 10.3250475810001], [0.337780711000107, 10.324653641], [0.33757289100015, 10.3242053390001], [0.33718755700005, 10.3238955530002], [0.336803538000026, 10.3238971430001], [0.336569495999981, 10.323829221], [0.336295256000028, 10.323797289], [0.336021016000075, 10.3237653570001], [0.335431817000085, 10.3239441530001], [0.334967784000185, 10.3241086520001], [0.332482362000064, 10.3243363480001], [0.332198541000082, 10.324023644], [0.331555608000087, 10.323998739], [0.330947810000112, 10.3237256850002], [0.330509494000069, 10.323388552], [0.330096223000055, 10.3230513140001], [0.329710827000156, 10.322724984], [0.329368272000124, 10.32266026], [0.328832563000105, 10.3223235250001], [0.32810500800008, 10.3220261560001], [0.327458557000114, 10.3218248990001], [0.327115541000182, 10.3216499500001], [0.326828919999969, 10.3216511270001], [0.32631324700003, 10.321446575], [0.325641074000146, 10.3210828380001], [0.324706529000139, 10.3205300380001], [0.323989893000032, 10.3201802580002], [0.323750291000067, 10.32011235], [0.323510688000056, 10.3200444420001], [0.323139399000183, 10.319762134], [0.322932178000144, 10.319451599], [0.322807355000066, 10.3188816970001], [0.322697069000185, 10.3184605390001], [0.322639551000179, 10.3180143650001], [0.322677840999972, 10.3171875230001], [0.322646723000105, 10.3163995440001], [0.322530769000082, 10.3159536090001], [0.322423670000035, 10.3156288850001], [0.322407911000028, 10.315186672], [0.322374133999972, 10.3134273500001], [0.321067064000033, 10.3126197870001], [0.320602474000111, 10.3126492420002], [0.31997181800017, 10.3128943130001], [0.319443295000042, 10.3129405600001], [0.318827373999966, 10.3127143570002], [0.318497769000146, 10.3124153390001], [0.317962145000081, 10.3120923600001], [0.317302093000023, 10.3119600260002], [0.31648024600014, 10.311731901], [0.316067564999969, 10.311529665], [0.315957920000073, 10.3112600610001], [0.316023125000072, 10.310879519], [0.316555198000117, 10.3103482720001], [0.317034616000171, 10.3098695970002], [0.317390176000117, 10.3097193450001], [0.317581330999985, 10.3095146490001], [0.317950185000143, 10.309215539], [0.318371451000189, 10.3088059890001], [0.318576632000031, 10.308628793], [0.31911022200012, 10.308464035], [0.319399110000063, 10.308341609], [0.31959936800007, 10.3083187470001], [0.319702016000065, 10.308243926], [0.319810481000047, 10.3082297060001], [0.319989073000102, 10.3083502240001], [0.320195780000063, 10.308539517], [0.320332978000067, 10.308742873], [0.32058295000013, 10.3092984870001], [0.320804535000093, 10.3097191930001], [0.321063940000101, 10.309866936], [0.32125594200005, 10.3098661510001], [0.321639212000093, 10.3096882260002], [0.321910439000078, 10.309334398], [0.322006591000047, 10.3090363970001], [0.322253452000155, 10.30884525], [0.322374130000185, 10.308423147], [0.322414789000049, 10.3081639520001], [0.322619749000182, 10.3079343980002], [0.322741047000079, 10.3076610960001], [0.322974281000029, 10.3075388950001], [0.32317945900013, 10.307361696], [0.323457042000086, 10.307197978], [0.324101251000172, 10.3068701780001], [0.324498762000133, 10.3067721040001], [0.324994296000057, 10.306825186], [0.325403904000041, 10.306958534], [0.325789494000162, 10.3073372280002], [0.326273779000132, 10.3080269010001], [0.326477994000072, 10.3082850910001], [0.326810197000157, 10.30854], [0.327139112000054, 10.3086736750001], [0.327317938000135, 10.3088493010001], [0.327605518000098, 10.309079592], [0.32771002000004, 10.3094484150001], [0.327836624000042, 10.3097785680002], [0.327932226000144, 10.310015158], [0.328098445000137, 10.3105022190001], [0.328211182000132, 10.3108434510001], [0.328446852000127, 10.3113026700001], [0.328761695000139, 10.311397822], [0.329020481000043, 10.3113967580001], [0.329253703000177, 10.3112717970002], [0.329484834000027, 10.3106480780002], [0.329538036000145, 10.3100636700001], [0.329574601000047, 10.3094931090001], [0.32950514900017, 10.3088568480001], [0.32964068900003, 10.3086633980001], [0.329887602000099, 10.3084860240002], [0.330065435000165, 10.308424668], [0.33140892300014, 10.3085766010001], [0.331384078000099, 10.309006186], [0.331424465000168, 10.3113345100001], [0.331920574000094, 10.3115226030001], [0.332385275000092, 10.3115206870002], [0.332890686000098, 10.3112733550001], [0.33334277199998, 10.3109187730001], [0.33381927500011, 10.3104152870002], [0.334626167000067, 10.3097340790001], [0.334970006000162, 10.309446076], [0.335391769000182, 10.3091605060002], [0.335747259000073, 10.308996457], [0.336267608000071, 10.3089943080001], [0.336501626000086, 10.3090594750001], [0.336750546000076, 10.309358807], [0.337065156000165, 10.30939884], [0.337365562000116, 10.3093700420001], [0.337536205000163, 10.3092536000001], [0.339672503000145, 10.3080791370002], [0.339878358000021, 10.3080645060001], [0.340328918000182, 10.3080102820001], [0.340835631000118, 10.308074316], [0.341261661000033, 10.3081414390002], [0.341509313000074, 10.3081404120002], [0.34233086800009, 10.3082995830001], [0.343085070000143, 10.3083240070002], [0.343964548000088, 10.3083616870001], [0.344484894000175, 10.3083595230001], [0.344799094000052, 10.308303105], [0.345088028000134, 10.3081944350001], [0.345510235000177, 10.3080163210001], [0.346044493000136, 10.3080140970001], [0.346413889000132, 10.307849979], [0.346825537000086, 10.3078069310002], [0.346947502000148, 10.3076961990001], [0.347317423000106, 10.3076560790001], [0.347784489000048, 10.3075576880001], [0.348018227000011, 10.307556714], [0.348263446000146, 10.3076383590001], [0.348469697999974, 10.3077174110001], [0.348799203000169, 10.3079888400001], [0.349295888000142, 10.3083119280001], [0.349818427000116, 10.3088250420001], [0.350349808000146, 10.309453853], [0.350473628000088, 10.309778495], [0.350639597000054, 10.3101994070001], [0.350806025000111, 10.3107277850001], [0.350985897999976, 10.3111458820001], [0.351123527000084, 10.3114456650002], [0.35124871000005, 10.3117634130002], [0.351373893000016, 10.3120811600001], [0.351637140000037, 10.3124741080001], [0.351892099000111, 10.3128808690001], [0.352305892000118, 10.3133393200001], [0.352649497000073, 10.31365202], [0.352992973000084, 10.313934407], [0.353363005000119, 10.3139190790002], [0.353568520000181, 10.313824529], [0.354170904000114, 10.313483069], [0.354648705000102, 10.3132909310001], [0.354976007000175, 10.313044312], [0.355169825000075, 10.3128175420001], [0.35550795000006, 10.3124992320001], [0.355754732000037, 10.3122942840001], [0.356124301000136, 10.3121714880001], [0.356343834000086, 10.3121016770001], [0.356835897000053, 10.3119921450001], [0.357218967000108, 10.3117728450001], [0.357710321000127, 10.3114979800001], [0.357901684000069, 10.311348374], [0.358256642000129, 10.3110630590001], [0.358681791000038, 10.3109234930001], [0.359121561000165, 10.3109492010001], [0.359422437000035, 10.3110306030001], [0.360013165000055, 10.311218253], [0.360397106000107, 10.3112028590002], [0.360986605000107, 10.311103932], [0.361834897000165, 10.31100667], [0.362358322000034, 10.311073354], [0.362536409000086, 10.3110726040001], [0.363028930000098, 10.3110705280001], [0.363741039000104, 10.311012413], [0.364575120000097, 10.3108463150002], [0.365234358000123, 10.3107884200001], [0.365567831000078, 10.3106850550001], [0.365904086000114, 10.3105816790001], [0.36616425800014, 10.310580579], [0.366452423999988, 10.3105758930001], [0.367300251000074, 10.3106243620002], [0.367754376999983, 10.310798123], [0.368030397000098, 10.3108099690002], [0.368583475000037, 10.3110744040001], [0.368765144000065, 10.311156333], [0.369104152000034, 10.311443084], [0.369479687000137, 10.3116757360001], [0.371120274000077, 10.3122184480001], [0.373235989000023, 10.312425778], [0.37336967900012, 10.3124541430001], [0.373671263000176, 10.3126981070001], [0.373823178000066, 10.3127580830001], [0.373975092000023, 10.312818061], [0.37479890100002, 10.3134924260002], [0.375155899999982, 10.3136810400001], [0.375498963000041, 10.3138642030001], [0.376118031000146, 10.3141674350001], [0.376708531000133, 10.3142999420002], [0.377462620000074, 10.314296729], [0.377919029000111, 10.3143085610001], [0.37829470600002, 10.3143124700001], [0.378692871000169, 10.3143686380002], [0.379104314000188, 10.3142787050001], [0.379265454000063, 10.314220151], [0.379604105000055, 10.3140285720001], [0.379825323000091, 10.3137079830001], [0.380044320000025, 10.3135169150002], [0.380338388000155, 10.313311747], [0.380750082000134, 10.3132796780001], [0.381134393000025, 10.31334968], [0.381518908000146, 10.3134665260001], [0.381783640000037, 10.3135535710001], [0.382227599999965, 10.3139016290002], [0.382791465000025, 10.314307038], [0.383322133000036, 10.3147566780001], [0.383868932999974, 10.3150767360002], [0.384654522000062, 10.315277282], [0.385303184000065, 10.3153461450001], [0.386010546000023, 10.3154753790002], [0.386645428000122, 10.3155746100001], [0.387236115000064, 10.3157484300001], [0.387723266000137, 10.315790426], [0.388330069000176, 10.3158319090002], [0.388758459000087, 10.315799757], [0.388992199000029, 10.3157987530001], [0.389287542000091, 10.3158856600001], [0.390083430000175, 10.315896015], [0.390704013000118, 10.315907123], [0.391293286000121, 10.3157585420001], [0.392015554000182, 10.315479877], [0.392440167000075, 10.315221782], [0.392645535000156, 10.315096898], [0.39288134800006, 10.3149346820001], [0.393117160000031, 10.3147724670001], [0.393531258000166, 10.3146549480001], [0.393764548000149, 10.3145519870001], [0.393927009000151, 10.3144782640002], [0.396027973000059, 10.3141771080001], [0.396400184000072, 10.3127632870001], [0.397618549000072, 10.3095106210001], [0.39788111200005, 10.3078437630001], [0.397921600000188, 10.306928751], [0.397919414000171, 10.306432763], [0.397800229000154, 10.3059069710002], [0.397665126000106, 10.305557602], [0.397398990000113, 10.3051509310002], [0.397174872000051, 10.304807457], [0.396864461000177, 10.304456089], [0.39668876200011, 10.3043659160002], [0.39647957700015, 10.304253841], [0.395593141000177, 10.3038939360002], [0.395074456000145, 10.3036371520001], [0.394606642000156, 10.3034940780001], [0.394130172000189, 10.3034097580001], [0.393883709000136, 10.3033376930001], [0.392976165000164, 10.3029646250001], [0.39276167700018, 10.302894855], [0.392431802000146, 10.3027025390001], [0.392298811999979, 10.3028369830002], [0.392184298000132, 10.3029611220001], [0.391854245000047, 10.3028216050002], [0.391452598000171, 10.3026028880001], [0.391257642000028, 10.3025623940001], [0.390910072, 10.302619], [0.390576957000064, 10.3027995420001], [0.390161032000037, 10.3031319950001], [0.389664653000068, 10.3035199040002], [0.389221250000105, 10.3039323850001], [0.388890928000137, 10.30411567], [0.388348386000189, 10.3041290210002], [0.388092179000182, 10.3040805210001], [0.387860120000084, 10.3038280060001], [0.387607959000093, 10.3034322890001], [0.387398127000154, 10.3031714120001], [0.387120111000058, 10.302908071], [0.386199531999978, 10.3020550400001], [0.385863357000176, 10.3015356810002], [0.385654445000114, 10.300847688], [0.38553564700004, 10.300724197], [0.385179689999973, 10.300452922], [0.38486789500007, 10.300418434], [0.384578505000093, 10.3004169170002], [0.384289114000012, 10.300415399], [0.383860551000168, 10.3004034550001], [0.383475872000076, 10.3002452770002], [0.383113080000044, 10.300001584], [0.382791234000081, 10.2995758480001], [0.382484702000113, 10.2988331580001], [0.382385408000061, 10.2983954490001], [0.382634089000135, 10.2979948310002], [0.382895017000067, 10.2978504280002], [0.383200692000059, 10.297758188], [0.383450753000034, 10.297674452], [0.384048622000023, 10.29758923], [0.384435083000142, 10.2975186880001], [0.384532108000087, 10.2974356060001], [0.384559224000157, 10.2972729130001], [0.384502614000098, 10.2970527110002], [0.384268106000093, 10.2968746030002], [0.383836166000037, 10.2967248940001], [0.383550724000031, 10.296671003], [0.383265283000128, 10.296617113], [0.382874718000039, 10.2963845590001], [0.382598296000083, 10.2961652950001], [0.382305779000149, 10.2960838770001], [0.382166296000094, 10.2960018070001], [0.38201297400002, 10.2959363280001], [0.381831395000177, 10.2957717700002], [0.381747142000052, 10.2955930180001], [0.381620733000148, 10.295318002], [0.381466620000083, 10.2950706590001], [0.381148942000095, 10.294961793], [0.380689659000041, 10.294922418], [0.380355527000063, 10.294868732], [0.379993810000087, 10.2948702730001], [0.379565313000057, 10.2948721000001], [0.378994625000075, 10.2948083970001], [0.378709954999977, 10.2946112090001], [0.378575573000091, 10.294421648], [0.378470660000175, 10.293970183], [0.378469261000134, 10.2936477880001], [0.378395901000147, 10.2934138780001], [0.378185951000148, 10.293122683], [0.377844367000137, 10.2926336460002], [0.377603644000033, 10.2923040020001], [0.377234596000051, 10.2918977490002], [0.376884740000037, 10.2914252800001], [0.376733187000013, 10.2911255680001], [0.376664642000151, 10.2907180360002], [0.376640710000117, 10.2903323590001], [0.376878696000063, 10.2900309900002], [0.377201907000085, 10.2894922820001], [0.377697256000147, 10.2888674180002], [0.377818318000038, 10.2885527690001], [0.377969928000141, 10.2882242130001], [0.378132463000156, 10.2878487650001], [0.378205638999987, 10.2873992970001], [0.37821617100002, 10.2872614740002], [0.378153656000052, 10.2869613840002], [0.378024843000162, 10.2867717980001], [0.37784069200012, 10.2866540920002], [0.37761456800007, 10.286481453], [0.377239198000098, 10.286540916], [0.376919847000011, 10.2866855620001], [0.376793349000025, 10.2870305450001], [0.376519494000036, 10.2874009540001], [0.376382792000072, 10.2876385140001], [0.376246091000041, 10.2878760730001], [0.376219377000155, 10.2881324540001], [0.375989680000089, 10.2884200080001], [0.37581773200003, 10.2885502500002], [0.375584011000171, 10.288551243], [0.375441740000042, 10.2884664250001], [0.375034581000023, 10.288253219], [0.374817245000145, 10.288182497], [0.374427579000042, 10.2881538390002], [0.373880068000119, 10.2882994510001], [0.373301950000098, 10.2884451910001], [0.372840072000088, 10.2884471490001], [0.372638883000036, 10.2882496], [0.372419881000042, 10.2877931040001], [0.372373566000022, 10.2873772100001], [0.372386181000081, 10.287076799], [0.372488260000068, 10.2868752100002], [0.372718030999977, 10.286604191], [0.37320728800006, 10.286500162], [0.373698839000156, 10.286283144], [0.374042496000072, 10.285967552], [0.374144395000087, 10.2857246300002], [0.37408422600015, 10.285322573], [0.373997174000067, 10.2851383190001], [0.373706689000073, 10.284880527], [0.373356799000078, 10.2843970300001], [0.373138048000044, 10.2839984000001], [0.373050308000074, 10.2836543260001], [0.373021437000034, 10.2834119570001], [0.372803355000144, 10.283167636], [0.372527664000131, 10.2831136920001], [0.372282996000138, 10.2831560620001], [0.372255981000137, 10.283343555], [0.372068256000148, 10.2836860400001], [0.37193829500012, 10.2838739690001], [0.37193996000002, 10.2842597420001], [0.372044881000079, 10.284716723], [0.372119138000073, 10.2851600540002], [0.371989723000127, 10.2854747370002], [0.37174611100005, 10.2857623480001], [0.371384902000102, 10.2858796110001], [0.371123359000023, 10.2858807180001], [0.370588334999979, 10.2856956020001], [0.370131136000111, 10.2854908680002], [0.369707563000134, 10.2853411020001], [0.369417460000022, 10.2851714830001], [0.369226407000099, 10.2847424200001], [0.369209908000073, 10.284141775], [0.369325603000163, 10.283871241], [0.369541083000058, 10.283512106], [0.370232903999977, 10.2832804700001], [0.370810395999968, 10.2829914480001], [0.371213171000022, 10.282835432], [0.371487696000088, 10.282619337], [0.371730997000043, 10.2822600830001], [0.371842791000063, 10.2817305400001], [0.371906879000051, 10.281429911], [0.372041822000085, 10.2807845380001], [0.372314989000074, 10.2802543120002], [0.372717498000043, 10.2800376730001], [0.373051282000119, 10.2800142150001], [0.373482886000147, 10.2800922990002], [0.373744983000051, 10.2802206990002], [0.373959531000025, 10.280291436], [0.374234362000152, 10.2801469810001], [0.3745943240001, 10.2797431420001], [0.375036418000093, 10.279400518], [0.375488372000177, 10.2792625450001], [0.375905288000183, 10.2792085120001], [0.376398137000024, 10.2792945990001], [0.377163022000161, 10.2792334840001], [0.377786001000118, 10.2790874540001], [0.377981095000109, 10.2790358980001], [0.378146279000077, 10.2789809300002], [0.378467338000064, 10.2789239130001], [0.378727848000153, 10.278854832], [0.379086527000084, 10.2787981960001], [0.379392101000121, 10.278686673], [0.379586026000084, 10.2784929590002], [0.379515213, 10.2782039260002], [0.379318731000069, 10.2778079610002], [0.379317716000116, 10.2775737430002], [0.379469427000117, 10.277269986], [0.379747059000181, 10.277131026], [0.3801359200001, 10.2769778160001], [0.380661773000043, 10.2769755780001], [0.381218349000051, 10.2770007630002], [0.381509771000026, 10.2768341880002], [0.381634076000068, 10.276626992], [0.381716060000144, 10.276284952], [0.381685662999985, 10.2756926370001], [0.381656435000082, 10.2747283150001], [0.381679513000051, 10.2742763050002], [0.381636234999974, 10.273921022], [0.381301108000059, 10.2736331150001], [0.380855230000122, 10.2734696800001], [0.380673905000151, 10.273360229], [0.380185552000114, 10.273223328], [0.379269739000108, 10.2729253130001], [0.378756802000055, 10.2726960250001], [0.378174125000044, 10.2723711390001], [0.3777602830001, 10.2719479900002], [0.377262813000186, 10.2714348110001], [0.376904981000052, 10.271042284], [0.376736462000054, 10.2706765090001], [0.376434694000125, 10.2703801870001], [0.376227582000013, 10.2700972430001], [0.375995132000185, 10.269745516], [0.375751149000166, 10.2693001480001], [0.375481936000142, 10.2688107990001], [0.375056575000031, 10.268242199], [0.374788401000046, 10.267992577], [0.374520225000083, 10.2677429570002], [0.373892563000027, 10.2673598340002], [0.373328976000039, 10.2669957290001], [0.37238056800004, 10.2664293360001], [0.371422030000133, 10.2660944520001], [0.370349947000022, 10.2658812890001], [0.369364230000087, 10.2656953140001], [0.368417169000111, 10.265440283], [0.367634496000107, 10.2652396690002], [0.36690846099998, 10.2652702820001], [0.366181728000186, 10.2651383170001], [0.365469083999983, 10.2650476260001], [0.365099276000137, 10.2651015380002], [0.364977497000098, 10.2652508510002], [0.364964177000047, 10.2653886850001], [0.364981980000039, 10.2656476350002], [0.364623005000055, 10.2656326110002], [0.364416544000164, 10.2654984550001], [0.364307743000097, 10.2654300230001], [0.363866821000045, 10.2651204960001], [0.363394777000053, 10.2646898520001], [0.363270791000105, 10.264323879], [0.363124113000026, 10.2638560460002], [0.36302029899997, 10.26365257], [0.362897187000101, 10.263490507], [0.362670616000116, 10.2632076320002], [0.362380654999981, 10.263065559], [0.362238152000032, 10.2629228670001], [0.362150596000049, 10.262617365], [0.362110432000122, 10.2623337080001], [0.36202870000011, 10.262088803], [0.361882295000157, 10.2616843470001], [0.361879963000149, 10.2611387510001], [0.361735286000169, 10.2608128200001], [0.361590608000085, 10.260486891], [0.361504381000145, 10.259877341], [0.361398988000019, 10.2592669700001], [0.361128852999968, 10.2585544050002], [0.361023571000146, 10.2580064850001], [0.361060024000039, 10.2572658450001], [0.360997742000052, 10.2565185770001], [0.360906305000071, 10.255785465], [0.360870988000045, 10.2555022960001], [0.360843084000066, 10.2541797320001], [0.360944799000038, 10.2538927250001], [0.360962192000159, 10.2534049140002], [0.360859300000129, 10.2530493570001], [0.360756408000157, 10.2526938000001], [0.36072967299998, 10.2523780540001], [0.360630806000074, 10.2520285080001], [0.360516407000091, 10.2512987560002], [0.360563123000077, 10.2505104620001], [0.360659155, 10.250195924], [0.360916230000043, 10.2498063100001], [0.360987729000044, 10.2496103640001], [0.361025279000103, 10.2492822920001], [0.360999158000027, 10.2490288870002], [0.360973495999986, 10.2488829490002], [0.360800797000024, 10.248834071], [0.360677246000023, 10.248567297], [0.360686059000102, 10.248024409], [0.360635285000171, 10.2472089670001], [0.360679172000175, 10.2464096630002], [0.360675646000061, 10.2455830020001], [0.360783309000169, 10.24473383], [0.360854276000111, 10.243760811], [0.360813060000055, 10.243229154], [0.360702130000107, 10.242659211], [0.360502222000093, 10.242100663], [0.360326944000178, 10.2414455670001], [0.359957548000125, 10.2409373260001], [0.359920273000171, 10.240677079], [0.359845614000108, 10.239999217], [0.359843111000032, 10.2395434760001], [0.359791580000092, 10.2392019990002], [0.359713839000165, 10.2379319960002], [0.359650301000045, 10.2373838990002], [0.359647568000071, 10.2367418580001], [0.359668369000133, 10.2364000790001], [0.359728386000029, 10.2361215120001], [0.359666151000113, 10.235879281], [0.359616477000088, 10.235320104], [0.359722016000035, 10.2346794860001], [0.359832907000055, 10.2345338560002], [0.359928985000181, 10.2342303400001], [0.35992789400018, 10.2339740750001], [0.359829600000069, 10.2337567930001], [0.359828251000181, 10.2334399060001], [0.359963228000083, 10.2331252050001], [0.359998279000081, 10.2328632780001], [0.360033329000089, 10.2326013500002], [0.359909587000175, 10.2322877300001], [0.359933746000138, 10.232080959], [0.360102363000124, 10.2318267410001], [0.360101683000096, 10.2316669200001], [0.36022294900016, 10.2313991200002], [0.36018472000012, 10.230914296], [0.360245300000145, 10.230767997], [0.36030588, 10.2306216980001], [0.360343548000117, 10.230321181], [0.360501284000179, 10.2301248750001], [0.360547544000099, 10.2298821900001], [0.360607455000036, 10.2295788250001], [0.360598442000082, 10.229095257], [0.360666429999981, 10.2284019420001], [0.36072344300004, 10.2274179570002], [0.360818123000058, 10.2267865310001], [0.360754036000174, 10.2261089240001], [0.360640686000181, 10.2256216580001], [0.361163778000105, 10.2223761430001], [0.361046981000129, 10.2219587240001], [0.360772688000111, 10.220685843], [0.360462528000028, 10.2197089020001], [0.360220937000179, 10.219156036], [0.359918792000144, 10.2187549800001], [0.359455187000037, 10.2183270400002], [0.359064120000141, 10.217948399], [0.358913026000039, 10.2177423580001], [0.358346053000105, 10.2172101350001], [0.358167170000172, 10.2170930790001], [0.35783555800009, 10.2168760790001], [0.357247129000143, 10.2165313240001], [0.356823601000087, 10.21640781], [0.35673663700004, 10.2161972640002], [0.356281501000183, 10.2157968400001], [0.355984695000132, 10.2153406450001], [0.355836327000134, 10.2151208140001], [0.355491916000119, 10.214590415], [0.355157899000119, 10.2138863700001], [0.35503313300012, 10.2133275010002], [0.354943972000115, 10.2126362160001], [0.354904902000044, 10.2122781500001], [0.35486583200003, 10.2119200840002], [0.354985874000022, 10.2113629550001], [0.355058205000034, 10.2107068220001], [0.355142386000182, 10.2102214870002], [0.355385849000186, 10.2099063380001], [0.355442610000125, 10.2097210040001], [0.355531473000156, 10.209478615], [0.355528137000022, 10.2086905270002], [0.355500536000136, 10.2080844110001], [0.355546845000163, 10.2078527470001], [0.355566097000178, 10.207197606], [0.355606041000101, 10.206452472], [0.355620766000129, 10.2062317170001], [0.355661755000085, 10.2056108900002], [0.355716676999975, 10.2046004350001], [0.355672904000187, 10.2037084730001], [0.355626595, 10.203362167], [0.355575768000165, 10.2029762660001], [0.355549238000094, 10.202501363], [0.355583349000142, 10.202016235], [0.355517062000104, 10.2014709020001], [0.355504292000091, 10.201082415], [0.35545326700003, 10.200856667], [0.355431465000038, 10.2003056380001], [0.355189442000153, 10.1996439200001], [0.35494742000003, 10.1989822020001], [0.354936863000148, 10.1987879760002], [0.354926306000038, 10.1985937500001], [0.35488497, 10.1983569390001], [0.354754484000068, 10.198087431], [0.354379453000035, 10.1975461330002], [0.354241553000179, 10.197497103], [0.354103653000095, 10.197448074], [0.353930680000133, 10.1973275450001], [0.35378269600011, 10.1971958890002], [0.353684210000154, 10.196929004], [0.353360940000016, 10.196128462], [0.353016697000044, 10.195631123], [0.352513103000149, 10.194944307], [0.35198177500007, 10.1942768940002], [0.3517464090001, 10.1938714160001], [0.351511042000084, 10.1934659370001], [0.351216119000128, 10.1927892770001], [0.350989960000163, 10.191927707], [0.350961758000153, 10.1911755430001], [0.350946176000093, 10.1901174550002], [0.351003090000177, 10.1891004000001], [0.351051312999971, 10.188662059], [0.351390124000034, 10.1878725560001], [0.35185642100015, 10.1869723000001], [0.352110640000149, 10.1865716860001], [0.352479259000177, 10.1862560230001], [0.352683094999975, 10.1857812160001], [0.352816881000081, 10.185185452], [0.352961792000031, 10.184589641], [0.353178513000159, 10.1838722870002], [0.353237557000057, 10.1833622560002], [0.353235559000041, 10.1828883], [0.353344322000112, 10.1822953950001], [0.353305910000131, 10.1817609660002], [0.353217071000131, 10.1811413220001], [0.353201272000149, 10.180692224], [0.353029616000185, 10.1802217250001], [0.35290564100012, 10.1798447190002], [0.352925595000158, 10.1792990270001], [0.352947866000136, 10.1786431000002], [0.35289864300006, 10.1781831170002], [0.352760309000189, 10.1776987020002], [0.35273415000006, 10.1774315170002], [0.352807614000085, 10.1770426730001], [0.352867575000175, 10.17675033], [0.352815363000104, 10.1762407590001], [0.352654223000116, 10.1756241680001], [0.352687829000047, 10.1750177960002], [0.352842844000179, 10.174179451], [0.352890659000138, 10.173644665], [0.352864246000138, 10.1733168570001], [0.352093537999963, 10.1716060520002], [0.350759148000066, 10.1704500680001], [0.350704141000051, 10.170267046], [0.35055555800011, 10.1699893430001], [0.350504579000074, 10.169771859], [0.350430781000171, 10.1694194450002], [0.350266915000077, 10.1688138860001], [0.350211035000086, 10.16842282], [0.350155155000095, 10.1680317530001], [0.350276332000078, 10.1677446710002], [0.350379384000064, 10.1674466400001], [0.350482435000174, 10.167148609], [0.350588872000174, 10.166663183], [0.350784775000136, 10.1662876120001], [0.350881225000137, 10.166073654], [0.350977675000138, 10.165859697], [0.351148742000134, 10.1655310740001], [0.35121888000009, 10.1650127300002], [0.351299456000163, 10.164827083], [0.351380032000122, 10.1646414350001], [0.351541183, 10.1642701410001], [0.351563343000066, 10.1639173320001], [0.351585502000034, 10.1635645220001], [0.35167060100008, 10.1632968770001], [0.35179044400013, 10.162692904], [0.351946629000167, 10.162132871], [0.351945656000169, 10.1619014040001], [0.352079752000066, 10.1613800400002], [0.352182569000149, 10.161026898], [0.352285386000062, 10.1606737560002], [0.352638892000186, 10.1600770860002], [0.352759948000028, 10.1597624460001], [0.352989313000137, 10.159408783], [0.353417864000107, 10.1588007800001], [0.354071501000135, 10.158145002], [0.354281951000132, 10.157923684], [0.354649102000053, 10.1572663330001], [0.354843853999967, 10.1569500110002], [0.355038605, 10.15663369], [0.355245159000049, 10.156147849], [0.355418801000042, 10.1557723690001], [0.355650316000094, 10.1556005640002], [0.35588183200008, 10.1554287600001], [0.356297036000171, 10.1549558350002], [0.356404227000041, 10.154652274], [0.356503064000151, 10.1543459930002], [0.356537955000078, 10.1540454880001], [0.356609141000149, 10.1537779], [0.356963549000113, 10.1533989150001], [0.357245854000155, 10.15306983], [0.357341710000071, 10.1527167160001], [0.35754917600002, 10.1524485640001], [0.357914764000043, 10.1520833110002], [0.358096536000176, 10.1516581960001], [0.358364467000058, 10.1512189450001], [0.358693641000116, 10.1507932200001], [0.359058972000071, 10.1503673440001], [0.359327062000034, 10.149966671], [0.359509646000049, 10.1497344440001], [0.359733492000089, 10.1493945770001], [0.360148113000037, 10.1487866260002], [0.360585948000107, 10.1484072930002], [0.360940299, 10.1480172840001], [0.361283222000054, 10.147555677], [0.361572987000159, 10.147019888], [0.361718550000035, 10.1465838990001], [0.362121515000069, 10.1458519930001], [0.362288498999987, 10.1452202670001], [0.362355581000031, 10.144641312], [0.362384835000171, 10.1443242960001], [0.362542126000108, 10.14403155], [0.362588856000059, 10.143243254], [0.362622541000121, 10.1426589260001], [0.362717470000064, 10.1420881230001], [0.362776093000036, 10.141481647], [0.362871382000037, 10.1409962660001], [0.362883599000043, 10.1405966530001], [0.362964470000065, 10.139990085], [0.362961489000099, 10.1392846630001], [0.362941979000084, 10.1389458040001], [0.362922469000068, 10.1386069460001], [0.363043860000062, 10.1383749720001], [0.363017759000115, 10.1381215650002], [0.363054791000025, 10.1380001650001], [0.363091823000047, 10.1378787650002], [0.36304104200002, 10.1377081280002], [0.362918057000059, 10.1375625910001], [0.362760350000087, 10.1377561370001], [0.36272512700009, 10.137976732], [0.362726407000025, 10.1382798430001], [0.3626654790001, 10.1383407190002], [0.362567885000033, 10.1382805010002], [0.362542086000133, 10.1380987380001], [0.36257664600015, 10.137721077], [0.362732816000118, 10.1371637970001], [0.362719736999964, 10.1367009100001], [0.362559376000149, 10.13626619], [0.362273343000027, 10.135707988], [0.362185641000053, 10.1353556340002], [0.362122409000108, 10.13487091], [0.362020406000113, 10.1344249250002], [0.361834495000096, 10.1338663080001], [0.361562429000173, 10.1333218250001], [0.361469585000123, 10.1330686950001], [0.361122324000064, 10.1324986890002], [0.360711397999978, 10.1319999030001], [0.360057928000117, 10.13136055], [0.359653550000019, 10.131094929], [0.359173273000181, 10.1306367290001], [0.358889797000188, 10.1303526950001], [0.358606320999968, 10.1300686620001], [0.358470624000063, 10.1298749510001], [0.358334926000168, 10.1296812420002], [0.35811318400016, 10.129197171], [0.35792642600012, 10.128434638], [0.357787699000141, 10.127851021], [0.357638567000038, 10.127438296], [0.357549657000163, 10.1267966060001], [0.357533119000038, 10.1248470790001], [0.357532522000042, 10.124705168], [0.35753070300018, 10.1242725450001], [0.357421842000122, 10.1235152000002], [0.357390574000021, 10.1230234530001], [0.357359307000024, 10.1225317060001], [0.357119891000082, 10.1216414490001], [0.357051366, 10.1213866410002], [0.356839091000154, 10.1205057210001], [0.35659452200008, 10.1198812050001], [0.356517747, 10.119479202], [0.356244699000172, 10.118694977], [0.355817927000032, 10.1177267600002], [0.355377450000105, 10.116805443], [0.354923313000086, 10.1159420500001], [0.354318769000145, 10.115021405], [0.353902416999972, 10.114546396], [0.353824886000041, 10.1144606020001], [0.35374735500011, 10.1143748080001], [0.35359229400018, 10.114203219], [0.353410358000019, 10.1139228940002], [0.353228227000159, 10.1135957240001], [0.352771712000163, 10.1128260270001], [0.352208766000103, 10.1118748950001], [0.352185459000054, 10.1116214740002], [0.352162153000052, 10.1113680530001], [0.351996144999987, 10.1109057900001], [0.351914802000124, 10.1100739270001], [0.352047518000063, 10.109224651], [0.352106392000167, 10.108673287], [0.352178976000118, 10.1080750190001], [0.352176857000018, 10.107567994], [0.35223342900008, 10.1064655140001], [0.352230182000085, 10.1056884430002], [0.352121609000108, 10.104994472], [0.352068840000072, 10.1040354520001], [0.352040356000032, 10.1035177930002], [0.352137399000128, 10.1021175400001], [0.352197208, 10.1017893760001], [0.352214992000086, 10.1013869820002], [0.352292608000084, 10.1006619360001], [0.352439974000049, 10.099991716], [0.352440591000175, 10.099473657], [0.352736747000165, 10.0984749080001], [0.352930625000056, 10.0976226260001], [0.353121859000055, 10.0968034220002], [0.353373693000094, 10.0958461890001], [0.353688521000038, 10.0953240850001], [0.35382075300015, 10.0950259360002], [0.353924545000041, 10.094576343], [0.354084526000065, 10.0942643020001], [0.354656046000059, 10.093283711], [0.354878658000189, 10.092654517], [0.354968935000102, 10.0922986700001], [0.35512495100005, 10.0920362470002], [0.355280967000169, 10.0917738220001], [0.355599341000072, 10.0914363290001], [0.355747285000064, 10.091238694], [0.355895228000122, 10.0910410590001], [0.356119036000166, 10.0906984430001], [0.356704321000166, 10.0903515860001], [0.357186788000035, 10.090021684], [0.357741184000076, 10.089603306], [0.358234703000164, 10.089256823], [0.358340081000165, 10.0891875000001], [0.35881999500009, 10.0889127180001], [0.359330322000119, 10.088596476], [0.359726341000112, 10.0882090600001], [0.360296917000085, 10.087672119], [0.360789990000114, 10.0872209230002], [0.361045129000161, 10.0870572900001], [0.361242058000187, 10.0869379870001], [0.361572390000163, 10.0868016000001], [0.361857918000169, 10.0865909950001], [0.362684874000024, 10.0861880190001], [0.362894431000029, 10.086096219], [0.363103988000091, 10.0860044190001], [0.363417333000143, 10.085796454], [0.364457814000161, 10.0852548130001], [0.364788769000143, 10.0852672230002], [0.365089194000177, 10.085293537], [0.365375740000104, 10.0853254200001], [0.365587068000025, 10.0853245450001], [0.365962513000056, 10.0853367710001], [0.366580199, 10.0854251490001], [0.367556203000106, 10.085421108], [0.368474001000038, 10.085461396], [0.369332835000023, 10.0853669010001], [0.369919489999972, 10.0853506890002], [0.371000774000095, 10.0852552660002], [0.371815127000104, 10.085163704], [0.372310207000169, 10.0851919590002], [0.372799342000064, 10.0851293030001], [0.373488939000026, 10.0851264350001], [0.373925685000074, 10.0851687080001], [0.37461800400007, 10.0851520480002], [0.375129136999988, 10.085031429], [0.375776707000114, 10.0849543300001], [0.376271026999973, 10.0848034690002], [0.37652975400016, 10.084832702], [0.377330164000114, 10.0847329180001], [0.377811212000154, 10.084730911], [0.378228141000079, 10.0846905930001], [0.378825272000029, 10.0845227640002], [0.379253264999988, 10.084468621], [0.379734253000038, 10.084452834], [0.380151345000058, 10.0844510900001], [0.380684731000144, 10.084333126], [0.381273024000052, 10.0840495960001], [0.381806080000104, 10.083854473], [0.382300594000185, 10.083750448], [0.382752847000177, 10.0835170850002], [0.383052435000138, 10.083347739], [0.383766380000111, 10.083187679], [0.384493909000184, 10.082953161], [0.385273940000161, 10.0826412650002], [0.385871544000054, 10.0825864020001], [0.386443357000189, 10.0823525320001], [0.387259531000041, 10.0820404790002], [0.387708019, 10.0819035720002], [0.388156504999984, 10.081766664], [0.388889695000103, 10.0815569130002], [0.389434524000137, 10.0815160440001], [0.389956989000098, 10.0814477120001], [0.390423134000059, 10.081214281], [0.390890272000149, 10.0812123140001], [0.391307358, 10.0812105570001], [0.391880051000101, 10.0811833450001], [0.392463522000128, 10.0810761740001], [0.39294350800003, 10.0808289030001], [0.393268562000117, 10.0807641540002], [0.393660729000146, 10.0807873000002], [0.393973207000045, 10.0810312280001], [0.394271012000104, 10.081096105], [0.394779857, 10.0810939560001], [0.395182424000041, 10.080948966], [0.395750722000173, 10.0805470070001], [0.396398883000018, 10.0799655970001], [0.39691617800014, 10.079343406], [0.397427827000115, 10.0787019490002], [0.397684863000052, 10.0783398820001], [0.398099891000072, 10.0778614110001], [0.398475990000065, 10.077383106], [0.398771227000054, 10.076852786], [0.39901763600011, 10.0766064960001], [0.399147988000038, 10.0765287890001], [0.399356529000158, 10.0765279060001], [0.399486833000083, 10.0764391750002], [0.399666616000161, 10.0762179680001], [0.399873599000102, 10.0758561120002], [0.400052882000125, 10.075519172], [0.400284889000034, 10.07515721], [0.400933888, 10.07477419], [0.401352852000059, 10.0745657470001], [0.401561010000023, 10.0744766860001], [0.401846950000049, 10.0743707610001], [0.402249123000047, 10.0741375880001], [0.402584670000181, 10.0739294960001], [0.402922617000172, 10.0736332160001], [0.403311208000048, 10.073474499], [0.403659776000154, 10.0730624400001], [0.403998662000106, 10.072983844], [0.404231377000087, 10.0727872110002], [0.404515598000046, 10.0722844900001], [0.405023365000091, 10.072037088], [0.405489818000035, 10.0718807930002], [0.405983968000044, 10.0716995800001], [0.40631989200017, 10.071579662], [0.406793134000054, 10.0710651140001], [0.407049938000171, 10.070653441], [0.407242851000035, 10.0702558190002], [0.407528344000127, 10.070047937], [0.407672032000107, 10.0698406570001], [0.407943178000153, 10.069530881], [0.408200411000053, 10.069218406], [0.408407893000174, 10.0689750330001], [0.408720734000042, 10.068662322], [0.40906983900004, 10.068377012], [0.409366068000111, 10.0680809040001], [0.410013832000061, 10.067419564], [0.410247798000057, 10.0671926100001], [0.410481764000053, 10.0669656560001], [0.410856429000091, 10.066479859], [0.411846081000078, 10.0651590780001], [0.412035599000092, 10.0649419570001], [0.412360069000158, 10.0647476820001], [0.412776460000032, 10.064591594], [0.413098089000073, 10.0643835530001], [0.413449510000135, 10.0639935180001], [0.413993018000156, 10.0636577730001], [0.414486634000127, 10.0633580630002], [0.414861255000119, 10.0631883720001], [0.41513527800015, 10.0629033780001], [0.415328454000132, 10.06256913], [0.415624215000037, 10.0621683090001], [0.415806424000095, 10.0618699290001], [0.416260390000161, 10.061405053], [0.416480707000176, 10.0609191320001], [0.416829292000159, 10.0605180840001], [0.416944614000101, 10.060184168], [0.417087331000118, 10.0597564460002], [0.417317734000108, 10.059033504], [0.417415946000062, 10.0579639290001], [0.417295569000089, 10.0571377770001], [0.417126502999963, 10.0566232120001], [0.416836983000167, 10.0559024960002], [0.416651741000123, 10.055503732], [0.416469004000021, 10.0550415810001], [0.416155641000103, 10.05459101], [0.41591087400019, 10.0539307220001], [0.415505151000104, 10.053340012], [0.415060672000038, 10.052788044], [0.414903405000075, 10.0524277370001], [0.414785339000048, 10.0521306410001], [0.414641698000025, 10.0517068980001], [0.414561442000092, 10.0511533740001], [0.414390155000035, 10.0507655710001], [0.414230879, 10.049942339], [0.414124894000054, 10.0495459910001], [0.414018910000152, 10.0491496420001], [0.414017281000099, 10.0487748930001], [0.413870696000174, 10.0483125850002], [0.413610791000053, 10.04800507], [0.413337033000118, 10.0477086370001], [0.413229421000096, 10.0472571850001], [0.413177199000074, 10.0467558950002], [0.413017492000108, 10.0464727520001], [0.412977671000078, 10.0462662550001], [0.41289798300005, 10.0458422390001], [0.412807102000102, 10.0454017360001], [0.412815173000126, 10.0446990330001], [0.41268025800008, 10.0437213830001], [0.412692259000096, 10.0432831980002], [0.412559286000032, 10.042432295], [0.412466574000177, 10.0418898450001], [0.412448323000149, 10.0408868960001], [0.412600657000155, 10.040111935], [0.412781771000027, 10.0395628060002], [0.412818065000181, 10.0389564270002], [0.412943887000097, 10.0384791790001], [0.413099668000143, 10.037858514], [0.413291879000155, 10.0373038270001], [0.413484649999987, 10.0368786480001], [0.413574603000086, 10.03646493], [0.413754250000125, 10.036218919], [0.413805507000177, 10.0358577220001], [0.413725905000149, 10.0354529940001], [0.413763309000046, 10.0351028780001], [0.413865960000123, 10.03505284], [0.414009906000103, 10.0349089380001], [0.414031234000106, 10.0340573780001], [0.413818922000132, 10.033182013], [0.413801388000081, 10.032344397], [0.413473652000164, 10.0317781470001], [0.413057012000138, 10.0312260530001], [0.412832286000025, 10.03069243], [0.412661182000079, 10.0303432020001], [0.412453891000098, 10.029983105], [0.412218356000039, 10.0295211720001], [0.412203119000139, 10.0292126130001], [0.412017902000173, 10.0288138440001], [0.411859485000093, 10.028183493], [0.411676930000169, 10.0277571560002], [0.411698659000137, 10.0269965270001], [0.411716523000166, 10.025985159], [0.411922572000094, 10.0254166360002], [0.411958202, 10.0246559480001], [0.41202190600012, 10.023958519], [0.412019844000156, 10.023481815], [0.411755955000046, 10.0228904900001], [0.411181036000187, 10.0223776410002], [0.410698240000045, 10.0219525790001], [0.410399716000029, 10.0217086010001], [0.40977365800012, 10.0215845020002], [0.408966826000153, 10.021444635], [0.408149386000161, 10.0214233010001], [0.407590264000078, 10.0213485150001], [0.406808121000154, 10.021131382], [0.40553097600008, 10.02088052], [0.40438170300007, 10.0206263560001], [0.40339107200009, 10.0204128510001], [0.402923468000154, 10.0202853140001], [0.402025786000138, 10.020352482], [0.401337329000114, 10.0205868550001], [0.400180769000144, 10.0212255140002], [0.399546062000127, 10.0216773490001], [0.39879509900004, 10.0222481610001], [0.398238904000152, 10.0228567320001], [0.39768041100001, 10.023578289], [0.397473120000029, 10.0238629870001], [0.397110369000131, 10.0242006930002], [0.39670862600002, 10.0245220310001], [0.396356828000023, 10.0248211140001], [0.395852338000054, 10.025170438], [0.394840031, 10.0257423420001], [0.394141153000135, 10.0261448370001], [0.393180180000115, 10.026369317], [0.392384963000097, 10.0263478520001], [0.391918235000048, 10.0264269660001], [0.391413289000184, 10.0266715740001], [0.39076346000013, 10.0268423870001], [0.390262711, 10.0267673280002], [0.389834468, 10.0267443210001], [0.389339115000155, 10.026630658], [0.38894961799997, 10.0265661530001], [0.388546665000149, 10.026606418], [0.388038408999989, 10.0267270330002], [0.387338582000098, 10.0269090710001], [0.386857786000121, 10.026949658], [0.386257608, 10.0270293210001], [0.385843815000158, 10.0271357620001], [0.385387711000078, 10.0270990860001], [0.385016261000089, 10.0270289900001], [0.384644810000168, 10.026958894], [0.384321825000143, 10.026844506], [0.383904808000011, 10.0268462450001], [0.383909852999977, 10.0267249770001], [0.383914899000047, 10.0266037100001], [0.384033087999967, 10.0262835680001], [0.383707464000054, 10.0262022570001], [0.383440900000039, 10.0262805250001], [0.382990123000127, 10.026188711], [0.382539091000069, 10.0260362760001], [0.381830395000065, 10.0260943380001], [0.380788551000023, 10.0262640080001], [0.380636216000141, 10.0263996660001], [0.380676848000121, 10.026475276], [0.380751822000093, 10.026782214], [0.380660019000061, 10.0267688180001], [0.380543475000025, 10.0268216590001], [0.380621914000187, 10.0269618680001], [0.380767058000117, 10.0270976670001], [0.380650590000073, 10.0271684190001], [0.3803366570001, 10.0272220800002], [0.379894453000134, 10.0271853410001], [0.378684714000144, 10.027099431], [0.378125360000013, 10.0269722400001], [0.377629962000071, 10.0268475380001], [0.37722946100007, 10.0268106210001], [0.376720801999966, 10.0268375300001], [0.376166264000119, 10.0268632520001], [0.375695503000145, 10.026976805], [0.375090260000093, 10.0271749610001], [0.374465868000129, 10.0274475950001], [0.373997499000154, 10.0277994960001], [0.37364572600012, 10.0281109580001], [0.373293953000029, 10.0284224190001], [0.372612565000168, 10.0290259600002], [0.371988747000046, 10.0294363690001], [0.37154015800013, 10.029865342], [0.371149465000087, 10.0301783400001], [0.370719836000148, 10.0304887430001], [0.370117488000062, 10.0310604920001], [0.369468084000118, 10.0316567790002], [0.368903045000025, 10.032163387], [0.368436283000108, 10.0329010610001], [0.367910081000105, 10.033388218], [0.367383798000162, 10.0338560860001], [0.366679256000111, 10.0342475310001], [0.365900028000112, 10.0347302160002], [0.365233932000081, 10.0350085200001], [0.364705692000086, 10.035010693], [0.363982675000045, 10.0349750870001], [0.363492066000049, 10.0346684750002], [0.363254769000037, 10.034435223], [0.363000883000154, 10.0342240830001], [0.362665391000121, 10.03377905], [0.362349685000083, 10.0334110940001], [0.36195826900007, 10.0328891320001], [0.361617002000116, 10.0323917650001], [0.361283570000069, 10.0317731180001], [0.360987329000181, 10.03140508], [0.360711961000106, 10.0307090370001], [0.360236754000141, 10.0294268640001], [0.360366373000147, 10.0278418500001], [0.36030378300012, 10.0268335490001], [0.360278898999979, 10.0255329970001], [0.361479712000175, 10.0228137880001], [0.361713596000129, 10.022231392], [0.362022001000184, 10.0215191770002], [0.362216226000157, 10.0207605850001], [0.362388622000026, 10.0201012840002], [0.362482763000116, 10.0193431020002], [0.362695963000135, 10.0184686960001], [0.36277565000006, 10.0175783030001], [0.363020112000072, 10.0175332100002], [0.363308905000054, 10.0174521130001], [0.363564866, 10.0174979090002], [0.36384422500015, 10.0171550650001], [0.363996272000179, 10.0162836650001], [0.363942191000035, 10.0153166640001], [0.363898714000129, 10.014225616], [0.363830355000061, 10.0131677380001], [0.363787941000112, 10.012997064], [0.363882998000065, 10.012459327], [0.363803294000036, 10.0120132440001], [0.363722532000111, 10.0113136470001], [0.363564516000167, 10.0107549040001], [0.363324732000024, 10.0099209330001], [0.363146764000078, 10.009243779], [0.362928465000039, 10.00889471], [0.36284933800016, 10.0085864040001], [0.362750257000187, 10.0081596880001], [0.362574141000039, 10.0079261820002], [0.362257511000109, 10.0073295090001], [0.362078583000027, 10.0064208850001], [0.361839289000159, 10.005702647], [0.361622648999969, 10.0050835180002], [0.361601893000056, 10.0047722170001], [0.361129097000173, 10.004057688], [0.360922044000176, 10.0037375050001], [0.359401948000027, 10.0015323260001], [0.359452280000085, 10.00093415], [0.359383783, 10.0008407380001], [0.359174349999989, 10.0006156310001], [0.358872995000013, 10.0003468100001], [0.358585507000043, 10.0000696650002], [0.358339649000129, 9.99977581700006], [0.358121763000042, 9.99952318700008], [0.357848062000073, 9.99921842900011], [0.357630119000021, 9.99895202100009], [0.357472831000166, 9.99856411900015], [0.357152343000109, 9.99770291300013], [0.357106745000067, 9.99743304700019], [0.35704139000012, 9.99709161500016], [0.357028785000011, 9.99673343500001], [0.357047272000045, 9.99649913100018], [0.357061859999988, 9.99599479099999], [0.357123454000146, 9.99542963400006], [0.357157205000021, 9.99485356999998], [0.357255075000126, 9.99432133400001], [0.357362119000072, 9.99399022300008], [0.357435233000103, 9.99352146699999], [0.357486530000131, 9.99315475900005], [0.357576883000092, 9.99282095900014], [0.357620389000147, 9.99258655300008], [0.357699405000119, 9.99220044300012], [0.357817442000169, 9.99183897400013], [0.357896720000156, 9.99151624299998], [0.357976135000058, 9.99122657700019], [0.358009179000135, 9.99115066200005], [0.358042223000041, 9.99107474800013], [0.358138203000181, 9.99075745900012], [0.358272369000076, 9.99026365500009], [0.35837077400015, 9.98986093100018], [0.358439367000017, 9.98964295600018], [0.358477873000027, 9.98954359700002], [0.358568681000065, 9.98932002100003], [0.358631611000135, 9.98907726900018], [0.35873011800004, 9.98869934500016], [0.358792637000136, 9.98835739200001], [0.35888012800018, 9.98800431500001], [0.358986791, 9.98758226900009], [0.359040443000026, 9.98711359200013], [0.359191321000083, 9.98662798600009], [0.359348317000126, 9.98627738100015], [0.359474815000112, 9.98594618900012], [0.359646112000121, 9.98569197300003], [0.359789322999973, 9.98536898000003], [0.359907241000144, 9.98497995500009], [0.360094585000013, 9.98457411300006], [0.360229159000141, 9.98417950900011], [0.360419247000095, 9.98376538900015], [0.360520943000154, 9.98348665499998], [0.360602952000079, 9.98315288999999], [0.360726509000074, 9.98278313000014], [0.360881134000181, 9.98253173800009], [0.360996500000113, 9.98219783500014], [0.361266788000137, 9.98168418500006], [0.361464733000048, 9.981154296], [0.361679539000079, 9.98066842800012], [0.361451733000081, 9.97936319000013], [0.361604299000078, 9.9792854100001], [0.361720487000071, 9.9791499100001], [0.361758933999965, 9.97903677200014], [0.361797369000044, 9.97892087800011], [0.362091284000144, 9.97869381300006], [0.362189546000081, 9.97861790200011], [0.362274321000086, 9.97855240700011], [0.362650803000122, 9.97826155400014], [0.362780556000132, 9.97804608500013], [0.362887970000145, 9.97780590600007], [0.363039800000081, 9.97755176800018], [0.363238668, 9.97724508100015], [0.363417747000028, 9.97685856200002], [0.363663159000055, 9.97638083500004], [0.363841926000021, 9.97591991399997], [0.36404876600011, 9.97552501400003], [0.364283504000127, 9.9751548000001], [0.364504688000125, 9.97486731000009], [0.364764557000058, 9.97452455000018], [0.364990475000127, 9.9740386360001], [0.365120053000169, 9.97378183300009], [0.365244001000121, 9.97353618900001], [0.365280601000109, 9.97346474400007], [0.365495040000042, 9.97304730200017], [0.36568233700018, 9.97263319199999], [0.365757084000052, 9.97255986199997], [0.365831832000026, 9.97248653200012], [0.366182866000088, 9.97200837200018], [0.366310019000025, 9.97183700200003], [0.366399613000169, 9.97165752000012], [0.36648920600004, 9.97147803799999], [0.366686897000136, 9.97089028000005], [0.366821195000057, 9.97043229700006], [0.366944786999966, 9.97007356000012], [0.367090651000126, 9.96972299800007], [0.367204503000153, 9.96902811400014], [0.367382860000077, 9.96847074700014], [0.367500364000023, 9.96798527700008], [0.36762582700004, 9.96740883699999], [0.367732476000072, 9.96698678900009], [0.367847567000069, 9.96658950799997], [0.368026967000162, 9.96628289900013], [0.368262224000034, 9.96603944100002], [0.368542036000065, 9.96581508900016], [0.368777327000089, 9.96557989600012], [0.368995641000026, 9.96527312700005], [0.369105963000095, 9.96506600300017], [0.36926846700004, 9.96470710600005], [0.369483391000074, 9.96425430300013], [0.369682327000021, 9.9639669020001], [0.36998958700002, 9.96365976800007], [0.370333015000028, 9.96336075300007], [0.370640204000097, 9.96303708500017], [0.370803446000139, 9.96285592100008], [0.370966689000056, 9.96267475899998], [0.371198978000166, 9.96238722100003], [0.371578124000109, 9.96198885500007], [0.371824310000022, 9.96170126000004], [0.372043229000099, 9.96154053500015], [0.372126052000112, 9.9614051690001], [0.37231411900018, 9.96117843600013], [0.37246921100018, 9.96104277400008], [0.372657024000034, 9.96075541800008], [0.372756582000079, 9.96063376100005], [0.372856140000124, 9.96051210400003], [0.373063398000056, 9.96022191300011], [0.373306917000036, 9.95996188400017], [0.373511809000149, 9.95977090399998], [0.373755281, 9.95949985300001], [0.373899103000042, 9.95932841300004], [0.374070422000102, 9.95908521500019], [0.374349843000175, 9.95876992500001], [0.374485309000022, 9.95859438600019], [0.374620774000164, 9.95841884700013], [0.374919386000158, 9.95804010000012], [0.375335072000098, 9.95774078200009], [0.375687208000102, 9.95753266200006], [0.375863161000154, 9.95740104600003], [0.376039113000161, 9.95726943000017], [0.376413243000059, 9.95700335000015], [0.376553298000147, 9.95692837200016], [0.376693353000121, 9.95685339400018], [0.376951099000109, 9.95667321700012], [0.377050755000027, 9.9566143560001], [0.377289370000142, 9.95647341900008], [0.377757909000081, 9.95618490400011], [0.377947723000148, 9.95604496300018], [0.378137536000168, 9.95590502200002], [0.378536748000158, 9.95565537100009], [0.378924678000089, 9.95536718700004], [0.379282161000106, 9.95510944000011], [0.379531981000127, 9.95502849700011], [0.37992011800003, 9.95478991300007], [0.380067016000112, 9.95469010400006], [0.380213914000024, 9.95459029600016], [0.380493811000179, 9.95439073500006], [0.380832043000055, 9.95418266799999], [0.381184172000189, 9.95397454300013], [0.381358817000148, 9.95386359700018], [0.381649958000139, 9.95369430200009], [0.381821627000079, 9.95353652300008], [0.382239535000167, 9.95310767500013], [0.382718846000159, 9.95273919800013], [0.383137297000189, 9.95243986100013], [0.383544629000141, 9.95214057000015], [0.383794098000124, 9.951976957], [0.384043568000152, 9.95181334500018], [0.384192836000068, 9.95161707900007], [0.384242245000166, 9.95147522700006], [0.384562553000023, 9.95162657100019], [0.384712842999988, 9.95167279300006], [0.384852893000073, 9.95159781199999], [0.3849929430001, 9.95152283100009], [0.385341962000098, 9.95123755800006], [0.385737707999965, 9.95082808800009], [0.386077899000156, 9.95042711500002], [0.38617119200012, 9.95014014600002], [0.386184265000054, 9.94994444300005], [0.386335404000079, 9.94953323200008], [0.386383935000083, 9.94917755700004], [0.386365167000122, 9.94868162600011], [0.386299160000078, 9.94818864600001], [0.386287357000072, 9.94802611299997], [0.386244260000126, 9.94769286400003], [0.386151283000174, 9.94739564300005], [0.385991241000113, 9.947013277], [0.385748549000084, 9.94664020800013], [0.385719336000079, 9.94646879300007], [0.38570767300007, 9.94633932800014], [0.385637491000125, 9.94617428200013], [0.385525396000162, 9.94595705300003], [0.385455457000148, 9.94584987300004], [0.38545404100006, 9.9455136950001], [0.385401923000188, 9.94501790100014], [0.385410380000053, 9.94471612700005], [0.385418837000145, 9.94441435300013], [0.385505667000075, 9.94390780100014], [0.385571652000124, 9.94352285800016], [0.385662969000123, 9.94299012900001], [0.385753709000141, 9.94246076700011], [0.385816264000084, 9.94209583600002], [0.385917992000145, 9.94150236400014], [0.386074375000021, 9.94101672900018], [0.386152969000136, 9.94053968300017], [0.386221374000058, 9.94028312900008], [0.386270312000022, 9.94002389799999], [0.386388293000095, 9.93965967000008], [0.386417276000088, 9.93928203200011], [0.386485181000126, 9.93890698800016], [0.386484299000188, 9.93869756500015], [0.386494210000023, 9.93841094100003], [0.386462337000182, 9.93810244500008], [0.386411183000178, 9.9378353620001], [0.386299057000144, 9.93760986600012], [0.386151124000094, 9.93746167600011], [0.385950301999969, 9.93729441500005], [0.385813696000071, 9.93719577800016], [0.385524144000101, 9.93707848500009], [0.385204228000077, 9.93701091800011], [0.384645658000068, 9.93703251700003], [0.384405180000044, 9.93701835500013], [0.384161838000182, 9.93700393800009], [0.383781000000113, 9.93696995700003], [0.383474948000185, 9.93697707600018], [0.383108777000132, 9.93706366800006], [0.382733564000091, 9.93706521700005], [0.382576402000097, 9.93703555500014], [0.38241924100015, 9.93700589200006], [0.38207391800006, 9.93684473600007], [0.381906405000166, 9.936666312], [0.381180596000036, 9.93644875100006], [0.38067574400003, 9.93615057600016], [0.380518340000151, 9.93606304500014], [0.380360938000081, 9.93597551400006], [0.379956995000157, 9.93575397400002], [0.379580975000124, 9.93556262999999], [0.379293951000022, 9.93538469700013], [0.379023731000188, 9.93523700600008], [0.378634126, 9.93512011800016], [0.378381078000075, 9.93509084700014], [0.378169663000051, 9.93504762800001], [0.378319310000109, 9.93494229900011], [0.37860243300014, 9.93485295300019], [0.378512814000089, 9.93469074100005], [0.37836229100003, 9.93458664700017], [0.378092693999974, 9.93458775500011], [0.377823029000126, 9.93457233200013], [0.377614267000126, 9.93449878900003], [0.377448619000063, 9.93443333500011], [0.37728297200016, 9.93436788100018], [0.37686329100012, 9.93436960500014], [0.37671364400012, 9.93447493400009], [0.376639408000187, 9.93466813300017], [0.37660958400005, 9.93484737100005], [0.376518165, 9.93491939299997], [0.376326459000154, 9.93493671400012], [0.375995854000053, 9.93497114000007], [0.375837282000077, 9.93493596700011], [0.375678709000169, 9.93490079600014], [0.375598015000094, 9.93487908300006], [0.375453316000119, 9.93483834300002], [0.375208366000095, 9.93475116799999], [0.374996721000059, 9.93465283500012], [0.37472663, 9.93453545100004], [0.374470480000127, 9.93442903300007], [0.374180681000041, 9.93425110600003], [0.373871345000055, 9.93405397000004], [0.373762354000178, 9.93391112500007], [0.373561941, 9.93384030100003], [0.373333737000166, 9.93376959000017], [0.373108150000064, 9.9336602890001], [0.372743459000162, 9.93351849100009], [0.37250673300008, 9.93340372500018], [0.372244912000042, 9.93326977200019], [0.371924989000092, 9.93319943600005], [0.371699633000105, 9.93314524600004], [0.371435366000185, 9.93309121600015], [0.371249076000026, 9.93307406600019], [0.371062785000163, 9.9330569170001], [0.370845997000174, 9.93305780500015], [0.37059289400014, 9.93301475000004], [0.370320186000129, 9.93293595200009], [0.370075374000123, 9.93288184100015], [0.369958424, 9.93282996200003], [0.369666399000096, 9.93278431000016], [0.36937344800009, 9.93279626700019], [0.369129104000137, 9.93281303700013], [0.368896636000102, 9.93281501200005], [0.368540617000065, 9.93275308700015], [0.36819579600018, 9.93271040500002], [0.367806276000124, 9.93261279300009], [0.367516698000145, 9.93248721600008], [0.367252409000059, 9.93242767100008], [0.366222214000175, 9.932214569], [0.365695438999978, 9.93216677800007], [0.365116598000157, 9.93213871400002], [0.365127967000092, 9.93253966200018], [0.365118844000165, 9.93267335800005], [0.365080244000183, 9.93275064400007], [0.365002605000029, 9.93278956500018], [0.364964014000122, 9.93286688000006], [0.364694886000052, 9.93298095699998], [0.36461719100015, 9.93301983200013], [0.364578732000041, 9.93313569200012], [0.364656913000033, 9.93321256300015], [0.364812996000069, 9.93332496600016], [0.364832786000136, 9.93340197600014], [0.364814633000151, 9.93370795600003], [0.364869280000107, 9.93381799300016], [0.364923881000095, 9.9339279080001], [0.364749412000151, 9.93407750200004], [0.364419215000112, 9.93453488000006], [0.364471214000048, 9.93468486500012], [0.364529862000097, 9.93474247800003], [0.36461691, 9.93494091700018], [0.364610032000144, 9.93507917400018], [0.364492971000175, 9.93523181000018], [0.364474113000028, 9.93537443499997], [0.364513701000078, 9.93553754500016], [0.364533535000135, 9.93564353900007], [0.364514529000189, 9.93573732500016], [0.364437346000102, 9.93589195500016], [0.364321161000134, 9.93602469900014], [0.36418824500015, 9.93616020300016], [0.364130263000163, 9.93623766000007], [0.363975035000124, 9.93635403900004], [0.363897555999984, 9.93642869700017], [0.363822700000014, 9.9364676300001], [0.36372598100013, 9.93660305000014], [0.363706805000106, 9.93668032400012], [0.363707225000155, 9.93677392300015], [0.36378526600015, 9.93683157600003], [0.363861062000183, 9.93702278400002], [0.363747790000048, 9.93717611000011], [0.36367014800004, 9.93721502800014], [0.36351474200012, 9.93727352900009], [0.363342540000076, 9.93730316400013], [0.363284681000039, 9.93742602500009], [0.363323898000147, 9.93750308500006], [0.363285438000162, 9.93761894400018], [0.363246979999985, 9.93773480200014], [0.363169640000024, 9.93784817100004], [0.363075597000147, 9.9379546290001], [0.36301776800002, 9.93808016500003], [0.363077001000079, 9.9382893450001], [0.363028857000188, 9.93840534200001], [0.362922042000093, 9.93846092000018], [0.36284428100015, 9.93848041500013], [0.362750237, 9.93857730000002], [0.362789941000131, 9.93876865500016], [0.362683426999979, 9.93889310700013], [0.362518353000041, 9.93896127700009], [0.362404809000054, 9.93906786100007], [0.362444496000023, 9.93924816300006], [0.362480885000139, 9.93932515400013], [0.36259831000018, 9.9394762550001], [0.362715991000016, 9.93970729099999], [0.362746999000137, 9.93980908200018], [0.362640313000156, 9.94022286100005], [0.362657998000145, 9.94034209500012], [0.362622044000148, 9.94050952100014], [0.362563979000072, 9.94058686800003], [0.362411405000046, 9.94066470400008], [0.362178216000018, 9.9407235110001], [0.362103312000045, 9.94076245100013], [0.362006839000173, 9.94095292600014], [0.361968513000022, 9.94111006800017], [0.36191045400011, 9.94118481800012], [0.36167955999997, 9.94112785700014], [0.3616015180001, 9.94107034299998], [0.361445857000092, 9.94107089600016], [0.361371150000025, 9.94114840600014], [0.361372017, 9.94135783100018], [0.36125591900003, 9.94151261899998], [0.361139263000155, 9.94153238300004], [0.360986032000142, 9.94145579600018], [0.360907991000033, 9.94139828300013], [0.360752046000187, 9.94132177200009], [0.360651830000052, 9.94129735700011], [0.360443530000055, 9.94132302600002], [0.36021355600019, 9.94149756600007], [0.359982864000131, 9.94149850300005], [0.359904825000115, 9.94146022000018], [0.359826924000174, 9.94144128000005], [0.359674427000073, 9.94151904600011], [0.359635821999973, 9.94159360500015], [0.359597549000114, 9.94174807600001], [0.359588964000011, 9.94202505300012], [0.359521357, 9.94215066100003], [0.359443456000065, 9.94213172000013], [0.359365696000054, 9.9421513530001], [0.359212701000047, 9.94211333300012], [0.359134660000109, 9.94207517400008], [0.359019283000066, 9.9420659110001], [0.358748385000183, 9.94207669600002], [0.358440506000022, 9.94223225400015], [0.358288263000134, 9.9423844320001], [0.358172621000165, 9.94265224500015], [0.35813430200011, 9.94280667500016], [0.358096075000049, 9.9429597620001], [0.357979904000103, 9.94311318300009], [0.357827050000083, 9.94311373600004], [0.357749149000142, 9.94309479600008], [0.357596295000064, 9.94309548700005], [0.35748021600017, 9.94325019300004], [0.357402736000154, 9.94334420500019], [0.357364355000072, 9.94346012400013], [0.357364979000124, 9.94361449000007], [0.357326379000142, 9.94368900800004], [0.357326941000167, 9.94382408100012], [0.357252523000056, 9.94397588200013], [0.357194439000068, 9.94405330600017], [0.356790333, 9.94445723700011], [0.356674539000039, 9.94468642500004], [0.356597192000095, 9.94480247500007], [0.356522247000044, 9.94484134700008], [0.35625205100007, 9.94502301099999], [0.356020313000101, 9.94511066400008], [0.355778561000136, 9.94521364800005], [0.355712640000093, 9.9453234340001], [0.355713145000038, 9.94543709900017], [0.355791607000185, 9.94559109800002], [0.355869670000118, 9.94564864900008], [0.355891287000077, 9.94583274000013], [0.355812297999989, 9.94590658300012], [0.355521748000115, 9.94587879400001], [0.3554063630001, 9.94585995500017], [0.355213229000071, 9.94587038200007], [0.355097856000043, 9.94588045300009], [0.354903455000056, 9.94591985500017], [0.35478971800012, 9.94595889900017], [0.354712142000096, 9.94603640200012], [0.354634522000083, 9.94607248600005], [0.354566833999968, 9.94616923100017], [0.354414154000153, 9.94622774300007], [0.354268177000051, 9.94620907900008], [0.354134834000149, 9.94622884900014], [0.354057198000078, 9.94626774100016], [0.354038059, 9.94634497600003], [0.353921905000163, 9.94649705800003], [0.353824775000135, 9.94653604500013], [0.35375009500018, 9.94661343900015], [0.353750664000131, 9.94676499000019], [0.353712064000149, 9.94684227300007], [0.353731855000092, 9.94691941800016], [0.353712758000029, 9.94699662400018], [0.353732533000141, 9.94707370300006], [0.353733118000093, 9.94722523100017], [0.353714017000016, 9.94730249500014], [0.353675422000151, 9.94737981000009], [0.353559308000115, 9.94753184000001], [0.353481731000159, 9.94760929400002], [0.353406912000139, 9.94764819299996], [0.353173435000087, 9.94764913800014], [0.353020723000043, 9.94768833500012], [0.352913265000041, 9.94777975800014], [0.352787632000059, 9.94778296900012], [0.352614857000049, 9.94769003300007], [0.352497514, 9.94753615900009], [0.35228542700014, 9.94732753700009], [0.352168784000185, 9.94734732300014], [0.352159798000116, 9.94752785400004], [0.352092150000033, 9.94765353400015], [0.352017477000174, 9.94773095500005], [0.352057024000146, 9.94788237000006], [0.352018587000089, 9.94799826200006], [0.351824022000073, 9.94799904800016], [0.351708514999984, 9.94796093600019], [0.351593007000019, 9.94792282300011], [0.351515102000064, 9.94790384900017], [0.351437356000019, 9.94792345200011], [0.351284325000108, 9.94788549100008], [0.351167123000153, 9.9477729840001], [0.351049401000182, 9.94754196500008], [0.350974167000174, 9.94750366900007], [0.350857184000176, 9.947429779], [0.350750291000111, 9.947468415], [0.35070214700005, 9.94758192000006], [0.350666494000052, 9.94769791300018], [0.350589436000064, 9.94788828600002], [0.350511945000108, 9.94796576800007], [0.350395316000174, 9.94800483100016], [0.350243120000187, 9.94815837100009], [0.350204677000079, 9.94827288600004], [0.350185475000103, 9.94835018300017], [0.350127485000087, 9.94842751300013], [0.350028129000066, 9.94852438000009], [0.349936193000076, 9.94856060100017], [0.349858655000048, 9.94861873800005], [0.349780907000024, 9.94863834000012], [0.349703192000106, 9.94867728500003], [0.349521142000128, 9.94868516600008], [0.349414187000093, 9.94869774600005], [0.349251492000178, 9.94865976600011], [0.349046804000125, 9.94856414300011], [0.34896889900017, 9.94854516800001], [0.348893694000083, 9.94850689300017], [0.348737895000056, 9.94847169700006], [0.348585023000055, 9.94847231300014], [0.348315414000183, 9.94852846000009], [0.34827316600007, 9.94833854399997], [0.348286238000071, 9.94813732800003], [0.348299294000128, 9.94793612000007], [0.348066995000181, 9.94755675800013], [0.347929721000185, 9.94728177600012], [0.347732896000139, 9.94672866600018], [0.347550043000183, 9.94620036900011], [0.347381718, 9.94581658200002], [0.347213315000033, 9.94543279200008], [0.347239376000175, 9.94499459300016], [0.347251727000184, 9.94461701900019], [0.347554253000169, 9.94384703200012], [0.347763533000091, 9.94336660200003], [0.347753132000037, 9.94284862900003], [0.347782622000182, 9.94259639100017], [0.347812214000101, 9.94234410700005], [0.347905158000174, 9.94197729100006], [0.348137317000123, 9.94164561900016], [0.34849678300003, 9.94119781300009], [0.348659179000151, 9.94079753200009], [0.34873525800009, 9.94029971200007], [0.348601492000057, 9.94005901100019], [0.348533923000048, 9.93975218600008], [0.348370578000129, 9.93954436000013], [0.348060050000186, 9.93929746300006], [0.347586073000173, 9.93892060900009], [0.3469351170001, 9.938493134], [0.346412691000069, 9.93872629500004], [0.345905282999979, 9.93890997300014], [0.34510685500004, 9.93940092900004], [0.344862379000062, 9.93942946800001], [0.343865341000139, 9.939623611], [0.343285149999986, 9.93980780200008], [0.342601567000031, 9.93984086700004], [0.341720241000132, 9.93978377500014], [0.34067719900014, 9.93979246600003], [0.340249406000169, 9.93978651100002], [0.339182516, 9.93977185600011], [0.337177132000022, 9.94011333900005], [0.336308186000053, 9.94036757300012], [0.335336744000131, 9.94071032900007], [0.333598645000109, 9.94118025600011], [0.32993, 9.94224701100018], [0.329715203000148, 9.94230836700012], [0.327521401000183, 9.94293497500007], [0.327227561000029, 9.94311803000005], [0.325590866000027, 9.94378951900012], [0.325037080000072, 9.94401668800015], [0.324141193000116, 9.94694485600013], [0.324722534000159, 9.95042960399996], [0.325194580000129, 9.95395952000018], [0.325527422000107, 9.95644842700017], [0.325424678000161, 9.95724984900005], [0.325035595000031, 9.96028492100015], [0.324928619000048, 9.96097838600008], [0.32448958700013, 9.96310195100017], [0.323122884000156, 9.96261965500008], [0.322890939000047, 9.96265915300012], [0.322658989000047, 9.96269869100001], [0.32168810700017, 9.96252063100002], [0.32182524100017, 9.96273781400015], [0.321136345000184, 9.96286582900018], [0.320883694000145, 9.96293439800007], [0.320730839000021, 9.96293500000013], [0.320653164000078, 9.96297388600016], [0.320500225000103, 9.96297449000002], [0.320422606000022, 9.96301333700012], [0.320295999000109, 9.96298983400004], [0.320151286000112, 9.96294697900015], [0.320035849000078, 9.96291845799999], [0.319804673000135, 9.96280363200009], [0.319726764000166, 9.96278465000012], [0.31957074900015, 9.96271085600006], [0.319417756000178, 9.96267283900005], [0.319262032000097, 9.96265421300006], [0.319031059000054, 9.9625972180001], [0.318875398000046, 9.96259791000011], [0.318797357000108, 9.96254026100007], [0.318702741000095, 9.96251174900004], [0.318605337000179, 9.96248319800003], [0.318488280000167, 9.96240644000011], [0.31841304600016, 9.96237091100011], [0.31813959800013, 9.96210199600011], [0.317985490000126, 9.96179672400012], [0.317926807000163, 9.96171979600012], [0.317868162000025, 9.96166489100011], [0.317791524000086, 9.96160738099996], [0.317714869000042, 9.9615497800001], [0.317636961000176, 9.96153079800013], [0.317558803999987, 9.96145392900007], [0.317441742000085, 9.96137720200005], [0.317288588000054, 9.96130345000012], [0.317132774000129, 9.96126548500013], [0.317018552000093, 9.96120812700013], [0.316940651000095, 9.96118905000009], [0.316708072000154, 9.96107568800011], [0.316475492000109, 9.96096218800017], [0.316322209000077, 9.96084706000005], [0.316244176000112, 9.96080873500017], [0.316088093000076, 9.96069371400012], [0.315934923000043, 9.96061986400008], [0.315779108000186, 9.9605818980001], [0.315663753000138, 9.96058235200019], [0.315548398000089, 9.96058280600005], [0.315470642999969, 9.96060233400004], [0.315354133000142, 9.96066073000009], [0.315240308, 9.96069703200004], [0.315143178000142, 9.96073596400009], [0.3149684280001, 9.96083306600013], [0.31485384500013, 9.96084801900003], [0.314737954, 9.96089182100008], [0.314544675000093, 9.9608732960001], [0.314351398000042, 9.96085477100007], [0.314198122000107, 9.96075896600001], [0.314120221000167, 9.96074002700016], [0.314042143000108, 9.96066589200012], [0.313964139000063, 9.96062763300012], [0.313924936000092, 9.960550614], [0.313849577000155, 9.96047375100017], [0.313771515000099, 9.96041618900017], [0.31369360900004, 9.9603972060001], [0.313578145000065, 9.96037837500006], [0.313384867000082, 9.96035985000003], [0.313228925000146, 9.96028602700005], [0.313153676000013, 9.960228476], [0.313075769000079, 9.96020949200005], [0.312997749000033, 9.96017128200009], [0.312919646000012, 9.96009436600013], [0.312844442000028, 9.96005608200016], [0.312805172000139, 9.9599818850001], [0.312722297000164, 9.9599354560001], [0.312661021000054, 9.95982124200009], [0.312638844000048, 9.95974271800014], [0.312272921000101, 9.95988193200014], [0.311954720000131, 9.96000303599999], [0.31187696000012, 9.96002128500004], [0.311726071000123, 9.96000441900003], [0.311568292000118, 9.95998669000011], [0.31143382800002, 9.95990041400006], [0.311337120000189, 9.95987185799999], [0.311259087000053, 9.95983354700013], [0.311077128000022, 9.95984876600005], [0.310970363000138, 9.95991663300003], [0.310811755000145, 9.96017114400007], [0.310619575000089, 9.96050252900005], [0.31018349600015, 9.96125416400014], [0.309983328000101, 9.96135211400008], [0.309807326000112, 9.96142655500012], [0.309706546000086, 9.96146567900013], [0.309612781000055, 9.96151757600012], [0.30952713500011, 9.96160315700018], [0.3094532880001, 9.96163913000004], [0.309243633000108, 9.96173111100006], [0.3091634540001, 9.96177396600018], [0.308994070000153, 9.96182926600011], [0.308807189000049, 9.96184188800009], [0.308622532000129, 9.96193184300017], [0.308552772000041, 9.96198368600011], [0.308472907000066, 9.96202363800006], [0.308279909000078, 9.96225630600009], [0.308184443000187, 9.96238553400013], [0.308101081000075, 9.9625424730001], [0.307989919000079, 9.96274908300012], [0.307990867000171, 9.96298697200018], [0.308027398000092, 9.96312960000006], [0.308101893000128, 9.96324821900004], [0.308186535000175, 9.96341243100011], [0.30822103200012, 9.96353818100005], [0.30826250399997, 9.96367082900002], [0.308325948000117, 9.96377271600016], [0.308320561000073, 9.96392535900009], [0.308303490000185, 9.96402667100011], [0.308189921000121, 9.96423889700009], [0.308108182000183, 9.96432466200002], [0.307902756999965, 9.96447610400008], [0.307796907000125, 9.96449637000018], [0.307729130000098, 9.96455407400015], [0.307395069000052, 9.96453361400006], [0.307229997000093, 9.96455271400004], [0.307070130999989, 9.96463646800004], [0.30682379700005, 9.96469646600002], [0.306722175000175, 9.96478798300006], [0.306682417000104, 9.96497079000017], [0.306763581000041, 9.9651348380001], [0.307008372000155, 9.96534593700005], [0.307187750000082, 9.96543768300018], [0.307411285000171, 9.96558227600013], [0.30761403300005, 9.96577781100007], [0.307722954000099, 9.96602112000005], [0.307768151000062, 9.96612342100008], [0.307858122000084, 9.96631198500006], [0.307924512999989, 9.96642285700017], [0.308000449000076, 9.96647055099999], [0.308236678000185, 9.96646916800017], [0.308310227000106, 9.96635788200018], [0.308353880000084, 9.9662684380001], [0.308373531000029, 9.96618908699998], [0.308384999000111, 9.96604433700008], [0.308470801000112, 9.96585591900015], [0.308549632000108, 9.96570667700007], [0.30859572300011, 9.96562159600001], [0.30864499, 9.96555565299997], [0.308788435000054, 9.965414323], [0.308965546000081, 9.96519754300004], [0.309047384999985, 9.96515955500007], [0.309108718, 9.96508985000008], [0.309192928000073, 9.96504995000015], [0.309329394000144, 9.96496037400004], [0.309554534000142, 9.9649771010001], [0.309650683000029, 9.96519359200016], [0.309592087000112, 9.96535368200006], [0.309478555000169, 9.96546712600002], [0.309367085000019, 9.96559642200009], [0.309190296, 9.96581942200004], [0.309124259000157, 9.96588284500007], [0.309086568000168, 9.96596029300008], [0.309026019000044, 9.96602334700015], [0.308968648000132, 9.96610073100015], [0.308891421000055, 9.96625259600017], [0.308672782000031, 9.96662883900012], [0.308623655000133, 9.96673307500004], [0.308585468000047, 9.96690413800007], [0.308547158000124, 9.96705863800008], [0.308547970000177, 9.96725976800002], [0.308548772000051, 9.96746093100006], [0.308588144000112, 9.96757649700004], [0.308589062000181, 9.96780523300015], [0.308550607000143, 9.96792112300011], [0.308453768, 9.96803448600002], [0.30837900500012, 9.96811191200004], [0.308184598000139, 9.96815127900015], [0.307933918000174, 9.96803656999998], [0.307816855000169, 9.96795984500011], [0.307625402000042, 9.96803767600011], [0.30758694300016, 9.96815366200008], [0.30755816900006, 9.96826812700004], [0.307549033000043, 9.96840178000002], [0.307549466000125, 9.96852581200017], [0.307550021000111, 9.96864978900004], [0.307589189000169, 9.96872681600007], [0.307628622000152, 9.96884237900014], [0.307704005000062, 9.968938466], [0.307889563000117, 9.96911113099998], [0.308016836000093, 9.96930105799999], [0.308102029000111, 9.96940406300007], [0.308093228000189, 9.96964516100013], [0.308046347000129, 9.9697404100001], [0.307999467000172, 9.96983579700009], [0.307941443000175, 9.96991311599999], [0.307863841000142, 9.96997129000005], [0.307728147000091, 9.97010412500009], [0.307633805000137, 9.97014304300012], [0.307595196000022, 9.97022035400005], [0.307517464000171, 9.97025923200005], [0.307439984000155, 9.97033664800006], [0.307401373000062, 9.97041125600003], [0.307326666, 9.97049835200011], [0.307210340000154, 9.97060490100012], [0.307191123000052, 9.97068211400006], [0.307075044000158, 9.97083418], [0.306980841000097, 9.97091168100013], [0.306981225000129, 9.9710081290001], [0.306903942000019, 9.97116001600017], [0.306875270000148, 9.97127584600014], [0.306768915000134, 9.97144714400008], [0.306710805000137, 9.97152455900004], [0.306616698000084, 9.97161167400003], [0.306316810000112, 9.97161773300007], [0.30605515200017, 9.97160422700006], [0.305949904000158, 9.97170109300009], [0.305849265000063, 9.97174768000008], [0.305766970000093, 9.97183407700004], [0.305689752000092, 9.97198869700009], [0.305670865000081, 9.97214028600007], [0.305710120000185, 9.97221734000004], [0.305749327000171, 9.97229428700012], [0.305827330000113, 9.97233262000003], [0.305914954000116, 9.97236119500013], [0.306019243000094, 9.97237045700001], [0.306096965000165, 9.97233156499999], [0.306174722000094, 9.97231197100018], [0.306327758000123, 9.97234999700009], [0.306405799000117, 9.97240750500009], [0.306464470000094, 9.97248174200007], [0.306484261000037, 9.97255877200007], [0.306523562000166, 9.97265506700012], [0.30652412400002, 9.97280660700005], [0.306563389000189, 9.97288363300004], [0.306563987000061, 9.97303788400012], [0.306603288000019, 9.97313147400001], [0.306622939000135, 9.97346781300007], [0.306616283000096, 9.97370764800007], [0.306583859999989, 9.97384385400017], [0.306544476000113, 9.97416620400003], [0.306648905000145, 9.97438282700011], [0.306654355000092, 9.97454170399999], [0.306820968000068, 9.97473995900015], [0.306918961000122, 9.97492002800004], [0.306958394999981, 9.97504530200013], [0.30695896400016, 9.97519692200001], [0.306920365000053, 9.97527419900013], [0.306842864000146, 9.97535163600003], [0.306726344000083, 9.97540996099997], [0.306427788000065, 9.97547864500018], [0.306283965000148, 9.97548888500012], [0.306031454000163, 9.97543193000013], [0.305956220000155, 9.97539363800013], [0.305839159000129, 9.97531705300014], [0.305607983000186, 9.97520217500005], [0.305221286000062, 9.97512932300003], [0.305065765000109, 9.97516844400019], [0.304941545000133, 9.97519580200014], [0.304806236, 9.97526313900011], [0.304699506000077, 9.97532144400003], [0.304602367000086, 9.97536040300014], [0.304526214000134, 9.97543787500018], [0.30445009400006, 9.97551531699997], [0.30439201400003, 9.97558994700012], [0.304295413000091, 9.97576393400004], [0.304256945000134, 9.97587706700011], [0.304239175000077, 9.97595433800018], [0.304163660000142, 9.9761860270001], [0.304164222000168, 9.97633767600007], [0.304223454000123, 9.97654959700014], [0.304263598000034, 9.97685800900007], [0.304030871000066, 9.9770463640001], [0.303953343000046, 9.97712382600014], [0.30384921600006, 9.97715316800009], [0.303742232000104, 9.97716323100008], [0.303644883000118, 9.97716365600007], [0.303566799000066, 9.97708675700017], [0.303491591000068, 9.97704847100005], [0.303452307000157, 9.97697150300007], [0.303374380000037, 9.97693319000018], [0.303296623000051, 9.97695278399999], [0.303219018000163, 9.97701095600002], [0.303142669000124, 9.97704988500016], [0.303066437000041, 9.97708871200007], [0.303008291000026, 9.97714680899998], [0.302787273000035, 9.977142781], [0.302679892000128, 9.97705164199999], [0.302542467000023, 9.97674629600016], [0.302486565000038, 9.97666935500007], [0.302408425000124, 9.97659250100014], [0.302311025000051, 9.97657434200016], [0.302252461000023, 9.97651870600015], [0.302136837000035, 9.97646126100011], [0.301982298000155, 9.97640403100019], [0.301865458000066, 9.97636589700005], [0.301790557000174, 9.97640477000016], [0.301712799000143, 9.97642436300009], [0.301596278000147, 9.976482686], [0.301404780000155, 9.97656059300016], [0.301288069000179, 9.97657351200007], [0.30113381100017, 9.97658788900009], [0.301018531000068, 9.97659792300004], [0.300940626000113, 9.97658031500004], [0.300862721000158, 9.97656270700014], [0.300747254999976, 9.97655346700009], [0.300516599000105, 9.97655441100017], [0.300323442000035, 9.97656480900014], [0.300245742000129, 9.97660088400005], [0.300052555000093, 9.97660168900018], [0.299839816000144, 9.97659355700006], [0.299743808000187, 9.97656701500017], [0.299628291000147, 9.97652899900004], [0.299472208999987, 9.97641384600018], [0.299319021000144, 9.97633724300016], [0.299029788999974, 9.97631901300008], [0.298873987000093, 9.97628113600001], [0.298718044000054, 9.97620731600017], [0.298564769000052, 9.97611151600006], [0.298408968000047, 9.9760735000001], [0.298314306000066, 9.97603527300004], [0.298207208000065, 9.97601639900006], [0.298080498000047, 9.97595902300014], [0.298041220000187, 9.97588480300004], [0.297907315000032, 9.97575029600017], [0.297829274000037, 9.97571200300013], [0.297673613000029, 9.97571255600008], [0.297579384000187, 9.97577082800007], [0.297472439000103, 9.97579053400011], [0.297290426000075, 9.97581056900009], [0.297134314000118, 9.97569540000006], [0.296959873000162, 9.9755335370001], [0.296761212000149, 9.97536685500017], [0.296658938, 9.97534318000004], [0.29647699800006, 9.97537278200002], [0.296321178000142, 9.97533480699997], [0.296167952000076, 9.97525830100005], [0.296041206000098, 9.97519402000017], [0.295732655000052, 9.97518553000015], [0.295568419000119, 9.97512829800002], [0.295452754000053, 9.97505158700017], [0.29529672700005, 9.97497504700004], [0.295182332000081, 9.9748625200001], [0.294891783000082, 9.97485394899996], [0.294776211000112, 9.97478691000003], [0.294649379000134, 9.97470547900014], [0.294485267000027, 9.97467229900008], [0.294348282000158, 9.97474034499999], [0.294242470000086, 9.97480003500016], [0.294159094000122, 9.97478925300015], [0.294041892000052, 9.97467401900019], [0.293963431, 9.97452272600003], [0.293866016000038, 9.97448455700015], [0.293790645000115, 9.97440771000009], [0.29371260400012, 9.97436941700005], [0.293624738000176, 9.97427569000018], [0.293480025000179, 9.97424486300002], [0.293209969000031, 9.97448706000011], [0.293094591000056, 9.97449438600017], [0.292998303000104, 9.97439153500011], [0.292920262000109, 9.97433388900015], [0.292730606000077, 9.97425747800008], [0.292611466000153, 9.97427721100007], [0.292514435000044, 9.97433547599996], [0.292436856000108, 9.97441296300008], [0.292362004000154, 9.97445180500011], [0.292284423000183, 9.9745292230001], [0.292100971000139, 9.97452991400007], [0.291917517000059, 9.97453074300006], [0.291761715000121, 9.9744927270001], [0.291686441000081, 9.97443513100018], [0.291608531000065, 9.97441614299998], [0.29135789500009, 9.97430140300008], [0.291057381000087, 9.97422675300015], [0.290756866000038, 9.97415210299999], [0.290603978000149, 9.97415272600017], [0.290526220000118, 9.97417231599997], [0.290370401000075, 9.97413433800006], [0.290275661000067, 9.97407683600011], [0.290197220000096, 9.97392281900005], [0.290109236999967, 9.97382945000004], [0.28989797800017, 9.97381822599999], [0.289656570000091, 9.97394419000011], [0.289502427000059, 9.97396408500009], [0.289385525000171, 9.97392595600002], [0.28923248500007, 9.97388796700017], [0.289154496000151, 9.97385239800019], [0.289027890000114, 9.97382875900007], [0.288845804000175, 9.97381505700002], [0.288689833000149, 9.97373849900009], [0.288612139000122, 9.97377733399998], [0.288247900000101, 9.97375950000014], [0.288043673000118, 9.97378687200006], [0.287629007000135, 9.97365578900013], [0.287533037000173, 9.97364655799998], [0.287377375000062, 9.97364711100016], [0.28660454400017, 9.97363079900003], [0.286451549000049, 9.97361213599999], [0.286373788999981, 9.97363162800002], [0.28629614100015, 9.97367057400004], [0.286143706000075, 9.97378690200009], [0.286066116000029, 9.97386442499999], [0.285953505000066, 9.97411919600006], [0.276490356000181, 9.97405270900015], [0.276297078000141, 9.97367033500012], [0.276219118000085, 9.97363210100013], [0.276179875000139, 9.97355780800012], [0.276101928000173, 9.97351956300008], [0.276065481000103, 9.9734425150001], [0.275909222000053, 9.97328882100015], [0.275831217000075, 9.97325049900019], [0.275443368000026, 9.97287173100011], [0.275367714000026, 9.97271770000009], [0.275250260000064, 9.97254450300005], [0.275172165000072, 9.97247043200002], [0.275094037000031, 9.97241289699997], [0.274631774000056, 9.97218590100005], [0.274470511000118, 9.97199843900017], [0.274363997000023, 9.97195062000003], [0.274263869000038, 9.971936535], [0.274137472000177, 9.9719708020001], [0.27398304500008, 9.97200994500002], [0.273877779000088, 9.97201516900014], [0.273800042000119, 9.97205402300011], [0.273722411000051, 9.97209292300016], [0.273627958000134, 9.97211263700018], [0.273549990000049, 9.97207429000014], [0.273163600000089, 9.97207576400007], [0.273007783000025, 9.97203777800013], [0.272545740999988, 9.971885219], [0.27236077200007, 9.97186795100004], [0.27217867000013, 9.97185079400009], [0.271983901000056, 9.97181293000017], [0.271791833000179, 9.97173652800006], [0.271713705000082, 9.97167897500003], [0.271635804000141, 9.97165989700005], [0.271560570000133, 9.97160238800018], [0.271376696000175, 9.97149829299997], [0.271192822000046, 9.97139433500007], [0.27106579500014, 9.9712621760001], [0.270649455000125, 9.97105194699998], [0.270534056000088, 9.97104274100013], [0.270418583000037, 9.97101424599998], [0.270321987000045, 9.97101461300014], [0.270225390000121, 9.97101498100017], [0.270032171000025, 9.97101569100005], [0.269839150000166, 9.97105503000017], [0.269742725000071, 9.97092036600003], [0.269703444000129, 9.97084330500013], [0.269702882000047, 9.97069179200014], [0.269741201000159, 9.97053737500005], [0.269750274000103, 9.97035679200013], [0.269778959000064, 9.97023130800005], [0.269739472000083, 9.97007988200011], [0.269718884000156, 9.96979335700013], [0.269679540000084, 9.9696777740001], [0.269561756000144, 9.96941091600002], [0.269561117000137, 9.96925656200006], [0.269521656000165, 9.96910518300007], [0.26951957000017, 9.96856783800007], [0.269480362000138, 9.96849081300019], [0.269518842000139, 9.96837768200015], [0.26954764200002, 9.96828112200018], [0.269595927000182, 9.96818449000017], [0.269673547000025, 9.96814564400012], [0.269717031000084, 9.96805175300011], [0.269731236000098, 9.96795528300009], [0.269662563, 9.96780446100007], [0.269555222000122, 9.96772718200015], [0.269439563000049, 9.96765045800004], [0.269324045000076, 9.96761230300018], [0.269246093000049, 9.9675740460001], [0.269167961000107, 9.96749718300003], [0.26914813000019, 9.96740080800015], [0.269100590000164, 9.96733484800001], [0.269053108000151, 9.96726889300015], [0.268974966000087, 9.96719204300001], [0.268935762000183, 9.96711501900006], [0.268812427, 9.96686744800007], [0.268703366000125, 9.96669699300008], [0.268547424000019, 9.96662040700016], [0.268394570000169, 9.96662109800013], [0.268239048999988, 9.9666602210001], [0.268065506000141, 9.96670772100009], [0.267901134000056, 9.96661327200019], [0.267719430000113, 9.96654644600017], [0.267582437000044, 9.9665084290001], [0.267504115000122, 9.96639437800019], [0.267600964000053, 9.96627963600014], [0.267659075000154, 9.96620222000013], [0.267638679000072, 9.9659542710001], [0.267550820000167, 9.96587744500016], [0.267368524000176, 9.96582026600009], [0.267212561000179, 9.96574369700011], [0.26711498200018, 9.9656696620001], [0.267036851, 9.96559284100005], [0.267075310000109, 9.96547685400014], [0.267153005000011, 9.96543803700001], [0.267191624000134, 9.9653607300001], [0.267269009000017, 9.96524750700007], [0.267249190000086, 9.96515107599998], [0.267190547000098, 9.96509336500009], [0.267122159000166, 9.9650082600001], [0.267053695000186, 9.96492304800012], [0.26695895000006, 9.96486553799997], [0.266939236000042, 9.96478849600004], [0.266880563000029, 9.96471155700016], [0.266841327000179, 9.96463729700002], [0.266763231000141, 9.96456043700005], [0.26670419300001, 9.96439675200008], [0.266684367000153, 9.96429343099999], [0.266647908999971, 9.9642163420001], [0.266618113, 9.96405255600007], [0.266549374000078, 9.9638999010001], [0.266490563000104, 9.96377603299999], [0.266470772000162, 9.96369903100003], [0.266451056000108, 9.96362191700001], [0.2664894400001, 9.96348945199998], [0.266488580000043, 9.9632607740001], [0.266468749000069, 9.96316439800012], [0.26629530200006, 9.96287846000007], [0.266294898000183, 9.96278205300018], [0.266246025000157, 9.96271468000003], [0.266197067000178, 9.96264740100003], [0.266099515000064, 9.96257330200007], [0.265887839000186, 9.96245837700002], [0.265695834000155, 9.96251219800013], [0.265560386000175, 9.96261118200016], [0.265346752000085, 9.96270844300011], [0.265194017000113, 9.96274760200009], [0.265116110000179, 9.9627286060001], [0.264994163000097, 9.96264226299996], [0.264959708, 9.96253767500002], [0.264939810000158, 9.9624233880001], [0.264864025000179, 9.96223352900012], [0.264727300000175, 9.96209901600008], [0.26460152500016, 9.96205608800005], [0.264496162000057, 9.96200345500006], [0.264437491000081, 9.96192645200017], [0.26439833000012, 9.96185221400009], [0.264363917000026, 9.9617559240001], [0.264310043000023, 9.96166931500011], [0.264224843000079, 9.96156355700009], [0.264068901000144, 9.96148973400011], [0.263991001000079, 9.96147079400015], [0.263913049, 9.96143245300004], [0.263798845000167, 9.96137499000002], [0.263740261000123, 9.96131736600006], [0.263701013000059, 9.96124033899997], [0.263700688000142, 9.96114666000011], [0.263709996000159, 9.96104057300016], [0.263660956000024, 9.96093461900011], [0.263582829000029, 9.96086057700018], [0.263507595000021, 9.96082214500001], [0.263429213000109, 9.96066818900005], [0.263428711000074, 9.96055380900003], [0.263428290000149, 9.96043947900017], [0.263447494000104, 9.96036223300018], [0.263427729000171, 9.96028519700019], [0.263240314000029, 9.95961621300006], [0.263229538000019, 9.95934899200006], [0.263189956000133, 9.95917549300003], [0.26311430100003, 9.95902425100013], [0.263016828000048, 9.95896670300016], [0.262939551000102, 9.95912130000005], [0.262881441000104, 9.95919595400005], [0.262842959000125, 9.95929253700012], [0.262747676000117, 9.95946511900019], [0.26265248500016, 9.95963772400017], [0.262594401000172, 9.95972377900011], [0.262497692000068, 9.95986700200012], [0.262383718000024, 9.95986741700005], [0.262305765000065, 9.95983193600006], [0.262227489000168, 9.95971649000012], [0.262207704000048, 9.95963944900006], [0.262149033000071, 9.95956244500007], [0.262054270000135, 9.95948841800009], [0.261976248000053, 9.95945018899999], [0.261898311000095, 9.95941184700001], [0.261785216000078, 9.95946525800008], [0.261697294999976, 9.95954556900011], [0.261689348000118, 9.96002446500012], [0.261748297000111, 9.96015921700007], [0.26180556800017, 9.96023473700006], [0.261875187000157, 9.96037063300014], [0.261980178000044, 9.96046422600017], [0.262029024000185, 9.96053016900004], [0.262092689000042, 9.96062501400013], [0.262117452000041, 9.96075025700009], [0.262078852000059, 9.96082767400003], [0.262138085000061, 9.96105605700018], [0.262262421000059, 9.96121134500009], [0.262389051000014, 9.96126467000011], [0.262467093000112, 9.96132218100018], [0.262590421000027, 9.9613838030001], [0.262620649000041, 9.96149388100002], [0.262621070000137, 9.96158885600011], [0.26255327500013, 9.96167595100013], [0.262308989000189, 9.96169889100008], [0.262168757000097, 9.96179315900008], [0.262063388000172, 9.96186107200009], [0.261985652000135, 9.96189990900001], [0.261830623000037, 9.96205209700003], [0.261755739000023, 9.96211031900003], [0.261600218000069, 9.96214944200017], [0.261502914000175, 9.96213049500011], [0.26142741700005, 9.96201503900011], [0.26146322500017, 9.96193778800006], [0.261462897000172, 9.96184405000008], [0.26148183600003, 9.96170894700003], [0.261461934000181, 9.96159328100003], [0.261386588000164, 9.96151918100014], [0.261308547000169, 9.96148088700016], [0.261230858000033, 9.96150045900004], [0.261153249000131, 9.9615586220001], [0.261096704000124, 9.96167319800003], [0.261040159000174, 9.96178777500018], [0.261001825, 9.96193948500007], [0.260963206000099, 9.96201679199999], [0.260954508000111, 9.96228550800004], [0.26091595500003, 9.96238072700004], [0.260848160000023, 9.96247749800011], [0.260617266000054, 9.96242040300012], [0.26046160400017, 9.96242095600007], [0.260309031000077, 9.96249878800012], [0.260270431000095, 9.962595421], [0.26019294300005, 9.96267005200008], [0.260193373000106, 9.96278578500011], [0.260154767000074, 9.96286309800007], [0.260174521000124, 9.96294018400005], [0.260116729000117, 9.96309196700008], [0.260003604000133, 9.96332106900019], [0.259868014000062, 9.96347590400012], [0.259771024000031, 9.96355346000013], [0.259691860000089, 9.96358276800009], [0.259560061000116, 9.96363143000002], [0.25948244000017, 9.96368686600016], [0.259329857000068, 9.96376457800005], [0.259215613000038, 9.96378432800009], [0.259077075000107, 9.96381239200008], [0.259059606000164, 9.96360438700003], [0.259098130000154, 9.96350922100015], [0.259125495000035, 9.96338919000004], [0.259152832000041, 9.96326921300016], [0.259152450000045, 9.96317273300002], [0.259113250000155, 9.96309575100003], [0.259073988000125, 9.96301872800012], [0.258998754000118, 9.96296121799998], [0.258959415000106, 9.96284831400004], [0.258900634000156, 9.96274244], [0.258783848000064, 9.96273323500003], [0.258686589000092, 9.96275288300006], [0.258533736000174, 9.96275343600001], [0.25845576800009, 9.96271518000009], [0.258377653000139, 9.96265763200012], [0.258263539000097, 9.96261947600016], [0.258125002000099, 9.96263136500016], [0.258015940000121, 9.96273615500013], [0.257955862000131, 9.96283280400002], [0.257975616000181, 9.96290988999999], [0.257898318000173, 9.96306172200013], [0.257742797, 9.9631008450001], [0.257684768999979, 9.96317829200018], [0.257646088000115, 9.96325554200018], [0.25754222, 9.96334968600019], [0.257416012000078, 9.96340803100009], [0.257300506000092, 9.96336988500013], [0.257194684000069, 9.96332342000011], [0.257126414000084, 9.96327684400018], [0.257048509000128, 9.96325784800001], [0.256970386000148, 9.96320024400006], [0.256875870000158, 9.9631813360001], [0.256768518000115, 9.96309493400003], [0.256642078000141, 9.96310505500009], [0.256537650000041, 9.96305716000012], [0.25625566400015, 9.96310651300001], [0.256121057000144, 9.96315517600004], [0.255957817000137, 9.96318959900015], [0.255833315000132, 9.96314674300015], [0.255638450000049, 9.96307024800012], [0.255542187000174, 9.96297553700003], [0.255445917000031, 9.96288075899997], [0.255296151000096, 9.96260717199999], [0.255121260000067, 9.96231989900014], [0.254978929000117, 9.96215506400006], [0.25490075200014, 9.96207824600015], [0.25482560100005, 9.96203989900005], [0.254747554000062, 9.96198369900003], [0.254669506000027, 9.96192749900018], [0.254552168999965, 9.96177361800017], [0.254517705000126, 9.96167733400017], [0.254522196000096, 9.96158222100001], [0.254511789, 9.96139072100016], [0.254484945000115, 9.96127645900015], [0.254474754000057, 9.96116209200017], [0.254435568000019, 9.96108512100011], [0.25437692200012, 9.96102744000007], [0.25427917900015, 9.96089556100003], [0.254153138000106, 9.96078270400005], [0.25404772700017, 9.96070352699996], [0.253969733000133, 9.96066523600007], [0.253813931000025, 9.96062721800013], [0.253582754000149, 9.96051510000012], [0.253467175000083, 9.96044804400009], [0.253351438000038, 9.960361648], [0.253273507000074, 9.96032338400005], [0.253195454000092, 9.96026580600011], [0.253117549000137, 9.96024680800014], [0.253042213000128, 9.96017268500009], [0.252770482000074, 9.95999045600001], [0.252606075000074, 9.95988186700004], [0.25247949200002, 9.95985443900008], [0.252383363000149, 9.95980175000005], [0.252267845000176, 9.95975391700011], [0.252189944000179, 9.95973496000005], [0.252112184000168, 9.95975460800008], [0.252036951000036, 9.95971617499998], [0.251803248000158, 9.95965921700008], [0.251611374000106, 9.95964069300015], [0.251474802000189, 9.95954474900003], [0.25118479300005, 9.95929780600011], [0.251000941000143, 9.95921309600004], [0.250817207000011, 9.95912835000013], [0.250664338000092, 9.95912889700008], [0.250480475000074, 9.95906895900009], [0.250296605000131, 9.95900904400003], [0.249956581000049, 9.95904611600008], [0.249802391000117, 9.95908521699999], [0.249646870000106, 9.95912447900008], [0.249483911000027, 9.95915641500005], [0.249184238, 9.95916470899999], [0.248913199000071, 9.95916581500012], [0.248760142000094, 9.9591084600001], [0.248682164000058, 9.95907014900018], [0.248604123000064, 9.95903185500003], [0.248528889000056, 9.95897434400018], [0.248353437000105, 9.95888125200008], [0.248294843000053, 9.95882360100006], [0.248063689000105, 9.95870872200004], [0.247908026000118, 9.95870930299998], [0.247831658, 9.95872887900003], [0.2477552900001, 9.9587484540001], [0.247638715000107, 9.95880678900005], [0.24752221500006, 9.95886512900012], [0.247408521000068, 9.95893992100008], [0.247100428000067, 9.95905673900012], [0.24698378700009, 9.95909586300019], [0.24690588600015, 9.95907678500004], [0.246828126000139, 9.95909641600014], [0.24667386800013, 9.95909696900009], [0.246519610000178, 9.95909752200004], [0.24632619200014, 9.95904042500001], [0.246132773000056, 9.95898319200018], [0.245979920000082, 9.95898374500013], [0.245902019000141, 9.95896480500016], [0.245671264000123, 9.95896563400015], [0.245554622999975, 9.95898540400003], [0.245400474000121, 9.95901490000017], [0.244899067000119, 9.95910357400004], [0.244743696000114, 9.95918131400003], [0.244088261000172, 9.95933532000004], [0.24397443099997, 9.95937429100013], [0.243867335000175, 9.95936267900004], [0.243704094000066, 9.95937539700003], [0.243588155000168, 9.95941438300008], [0.243510254000057, 9.9593953050001], [0.24343249400016, 9.95941493600003], [0.243354593000049, 9.95939585800005], [0.243046163000088, 9.95941636000015], [0.242970965000097, 9.95937805900007], [0.242815301000178, 9.95937863700016], [0.242659639000067, 9.95937921600012], [0.242584428000157, 9.9593409740001], [0.242506754000146, 9.95937978500007], [0.242198152000185, 9.95938092700015], [0.242120521000061, 9.95941980099997], [0.241936768000073, 9.95943495200009], [0.241812017000143, 9.9594402350001], [0.241656496000132, 9.95947935900011], [0.241425813000149, 9.95948025300004], [0.241270295000049, 9.95951941200013], [0.241115964000187, 9.95952000400018], [0.240961706, 9.95952055700013], [0.240808991999984, 9.9595596800001], [0.240653330999976, 9.95956023300005], [0.240192383000078, 9.95969433200003], [0.239650297000139, 9.95967699200003], [0.239458362000164, 9.95964187800013], [0.239263609000147, 9.95960405800002], [0.23913882700009, 9.95959963400003], [0.23895635700012, 9.95958580900003], [0.238802099000111, 9.9595865], [0.238724153000078, 9.95954814800001], [0.238415262, 9.95947217000014], [0.238259321000157, 9.95939558200001], [0.238134484000057, 9.95935984200008], [0.238028285000041, 9.95931927000009], [0.237950381000189, 9.95928232900013], [0.23785283300009, 9.95922622900014], [0.237794287000042, 9.95916854300015], [0.237641112000063, 9.95909195000013], [0.237562986000171, 9.9590151270001], [0.237504315000024, 9.95894088800009], [0.237136006000014, 9.95857854299999], [0.237021470000172, 9.95842453600017], [0.236943429000178, 9.95836702600019], [0.23686546800019, 9.95832871900012], [0.236749867000128, 9.95826438600005], [0.236595267000155, 9.95817815200019], [0.236324981000166, 9.95800553900006], [0.236091134999981, 9.95791270800009], [0.236015779000184, 9.95783588000012], [0.235742915000117, 9.9577211350001], [0.235472818000062, 9.95758981400019], [0.235319724000021, 9.95755178100012], [0.235163782000086, 9.95747519300005], [0.235007981000081, 9.95743717400018], [0.234776878000048, 9.95732232000006], [0.234700308000129, 9.95730335100001], [0.234623810000187, 9.95728427300003], [0.234467869000184, 9.95721044800007], [0.23431319000008, 9.95709528800012], [0.234235846000047, 9.95703771900008], [0.233923827000069, 9.9567394390001], [0.233779955000102, 9.95665109900006], [0.233737966000092, 9.95657430800003], [0.233599550000179, 9.95638493400014], [0.233546815000182, 9.95626773700013], [0.232935515, 9.95634291400006], [0.232201166000095, 9.95669243399999], [0.231760936000114, 9.95703764300004], [0.231494517000158, 9.95724651800003], [0.230849186000171, 9.95782290900019], [0.230564548000075, 9.95807712100009], [0.230366062000144, 9.95827538400005], [0.23015342900004, 9.95848771500016], [0.229878879000069, 9.95878001200009], [0.229474341000184, 9.95921063500009], [0.229394322000019, 9.95928773300005], [0.228723985000101, 9.95993225400002], [0.228439612000102, 9.96008073100012], [0.228155239000102, 9.96022920700017], [0.227969917000053, 9.96028901900013], [0.227472239000065, 9.96044943300006], [0.227260568000077, 9.96051224800004], [0.227048846000116, 9.96057503000009], [0.226625400000103, 9.96070059400017], [0.225791828000013, 9.96080555500009], [0.225049735000027, 9.96082767400003], [0.224365752000153, 9.96079435700005], [0.221917843000028, 9.96062155000004], [0.221284951000086, 9.96057689700018], [0.218284979000032, 9.96040592300005], [0.214878826000188, 9.960156525], [0.213366265, 9.96005867500008], [0.211853704000021, 9.95996082400006], [0.210025251000161, 9.96013555300004], [0.208241100000066, 9.96026326300012], [0.206468186000109, 9.96042399300012], [0.205773703000091, 9.96055051000019], [0.205157345999964, 9.96075666199999], [0.204752406000068, 9.96100476500004], [0.204347465000012, 9.96125286800003], [0.203526381000131, 9.9617353970001], [0.202817347000064, 9.96243510500005], [0.20251661900005, 9.96269385200009], [0.202215964000175, 9.96295264700007], [0.20163669100009, 9.96341217300011], [0.200998835000064, 9.96381403200002], [0.200490918000071, 9.96403358300017], [0.199041963000184, 9.96437795100007], [0.196041450000166, 9.96509115300012], [0.193306895000092, 9.9656838410001], [0.19261578000004, 9.96583366199997], [0.190572254000074, 9.96627645700011], [0.189739067000119, 9.966494329], [0.189056206000032, 9.96675865000014], [0.188348579000035, 9.9670918330001], [0.187990809000098, 9.96732183800003], [0.18785092000013, 9.96746009600008], [0.187719540000103, 9.9675900150001], [0.187514423000096, 9.96780579900019], [0.187317802999985, 9.96801318400003], [0.187790662000111, 9.96871258100009], [0.188098592000017, 9.96916803200003], [0.189414109000097, 9.97111376000004], [0.190450841000086, 9.97292812100017], [0.190680447000034, 9.9742486180001], [0.190601168000171, 9.97426725800005], [0.190441577000172, 9.97434024900014], [0.190309174000163, 9.9743452080001], [0.190149198000086, 9.97430955900006], [0.190061706000108, 9.97427863899998], [0.189874516000089, 9.97431467400003], [0.189437989999988, 9.97466068900019], [0.189457361000109, 9.97489099800015], [0.189352930999974, 9.97512738700004], [0.18929812500005, 9.97525404600015], [0.189088770000069, 9.97543040900007], [0.188952338000149, 9.97549095900013], [0.18885520800012, 9.97554805100003], [0.188738097000112, 9.97560037200003], [0.188582766000138, 9.97559643500011], [0.188286277000032, 9.97568800199997], [0.188200255000027, 9.97573383000002], [0.18798089500018, 9.97586116400009], [0.18785344600002, 9.97598378300006], [0.187748962000057, 9.97612907400008], [0.187648799000044, 9.97623358200019], [0.187553338000043, 9.9762980430001], [0.18748029700015, 9.97634734600018], [0.187321169000086, 9.97646664000013], [0.187216050000188, 9.97652485500004], [0.187124828000094, 9.97657503300013], [0.187061104000179, 9.97662949900018], [0.186956254, 9.97667968000013], [0.186824174000094, 9.97678432700019], [0.186746665000157, 9.97680722400003], [0.186527824000109, 9.9769121330001], [0.186397975000091, 9.97699861600006], [0.186192088000041, 9.97707972000001], [0.186131297000088, 9.97713538700009], [0.1860450960001, 9.97729415200018], [0.18595407100014, 9.97739631100001], [0.185817335000024, 9.97745794800005], [0.18565720600003, 9.97738152000011], [0.185570127000176, 9.97729584000012], [0.185460633000162, 9.97732792200014], [0.185371386000156, 9.97741198400018], [0.185342515000173, 9.97751395299997], [0.185260927000172, 9.97767271500015], [0.185174597000128, 9.97779526099998], [0.185019543000067, 9.97787282100001], [0.184937683000044, 9.97795456200009], [0.184821352000142, 9.97799571500008], [0.184698114000071, 9.97802557400013], [0.184624284000165, 9.97807865800007], [0.184468902999981, 9.97815372200006], [0.184391284000071, 9.97823113499999], [0.184316470000113, 9.97828919600011], [0.184238990000097, 9.97838596299999], [0.184200365000152, 9.97846050400005], [0.184181288000104, 9.97856667100007], [0.184123736000117, 9.9787956560001], [0.184106322000105, 9.97889507900004], [0.184085575000097, 9.97901757400012], [0.184047386000032, 9.97920787200007], [0.18404767800007, 9.97930428000006], [0.183914984000069, 9.97949494600005], [0.183759726000062, 9.97961124100016], [0.183480272000168, 9.97959294200012], [0.183297977000109, 9.97953571700009], [0.183142580000151, 9.97961343100013], [0.18306495000013, 9.97967157800008], [0.182968, 9.97976837499999], [0.182893062000119, 9.97980719000009], [0.182829600000161, 9.97993421500007], [0.182621541000117, 9.98005620800012], [0.182391254000152, 9.98018103600015], [0.182160935000184, 9.98030581400013], [0.182082988000047, 9.98026755799998], [0.181966370000168, 9.9803065530001], [0.181852531000061, 9.98034553800005], [0.181750368000053, 9.98034590000009], [0.18155971200008, 9.98038515600012], [0.181409842000107, 9.98038739700007], [0.181252062000056, 9.98034766500012], [0.181118609000066, 9.98034811500003], [0.181040286000098, 9.98021333300005], [0.180962245000103, 9.98015859100013], [0.180884285000047, 9.98012023500019], [0.180769474000044, 9.97988915300004], [0.180691347999982, 9.97981507000003], [0.180652170000144, 9.97973799900018], [0.180498996000097, 9.97966137800012], [0.18034290200012, 9.9795461870001], [0.180226006000055, 9.97950801900015], [0.180111793000094, 9.97945330000016], [0.179955571000164, 9.97929958000003], [0.179800731000114, 9.97913886700013], [0.179723970000055, 9.97905233000017], [0.179528957000173, 9.97893727499996], [0.179414842000085, 9.97889909700001], [0.179337073000113, 9.97891866300006], [0.17918133500001, 9.97891914800016], [0.179106199000046, 9.978880898], [0.179028291000179, 9.97886188200005], [0.178872347000038, 9.97878802600013], [0.178794218000064, 9.97871109900012], [0.178641057999982, 9.97863451800009], [0.178485001000126, 9.9785385780001], [0.1784101880001, 9.97859677600013], [0.178332147000106, 9.97855848400019], [0.178137745000186, 9.97859774400007], [0.177829594000173, 9.97871454700004], [0.17759913600014, 9.9787925230001], [0.177404637000109, 9.97882901700007], [0.177173882000091, 9.97882984600005], [0.177058438000131, 9.97879443200014], [0.176864945000034, 9.97871801200006], [0.176709279000136, 9.97871850100017], [0.176478249000183, 9.97864211800015], [0.176325371000132, 9.97864269200005], [0.176247353000122, 9.97860437900016], [0.176091692000114, 9.97860493200011], [0.175900041000148, 9.97864419100006], [0.175705698000115, 9.97872202000002], [0.17555296300003, 9.97876115900016], [0.175475223000149, 9.97879998700017], [0.175358723000102, 9.97887477400008], [0.175050615000032, 9.97899166200011], [0.174820155000134, 9.97906969000019], [0.174625698000114, 9.97910890300017], [0.174550778000139, 9.97914774800006], [0.173314775000108, 9.97945800100007], [0.173084582000172, 9.97961172200007], [0.172854388000133, 9.97976544200003], [0.172738029000186, 9.9798789350001], [0.172660409000116, 9.97993699500012], [0.172602299000118, 9.98001440800005], [0.17246923600004, 9.98011131300012], [0.172372105000079, 9.98016951200009], [0.172216585000172, 9.98020863200009], [0.172101909000105, 9.98020904700007], [0.17198580400003, 9.98019020200019], [0.171832630000154, 9.98011357700017], [0.171647699000175, 9.98010177500004], [0.170885621000025, 9.98038421800004], [0.170780262999983, 9.9804714230001], [0.170674851000172, 9.98053929700001], [0.17059718400003, 9.9805753820001], [0.170405497000104, 9.98061463700003], [0.170288678000077, 9.98059575500008], [0.170210908000058, 9.98061531900009], [0.170038550000186, 9.98061592300013], [0.169960550000155, 9.98057758900018], [0.169777097000122, 9.98059749600014], [0.169671665000124, 9.98063650100005], [0.169574555000054, 9.98069467599998], [0.169516400000134, 9.9807527910001], [0.169189249000169, 9.98100196100012], [0.16915060499997, 9.98107926], [0.168998090000059, 9.98119551000002], [0.168920418000027, 9.98123439299997], [0.168803923999974, 9.98130920800003], [0.168651116000149, 9.9813482620001], [0.168456841000136, 9.98142616900003], [0.168379234000042, 9.98150364100007], [0.168265401000099, 9.98154262400016], [0.168071240000131, 9.98165625300004], [0.167685512, 9.98185051200005], [0.167610728000056, 9.98192793699997], [0.167532957000105, 9.9819475000001], [0.167455314000165, 9.98200288800007], [0.167302520000135, 9.98204193700019], [0.167108229000121, 9.98211984800014], [0.166954001000136, 9.98214934700019], [0.166845502000115, 9.98217879100014], [0.166650391000076, 9.98218915000018], [0.166222265000158, 9.98219779600004], [0.166111634000174, 9.98223811400015], [0.165946328000189, 9.98227637500003], [0.165767625000058, 9.98235112499998], [0.165650883000126, 9.98234232500016], [0.165498279000133, 9.98240208100015], [0.165393178000045, 9.98242029100004], [0.165231482000024, 9.98250115900015], [0.165143896000018, 9.98254498100005], [0.165063323000027, 9.98252928500017], [0.164926476000176, 9.98256571600007], [0.164804632000028, 9.98257587200004], [0.164676772000121, 9.98258659000004], [0.164479143, 9.98251138900014], [0.164326148000043, 9.98247157700001], [0.164014917000145, 9.98292762700009], [0.163653379999971, 9.98328286200007], [0.155442038000047, 9.98610269400018], [0.155345452000063, 9.98591149800018], [0.155325719000075, 9.98583440300007], [0.155266919000042, 9.98572164700016], [0.155188692000024, 9.98560614400014], [0.155085151000094, 9.9854190480001], [0.155000232000077, 9.98538006600006], [0.154879031000064, 9.98530131900003], [0.15460890300011, 9.98518653700012], [0.15445548800011, 9.98503544500005], [0.154435794999984, 9.98495837500008], [0.154318491000083, 9.98480445400003], [0.154201293000142, 9.98469192900006], [0.154048157999966, 9.98461520800004], [0.153970252000136, 9.98459621600006], [0.153411476999963, 9.98461742000001], [0.153099594000025, 9.98446425500003], [0.153043703000094, 9.98437068700014], [0.152887751000151, 9.98429406299999], [0.152790376000041, 9.98427514800011], [0.152617955000039, 9.98425641400019], [0.152385518000074, 9.98417040900006], [0.152211598000065, 9.98412278300003], [0.152056986000105, 9.98404885500014], [0.151941405, 9.983972145], [0.151863427000137, 9.98393384200011], [0.151785318000179, 9.98385694000018], [0.151573439000117, 9.98370616800014], [0.151495529000101, 9.98366778700006], [0.151359248000063, 9.98352176000014], [0.151341224000021, 9.98328527900003], [0.151301685000021, 9.98309248700008], [0.151262503000169, 9.98301821400003], [0.151223097000127, 9.98288324600009], [0.15116452500007, 9.98282564400012], [0.151183647000039, 9.98272912300018], [0.15114405900016, 9.98253910700009], [0.151084808000121, 9.98229128600013], [0.151025547000074, 9.9820407090001], [0.150989114000026, 9.98196645900015], [0.150949672000138, 9.98181218600007], [0.150851700000032, 9.98163206400011], [0.150639023999986, 9.9812208030001], [0.150580374000128, 9.98114384200005], [0.150541184000076, 9.98106681300015], [0.150424017000091, 9.98095428600016], [0.150192140000172, 9.98064643100003], [0.149921610000149, 9.98037999100018], [0.149734491000061, 9.98013536499997], [0.149494401000084, 9.97986607900009], [0.149416360000089, 9.97980857200002], [0.149377166000022, 9.97971219800007], [0.149223872000164, 9.97959973600018], [0.149126032000026, 9.97944574600007], [0.149047630000155, 9.97929170000009], [0.148930361000112, 9.97914052200002], [0.148835639000083, 9.97908297500015], [0.148678754000173, 9.97873903600004], [0.148639429000184, 9.97862342600001], [0.14859997800005, 9.97847199000012], [0.148524361999989, 9.97831794900009], [0.148523519000037, 9.97808916400004], [0.148559446000093, 9.97801190300015], [0.148568716000113, 9.97789756600002], [0.148558048000154, 9.97762882900008], [0.148531239000135, 9.97751450600015], [0.148482109000156, 9.97736179200012], [0.148177668000073, 9.97696597300012], [0.148016111000118, 9.97686458700008], [0.147861573000171, 9.97680036300011], [0.147746195000025, 9.97679110900003], [0.147668289000137, 9.97677208500005], [0.147437620000176, 9.97679217000007], [0.14720861, 9.97675432900019], [0.147050983000042, 9.97673566700007], [0.146895322000034, 9.97673622000002], [0.146817421000094, 9.97671714300014], [0.146703443000092, 9.97671753000009], [0.146567687000186, 9.976651167], [0.146431931000166, 9.97658480500002], [0.146160388000169, 9.97645213800013], [0.145889771000043, 9.97618298600008], [0.145736636000095, 9.97610902700012], [0.145658421000121, 9.97599357700011], [0.145521602000088, 9.97582314800013], [0.145443561000093, 9.97576564000019], [0.145094902000096, 9.975441606], [0.145000299000174, 9.97542266800008], [0.144863663000081, 9.97528805300004], [0.144670125000061, 9.9751936400001], [0.144476588000089, 9.97509922700004], [0.144323556000074, 9.97506116900007], [0.144245574000024, 9.975022878], [0.144167673000027, 9.97500380100013], [0.14403271600014, 9.97496571300019], [0.143936606000182, 9.97490816900006], [0.143839226000125, 9.97488920000018], [0.143760875000112, 9.97473790900017], [0.143760336000184, 9.97458358300003], [0.143740552000168, 9.97450655100005], [0.143626102000098, 9.97435530800004], [0.143528535000087, 9.97427847800009], [0.143372523000153, 9.97420187000012], [0.143238692000182, 9.97407002700015], [0.143063166000047, 9.97397418800011], [0.142985113000066, 9.97389727700005], [0.142870309000159, 9.97366895300019], [0.142869747000134, 9.97351467700003], [0.142850073000091, 9.97343751400012], [0.142771707000179, 9.97328621000003], [0.142654547000063, 9.97317086499999], [0.142559828000174, 9.97313258000014], [0.142520667000042, 9.97305834400004], [0.142442767000148, 9.9730392670001], [0.142249574000061, 9.97303032600018], [0.142056067000112, 9.97294417900008], [0.141938447000143, 9.97271578300018], [0.141863053000122, 9.97260035700003], [0.141784880000159, 9.97250417100008], [0.141667922000067, 9.97244669800006], [0.141553810000062, 9.97240850600008], [0.141398054000149, 9.97240073200015], [0.141242393000141, 9.97239299], [0.141089631000114, 9.97242938400001], [0.140625452000165, 9.97245026200017], [0.140472228000078, 9.97237640100019], [0.140413697000099, 9.972318755], [0.140316286000143, 9.97229967700002], [0.140277125000182, 9.97222267700005], [0.140199060000043, 9.9721458190001], [0.140103919000069, 9.9719752260001], [0.139928466000015, 9.97187942400018], [0.139842284000167, 9.97178569700014], [0.139580196000168, 9.97165187900009], [0.139446291000183, 9.97151729900014], [0.139328982000166, 9.97136613400016], [0.139270262000082, 9.97126022800012], [0.139259766000123, 9.97103979500008], [0.139268766000157, 9.97084828100003], [0.139307348000159, 9.9707323560001], [0.139345825000078, 9.97061921400018], [0.13936420400006, 9.97029398100017], [0.139285830000176, 9.97013992100005], [0.139188333000163, 9.97008238100005], [0.139149146000022, 9.97000535100011], [0.139073944000188, 9.96996975400009], [0.138966567000125, 9.96987367500003], [0.13878432000007, 9.96981644200002], [0.138657631000115, 9.96977828900015], [0.138435017000177, 9.96970184000014], [0.138241445000176, 9.96958955700018], [0.138182787000119, 9.96951258600006], [0.138163074000147, 9.96943549600013], [0.13810429900002, 9.96932132899997], [0.138067550000073, 9.96914914700011], [0.138008458000172, 9.96893997000012], [0.13800803700002, 9.96882427700007], [0.138007616000095, 9.96870843000016], [0.137997510000162, 9.96859410300004], [0.13798726300007, 9.96844120700018], [0.137947950000125, 9.96832562100019], [0.137946839000108, 9.96801970400003], [0.138014600000133, 9.96790512600012], [0.138253669000107, 9.96750333400013], [0.13833097100013, 9.96734874400011], [0.138369328000181, 9.96719702000019], [0.138368626000101, 9.96698481600004], [0.138348835000158, 9.96689122600009], [0.13825086200012, 9.96670003499997], [0.138158365000038, 9.96651271500014], [0.138013511000111, 9.96636617600018], [0.137961529000108, 9.96614978700012], [0.137873570000181, 9.96598379500006], [0.137793003000183, 9.96592531700003], [0.13772996300014, 9.96585967400017], [0.137639026000159, 9.96583919099999], [0.137525192000112, 9.96574615300011], [0.137330651000127, 9.96555980100015], [0.137241520000089, 9.96553068200012], [0.137011140000084, 9.96508292100015], [0.137007257000164, 9.96498594900009], [0.136947463000013, 9.96486844200007], [0.13689477600002, 9.96476990499997], [0.136803140999973, 9.96453645600013], [0.136722183000018, 9.96436011700018], [0.136662523000098, 9.96428066400011], [0.136585330000173, 9.96419436200006], [0.136399724000114, 9.96404953000018], [0.136242251000112, 9.96397041300008], [0.136158349000084, 9.96396722600008], [0.136088404000077, 9.96392937900009], [0.135987086000057, 9.96392626099998], [0.135843610999984, 9.96385402300007], [0.135763231999988, 9.96385082400008], [0.135626800000068, 9.96378896099998], [0.135486578000041, 9.96365092200006], [0.135353515000133, 9.96355788400018], [0.135189011000023, 9.96347189500005], [0.135136330000023, 9.96338198000018], [0.135031327000092, 9.9633234640001], [0.134943238, 9.96311591400018], [0.134880160000137, 9.96304692800015], [0.134900820000041, 9.96296028000012], [0.13487951400009, 9.96286679700006], [0.134878771000103, 9.96264521000012], [0.134839867000096, 9.96250681800007], [0.134839230000125, 9.96234063500009], [0.134803859000101, 9.96221607600017], [0.134605387000022, 9.96187737500009], [0.134519467000018, 9.96178065000004], [0.134442424000156, 9.96172550200009], [0.134298696000144, 9.96158401800011], [0.134218268999973, 9.96156355700009], [0.134053484000106, 9.96139780000016], [0.133965758000159, 9.96128042999999], [0.133944553000106, 9.96119733500018], [0.13389172400008, 9.96107284200008], [0.133839011000077, 9.96098638100011], [0.133751426000174, 9.96091407900019], [0.133657359000097, 9.96098186400019], [0.133591412999976, 9.96111536500013], [0.133529059000182, 9.9612576180001], [0.133452315000056, 9.96129591300013], [0.133365009999977, 9.96130324000012], [0.133301848000087, 9.96123066100006], [0.133193067000093, 9.96109117200018], [0.13314305900002, 9.96099964500013], [0.133059583000033, 9.96087827300005], [0.132908939000174, 9.96073332600002], [0.132670992000158, 9.96061638700007], [0.13255189500012, 9.96058090500014], [0.132356445000141, 9.96057243200005], [0.132205986000031, 9.96050021600013], [0.132125055000188, 9.9603446430001], [0.132159723000029, 9.96027178700012], [0.132442248000018, 9.96012886100004], [0.132483808000075, 9.96002482700015], [0.132493882000063, 9.95990704600007], [0.132454991000088, 9.95977211700017], [0.132412786000089, 9.95968914500008], [0.132243072000051, 9.95960487300005], [0.132094455000129, 9.9596939170001], [0.131954933000145, 9.95962143300017], [0.13185440400008, 9.95933952900009], [0.131676832000096, 9.95900247500009], [0.131641368000032, 9.95885365500004], [0.131640806000178, 9.95869439400008], [0.131601900000135, 9.95854559700012], [0.131440735000012, 9.95840761799997], [0.131317272000047, 9.95835486000004], [0.131220282000186, 9.95830453800016], [0.131139855000185, 9.95828739500007], [0.130978860000084, 9.95818758000007], [0.130882011000153, 9.95816891700002], [0.130852765000043, 9.95808753700004], [0.130745679000086, 9.95788352100004], [0.130750329000136, 9.95775888700007], [0.130711427000108, 9.95762049300015], [0.130485208000096, 9.95736321200008], [0.130342590000055, 9.95702608300019], [0.130338788000074, 9.95693605500003], [0.130135526000117, 9.95674627], [0.130062017000171, 9.95671538400012], [0.129838421000159, 9.95671261899997], [0.129870423000114, 9.95687533600005], [0.129902426000058, 9.95702409099999], [0.129928393000114, 9.95748113700017], [0.129942371000027, 9.95781632400008], [0.129932033999978, 9.95801273100011], [0.129921515000092, 9.95850969600008], [0.129886845000101, 9.95858946500005], [0.129884425000057, 9.95889772000004], [0.129846251000117, 9.95897057500014], [0.129848656000036, 9.95967011800019], [0.129925725000078, 9.95973649700005], [0.129926147000106, 9.9598603660001], [0.129964976000053, 9.95997274799998], [0.130003908000106, 9.96012151300016], [0.130046243000095, 9.96024086600016], [0.130064097000172, 9.96035335700014], [0.130081949000044, 9.96046934100013], [0.130141602000094, 9.96054523800012], [0.130150981000099, 9.96073054400017], [0.130153112000187, 9.96084302000008], [0.130219771999975, 9.9609259770001], [0.13021679100018, 9.96107490200006], [0.130238024999983, 9.9611544820001], [0.130256278000161, 9.96138300900009], [0.130298650000157, 9.96151444200018], [0.130287297000166, 9.96179428900018], [0.130265207000093, 9.96194744600012], [0.130237583000167, 9.96204104400005], [0.130226357000083, 9.96221427400019], [0.130193396000152, 9.96240823800008], [0.130141321000167, 9.96250542300004], [0.130078830000059, 9.96260433800012], [0.130016374000036, 9.96272749100012], [0.129920532000085, 9.96280914900012], [0.129744793000043, 9.96298814400006], [0.129710130000092, 9.9630679440001], [0.129633493000085, 9.96314439300016], [0.129595314000028, 9.96322070400015], [0.129472757000087, 9.9633372510001], [0.129439092000041, 9.96348793100015], [0.129397403999974, 9.96356424200013], [0.129380388000186, 9.96368373200011], [0.129363396000031, 9.96382177300006], [0.129381403000025, 9.96398671800011], [0.129395820000013, 9.96410791300008], [0.129436986000087, 9.96421717200019], [0.12947369699998, 9.96440547900005], [0.129515869000102, 9.96448149600019], [0.129516150000029, 9.96456803600006], [0.129575753000097, 9.96462331000004], [0.129623247000097, 9.96473227100006], [0.129713064000157, 9.96493452700008], [0.12972921800008, 9.96506087600017], [0.129769904000057, 9.96520965300016], [0.129791259000172, 9.96533252699999], [0.129831806000027, 9.9654328150001], [0.129869105000012, 9.96561277199999], [0.129879828000128, 9.9658879910001], [0.129885956000066, 9.96608026800016], [0.129871961999982, 9.96631207300004], [0.129837719000079, 9.96644055200011], [0.129840527000169, 9.9665754780001], [0.129855264000014, 9.96667598000005], [0.129830550000122, 9.96675614700018], [0.129835161000074, 9.96691502100003], [0.12975925700016, 9.96716121500015], [0.129749291000053, 9.96734646100003], [0.129662521000171, 9.96750433700009], [0.129628112999967, 9.96765683100011], [0.129578573000174, 9.96778179800003], [0.129548433000139, 9.96796316300004], [0.12954912500004, 9.96805189300011], [0.129501806000121, 9.96824068800004], [0.129452285000184, 9.96833614299999], [0.129452802000117, 9.96848511100006], [0.129414669000084, 9.96858221500014], [0.129414950000182, 9.96866529900007], [0.12934167200018, 9.96880220800011], [0.129338873000052, 9.96888717800005], [0.129266025000049, 9.96904325300005], [0.129161404000172, 9.96919721400013], [0.129119426000102, 9.96926810100001], [0.129081947000088, 9.96933829300013], [0.129144409000105, 9.96939774999998], [0.129117383000164, 9.96949751800008], [0.129090113000075, 9.96968111500007], [0.129084088000184, 9.96984366200013], [0.129059554000094, 9.96994099900007], [0.129056325000079, 9.970034451], [0.129000882000071, 9.9701489150001], [0.128961394000157, 9.97026611500019], [0.128959616000031, 9.97034646300006], [0.12887984300005, 9.970502587], [0.128792866000083, 9.9706171410001], [0.128707637000048, 9.97071095600012], [0.128587354000103, 9.97078062600002], [0.12846891099997, 9.97090426900002], [0.128169660000026, 9.97119181200014], [0.128072656000143, 9.97126931800011], [0.12786170600009, 9.97136654900009], [0.127784065000185, 9.97142186500008], [0.127706294000063, 9.97144141900009], [0.12750504700017, 9.97154819800011], [0.12727471200003, 9.97164543300011], [0.127090079000141, 9.97171357400015], [0.126937143000077, 9.97171408700007], [0.126781622000124, 9.97175321000003], [0.126581589000182, 9.97178418800013], [0.126384242000086, 9.97179312200012], [0.126264670000126, 9.97180173300006], [0.126153441999975, 9.97177460900014], [0.126075463, 9.97173634500012], [0.125968366000109, 9.97171740500016], [0.125786036000136, 9.97166003600012], [0.125688485000182, 9.97158331200018], [0.125418094000054, 9.97135544200017], [0.125242496000112, 9.97122099700016], [0.12508908, 9.97106994000018], [0.124913482000068, 9.97093549500016], [0.124760272000174, 9.9708587880001], [0.12468222900003, 9.97078470200017], [0.124217073000068, 9.97053544000016], [0.124139172000127, 9.97051650100013], [0.123908098000186, 9.97040424300008], [0.123802304000151, 9.97036595500009], [0.123599131000105, 9.97028953700016], [0.123386412, 9.97028066000007], [0.12327103500013, 9.97027139700009], [0.123193263000132, 9.97029090300009], [0.123115359000053, 9.97027187400005], [0.122962464000125, 9.97027238800007], [0.12282618200004, 9.9702535560001], [0.122671971000159, 9.97029268700004], [0.122556530000111, 9.97025446200018], [0.122449635000066, 9.97029340400002], [0.122267682000029, 9.97033259699998], [0.122170317000041, 9.97033291600013], [0.122112204000132, 9.97039099300002], [0.121959494000066, 9.97046590400009], [0.12186246400006, 9.97052411400011], [0.121668103000047, 9.97060193400017], [0.121515369000178, 9.97064102700011], [0.121437349000132, 9.97060276400003], [0.121359588000189, 9.97062225600007], [0.121206594000114, 9.970584239], [0.121128553000176, 9.97052659200017], [0.121011631000101, 9.97048843800019], [0.120877656000118, 9.9703179760001], [0.120780161000141, 9.97026043000017], [0.120740978000185, 9.97018339800019], [0.120662972000105, 9.97014504500009], [0.12058769700019, 9.970070921], [0.120584223000094, 9.96998733500004], [0.120369753000091, 9.96974646100017], [0.119754409000166, 9.96946053600004], [0.119425824000075, 9.96930867899999], [0.119193602000053, 9.96927088300009], [0.119078104000039, 9.96923268800003], [0.11892256100009, 9.96927179200009], [0.118769632000124, 9.96927232200011], [0.118652992000079, 9.96931130600012], [0.11838377800018, 9.96942798200018], [0.118306002000111, 9.96944472200016], [0.118228362000082, 9.96950285500009], [0.118153436000114, 9.96954168799999], [0.117998155000123, 9.96965795500012], [0.117920444000049, 9.96969686300014], [0.117690493999987, 9.96992630400001], [0.11761277100004, 9.96996519200007], [0.117535150000094, 9.97004260700015], [0.117460286000153, 9.9700814040001], [0.117354926000132, 9.97016854500009], [0.117246708000039, 9.97023365800004], [0.11701637300007, 9.97035019600014], [0.11686112700005, 9.97046647500008], [0.116766609000024, 9.97046679100009], [0.11661115000004, 9.97054304300002], [0.116455769000083, 9.97061935300007], [0.116244630000097, 9.97065869100015], [0.116089217000138, 9.9707363760001], [0.115994681000132, 9.9707367200001], [0.115781029, 9.97085039700005], [0.115628196000102, 9.97088947700007], [0.115320216000157, 9.97104484700014], [0.115242443000056, 9.97106439800007], [0.115086961000145, 9.97114204500002], [0.115012148000062, 9.97119747900012], [0.114701330000116, 9.97135281600009], [0.114548814000102, 9.97146912400012], [0.114471054000091, 9.97148861600016], [0.114393403000122, 9.97154400000011], [0.114318477000154, 9.97158283200014], [0.114163193000081, 9.97169909700006], [0.113624792000053, 9.97196821300014], [0.113547019000123, 9.97198776400006], [0.113391604000128, 9.97206544700003], [0.113219444000094, 9.97212389400016], [0.113063767000085, 9.97212441300007], [0.112986026000158, 9.97216323400005], [0.112466210000093, 9.97216498799997], [0.112310402, 9.97212692500011], [0.112215861000095, 9.97212729100016], [0.112108625000076, 9.97207932100008], [0.111885971000163, 9.97198365499997], [0.111750915000187, 9.97191658600002], [0.111594986000171, 9.97184269700006], [0.111470961000123, 9.97176109000014], [0.111324703999969, 9.97166998900013], [0.111266033, 9.97157377299999], [0.111151497000151, 9.97142253700014], [0.111014872000112, 9.97128794100018], [0.110897303000058, 9.97105965300011], [0.110841439000069, 9.97098265200003], [0.110763117000147, 9.97083127700006], [0.110743408000189, 9.97075420400017], [0.110704165000072, 9.97067713800016], [0.110703182000066, 9.97037120800007], [0.110722272000032, 9.97027471500019], [0.110702157000105, 9.97006537200002], [0.110740378000116, 9.96987229300009], [0.110798418000115, 9.96975915000007], [0.110817578000137, 9.96968193300017], [0.110856144000138, 9.96956604600007], [0.110891901000173, 9.96945293600015], [0.110891116000175, 9.96922144500007], [0.110862914000165, 9.96910712200014], [0.110854072000109, 9.96895422500018], [0.110756188000039, 9.96878095300002], [0.110388018000094, 9.96842115800001], [0.110310029000118, 9.96838286800005], [0.110251357999971, 9.96830586699997], [0.110098364000123, 9.96826785000013], [0.109845412000141, 9.96826863300009], [0.109731566000164, 9.96830759400007], [0.109614940000085, 9.96834656300018], [0.109498313000131, 9.96838553300017], [0.109345549000125, 9.96842462300003], [0.109190083000044, 9.96849954500004], [0.108959468000023, 9.96853894399999], [0.108803807000015, 9.96853935900015], [0.108689973000025, 9.96857834400004], [0.108573052000054, 9.96854018900018], [0.108457675000182, 9.96853092700013], [0.108342298000139, 9.96852166399998], [0.1081863550001, 9.96844493900011], [0.108108314000162, 9.96839019500004], [0.108033168000134, 9.96835181500006], [0.10795503900016, 9.96827490100009], [0.107877101000099, 9.96823658700009], [0.107739725000101, 9.96791187500008], [0.107683860000179, 9.96783487400018], [0.10760553900019, 9.967683497], [0.107527498000024, 9.96762598800012], [0.10746890900009, 9.96754897000017], [0.107286356000145, 9.96742899200018], [0.107140368000159, 9.96739848600015], [0.107026262000147, 9.96736028300006], [0.106870587000117, 9.96736079800002], [0.106792843999983, 9.96739968400004], [0.106679010000164, 9.96743590400001], [0.106445870000073, 9.96755230499997], [0.106332177000183, 9.967629859], [0.106254413000158, 9.9676494520001], [0.106099248000021, 9.96780153899999], [0.106021541000075, 9.96784037899999], [0.10594667800018, 9.9678985000001], [0.105908003000081, 9.96797574300001], [0.105830243000014, 9.96801458900006], [0.10567640700009, 9.96812808700003], [0.105300799000076, 9.96845599900013], [0.105137277000097, 9.96860944800017], [0.104946349000102, 9.968858103], [0.104868576000115, 9.96887765200012], [0.104713384000092, 9.96903247100005], [0.104674785000157, 9.96912910300006], [0.10459997200013, 9.96920375300004], [0.104176303000145, 9.96968465900005], [0.104059935000123, 9.96980079100007], [0.103982240000164, 9.96985611800011], [0.103943623000077, 9.96993345800007], [0.103888198, 9.96999145699999], [0.103810858000031, 9.97014615099999], [0.103675517000113, 9.97039457600005], [0.103646635000189, 9.97049106400004], [0.103617861000146, 9.97061382300018], [0.103579261000107, 9.97072013100006], [0.103524038999979, 9.97081672800016], [0.103441410000187, 9.97104573900003], [0.103128265000123, 9.971023194], [0.103052997000077, 9.97107205000015], [0.102954930000067, 9.97113914200003], [0.10281976400006, 9.97126729100006], [0.102763479000146, 9.97134595100016], [0.102722213000106, 9.97142461000004], [0.102662138000028, 9.97148833900008], [0.102571871000066, 9.97156880600005], [0.102474314000119, 9.97171332700003], [0.102308847000188, 9.97186712100012], [0.10221087400015, 9.97188993000015], [0.102090562000114, 9.97199875699999], [0.101859368000021, 9.9722209410001], [0.101771261000124, 9.97239990300017], [0.10154542000015, 9.97253150800015], [0.101451329000099, 9.97258040900016], [0.101379882000117, 9.97264420800002], [0.101319849000049, 9.97273788100006], [0.101210927000125, 9.97282695200005], [0.101059607000025, 9.97289177900018], [0.100942978000035, 9.97293074600009], [0.100827578000064, 9.97292148100013], [0.100634272999969, 9.97289318200001], [0.100536921000128, 9.97288388400017], [0.10044091300017, 9.9728552680001], [0.100016318000087, 9.97266366700012], [0.099860657000136, 9.97266422000007], [0.099782897000068, 9.97270306500019], [0.09965960500017, 9.97280958400006], [0.099591852000174, 9.97291590800012], [0.099553245999971, 9.97300973600005], [0.099456275000023, 9.97312580500017], [0.099362075000045, 9.97320327800008], [0.099255137000114, 9.97323252700011], [0.09914814800004, 9.97324256500008], [0.09905357700012, 9.97324289500011], [0.098975918000178, 9.973281714], [0.098897916000112, 9.97324344800006], [0.098790820000147, 9.97322451000008], [0.09866695400018, 9.9731669840001], [0.098588839000058, 9.97309014000018], [0.098549678000097, 9.97301300100008], [0.098549366000043, 9.97291934100014], [0.098471009000036, 9.97276527000008], [0.098393105000184, 9.97274623400011], [0.098317789000021, 9.97266931800016], [0.098239759000137, 9.97263104199999], [0.098125364000168, 9.97259689600003], [0.097950334000075, 9.97253828200013], [0.097813849000033, 9.97244223700011], [0.097774543000185, 9.97232661900011], [0.097793689000127, 9.97223285500019], [0.097871012000041, 9.97207827099999], [0.097928999000146, 9.97198158499998], [0.09804227, 9.97175251900006], [0.098100466000062, 9.97169444800016], [0.098129014000108, 9.97151377600011], [0.09808002800014, 9.97140788300015], [0.097946123000156, 9.97127337400013], [0.097848795000118, 9.97125433400015], [0.09774145199998, 9.97116098700013], [0.097637011000131, 9.97110345600009], [0.097558978000166, 9.97104583900006], [0.097480964000113, 9.97100753600017], [0.097344351000118, 9.97087568000006], [0.097210206000113, 9.97068322000013], [0.097108105000075, 9.97068354400017], [0.096960331000105, 9.97076119500008], [0.096921622000025, 9.97083846600003], [0.096863476000181, 9.97089379500005], [0.096805773000142, 9.97109654300016], [0.096709079000107, 9.97127737099999], [0.096651004000023, 9.97137401400011], [0.096576192000043, 9.97145142900018], [0.096343051000019, 9.97156796700006], [0.09626823900004, 9.97164261700004], [0.096190478000096, 9.97166210900002], [0.096112858000083, 9.97172030900003], [0.095957313999975, 9.97175936500008], [0.095628891000104, 9.97166404500001], [0.095553516000166, 9.97157059300008], [0.095397392000052, 9.97141671700018], [0.095241456999986, 9.97134006300001], [0.095166205000169, 9.97128243599997], [0.094720842000186, 9.97111303200018], [0.094566426000029, 9.97107495600005], [0.09445093000005, 9.97103675200009], [0.094217413000024, 9.97103753400012], [0.094113069000059, 9.97100892200007], [0.093928106000135, 9.97098059200005], [0.093850331, 9.97100013700015], [0.093677974000059, 9.97100070300002], [0.093571047000182, 9.97103960800013], [0.093389245000083, 9.97111739600018], [0.093292008000105, 9.97115628400019], [0.093214107000108, 9.97111799000004], [0.093138733000103, 9.97104099000006], [0.093119075000061, 9.97096395000011], [0.093021336000106, 9.97083198799999], [0.092981808, 9.97065847500011], [0.09302012600017, 9.97048747000008], [0.093000055000175, 9.97030429900013], [0.092980264000062, 9.97020103200003], [0.092941103000101, 9.97012403200006], [0.092921421000085, 9.97004688500016], [0.092862781000179, 9.96996989200011], [0.092787547000171, 9.96993159900001], [0.092631886, 9.96993215200018], [0.092373598000108, 9.96999631600016], [0.092186939000044, 9.96989496500004], [0.091955483000106, 9.96966700300015], [0.09179940000007, 9.96955170900003], [0.091743537000127, 9.9694774730001], [0.091665454000179, 9.96938613500004], [0.091606684000112, 9.9692850400001], [0.091394586000149, 9.96944007100007], [0.091279347000125, 9.96947903100005], [0.091162439000186, 9.96944083800003], [0.090931824000052, 9.96948009900018], [0.090805463000152, 9.96950951600019], [0.090701210000134, 9.96951949900006], [0.090623280000102, 9.96948117400018], [0.090545128000031, 9.96940420400017], [0.090544673000068, 9.96924993600004], [0.090583306000156, 9.96917541300019], [0.09069952599998, 9.96902072000006], [0.090699076000135, 9.96886636200009], [0.090659910000113, 9.96879208100006], [0.090388481000105, 9.96867722000007], [0.090273243000183, 9.96871617900018], [0.090156466000167, 9.96871658700002], [0.090039685000022, 9.96871700100007], [0.089925430000051, 9.96864013800001], [0.089827738000167, 9.96851641100017], [0.0898079480001, 9.96841176100003], [0.089855952, 9.96820909700017], [0.089884671000164, 9.96806705500012], [0.08986479400005, 9.96795141300015], [0.089806123000074, 9.96787441200007], [0.089805422000097, 9.96764561900005], [0.08970941400014, 9.96762668000002], [0.089613489000101, 9.96760770500015], [0.089457745000175, 9.96760815500016], [0.089304611000159, 9.96753156900007], [0.089226570000164, 9.96745733100011], [0.089108924000186, 9.96718770000012], [0.088991280000073, 9.96692076200003], [0.088916030000064, 9.96686313300017], [0.088799167000047, 9.96684422300001], [0.088644763000048, 9.96679649700013], [0.088529393000101, 9.96680648199998], [0.088374012000145, 9.96690352900015], [0.088296532000129, 9.96700016200003], [0.08826067200016, 9.96707747300013], [0.088241509999989, 9.96718084499997], [0.088183541000092, 9.96730650900008], [0.088105883000082, 9.9673452990001], [0.088028301000065, 9.96742277100009], [0.08779740600005, 9.9673848920001], [0.087641605000044, 9.96734687600014], [0.08752749000007, 9.96730858200016], [0.087332807000053, 9.96727065200002], [0.087140864000048, 9.96723269400007], [0.087062893000109, 9.96719439300006], [0.086907091000171, 9.96715623799997], [0.086598015, 9.96700569100005], [0.086522641000158, 9.96692882799999], [0.086502929000119, 9.96683240999999], [0.086444318000019, 9.96677745099998], [0.086405157000058, 9.96670045000013], [0.086385479000171, 9.96662334300004], [0.086326696000015, 9.96650773800013], [0.086248093, 9.96627935900017], [0.086172436000084, 9.96608939200019], [0.086152721000133, 9.96601229000004], [0.086074325000027, 9.96585826899997], [0.08605465800008, 9.96578111400009], [0.086015233000126, 9.96564896800015], [0.0859369100001, 9.96549482500012], [0.085878320000063, 9.96541790900011], [0.085783621000132, 9.96536309900006], [0.085491219000119, 9.96520971800004], [0.085338128000103, 9.96517161100019], [0.085240857000144, 9.96517188700005], [0.085048831000108, 9.96509540800002], [0.085068737000142, 9.96523038200019], [0.085049532000028, 9.96530760999997], [0.08505035200011, 9.96555563800007], [0.08518443100013, 9.96576467800014], [0.085204222000073, 9.96586103400011], [0.085204641000189, 9.96597678900002], [0.085165978000077, 9.96605408000011], [0.085091048000095, 9.96609290600014], [0.08497416300014, 9.96605470400016], [0.084798710000086, 9.96595881700011], [0.08470411400009, 9.96593983300016], [0.084645432000173, 9.96584356699998], [0.084489500000075, 9.96576689000017], [0.084123283000054, 9.96556829400004], [0.08385182700016, 9.96544378200008], [0.083736429000055, 9.96543451000002], [0.083621221999977, 9.96548311200013], [0.083543743000064, 9.96559906200014], [0.083583044000022, 9.96571477200007], [0.083544521000135, 9.96582784900011], [0.083428085000094, 9.96594398100012], [0.083023636000121, 9.96593564100016], [0.082830705000049, 9.96602305600004], [0.082752944000106, 9.96604262000005], [0.082599794000032, 9.96596595200009], [0.082502258000147, 9.96590845100002], [0.082463097000186, 9.96583131200015], [0.082404563000125, 9.96577367100008], [0.082329333000132, 9.96573813500015], [0.082202867000149, 9.9657288730001], [0.082057170999974, 9.9658230170001], [0.082002009000064, 9.96594854200009], [0.08192446400011, 9.96602601400008], [0.081769009000141, 9.96610365100003], [0.081691389000127, 9.96617830300016], [0.081577555000081, 9.96621728800011], [0.081460907000064, 9.96623696400013], [0.081308011000033, 9.96623745900007], [0.081152400000178, 9.96627659500012], [0.081074499000067, 9.96625751700014], [0.080996738000124, 9.96627701000006], [0.080844145000185, 9.9663547080001], [0.080727887000137, 9.96650665900017], [0.080651120000084, 9.96683210400016], [0.080576316000133, 9.9669095110001], [0.080498594000119, 9.96694832000003], [0.080305526000132, 9.96698755299997], [0.080190219000087, 9.96700721100018], [0.080034547000139, 9.96700772000014], [0.079919181000037, 9.96702739500006], [0.079648390999978, 9.96708613400006], [0.079388554000104, 9.96711349999998], [0.079262288000109, 9.96718108300018], [0.079187475000083, 9.96725853800012], [0.079148818000135, 9.9673357800001], [0.079149297000072, 9.96749009600006], [0.079110651000121, 9.96756464400005], [0.079013707000058, 9.96768073200002], [0.078936086000112, 9.96773883000003], [0.078832151000142, 9.96783424500006], [0.078725684000119, 9.96800684800002], [0.078648168000086, 9.96810353900014], [0.078609746000154, 9.96825527000016], [0.078551748000109, 9.96837117400014], [0.078476823000074, 9.96842931800018], [0.078224032000037, 9.96848793300012], [0.078071037000029, 9.96844991600011], [0.077973583000187, 9.96839233200012], [0.077895682000189, 9.96837329200014], [0.077529612000092, 9.96822014300017], [0.077433514000177, 9.9681652750001], [0.077238800000032, 9.96812738100016], [0.077046818000156, 9.96808937899999], [0.076738283999987, 9.96809041200004], [0.076660509000078, 9.96810995400006], [0.076563210000074, 9.96811026800003], [0.076447969000071, 9.96814922200008], [0.076332729000114, 9.96818817600013], [0.076118605000147, 9.96818891400017], [0.075945960000183, 9.96809297300013], [0.075753804999977, 9.96799717100004], [0.075675764000039, 9.96792016900002], [0.075404305, 9.96780805500003], [0.075308264000171, 9.96775053200014], [0.075152587000161, 9.96775103200002], [0.074999501000093, 9.96771294400003], [0.074690986000064, 9.96771391100003], [0.074515791000067, 9.96769520800018], [0.074332221000134, 9.96757553000003], [0.074167296000098, 9.96739042199999], [0.074128125000129, 9.96731338300009], [0.074050034000152, 9.96723647000005], [0.074013600000171, 9.96716218300003], [0.073955069000021, 9.96710453500009], [0.073877119000144, 9.96706615900007], [0.073799128000189, 9.96702781000005], [0.073665222000102, 9.96689316099997], [0.073606654000059, 9.96681899700008], [0.073509104000152, 9.96674214500013], [0.073372568000082, 9.96664612000006], [0.07325845400004, 9.9666079640001], [0.073199899999963, 9.96655022500005], [0.072950574000117, 9.96639118300004], [0.072832316000131, 9.96636120000011], [0.072695985000109, 9.96632310300009], [0.072582133000139, 9.96636205200002], [0.072236302000022, 9.96635309700008], [0.072117874000185, 9.96636355000015], [0.071661939000023, 9.96635398200004]]]]}, "properties": {"REGION": "North East", "DISTRICT": "Chereponi"}}, {"type": "Feature", "geometry": {"type": "MultiPolygon", "coordinates": [[[[-0.006751837999843, 10.3305273380001], [-0.007166709999979, 10.3295833350001], [-0.007262001999948, 10.3293714230001], [-0.007349972999862, 10.3288315340001], [-0.007979660999979, 10.3286102400001], [-0.008693197999889, 10.3288751040001], [-0.009235961999934, 10.3291487470001], [-0.009754493999935, 10.3297621530001], [-0.01075801099995, 10.3301483020002], [-0.011223269999959, 10.329998152], [-0.011917627999935, 10.330457762], [-0.012613174999956, 10.3305370570001], [-0.012960947999943, 10.3305767040001], [-0.013502073999973, 10.3301952850001], [-0.01431499399996, 10.3301206030001], [-0.014656193999883, 10.3295897520001], [-0.015344033999952, 10.329462322], [-0.01555373399998, 10.3300472180001], [-0.015903406999939, 10.3300951770001], [-0.016302836999955, 10.3299052690001], [-0.016946379999922, 10.3297069730002], [-0.017282510999848, 10.328929198], [-0.017720518999852, 10.328675858], [-0.018582685999945, 10.328674939], [-0.018998270999873, 10.328586042], [-0.01941783999996, 10.328149335], [-0.019676766999964, 10.3278798310001], [-0.019967578999967, 10.3274397660001], [-0.02042545799992, 10.3267193630001], [-0.020739728999899, 10.3261468230001], [-0.020320688999959, 10.32575421], [-0.020786944999884, 10.325278849], [-0.021134832999905, 10.3252799040001], [-0.02119732999995, 10.3249579150001], [-0.021310180999933, 10.3243764910002], [-0.02096316199993, 10.324094334], [-0.021140098999979, 10.323576756], [-0.021083365999914, 10.3230226430001], [-0.021354688999963, 10.3225825170001], [-0.022022382999978, 10.3226644610001], [-0.021921638999913, 10.3219421020001], [-0.022793874999934, 10.321578204], [-0.023268974999837, 10.3218414540001], [-0.023637930999882, 10.3213272110001], [-0.024157915999922, 10.321474847], [-0.024412865999977, 10.3209271870001], [-0.025023903999909, 10.3213313970001], [-0.025359756999876, 10.3207205940001], [-0.024903815999835, 10.3201279700001], [-0.025527000999944, 10.3197317190001], [-0.025364996999883, 10.3190174440001], [-0.025605772999825, 10.3185524180001], [-0.025973398999952, 10.318468092], [-0.026292005999949, 10.3180336150001], [-0.026333491999821, 10.317054786], [-0.026834896999901, 10.3170651620002], [-0.027095767999924, 10.316399011], [-0.027772570999957, 10.3162301810001], [-0.027760092999927, 10.3157616340001], [-0.02710621499989, 10.315715572], [-0.026886507999905, 10.3156653030001], [-0.026654443999973, 10.315107906], [-0.02621576699994, 10.3147676040001], [-0.025654714999973, 10.3144021300001], [-0.025962777999951, 10.3137747050001], [-0.026042581999889, 10.313163129], [-0.026187677999928, 10.3126524120001], [-0.026393751999933, 10.3120921280001], [-0.026954131999901, 10.3117686150001], [-0.027321902999972, 10.3116346820001], [-0.027092326999878, 10.311173749], [-0.027207604999944, 10.3107910210002], [-0.027866966999966, 10.309952444], [-0.027946301999862, 10.309492441], [-0.027986555999973, 10.3090709040001], [-0.028212139999937, 10.30891566], [-0.028565642999922, 10.3089982340001], [-0.028723480999929, 10.308348307], [-0.028184796999938, 10.3070431300001], [-0.028360823999947, 10.3068149160001], [-0.028153540999938, 10.3054363260001], [-0.027611103999902, 10.3053575300001], [-0.027495276999844, 10.3050126890001], [-0.027749925999956, 10.3045559690001], [-0.027492117999941, 10.304227238], [-0.027679841999941, 10.3038144120002], [-0.027918189999923, 10.302909218], [-0.028428425999948, 10.3029154690001], [-0.028493968999953, 10.302414085], [-0.029254818999959, 10.302052584], [-0.029436354999973, 10.300931462], [-0.029575888999943, 10.300805108], [-0.029061948999868, 10.2999950180002], [-0.029128014999912, 10.2998007080001], [-0.029592978999858, 10.2997661700001], [-0.029658131999895, 10.299391557], [-0.028954881999823, 10.2993247220001], [-0.028933784999936, 10.2990869250001], [-0.029195864999963, 10.2990228750001], [-0.029328126999872, 10.2985910300002], [-0.028789591999896, 10.2985704390002], [-0.028664901999889, 10.2983936840002], [-0.02877991899993, 10.2980936330001], [-0.028628006999952, 10.2977183690002], [-0.028631961999906, 10.297536157], [-0.028758355999969, 10.2969553650001], [-0.028876980999939, 10.2963852420001], [-0.028663635999976, 10.2960786920002], [-0.028878969999937, 10.2957348460001], [-0.028733055999851, 10.295303301], [-0.028569337999897, 10.295064224], [-0.028725822999945, 10.2949110160001], [-0.028887385999894, 10.294752836], [-0.028955418999942, 10.2945553530001], [-0.028805086999967, 10.2944145300001], [-0.028503483999941, 10.294513615], [-0.028242114999898, 10.2943507470001], [-0.028381183999954, 10.2938014390001], [-0.028259543999923, 10.2934347990001], [-0.028511596999977, 10.2933588220001], [-0.028769110999974, 10.2934388190001], [-0.029000204999932, 10.293400929], [-0.029176398999937, 10.2931148390001], [-0.029040630999873, 10.292921516], [-0.028492411999935, 10.2929198720001], [-0.028519978999896, 10.2926089270002], [-0.028753996999967, 10.2920111970001], [-0.028348310999888, 10.291811552], [-0.028210451999939, 10.2913922360001], [-0.028764510999963, 10.291302952], [-0.029272255999956, 10.2908883270001], [-0.028980944999944, 10.2905980810001], [-0.029126264999945, 10.2903973330002], [-0.029474470999901, 10.290282626], [-0.029740537999885, 10.289726724], [-0.03005563399995, 10.289518216], [-0.03009564499996, 10.2891738430002], [-0.029943170999957, 10.2889832260001], [-0.02974020399995, 10.2889247430002], [-0.029557590999957, 10.2885797040001], [-0.029285870999956, 10.2882536890001], [-0.029286224999964, 10.2881379410001], [-0.029654074999939, 10.2879681740002], [-0.029482130999838, 10.2877747430001], [-0.02940526499998, 10.28743002], [-0.029636639999921, 10.287298428], [-0.029289961999837, 10.2869143150001], [-0.029215533999889, 10.286682592], [-0.02921693199994, 10.28622511], [-0.028908977999947, 10.285918278], [-0.028912134999928, 10.2848848090001], [-0.028988204999905, 10.2845791280001], [-0.028797364999946, 10.2841954800001], [-0.028332939999871, 10.2840976310001], [-0.02833396699998, 10.283761409], [-0.028005685999972, 10.2837328650001], [-0.02761993699994, 10.2833872160001], [-0.027389204999963, 10.2833093570001], [-0.027214531999959, 10.283099382], [-0.027351881999948, 10.2827745930001], [-0.027430506999906, 10.2825433290001], [-0.027668202999962, 10.2821637230002], [-0.027585605999946, 10.2818741020001], [-0.028087795999909, 10.2814511930002], [-0.027802269999938, 10.281092064], [-0.02776401899996, 10.28086045], [-0.027995979999957, 10.2805359450001], [-0.027768891999926, 10.2801769920002], [-0.028153387999851, 10.2800210560001], [-0.027939706999916, 10.2798275], [-0.027189132999979, 10.2795772140001], [-0.026842169999895, 10.279289555], [-0.026608421999924, 10.2792888530001], [-0.026436829999909, 10.2789824290002], [-0.026212021999868, 10.2787888380001], [-0.026379979999945, 10.2784641410001], [-0.026224848999959, 10.2782349330001], [-0.026264800999911, 10.2779098520002], [-0.026151065999898, 10.2777937600001], [-0.026363309999965, 10.277546363], [-0.026383428999964, 10.277336972], [-0.026298814999961, 10.277215863], [-0.025868935999938, 10.2770833560002], [-0.025959203999946, 10.2768368730001], [-0.025768017999837, 10.2765689730002], [-0.02567097799988, 10.2764529310002], [-0.025827449999952, 10.2762439510001], [-0.02578948799993, 10.2759186350002], [-0.025692920999916, 10.2756482630002], [-0.025654427999939, 10.2754965710001], [-0.025964005999867, 10.275268757], [-0.025892448999912, 10.2750094850001], [-0.0255585029999, 10.2750167490001], [-0.025464473999932, 10.274826307], [-0.025406687999975, 10.2746139260001], [-0.025231961999964, 10.2744232410001], [-0.025079497999968, 10.2742326230001], [-0.024968397999942, 10.27410868], [-0.024824362999937, 10.2739479940001], [-0.024690912999972, 10.2739090100001], [-0.024521338999875, 10.2738533820001], [-0.024577456999907, 10.2737019740002], [-0.024769477999882, 10.273697039], [-0.024900364999894, 10.2736643610002], [-0.024959660999912, 10.2733834340001], [-0.024960294999971, 10.2731767400001], [-0.024922021999828, 10.2729533940001], [-0.024997786999961, 10.272746926], [-0.024942825999972, 10.2725207740002], [-0.024790126999903, 10.2724073210001], [-0.024545717999956, 10.27225501], [-0.024582119999934, 10.2721807090002], [-0.024795083999891, 10.2712206320001], [-0.025763344999973, 10.2718225990002], [-0.026727426999969, 10.2724219630001], [-0.028250962999948, 10.2733691440002], [-0.028880607999895, 10.2737605890001], [-0.030604498999878, 10.2748323260001], [-0.031483851999894, 10.275379018], [-0.032998270999883, 10.2763205280001], [-0.033366160999947, 10.2765510020002], [-0.03555414899995, 10.2779217180001], [-0.03695185499987, 10.2787973280001], [-0.039519189999965, 10.2804056420001], [-0.040336743999887, 10.2809177930001], [-0.040852965999818, 10.281241175], [-0.042220838999924, 10.2821188530002], [-0.043588711999973, 10.282996532], [-0.045188379999956, 10.283708037], [-0.045443756999873, 10.283821625], [-0.047023225999908, 10.2845241460001], [-0.04743383999994, 10.2847067810001], [-0.049997245999975, 10.2858469400002], [-0.050304510999979, 10.2859836060001], [-0.05128170699993, 10.2864182500002], [-0.052453241999956, 10.2869393260002], [-0.052920125999947, 10.2871329070001], [-0.055768693999823, 10.2883115180002], [-0.056231870999966, 10.2885031570001], [-0.058414513999878, 10.2894062120001], [-0.058502303999944, 10.2894408510001], [-0.05864296999988, 10.28949901], [-0.061547494999957, 10.2906998830002], [-0.063924719999818, 10.2916827490001], [-0.065063330999976, 10.2921535000001], [-0.067272512999978, 10.2930668850001], [-0.06883408799996, 10.2937125160001], [-0.069561662999945, 10.2940133300001], [-0.070652871999869, 10.2944900860001], [-0.071052160999955, 10.2946645380002], [-0.071168125999975, 10.294715203], [-0.071636530999911, 10.2948915500002], [-0.07210493499997, 10.2950678970001], [-0.072582416999921, 10.2951748440001], [-0.072817362999899, 10.2951881630001], [-0.073014674999968, 10.2951614510002], [-0.073097924999956, 10.295149746], [-0.073206774999903, 10.2951344410001], [-0.073426052999935, 10.2951336950002], [-0.073938758999873, 10.295131795], [-0.075408080999978, 10.2951269550002], [-0.07586671099989, 10.2951246090001], [-0.076239837999935, 10.2951232180001], [-0.076612964999924, 10.2951218270001], [-0.078707267999903, 10.2951125500001], [-0.082006457999967, 10.295098878], [-0.082146923999915, 10.2950972820001], [-0.082268316999944, 10.2950960190001], [-0.088220915999955, 10.2950310020001], [-0.086535844999901, 10.289712719], [-0.09167468499993, 10.2727679360002], [-0.092149474999928, 10.271202255], [-0.092304798999919, 10.2706900490001], [-0.092411526999967, 10.270338096], [-0.092493992999948, 10.2702060390002], [-0.092878749999954, 10.2699452950001], [-0.093182839999827, 10.2696733020001], [-0.093556236999973, 10.2694924490001], [-0.094021164999901, 10.2694165800002], [-0.094643952999945, 10.2696057250001], [-0.094832603999976, 10.2697431720002], [-0.095646433999832, 10.2703361030001], [-0.095983086999979, 10.2706395320001], [-0.097281271999918, 10.2718095990002], [-0.098063604999879, 10.2726551090001], [-0.098349115999895, 10.2730472530001], [-0.099226898999973, 10.2745820240002], [-0.099734695999871, 10.2750932930001], [-0.100148474999912, 10.2753948450002], [-0.100628107999967, 10.2756193180002], [-0.10152773599998, 10.2760410230002], [-0.103560006999942, 10.277039677], [-0.104353063999895, 10.2774293840002], [-0.105806262999977, 10.2782105860002], [-0.106900165999889, 10.2791065440001], [-0.107395648999955, 10.2795363220001], [-0.108514876999891, 10.2805071290001], [-0.109215647999974, 10.2811149720001], [-0.109380184999907, 10.2812568690001], [-0.110058872999957, 10.2817606280001], [-0.110682968999868, 10.282223866], [-0.111956295999903, 10.2831689980001], [-0.11220734699998, 10.2834097160001], [-0.112714267999934, 10.2838957710001], [-0.113599342999976, 10.2847444170001], [-0.114721486999883, 10.2856191680002], [-0.115463523999836, 10.2861976130001], [-0.115658706999909, 10.2863419620001], [-0.11632869999994, 10.2868331950002], [-0.116837308999891, 10.2872061010001], [-0.117375146999905, 10.2875239260002], [-0.117891732999908, 10.2878038740001], [-0.118348886999911, 10.2880370190001], [-0.118586626999956, 10.2881079450001], [-0.118824366999888, 10.2881788690001], [-0.11927486999997, 10.2882958460001], [-0.120340991999967, 10.2884565740001], [-0.120737472999906, 10.2885163470002], [-0.121452961999978, 10.288624213], [-0.122591621999959, 10.288973334], [-0.123268447999976, 10.2891808530001], [-0.123668247999944, 10.2893034350001], [-0.123810922999951, 10.289346962], [-0.124622784999872, 10.2895946410002], [-0.124846378999905, 10.28975096], [-0.12553738299988, 10.2901901950001], [-0.125804038999831, 10.2903574750001], [-0.125911448999943, 10.290540676], [-0.125994532999869, 10.2906869690001], [-0.126264049999975, 10.290842033], [-0.12639930499995, 10.2912447750001], [-0.126518643999873, 10.2913636050002], [-0.126842050999926, 10.291149509], [-0.126953792999927, 10.2911498100001], [-0.127281489999973, 10.2912443980002], [-0.127492770999936, 10.2913248910002], [-0.127696511999829, 10.2913093930001], [-0.128311003999954, 10.291305046], [-0.128466316999948, 10.2914983850001], [-0.128585746999931, 10.291584142], [-0.128816568999866, 10.2916426400001], [-0.129005783999958, 10.291651417], [-0.129294412999968, 10.2919415740001], [-0.129430622999962, 10.2919970610002], [-0.129536426999834, 10.291978053], [-0.129747655999893, 10.2920291470002], [-0.129956554999865, 10.292227301], [-0.130771435999975, 10.2921773100001], [-0.130947879999894, 10.2921055590001], [-0.131115653999927, 10.2920023390001], [-0.131436826999959, 10.2919479100001], [-0.131561479999959, 10.2919697240001], [-0.13172263499996, 10.2920661690001], [-0.131868621999956, 10.2922739000001], [-0.131945199999905, 10.2923432180002], [-0.132056696999882, 10.2923654670001], [-0.132184669999901, 10.2923820250001], [-0.132292819999975, 10.2923648870001], [-0.132412939999881, 10.2923564550001], [-0.132521491999967, 10.2923498550001], [-0.132752209999978, 10.292446934], [-0.133396246999894, 10.292505426], [-0.133873354999935, 10.292584979], [-0.134104546999879, 10.2925084290001], [-0.134338311999954, 10.292509054], [-0.134569083999963, 10.2925868390001], [-0.134800065999968, 10.2925874560001], [-0.13503352299989, 10.2927010770002], [-0.13514762199992, 10.292701381], [-0.135264294999899, 10.292778861], [-0.135282889999928, 10.2931041210001], [-0.135341067999946, 10.2932007370001], [-0.135689352999975, 10.293047329], [-0.135900434999883, 10.2932022300001], [-0.135958306999953, 10.2934118420001], [-0.136383793999926, 10.293523217], [-0.136536577999948, 10.2936255970001], [-0.136981845999912, 10.2936267840001], [-0.137330339999949, 10.2933962070001], [-0.137562736999939, 10.2933885580001], [-0.137795133999873, 10.2933809090001], [-0.138006896999912, 10.2932850120001], [-0.138123569999948, 10.293362491], [-0.138304624999932, 10.2933023410002], [-0.139166755999952, 10.293516847], [-0.139283742999964, 10.2934785740001], [-0.139632228999915, 10.2932507500001], [-0.139862949999895, 10.293347823], [-0.139958934999925, 10.293357724], [-0.140054919999898, 10.2933676250001], [-0.140670542999942, 10.293148778], [-0.141254434999951, 10.2933432480001], [-0.141871968999965, 10.2934468590001], [-0.142008384999883, 10.2934279270001], [-0.14224215399986, 10.2935289490001], [-0.142644000999894, 10.2940497160001], [-0.14264365899993, 10.2941764920001], [-0.14256542399994, 10.2942920380001], [-0.142525844999966, 10.294520682], [-0.142635461999873, 10.2945571910001], [-0.142968228999962, 10.2945604380001], [-0.14357016799994, 10.2942561120001], [-0.143804037999928, 10.294218146], [-0.143869387999928, 10.2942620630002], [-0.144034605999934, 10.2943730930002], [-0.14415148899991, 10.2943734020001], [-0.144382784999948, 10.294258261], [-0.144847119999838, 10.2944138240001], [-0.145019661999811, 10.2944142800001], [-0.145194733999972, 10.2945084470002], [-0.145308367999974, 10.2946823760001], [-0.145542030999934, 10.2947215770002], [-0.145855939999819, 10.2949318640001], [-0.146008362999908, 10.2948012420001], [-0.146099508999896, 10.294392326], [-0.146226480999928, 10.2942631270001], [-0.146358862999932, 10.2941334620001], [-0.146802600999877, 10.2940951690001], [-0.147049296999967, 10.2940944220001], [-0.147397526999896, 10.293960294], [-0.147514435999881, 10.2939509560001], [-0.147668889999977, 10.2939513620001], [-0.147764718999895, 10.294019137], [-0.147822879999921, 10.2941240190002], [-0.147881040999948, 10.2942289010001], [-0.147900209999932, 10.294344704], [-0.148013852999838, 10.294515877], [-0.148188918999949, 10.294612799], [-0.148341566999932, 10.294767538], [-0.148496906999924, 10.2948812140002], [-0.148708198999827, 10.2950358360002], [-0.149065859999951, 10.2950174840001], [-0.149211402999867, 10.2952273240001], [-0.149328285999957, 10.295227632], [-0.149423061999926, 10.2951700040001], [-0.14948211699982, 10.2949414090001], [-0.149696963999929, 10.294732515], [-0.150045295999973, 10.2945598000001], [-0.150276074999965, 10.294637575], [-0.150333904999968, 10.294866476], [-0.150448056999892, 10.2948474840001], [-0.150707746999956, 10.294541381], [-0.150827406999952, 10.294523268], [-0.150952690999816, 10.294504304], [-0.151030716999969, 10.2944659240001], [-0.151089356999933, 10.2943916650001], [-0.151126154999872, 10.2941602550001], [-0.15122366099996, 10.2941219270002], [-0.151340336999908, 10.2941994010001], [-0.15146740299997, 10.2945552610001], [-0.151570091999929, 10.2946602600002], [-0.151667391999979, 10.2946990990001], [-0.152041911999959, 10.2947000800001], [-0.152188008999872, 10.2946232940001], [-0.152207797999836, 10.294507593], [-0.152188622999915, 10.294393167], [-0.152169447999938, 10.2942787420001], [-0.152247741999929, 10.294139767], [-0.152377474999923, 10.2940434500001], [-0.152537714999937, 10.2939352030002], [-0.152615946999958, 10.2938196540001], [-0.152513382999871, 10.2936678040001], [-0.152257351999936, 10.2936671330002], [-0.152206073999935, 10.2935898300001], [-0.152154795999877, 10.2935125270002], [-0.152191275999883, 10.2933996260002], [-0.152425349999874, 10.2932844860001], [-0.15265623199997, 10.2933236740001], [-0.152887368999927, 10.2932664020001], [-0.15306310599982, 10.293112524], [-0.153112188999955, 10.292969339], [-0.153161272999967, 10.2928261540001], [-0.15339260899998, 10.2926944700001], [-0.153509541999881, 10.292675483], [-0.153623539999899, 10.2927143650001], [-0.153684888999919, 10.2926294930001], [-0.153858171999957, 10.292389767], [-0.153974689999927, 10.2923922220001], [-0.154186050999897, 10.2925807890002], [-0.154300047999925, 10.2926196710002], [-0.154563189999919, 10.2925624820002], [-0.154532948999929, 10.2929454910001], [-0.154571300999976, 10.2931743410001], [-0.154655821999881, 10.2933096080002], [-0.154860212999893, 10.293368018], [-0.154938289999961, 10.2933103450001], [-0.154976162999901, 10.293196068], [-0.155014036999944, 10.2930817930001], [-0.155209252999953, 10.292927964], [-0.1552680019999, 10.292812364], [-0.15526861099994, 10.2925836150001], [-0.155397012999913, 10.29243788], [-0.155669974999967, 10.2923503990001], [-0.15569263499998, 10.2922016320002], [-0.155637583999919, 10.291972738], [-0.155693498999938, 10.2918764230001], [-0.155908039999929, 10.291780521], [-0.155927820999977, 10.2916675750001], [-0.15583355699988, 10.2915336620001], [-0.155739291999907, 10.2913997490002], [-0.15602355999988, 10.2912461520002], [-0.156063128999961, 10.2910175050001], [-0.156121876999862, 10.2909019040001], [-0.156450919999884, 10.2906547190001], [-0.156548424999869, 10.2906163880001], [-0.156702047999886, 10.290404573], [-0.156838563999827, 10.2903470520002], [-0.156916785999897, 10.2902342590002], [-0.156839170999945, 10.2901183030002], [-0.156608189999929, 10.290117702], [-0.156530472999918, 10.29004033], [-0.156511293999927, 10.2899272840001], [-0.156570348999935, 10.2896959300001], [-0.156880362999914, 10.2892778210001], [-0.156861496999966, 10.2890462650001], [-0.157229343999916, 10.288857056], [-0.157229650999966, 10.2887413030001], [-0.157152036999832, 10.288625348], [-0.15721093499991, 10.2884532500001], [-0.157269831999884, 10.2882811500001], [-0.157192517999874, 10.2880521990001], [-0.157231785999954, 10.2879365480001], [-0.157348863999971, 10.287862439], [-0.157462961999954, 10.2878627360001], [-0.157579741999939, 10.287901624], [-0.157696322999925, 10.2880149240002], [-0.15781031899985, 10.2880538050001], [-0.157927302999951, 10.2880155240002], [-0.157952553999962, 10.287938422], [-0.157850243999974, 10.2876901120001], [-0.1580065899999, 10.2875003530001], [-0.158316051999861, 10.2872889420001], [-0.158433035999963, 10.2872506620001], [-0.158816730999888, 10.2873811910002], [-0.158894994999969, 10.2872518610001], [-0.158817678999981, 10.287022909], [-0.158771857999909, 10.2864605600001], [-0.158858462999888, 10.2863340070001], [-0.159182260999955, 10.2863323890001], [-0.159401225999943, 10.2862968300001], [-0.159631898999919, 10.2864131820001], [-0.159748779999916, 10.286413485], [-0.159827006999933, 10.2862979350001], [-0.159827304999851, 10.2861849390001], [-0.159902646999967, 10.2861079640001], [-0.160019425999849, 10.2861468510002], [-0.160136407999914, 10.2861085710001], [-0.160368296999934, 10.285764667], [-0.160369461999949, 10.2853237050001], [-0.160486495999919, 10.2852661310001], [-0.160581061999949, 10.2852856680001], [-0.160610001999942, 10.2853918500002], [-0.160638941999935, 10.2854980330002], [-0.160755625999911, 10.285572748], [-0.160872702999939, 10.2854986380001], [-0.160939920999965, 10.2853362060002], [-0.161007139999924, 10.285173774], [-0.161124274999963, 10.2850776170002], [-0.161355557999912, 10.2849624610001], [-0.161578742999893, 10.2847522020002], [-0.161801928999978, 10.2845419430001], [-0.161936108999896, 10.284313539], [-0.162014631999909, 10.2840849900001], [-0.162034917999961, 10.283779123], [-0.162152252999931, 10.2836071740001], [-0.162269585999866, 10.2834352250002], [-0.16253972699991, 10.2833587540002], [-0.16277060199991, 10.2833979350001], [-0.1628875319999, 10.283378944], [-0.163035734999937, 10.283109235], [-0.163313511999888, 10.2833028750001], [-0.163427862999868, 10.2832067090001], [-0.163661520999938, 10.283245896], [-0.163775719999933, 10.2832076070002], [-0.163990499999954, 10.283017994], [-0.164358139999933, 10.282903189], [-0.164472135999915, 10.2829420670001], [-0.164510892999942, 10.2830193360002], [-0.164432371999908, 10.283247884], [-0.164239847999966, 10.283440311], [-0.164278509999974, 10.2835534080001], [-0.164392556999928, 10.2835729940001], [-0.164626613999928, 10.2834606000001], [-0.164799251999909, 10.283422461], [-0.165088422999929, 10.283516911], [-0.165244660999974, 10.2833657310001], [-0.165167044999976, 10.283249778], [-0.165109205999954, 10.2830208780001], [-0.165206808999869, 10.2829439600001], [-0.165323687999944, 10.2829442610001], [-0.165670943999828, 10.2831739060002], [-0.165749058999893, 10.283099694], [-0.165613957999824, 10.282619795], [-0.165692477999926, 10.2823912470001], [-0.165712564999978, 10.282159791], [-0.166022212999849, 10.2818739590002], [-0.166047460999891, 10.2817968550002], [-0.165983962999974, 10.2814093420002], [-0.165959811999926, 10.2812619580001], [-0.166024221999919, 10.2811077860001], [-0.166138463999971, 10.2810529590001], [-0.166371874999925, 10.2811858490001], [-0.166449490999923, 10.2813018020001], [-0.166553937999879, 10.2813939460002], [-0.16681588199998, 10.2815298750001], [-0.167085511999971, 10.2817802320001], [-0.167056013999854, 10.2818862630001], [-0.167026516999897, 10.2819922950002], [-0.166850647999979, 10.2822013020001], [-0.166794563999872, 10.2823644530001], [-0.166794340999957, 10.2824492010001], [-0.166888806999964, 10.2825073210001], [-0.167122666999944, 10.282469337], [-0.167198048999978, 10.2823758250001], [-0.16737367199994, 10.2822605230002], [-0.16749060199993, 10.2822415310002], [-0.167721375999918, 10.2823192930001], [-0.167838305999908, 10.2823003010001], [-0.167952604999869, 10.282223424], [-0.168186414999923, 10.2822047330002], [-0.168417787999886, 10.282053744], [-0.168648662999829, 10.2820929210001], [-0.168996921999963, 10.2819394750001], [-0.169288558999938, 10.282155194], [-0.169442278999952, 10.2819020320001], [-0.169786940999927, 10.2820600090001], [-0.169867901999964, 10.2819609990001], [-0.169926939999812, 10.2817323980001], [-0.17015796599992, 10.2817136980001], [-0.170274995999932, 10.2816561200002], [-0.170679607999887, 10.2812354810001], [-0.170913517999907, 10.2811782030001], [-0.171395, 10.2811601420001], [-0.172015838999869, 10.2810597540002], [-0.172090910999884, 10.2810847500001], [-0.17218840399994, 10.28104917], [-0.172419135999974, 10.2811434650001], [-0.172652994999964, 10.2811054770002], [-0.172864884999967, 10.2809544350001], [-0.172837608999941, 10.2807421510001], [-0.172810331999926, 10.2805298650001], [-0.172997183999826, 10.2803760030002], [-0.173105678999832, 10.2803900610001], [-0.173174997999979, 10.280486698], [-0.173233538999909, 10.2805998460001], [-0.173339185999964, 10.2804871170002], [-0.173420233999934, 10.280462447], [-0.173534055999937, 10.2804600540001], [-0.173597924999967, 10.280512582], [-0.173597566999945, 10.280650383], [-0.173672452999938, 10.2807470350002], [-0.173778028999948, 10.2808134490002], [-0.173886631999949, 10.2807861660001], [-0.173970395999959, 10.280678893], [-0.174173578999898, 10.2806656300001], [-0.174421286999973, 10.2806524820001], [-0.174504878999869, 10.2806113530002], [-0.174407758999905, 10.2805036210001], [-0.174335963999908, 10.2802884660002], [-0.174442884999962, 10.2800024630002], [-0.17453507599987, 10.2796991790001], [-0.174674424999864, 10.2796196090001], [-0.174852524999949, 10.2796200620001], [-0.175086040999815, 10.279714362], [-0.175291969999876, 10.279714885], [-0.175484442999903, 10.2795389880001], [-0.175701745999959, 10.2794458350002], [-0.1759770029999, 10.2795402410001], [-0.176085140999874, 10.2796920970001], [-0.176084861999925, 10.2797995830001], [-0.176223789999881, 10.2798826170001], [-0.176312825999958, 10.279888355], [-0.176401861999977, 10.2798940930001], [-0.176524478999909, 10.2798282600001], [-0.17653937699987, 10.279447964], [-0.176719097999921, 10.2788227970001], [-0.17691195499998, 10.2784980730001], [-0.17707631899998, 10.2784295890001], [-0.177159838999899, 10.2784160210001], [-0.17721850199996, 10.2782513440002], [-0.177303960999893, 10.278104953], [-0.177530795999928, 10.2780917480001], [-0.177625132999935, 10.278199473], [-0.177763918999972, 10.278337628], [-0.177927968999938, 10.2783904090001], [-0.178078411999934, 10.2783246450001], [-0.178106524999976, 10.2782144740002], [-0.178121002999944, 10.2779967820001], [-0.178313258999935, 10.2779035650001], [-0.178544303999956, 10.2778765900001], [-0.178862070999969, 10.2776734460002], [-0.179006819999927, 10.2776572770001], [-0.179059309999957, 10.2778062360001], [-0.179100631999972, 10.2779689480001], [-0.179278348999958, 10.278118224], [-0.179403745999934, 10.2780523960001], [-0.179568287999928, 10.2779150100001], [-0.179813275999948, 10.277877045], [-0.179965946999971, 10.278026258], [-0.180060320999871, 10.278120202], [-0.180143805999876, 10.2781204130001], [-0.180388764999975, 10.278093471], [-0.18055566299995, 10.2781214540001], [-0.180833206999978, 10.2784087840001], [-0.181297491999942, 10.2785835880001], [-0.181375119999871, 10.2786967820001], [-0.181430329999898, 10.2788705520001], [-0.181315297999902, 10.279234061], [-0.181412157999944, 10.2794437650002], [-0.181352930999822, 10.279749537], [-0.181381926999904, 10.279836426], [-0.18141092299993, 10.279923315], [-0.181496419999974, 10.2799524690001], [-0.181622418999893, 10.2799238490001], [-0.181795400999931, 10.2797506540001], [-0.181910907999963, 10.2792024910001], [-0.182359255999927, 10.2790823550001], [-0.182551561999958, 10.2789698420001], [-0.182649257999969, 10.2788543350001], [-0.18276702199995, 10.278510125], [-0.182767608999882, 10.2782813740002], [-0.182843240999944, 10.2780886420001], [-0.183077196999932, 10.2780120620001], [-0.183424553999885, 10.2782058600001], [-0.18357760899994, 10.278206246], [-0.18398162799997, 10.2780088260002], [-0.184120655999948, 10.278053273], [-0.184273314999871, 10.2782079960002], [-0.184311589999936, 10.2784754290001], [-0.184525421999922, 10.2786495980001], [-0.184658855999885, 10.2787050550002], [-0.18498617399996, 10.278574965], [-0.185313490999874, 10.278444876], [-0.185492488999955, 10.2780953060001], [-0.185665411999935, 10.277944158], [-0.186228183999958, 10.277694769], [-0.186361708999925, 10.277714396], [-0.186540862999891, 10.2778306000002], [-0.186943023999959, 10.277831609], [-0.187195950999921, 10.2779535090002], [-0.187715551999929, 10.2777177910002], [-0.187869801999909, 10.2777953460001], [-0.187760440999909, 10.2781202860002], [-0.187812486999974, 10.2782312180001], [-0.187907487999894, 10.2782942860002], [-0.188080022999884, 10.2782947190001], [-0.188347920999945, 10.2781346440001], [-0.188486610999973, 10.2781799810001], [-0.188681802999952, 10.2780261310001], [-0.188777002999927, 10.277797617], [-0.188913556999921, 10.2777207890001], [-0.189030435999939, 10.2777210810001], [-0.189144432999854, 10.2777599510001], [-0.189222057999871, 10.2778758990001], [-0.189221810999925, 10.27797236], [-0.189299146999929, 10.2782013060001], [-0.189386621999972, 10.2782738720001], [-0.189657802999875, 10.278331737], [-0.189713212999948, 10.2784283380001], [-0.1898212239999, 10.2786325560001], [-0.190002009999944, 10.2786715920001], [-0.190110778999951, 10.278578158], [-0.190289503999907, 10.2783333150001], [-0.190481827999918, 10.2782125290001], [-0.190701706999903, 10.278199297], [-0.190935604999822, 10.27814476], [-0.191142016999947, 10.2779551070001], [-0.191662923999957, 10.2777524570002], [-0.192197604999876, 10.277604963], [-0.192568202999894, 10.2774157180002], [-0.192788220999887, 10.2773473640001], [-0.192897092999942, 10.277212588], [-0.192953301999978, 10.2769950000001], [-0.192954161999921, 10.276656007], [-0.193010028999936, 10.276573463], [-0.193104713999958, 10.2765461390001], [-0.193229660999918, 10.276656692], [-0.193365571999948, 10.2768334180001], [-0.193446203999883, 10.276861179], [-0.193543741999974, 10.2768063000001], [-0.193543944999874, 10.276726375], [-0.193461186999969, 10.2764395390001], [-0.193475547999924, 10.2762631870001], [-0.193667735999838, 10.276194764], [-0.193804701999966, 10.2762050300001], [-0.193942885999945, 10.276333251], [-0.193942438999898, 10.2765096370001], [-0.193996532999961, 10.2765772950002], [-0.194050626999967, 10.276644953], [-0.194209253999873, 10.276642591], [-0.194401721999895, 10.276463925], [-0.194607957999892, 10.2763431710001], [-0.194894587999897, 10.2763438820001], [-0.194977555999856, 10.2765480360001], [-0.195169262999968, 10.2766697790001], [-0.195333477999895, 10.276659162], [-0.195417415999941, 10.276480226], [-0.195376355999883, 10.2762100310001], [-0.19539054899991, 10.2760998240001], [-0.195446476999905, 10.2759924760002], [-0.195363717999896, 10.27570564], [-0.195364162999965, 10.275529254], [-0.195542465999949, 10.27544977], [-0.195775983999908, 10.2755440560002], [-0.195967997999901, 10.2755445310001], [-0.196023960999923, 10.275423403], [-0.196024273999967, 10.2752993810001], [-0.19613293599997, 10.275247285], [-0.196241123999926, 10.2753826000001], [-0.196408196999926, 10.2753416740001], [-0.196489413999871, 10.2751379270001], [-0.196434404999934, 10.2748814760001], [-0.196573753999928, 10.27479914], [-0.19668248499994, 10.2747194830001], [-0.196696885999927, 10.2745265950001], [-0.196847288999834, 10.2744746020002], [-0.197011306999968, 10.274541153], [-0.197038857999871, 10.274651464], [-0.19713608099994, 10.2747206070002], [-0.197244583999918, 10.274731899], [-0.197244784999953, 10.2746519740001], [-0.19725903899996, 10.2745169620001], [-0.197314869999957, 10.2744481990002], [-0.197423467999897, 10.274420907], [-0.197562642999969, 10.2744074710002], [-0.197685460999821, 10.274258947], [-0.197685835999948, 10.2741101210001], [-0.197602734999975, 10.2739583320001], [-0.197371964999888, 10.2738778350001], [-0.197247085999948, 10.2737397230002], [-0.197322464999957, 10.2736434480001], [-0.197447898999883, 10.2735610770001], [-0.197586968999929, 10.2735889810002], [-0.197706489999973, 10.273644398], [-0.197817801999918, 10.2736446730001], [-0.197879262999948, 10.27354974], [-0.197940723999977, 10.273454809], [-0.198118995999891, 10.273386348], [-0.198366630999942, 10.2734007400001], [-0.198631521999914, 10.2734260500001], [-0.198781168999972, 10.2734403490001], [-0.198964908999812, 10.273410486], [-0.199034790999974, 10.2732866360001], [-0.199048975999915, 10.2731791840001], [-0.198943725999925, 10.2729818660001], [-0.198994076999895, 10.2728786380001], [-0.1990360879999, 10.2727712550002], [-0.199116858999957, 10.2727438940001], [-0.199256032999926, 10.272730457], [-0.199297947999924, 10.2726616590002], [-0.199256632999948, 10.2724920590002], [-0.199379292999879, 10.2724055460002], [-0.199462810999876, 10.272391971], [-0.199515961999907, 10.2722818600001], [-0.199599715999909, 10.2721745810002], [-0.199833538999826, 10.2721475970001], [-0.199900497999863, 10.27207886], [-0.199928665999948, 10.2719438830001], [-0.199546512999973, 10.2718781250002], [-0.199422642999934, 10.271766246], [-0.199422913999967, 10.2716587610001], [-0.199506535999944, 10.2716038460001], [-0.199793091999936, 10.2716321130001], [-0.199971259999927, 10.2716049910001], [-0.200068960999943, 10.2714839660001], [-0.200069507999899, 10.2712662380001], [-0.20006981999984, 10.2711422160001], [-0.200220220999938, 10.2710902220001], [-0.200521273999868, 10.270887015], [-0.200533956999948, 10.2706499960001], [-0.200405497999895, 10.2704485150002], [-0.200405774999922, 10.270338274], [-0.200545252999916, 10.2702035700001], [-0.20066813699998, 10.2700274850002], [-0.200599148999913, 10.2697958060001], [-0.200559037999881, 10.269700622], [-0.200515244999906, 10.269598533], [-0.200631829999963, 10.2694072190002], [-0.200670081999931, 10.2692530360001], [-0.200628546999951, 10.269170252], [-0.20050634099988, 10.2690762440001], [-0.20049277399994, 10.268938408], [-0.200590578999936, 10.268776041], [-0.200563054999975, 10.2686547060002], [-0.20050780899993, 10.268491962], [-0.200680574999922, 10.2683986810001], [-0.200788824999904, 10.2685091910001], [-0.200897081999869, 10.2686169440001], [-0.201036184999964, 10.2686310660002], [-0.201036413999873, 10.268540117], [-0.201064628999973, 10.2683858460001], [-0.201215131999902, 10.2682925110001], [-0.201351658999954, 10.2682239450002], [-0.20140775699997, 10.2680476950001], [-0.20154431799989, 10.2679653500002], [-0.201847907999877, 10.2678586090001], [-0.202017661999889, 10.2676428600001], [-0.202285923999966, 10.267410447], [-0.202589953999961, 10.2671273200001], [-0.202835482999944, 10.2668688530001], [-0.20316682899994, 10.26678974], [-0.203275596999958, 10.2666935440001], [-0.20327596899989, 10.266544718], [-0.203111959999944, 10.2664754140002], [-0.202934307999953, 10.2662985900001], [-0.202934748999894, 10.2661222030002], [-0.202935189999948, 10.2659458150001], [-0.203002320999929, 10.2658081770001], [-0.203263793999952, 10.2658501600001], [-0.203469370999926, 10.2659884670001], [-0.203713920999974, 10.2661213590001], [-0.204186061999962, 10.2664918290002], [-0.204851784999903, 10.2673478410001], [-0.205334627999889, 10.2678919680001], [-0.205806655999936, 10.26830929], [-0.20598558599994, 10.2684851110001], [-0.206242483999972, 10.2687375460001], [-0.206670251999924, 10.269050028], [-0.207036854999956, 10.2693403110001], [-0.207117397999866, 10.2694038970001], [-0.207197939999958, 10.2694674840001], [-0.207625963999931, 10.269677989], [-0.208134743999949, 10.2698666440001], [-0.208877359999917, 10.2700227950001], [-0.209305673999893, 10.2701175450002], [-0.209953675999884, 10.2702734640002], [-0.210422876999871, 10.2707128200001], [-0.210920044999909, 10.271097123], [-0.211311258999956, 10.271258475], [-0.211740131999818, 10.2714353570001], [-0.212882615999945, 10.2719397350001], [-0.21440878899989, 10.2725828420001], [-0.215261761999955, 10.2731306090001], [-0.215784492999944, 10.2733082610002], [-0.222862755999927, 10.279509928], [-0.224345604999883, 10.279684355], [-0.225017222999952, 10.279867863], [-0.22568884199984, 10.280051368], [-0.226242069999955, 10.2802841990001], [-0.226386523999906, 10.2803892750001], [-0.226530978999961, 10.2804943500001], [-0.227010883999981, 10.280967662], [-0.227152854999929, 10.2811076830002], [-0.227246390999937, 10.2812189050001], [-0.227473354999972, 10.2814887860002], [-0.227849486999901, 10.281942158], [-0.227990026999976, 10.2821247210001], [-0.228445580999846, 10.2827164900002], [-0.228795720999926, 10.2828542680002], [-0.230525335999971, 10.2835348580002], [-0.231552087999944, 10.28393887], [-0.233321640999975, 10.2846351560001], [-0.233841928999936, 10.2848398770001], [-0.234041915999967, 10.2851506680001], [-0.234075004999966, 10.2852775260001], [-0.234108153999955, 10.2853795790001], [-0.23418846699991, 10.2855423770001], [-0.234257707999973, 10.285680346], [-0.23446598299995, 10.285865495], [-0.234752065999942, 10.2860976810001], [-0.235216337999873, 10.2862972160001], [-0.235827912999866, 10.2865770230001], [-0.236772659999872, 10.2871828310001], [-0.237264855999911, 10.2873900260001], [-0.238299075999976, 10.2878498180002], [-0.238679518999902, 10.2876412260001], [-0.239207421999879, 10.2873180930001], [-0.239558507999959, 10.2871370160001], [-0.239987461999931, 10.2869781690001], [-0.240619723999941, 10.2868345000002], [-0.240719776999867, 10.2868117650002], [-0.241516561999902, 10.2866783230001], [-0.242148001999908, 10.2865725730001], [-0.24353502799994, 10.2872731030001], [-0.243833782999957, 10.2874813690001], [-0.244249064999963, 10.2877708660002], [-0.244802038999978, 10.2881221780001], [-0.245327724999925, 10.2883263310001], [-0.245923336999908, 10.2873831090002], [-0.246204681999927, 10.28693757], [-0.246427910999898, 10.2866872850001], [-0.246673378999958, 10.2864480760002], [-0.247048623999945, 10.2862015850001], [-0.247208537999938, 10.28609654], [-0.247651454999925, 10.2859156670001], [-0.24835063699993, 10.2856361680001], [-0.249208175999911, 10.2854700350002], [-0.249717530999874, 10.285438141], [-0.249908171999948, 10.285443077], [-0.250182462999874, 10.2853620470001], [-0.250750764999907, 10.2851153120002], [-0.250854045999858, 10.2850875750001], [-0.251015311999879, 10.2850442660002], [-0.251747072999933, 10.2851093460001], [-0.252719661999947, 10.2853035820002], [-0.253199088999907, 10.285399329], [-0.254055136999966, 10.2854143440001], [-0.2546795639999, 10.2854220290001], [-0.255184486999951, 10.2853240270002], [-0.255552703999967, 10.2853283520001], [-0.255723383999964, 10.285330721], [-0.256021673999953, 10.2851109190001], [-0.256345042999953, 10.2848773930002], [-0.256674381999972, 10.2844702460001], [-0.256905963999941, 10.2842144600001], [-0.257168259999958, 10.2839146470001], [-0.257458882999913, 10.283510699], [-0.25759888399989, 10.2830364390001], [-0.257655571999976, 10.2825955940001], [-0.258044111999936, 10.2824645880001], [-0.25821581799994, 10.2822192910001], [-0.258449934999874, 10.282068241], [-0.258564124999907, 10.2820299160002], [-0.258815386999913, 10.2818535580001], [-0.258923925999909, 10.2816848490002], [-0.259049557999901, 10.2815128810001], [-0.259280849999868, 10.281379738], [-0.259512142999938, 10.2812465960002], [-0.259609851999926, 10.2811145260001], [-0.25984397499991, 10.2809607190001], [-0.259980534999954, 10.2809494620001], [-0.260364479999907, 10.2809178090001], [-0.260442522999881, 10.2808656220001], [-0.260596426999939, 10.2805021680001], [-0.260567672999855, 10.2801616860002], [-0.260405740999943, 10.279928464], [-0.260403021999821, 10.279805035], [-0.260489623999945, 10.2796912240001], [-0.260771009999871, 10.27962337], [-0.260716108999873, 10.2792980260001], [-0.260861253999963, 10.279110942], [-0.260928254999953, 10.2790201430001], [-0.260995229999878, 10.2789403690001], [-0.261048340999935, 10.2788385150002], [-0.260942988999886, 10.2786673960001], [-0.260943321999946, 10.2785240800002], [-0.260982710999826, 10.2783395110001], [-0.261052230999894, 10.278134653], [-0.261469959999886, 10.2779606380001], [-0.261832722999884, 10.2778095190001], [-0.262245028999928, 10.2776202870001], [-0.26233615599989, 10.2775975590002], [-0.262692898999944, 10.2776957200001], [-0.262847984999951, 10.2780212920001], [-0.263031411999975, 10.278126441], [-0.263134142999945, 10.2782286500001], [-0.263290040999948, 10.2782041990001], [-0.263421014999949, 10.2781273260001], [-0.263616147999926, 10.2779844520001], [-0.263810949999879, 10.2779848940002], [-0.263916545999905, 10.2780512800001], [-0.264019575999896, 10.278023954], [-0.26416194899997, 10.2778313490002], [-0.264331728999878, 10.2778207100001], [-0.264512616999923, 10.2778211200001], [-0.264618161999977, 10.2779095550001], [-0.264695338999957, 10.2779304010002], [-0.264851891999967, 10.2779238650002], [-0.26485212699987, 10.2778218900002], [-0.264632741999947, 10.277621575], [-0.264696884999978, 10.277562464], [-0.26485260499993, 10.2776151840001], [-0.264944439999965, 10.277615391], [-0.26503349099994, 10.2776155940002], [-0.265086543999928, 10.2775385430001], [-0.265150880999897, 10.2773953710001], [-0.265295526999978, 10.27742326], [-0.265398524999966, 10.2774097130001], [-0.265412616999868, 10.2773325740002], [-0.265399090999949, 10.277164421], [-0.265435535999927, 10.277048747], [-0.265552676999846, 10.2769360120001], [-0.265783393999925, 10.2770495350001], [-0.266478049999932, 10.2775113760001], [-0.266711677999979, 10.2775697820001], [-0.266942833999849, 10.2774931340002], [-0.267213432999938, 10.277207111], [-0.267252704999976, 10.2770721500002], [-0.267448031999891, 10.276843835], [-0.267510196999979, 10.2767066640001], [-0.267621583999869, 10.2764032510001], [-0.267855560999976, 10.2763100710001], [-0.268086538999967, 10.2763105930001], [-0.268317389999879, 10.2763662350001], [-0.26860514499981, 10.276632654], [-0.268840120999869, 10.276421523], [-0.269185844999811, 10.2762799980001], [-0.269433646999971, 10.2762254350001], [-0.270019632999947, 10.2763949830002], [-0.270134466999934, 10.2764282080001], [-0.270308152999917, 10.276534708], [-0.27048183799991, 10.2766412090001], [-0.2707126009999, 10.276735436], [-0.270809780999969, 10.2768321180002], [-0.270848563999891, 10.2769093760002], [-0.270828293999898, 10.2772538440001], [-0.270885943999872, 10.2775984860002], [-0.270827283999893, 10.2776948180002], [-0.270581998999944, 10.2778651450001], [-0.270484154999849, 10.2780578520001], [-0.270639737999943, 10.278171203], [-0.270806797999967, 10.2781329920002], [-0.271037512999897, 10.278249268], [-0.271309267999925, 10.278671563], [-0.27165691499988, 10.278766051], [-0.271809575999896, 10.2789400280001], [-0.271809051999981, 10.279168784], [-0.271723855999937, 10.279334803], [-0.271733278999818, 10.2794897520001], [-0.271876837999969, 10.2795219760001], [-0.272163935999913, 10.2792873760001], [-0.272351362999871, 10.2793243440001], [-0.272387274999915, 10.279440181], [-0.272492911999962, 10.2794900270001], [-0.272740918999943, 10.2792305730001], [-0.272930556999938, 10.2791713000001], [-0.273047393999946, 10.2791908560001], [-0.273278109999922, 10.279307129], [-0.273509001999912, 10.2793462310001], [-0.273742852999931, 10.27930817], [-0.273973568999907, 10.2794244430002], [-0.274090494999882, 10.2794054120001], [-0.27436376299994, 10.2793019890001], [-0.274490665999963, 10.27938942], [-0.27445731499995, 10.2796349900001], [-0.274473746999888, 10.279750784], [-0.27457110499995, 10.2797702940001], [-0.274783383999932, 10.279651516], [-0.275125008999964, 10.2799040380002], [-0.275285442999916, 10.2801522340001], [-0.275574380999842, 10.2803651000001], [-0.275749703999963, 10.2803654920001], [-0.275827800999934, 10.280288495], [-0.275946001999955, 10.2800317510001], [-0.276131898999949, 10.2799740680001], [-0.276339316999895, 10.2801308650002], [-0.276479225999935, 10.2801907290001], [-0.276566897999885, 10.2802535270002], [-0.276637537999875, 10.2803288880001], [-0.276826546999871, 10.2803293100001], [-0.276991449999855, 10.280343941], [-0.277798614999938, 10.2800641330002], [-0.279197598999872, 10.280441594], [-0.282307261999961, 10.2817970880001], [-0.284260768999843, 10.282574505], [-0.284894064999946, 10.28297929], [-0.292401256999881, 10.2885190200001], [-0.295539676999965, 10.2913908420001], [-0.296060390999969, 10.291261059], [-0.297000505999847, 10.291201041], [-0.297438181999894, 10.291173099], [-0.30126651799992, 10.2909815960001], [-0.301716162999924, 10.290959104], [-0.304265805999933, 10.2907799300001], [-0.305031471999882, 10.290627231], [-0.305749325999955, 10.2907031860001], [-0.306191534999925, 10.2908364270001], [-0.306656105999934, 10.290925617], [-0.307524550999915, 10.2908613280001], [-0.307630628999902, 10.2908672610001], [-0.309010506999925, 10.2909444290001], [-0.309597590999942, 10.2909724590002], [-0.309856459999935, 10.290984818], [-0.310201236999887, 10.290855691], [-0.310516674999974, 10.2906913190001], [-0.310814911999955, 10.2904824880002], [-0.311521856999889, 10.2904564300002], [-0.313581583999962, 10.290653793], [-0.314108795999971, 10.2906984280001], [-0.314425165999978, 10.2907432750002], [-0.314708003999897, 10.2906506030001], [-0.31493932099994, 10.2904995050001], [-0.315170268999964, 10.2905192870001], [-0.315306802999885, 10.2904424040001], [-0.315491518999977, 10.290529818], [-0.315556656999945, 10.2907295690001], [-0.315712421999876, 10.2907684840001], [-0.315810278999891, 10.2905592240002], [-0.315984300999901, 10.2905210070001], [-0.316158322999911, 10.290482788], [-0.316104700999915, 10.2900530950001], [-0.316274157999828, 10.289678243], [-0.316215128999829, 10.289557428], [-0.316166497999973, 10.2892701090001], [-0.316209902999844, 10.2891930320001], [-0.316354641999908, 10.289135455], [-0.316540361999898, 10.2891572070001], [-0.316651007999837, 10.289147106], [-0.316737541999885, 10.2890260180001], [-0.316626458999849, 10.2889155390001], [-0.316633721999892, 10.288773614], [-0.316863197999965, 10.2888305980001], [-0.316960448999964, 10.2889024630001], [-0.317160848999833, 10.2888918610001], [-0.317258146999961, 10.2889416760001], [-0.317321788999891, 10.28911269], [-0.317405221999877, 10.2891397380001], [-0.317530697999871, 10.2890276900001], [-0.317534007999882, 10.2887824010001], [-0.317609604999916, 10.2885703390002], [-0.317863756999884, 10.2881519420001], [-0.317978025999935, 10.2880750120001], [-0.31801678599993, 10.2881688010002], [-0.317957846999946, 10.288400192], [-0.318035604999977, 10.288477528], [-0.31814289499988, 10.2884102280001], [-0.318250185999887, 10.2883429280001], [-0.318481215999896, 10.2883241220001], [-0.318790742999965, 10.2880381360001], [-0.318791398999906, 10.287732206], [-0.319139520999954, 10.287617181], [-0.319315586999949, 10.287273034], [-0.319410373999972, 10.2871960610001], [-0.319507654999938, 10.2872541440001], [-0.319585088999929, 10.2874830660002], [-0.319718547999969, 10.2875412250001], [-0.319796672999871, 10.2874476810002], [-0.319836130999931, 10.2872162480001], [-0.319758407999814, 10.2871223770001], [-0.3197196939999, 10.2870065380002], [-0.319739421999941, 10.286890822], [-0.319973399999924, 10.2867948480001], [-0.320434755999884, 10.2870852100001], [-0.320668650999892, 10.287027822], [-0.320852180999964, 10.2869172800001], [-0.321039305999932, 10.2867860590001], [-0.321003756999914, 10.2864910780002], [-0.321074254999871, 10.2864447470001], [-0.321301748999872, 10.2863924820002], [-0.321388279999951, 10.286271393], [-0.321371688999875, 10.2860058210001], [-0.321191400999965, 10.2859374890001], [-0.321113724999975, 10.2858215690001], [-0.321086611999931, 10.2854852640001], [-0.321423411999888, 10.2854584080002], [-0.321547169999917, 10.2854966720001], [-0.321800442999916, 10.2854881360001], [-0.321892501999912, 10.285520998], [-0.322118619999969, 10.2857106710002], [-0.322235587999955, 10.2856723300001], [-0.322197119999885, 10.2854407340001], [-0.322294641999974, 10.285385816], [-0.322488779999958, 10.2854163450002], [-0.32274012299996, 10.285290283], [-0.322854306999886, 10.285251935], [-0.322893755999871, 10.2850232590001], [-0.32299637199992, 10.2849881010001], [-0.32320246699993, 10.285117612], [-0.323319309999931, 10.2851371490001], [-0.323300110999924, 10.2850048140001], [-0.323203199999909, 10.2847730960002], [-0.32323758299998, 10.2846360510001], [-0.323281568999903, 10.2845637940001], [-0.323207449999927, 10.2843632540001], [-0.323204296999904, 10.2842577020001], [-0.323282383999867, 10.2841806940002], [-0.323399227999971, 10.2842002300002], [-0.323629885999935, 10.284355056], [-0.323824979999927, 10.284220412], [-0.323958562999962, 10.2842206900001], [-0.324247586999888, 10.2844114670002], [-0.324364389999971, 10.284450296], [-0.32440294099996, 10.284643306], [-0.324498932999916, 10.2846531520001], [-0.324594924999928, 10.2846629980001], [-0.324634536999952, 10.2843571500002], [-0.324751543999923, 10.2842995150001], [-0.324868345999903, 10.284338344], [-0.324943328999893, 10.2844129160002], [-0.32498204399991, 10.2845287540002], [-0.325059803999977, 10.284606088], [-0.325330237999935, 10.2843778920001], [-0.325446963999923, 10.2844525500001], [-0.325505201999931, 10.2845491370002], [-0.325705264999897, 10.2846956280001], [-0.325947289999931, 10.284740229], [-0.32618117699991, 10.2846855930001], [-0.326333878999947, 10.284856791], [-0.326450640999951, 10.284914913], [-0.326642828999923, 10.28483814], [-0.326701067999977, 10.2849347260002], [-0.326625441999909, 10.285163327], [-0.326719859999912, 10.2852599880001], [-0.326817222999978, 10.2852794830002], [-0.327029054999912, 10.2851255800002], [-0.327145899999891, 10.285145116], [-0.327223659999959, 10.2852224490001], [-0.327301098999953, 10.285451369], [-0.327376157999936, 10.2854901100001], [-0.327435083999944, 10.2852614730001], [-0.327513210999939, 10.2851651710001], [-0.327743952999924, 10.2852814080001], [-0.32780259999987, 10.285185065], [-0.327880645999926, 10.285127347], [-0.328091988999915, 10.2852049570001], [-0.328151118999926, 10.2848798560001], [-0.328229286999942, 10.2847642600001], [-0.328326609999976, 10.2848030480001], [-0.328498826999919, 10.2849577480001], [-0.328615752999838, 10.2849386980001], [-0.328729814999861, 10.2849582270001], [-0.328963304999888, 10.285091005], [-0.329077441999914, 10.285074704], [-0.329175049999947, 10.2849784420001], [-0.32929242299997, 10.2847471700001], [-0.329523647999906, 10.284634646], [-0.329582334999941, 10.2845190100001], [-0.329813239999964, 10.284558073], [-0.330027202999929, 10.284712859], [-0.330160745999933, 10.2847324280002], [-0.330213784999899, 10.2846553660002], [-0.330090882999855, 10.284208617], [-0.330337245999885, 10.284176053], [-0.330434770999886, 10.2841183760002], [-0.330471187999876, 10.2840054500001], [-0.33054927299986, 10.2839284390001], [-0.330646758999933, 10.2838900540001], [-0.330803085999889, 10.2836616180002], [-0.331112522999831, 10.2834114480001], [-0.331140712999854, 10.2832406260002], [-0.331750180999904, 10.2832418830002], [-0.331689534999953, 10.282966144], [-0.331801559999974, 10.2826301260001], [-0.332330321999962, 10.2826312150001], [-0.332408487999942, 10.2825156190002], [-0.332505890999926, 10.2825158190001], [-0.332678075999979, 10.2826870540002], [-0.332794918999923, 10.2827065880001], [-0.332834603999856, 10.2823621530001], [-0.333065703999978, 10.2823075050001], [-0.333143828999937, 10.2822112010002], [-0.333163592999881, 10.282076191], [-0.333086150999975, 10.2818472720002], [-0.332680278999874, 10.28163697], [-0.332563638999886, 10.2815209730001], [-0.332527702999926, 10.2814051400002], [-0.332391540999879, 10.2813083950001], [-0.332372540999813, 10.2810795970001], [-0.332603565999932, 10.281060779], [-0.332816978999972, 10.2814773960001], [-0.333145637999905, 10.281348533], [-0.333408427999814, 10.2814441610001], [-0.333440769999925, 10.2812829930001], [-0.333644118999928, 10.2812980790001], [-0.333874573999935, 10.2814437400002], [-0.333980045999965, 10.2815776300001], [-0.334061187999907, 10.2813697080001], [-0.334295184999974, 10.2812599430001], [-0.334607030999962, 10.2811861670001], [-0.334929569999929, 10.28132188], [-0.335151715999814, 10.281556607], [-0.335341876999905, 10.2815535590001], [-0.335522205999894, 10.281386486], [-0.335734123999941, 10.281188478], [-0.335859839999955, 10.2809572200001], [-0.336007364999887, 10.280943742], [-0.336193384999945, 10.281153589], [-0.336315552999906, 10.2812888900002], [-0.336476962999939, 10.2812892210001], [-0.336595892999924, 10.28118239], [-0.336702841999966, 10.2810691920001], [-0.336703278999948, 10.2808597260002], [-0.336764887999948, 10.2806751910001], [-0.336901125999873, 10.2807544830001], [-0.337212061999935, 10.280818397], [-0.337607890999891, 10.2807871590001], [-0.338700593999818, 10.2804509490002], [-0.33879639699984, 10.2804206910002], [-0.339081109999938, 10.2802885480002], [-0.339227310999945, 10.280107665], [-0.339332404999936, 10.2798894190001], [-0.339449448999972, 10.279812486], [-0.339563548999877, 10.279812718], [-0.339641871999959, 10.2796199480001], [-0.33962262599988, 10.279506907], [-0.339681547999874, 10.2792755110001], [-0.339779144999966, 10.279182001], [-0.340139175999923, 10.2790254240001], [-0.340358433999938, 10.2789709570001], [-0.340612298999872, 10.278815327], [-0.340952563999963, 10.2783134470001], [-0.341326211999899, 10.277958663], [-0.341501968999978, 10.277749554], [-0.341580130999944, 10.2776339530001], [-0.341694942999936, 10.2772896690001], [-0.341753543999914, 10.277212616], [-0.341965318999939, 10.277080751], [-0.34219775199989, 10.2770522830002], [-0.342430184999955, 10.277023814], [-0.342529536999905, 10.2769913700002], [-0.343126384999891, 10.2767964650001], [-0.343241995999961, 10.276738821], [-0.343357605999927, 10.276681175], [-0.343669843999919, 10.2764144610002], [-0.347741171999814, 10.2760535100001], [-0.347979471999906, 10.2760301470001], [-0.35049403599993, 10.2757836200001], [-0.351043549999929, 10.275558355], [-0.351091071999974, 10.2754537160001], [-0.351325538999902, 10.2751096660001], [-0.351537354999948, 10.2749557460002], [-0.352077275999932, 10.274937531], [-0.352775517999874, 10.2750698430001], [-0.353045803999976, 10.274900878], [-0.353316674999974, 10.2744438980001], [-0.353528605999941, 10.274232097], [-0.354611861999956, 10.2738842220002], [-0.354689889999918, 10.2738320100001], [-0.354787558999931, 10.2736999090001], [-0.354882606999979, 10.273487874], [-0.354838737999899, 10.2731639390001], [-0.354806471999893, 10.2728452460001], [-0.354627104999963, 10.2726485330001], [-0.354299817999959, 10.2722584340001], [-0.354190500999891, 10.2720044030002], [-0.35437502699989, 10.2712324120001], [-0.354717623999932, 10.270890787], [-0.354864747999898, 10.2705494280001], [-0.354913957999884, 10.2704352520001], [-0.35481148599996, 10.2700390760002], [-0.353528884999946, 10.268929986], [-0.353754245999937, 10.2679898790001], [-0.354621768999948, 10.267468509], [-0.35484077599989, 10.267336888], [-0.355419645999973, 10.2666339280001], [-0.356327949999923, 10.2660032260002], [-0.356462304999923, 10.2656489290001], [-0.356218126999977, 10.2650624520001], [-0.356274995999968, 10.2645646230001], [-0.356722338999873, 10.2643442010001], [-0.356948613999919, 10.2641274210001], [-0.35690532599989, 10.263927182], [-0.35675972699994, 10.263496709], [-0.356540508999899, 10.263206008], [-0.356669493999959, 10.2628502710002], [-0.357055048999939, 10.2625786630001], [-0.357844261999958, 10.2620226930001], [-0.358964825999976, 10.2618015140001], [-0.359483172999944, 10.2616992], [-0.359574004999899, 10.2620438390001], [-0.359756067999967, 10.2625336960002], [-0.360103348999928, 10.2627881930002], [-0.360396006999963, 10.2628975460001], [-0.361109638999949, 10.263025858], [-0.361365759999842, 10.26309888], [-0.361749397999972, 10.2634803540001], [-0.361711443999923, 10.2641510720001], [-0.361635717999889, 10.2654018600002], [-0.361781393999934, 10.2657828670002], [-0.362275301999944, 10.2659470030001], [-0.362637721999931, 10.2662218940001], [-0.362859899999933, 10.2665282960001], [-0.362946316999967, 10.2669962940001], [-0.363209796999911, 10.2673848480001], [-0.363625774999946, 10.26799829], [-0.364156114999957, 10.2682531420002], [-0.364614916999926, 10.2688142390002], [-0.365043624999942, 10.2692349030002], [-0.36543026399994, 10.2697475790001], [-0.366217029999973, 10.2704777250001], [-0.367581619999953, 10.2713130830001], [-0.368841018999888, 10.2722002750002], [-0.369575352999902, 10.2728782680001], [-0.370834247999881, 10.274025669], [-0.371725517999835, 10.2750682670002], [-0.372039268999856, 10.2758495270001], [-0.372494377999942, 10.2761484380001], [-0.373018644999888, 10.2769828130001], [-0.374029095999902, 10.278590944], [-0.374791584999855, 10.2805188570001], [-0.375356765999811, 10.2819478740001], [-0.37627570899997, 10.2843891840001], [-0.377089353999907, 10.2855094780001], [-0.377606409999942, 10.2862213980001], [-0.378115223999941, 10.2884586210001], [-0.379158169999926, 10.2900711240001], [-0.380782895999971, 10.2923121070002], [-0.382618965999939, 10.293981007], [-0.384067890999972, 10.2958888070002], [-0.385030307999955, 10.29710821], [-0.385897485999919, 10.297926697], [-0.393714312999919, 10.2976933740001], [-0.39462104699993, 10.2976662970001], [-0.410161480999932, 10.299429751], [-0.414900761999888, 10.3002012610001], [-0.418207792999965, 10.3003119400001], [-0.422088276999887, 10.301463239], [-0.427488597999968, 10.301885396], [-0.430737691999923, 10.3011017030001], [-0.433301880999977, 10.300483184], [-0.436921546999827, 10.299610031], [-0.438800777999973, 10.2989267270002], [-0.440552770999886, 10.2990178430001], [-0.441602474999968, 10.2993284500001], [-0.446473580999964, 10.3007012630001], [-0.447508664999873, 10.3004924150002], [-0.449020902999962, 10.3007904220001], [-0.45143388799994, 10.3012659170001], [-0.453736431999914, 10.30139509], [-0.455347235999966, 10.3016694040002], [-0.46104293999997, 10.3067485500001], [-0.469515036999951, 10.313570322], [-0.475647603999903, 10.3200984060001], [-0.48150026199994, 10.3262709480002], [-0.483959266999932, 10.3274551640001], [-0.484026995999841, 10.326715113], [-0.484200892999922, 10.3264822070001], [-0.484533711999916, 10.3262470540001], [-0.484867057999963, 10.325857354], [-0.485094341999968, 10.3258208990001], [-0.485350454999832, 10.3258397160002], [-0.485573637999892, 10.3257848440001], [-0.485681250999846, 10.3256622860001], [-0.48580527199988, 10.325613393], [-0.486057375999962, 10.3255565210001], [-0.486226827999872, 10.3255158810001], [-0.486396815999967, 10.3251438740002], [-0.486682322999968, 10.3248702340001], [-0.487157425999953, 10.324870989], [-0.487521168999933, 10.3247570200001], [-0.487786049999897, 10.3244628910001], [-0.487910353999894, 10.324238086], [-0.488030684999899, 10.3239150900001], [-0.487968913999964, 10.3237922640001], [-0.487704753999935, 10.323640479], [-0.487502463999874, 10.3235873360002], [-0.487299347999965, 10.3234359840001], [-0.487329441999975, 10.323245007], [-0.487383316999967, 10.323142379], [-0.487640364999947, 10.3230690730002], [-0.487837905999925, 10.323069387], [-0.487927659999912, 10.3230396820001], [-0.488186016999975, 10.322954178], [-0.488291648999905, 10.3228670000001], [-0.488428522999868, 10.322804708], [-0.488603338999951, 10.3227251500001], [-0.488770232999968, 10.32264751], [-0.488893456999961, 10.322742094], [-0.488865941999904, 10.3231099480001], [-0.488850156999945, 10.3233209740001], [-0.488968836999902, 10.3232876000001], [-0.489432767999915, 10.3231454310001], [-0.490209529999959, 10.3228998880001], [-0.49044074499983, 10.3229861640002], [-0.490547961999823, 10.3231090620002], [-0.490539211999874, 10.3234117790001], [-0.490629903999945, 10.3235346510002], [-0.491042791999973, 10.3236866670001], [-0.491046574999928, 10.323903494], [-0.490785038999888, 10.3246885460001], [-0.490660663999904, 10.3249583530002], [-0.49061581299992, 10.3251755800001], [-0.490622955999811, 10.3252855700002], [-0.490750704999812, 10.325486228], [-0.490959669999938, 10.3256022880001], [-0.492505626999957, 10.3260494530001], [-0.49277809299997, 10.3261767010001], [-0.492935083999953, 10.3261769480002], [-0.493245262999949, 10.3259728870001], [-0.493633557999942, 10.326006223], [-0.493827906999968, 10.3258960730001], [-0.49396425599997, 10.3258881040001], [-0.494286323999972, 10.3259990650001], [-0.494354104999957, 10.3258021770002], [-0.49444819799993, 10.325528858], [-0.494783071999848, 10.3253821070001], [-0.495027087999972, 10.3252147600002], [-0.495437406999883, 10.3245953580001], [-0.495548666999866, 10.3245692030001], [-0.49572179199987, 10.324814931], [-0.49591997999994, 10.324888878], [-0.496118407999916, 10.3248114590001], [-0.496304759999873, 10.324533565], [-0.496419808999917, 10.324463286], [-0.496685394999929, 10.3241864260002], [-0.4967062529999, 10.324059639], [-0.496884211999884, 10.3238635490002], [-0.497206194999876, 10.3237794750002], [-0.497395531999928, 10.3237738610001], [-0.49757451399995, 10.3236314400001], [-0.497727742999928, 10.3233984930001], [-0.498161829999901, 10.3232109840001], [-0.498522745999935, 10.3231619650001], [-0.498760661999881, 10.3230328140001], [-0.498993086999917, 10.3227535180001], [-0.499064052999927, 10.3225239120001], [-0.499215740999944, 10.3222744540001], [-0.499538799999868, 10.322085188], [-0.499720698999909, 10.3218657410001], [-0.499741185999937, 10.321666018], [-0.500171175999981, 10.3211604640001], [-0.500397947999886, 10.320768908], [-0.500408621999895, 10.320558416], [-0.500278116999937, 10.3201686940001], [-0.500742487999901, 10.3199097310001], [-0.501065904999905, 10.319490747], [-0.501187110999922, 10.319381069], [-0.501388879999922, 10.3193514170001], [-0.501610695999887, 10.319401698], [-0.501961270999914, 10.319583718], [-0.502094859999886, 10.3193824690001], [-0.502317033999873, 10.319466361], [-0.502478147999966, 10.3193730720002], [-0.502579589999925, 10.3190036820001], [-0.502902579999841, 10.3188543640001], [-0.50299365199993, 10.3186647370001], [-0.503155138999944, 10.3185950720001], [-0.503477924999913, 10.3185755930002], [-0.503639458999885, 10.3184759640002], [-0.503831625999965, 10.3181366770001], [-0.504134270999941, 10.3180971900001], [-0.504447203999916, 10.317927879], [-0.504517093999937, 10.3177786900001], [-0.504498492999971, 10.3173786330001], [-0.504660806999937, 10.3167796190001], [-0.504651314999933, 10.316400072], [-0.504859366999938, 10.3159538150001], [-0.504898756999978, 10.315723598], [-0.504919367999889, 10.315601648], [-0.50492615099995, 10.3153345430001], [-0.504959010999926, 10.315206969], [-0.505029762999811, 10.3149322940001], [-0.505190997999932, 10.3145873440001], [-0.505334159999961, 10.3142822940001], [-0.50547181099995, 10.3141253790002], [-0.505568375999871, 10.3140153000001], [-0.505791242999919, 10.3135734980001], [-0.505858770999907, 10.3134195210001], [-0.505868767999971, 10.313311749], [-0.505978820999928, 10.3131156410001], [-0.506032378999976, 10.3127509080001], [-0.506086117999814, 10.3125600870002], [-0.50601408499989, 10.311987409], [-0.505950312999857, 10.3118608790001], [-0.505936583999869, 10.3115402420001], [-0.505842738999945, 10.3113531000001], [-0.505668250999975, 10.3106910620002], [-0.505402149999952, 10.3102827900001], [-0.505301674999941, 10.310128632], [-0.505246624999813, 10.3098662180001], [-0.505013259999942, 10.3094584310001], [-0.505013495999947, 10.30930684], [-0.50519842499989, 10.3088379880002], [-0.505284402999905, 10.3087119130001], [-0.505340721999971, 10.3085654650001], [-0.505568334999964, 10.307956156], [-0.505716777999965, 10.3078494030001], [-0.506363408999846, 10.3081075760001], [-0.506741503999933, 10.3081861810001], [-0.506993356999828, 10.3083738360001], [-0.507452982999951, 10.3086175940001], [-0.508168189999935, 10.308908301], [-0.508501015999968, 10.3091421660001], [-0.508898612999928, 10.3093287440001], [-0.509102938999945, 10.309750357], [-0.509138726999879, 10.3098661680002], [-0.509165660999884, 10.3099533270001], [-0.509259961999874, 10.310140813], [-0.509428391999961, 10.3102480560001], [-0.509580531999916, 10.3103238300002], [-0.509779323999965, 10.3105628860001], [-0.509765081999944, 10.3107696660001], [-0.509747081999933, 10.3110310120001], [-0.509649320999927, 10.3114714840001], [-0.509556644999975, 10.3118890440002], [-0.509540305999963, 10.312263559], [-0.509664694999969, 10.3126541170001], [-0.509948066999868, 10.313543855], [-0.510062207999908, 10.313700929], [-0.510238322999896, 10.313863715], [-0.510511643999962, 10.3141119360001], [-0.510600319999924, 10.3142367720001], [-0.510482898999896, 10.3147333200001], [-0.510464590999959, 10.3148893680001], [-0.510655939999936, 10.3152534850001], [-0.510897976999956, 10.3157035680001], [-0.510937457999944, 10.3157769860002], [-0.510940774999938, 10.3160637580001], [-0.510989266999957, 10.316161568], [-0.51106206399993, 10.3167291300001], [-0.510975605999874, 10.3171706870001], [-0.510908669999935, 10.3175594990001], [-0.510937202999912, 10.317657642], [-0.511044305999974, 10.3180243860001], [-0.511180552999974, 10.3181549170002], [-0.511251600999969, 10.3181925770001], [-0.511406388999944, 10.3182746260001], [-0.511579250999944, 10.3184749500001], [-0.511666504999937, 10.3186396620001], [-0.511863797999922, 10.3190267360001], [-0.512039156999947, 10.319209175], [-0.512257808999948, 10.3191897780001], [-0.51244999599993, 10.319244466], [-0.512766090999889, 10.319422898], [-0.513243927999895, 10.3195230240001], [-0.51343307399992, 10.3195573740001], [-0.513601374999894, 10.3196439710001], [-0.513718726999912, 10.319773791], [-0.513879930999963, 10.3200557490001], [-0.514247507999812, 10.3200542490001], [-0.514605696999979, 10.3200527460001], [-0.514801469999895, 10.3202216170001], [-0.515012860999889, 10.3204039590001], [-0.515228819999891, 10.3204023030002], [-0.515399109999976, 10.320400997], [-0.515552745999969, 10.3204965010002], [-0.515703692999921, 10.3204967270001], [-0.51585948099995, 10.3206781340002], [-0.515991215999918, 10.3210058800001], [-0.516203105999978, 10.321160231], [-0.516515191999929, 10.3213645700001], [-0.516626749999944, 10.321380097], [-0.516878240999972, 10.3213664820001], [-0.517172031999849, 10.3213423270001], [-0.51730204799992, 10.3214343670001], [-0.517403574999889, 10.3216222500001], [-0.517460477999975, 10.321717039], [-0.517524862999892, 10.3218242920001], [-0.517635620999897, 10.3218952860001], [-0.517791008999893, 10.3219166560001], [-0.518336832999921, 10.3217262520002], [-0.518464169999902, 10.3217123690002], [-0.5187326329999, 10.3217557400001], [-0.518958929999883, 10.3218583040001], [-0.519423829999823, 10.321855394], [-0.519559868999977, 10.3217848290001], [-0.519694776999927, 10.321779157], [-0.519904235999945, 10.3217939280001], [-0.519991306999941, 10.32190883], [-0.519988143999967, 10.32202254], [-0.519884564999927, 10.3222811110002], [-0.519751997999947, 10.3226259230001], [-0.519715256999973, 10.3227903880001], [-0.51968326399998, 10.322967266], [-0.519708092999963, 10.323091836], [-0.519786310999962, 10.323198699], [-0.519970050999973, 10.323574946], [-0.51998843299998, 10.3236645100001], [-0.520276130999889, 10.3242527280001], [-0.520345508999981, 10.324529291], [-0.520500249999884, 10.3251280560001], [-0.520538702999943, 10.325204496], [-0.52071929799996, 10.3255635], [-0.520706235999967, 10.325995064], [-0.520675890999939, 10.326271598], [-0.520663770999931, 10.3263820460001], [-0.520689796999932, 10.326518458], [-0.52071916999995, 10.3266724110001], [-0.520775135999884, 10.3267967410001], [-0.521494400999813, 10.327450352], [-0.521946230999959, 10.327655347], [-0.522303504999968, 10.3277114900001], [-0.522743183999921, 10.327777547], [-0.522849834999874, 10.327717911], [-0.523212145999935, 10.3275153170002], [-0.523530831999892, 10.3275026400001], [-0.524335618999885, 10.3274706240001], [-0.524867437999831, 10.3271900350001], [-0.525120088999927, 10.3268626830002], [-0.525466971999947, 10.326753953], [-0.525784663999957, 10.326395636], [-0.525940377999973, 10.326348896], [-0.526286629999902, 10.3266615210001], [-0.526568525999892, 10.3268064280001], [-0.526743318999877, 10.3268962790001], [-0.527106341999968, 10.3273202380001], [-0.527360389999956, 10.3270526490001], [-0.527860572999941, 10.326525801], [-0.528191740999887, 10.3260730960001], [-0.528636497999912, 10.325465111], [-0.529596549999951, 10.32451724], [-0.53047906099988, 10.3241388160001], [-0.531936526999971, 10.3239131060001], [-0.533170717999951, 10.3237956780002], [-0.533508914999913, 10.3237634980002], [-0.534731782999927, 10.3239377670001], [-0.53603899399991, 10.3242607640001], [-0.537801725999941, 10.32506068], [-0.538989335999872, 10.3258217960001], [-0.540214524999897, 10.3271145520001], [-0.541544162999969, 10.3283398120001], [-0.542988488999924, 10.3288059560001], [-0.543434415999968, 10.3289423790001], [-0.54550572799991, 10.3290114680001], [-0.546306520999906, 10.3297404170001], [-0.546506031999911, 10.3304023540001], [-0.546729054999957, 10.3310072960002], [-0.546897577999971, 10.3314644070001], [-0.547238210999922, 10.3323883520001], [-0.547714546999885, 10.3328450610001], [-0.547973872999933, 10.3330936990001], [-0.54834762299987, 10.3331626640002], [-0.549005840999882, 10.3337298730001], [-0.549318976999871, 10.333993001], [-0.550122239999894, 10.3344833990001], [-0.550423074999912, 10.334667061], [-0.550990770999817, 10.3352075450002], [-0.551434910999944, 10.3356303930001], [-0.551839332999862, 10.3360620260001], [-0.552693975999944, 10.3362602280001], [-0.553776280999898, 10.336530453], [-0.554734492999955, 10.3368284100001], [-0.555616552999936, 10.3370583930002], [-0.556371852999973, 10.337366752], [-0.557127154999932, 10.3376751100001], [-0.557914758999914, 10.3377754140001], [-0.55816064399994, 10.337840407], [-0.55891080299989, 10.338038692], [-0.558994379999888, 10.338060784], [-0.560074354999927, 10.3380925770001], [-0.561143337999965, 10.338022371], [-0.563241906999963, 10.338190594], [-0.564079615999901, 10.3382937080002], [-0.564322918999892, 10.3384814600001], [-0.564566221999939, 10.3386692120001], [-0.564909337999893, 10.3394567480001], [-0.564951918999952, 10.3395544830001], [-0.56584737899982, 10.3401730850001], [-0.566718182999921, 10.340505004], [-0.566848827999877, 10.340576314], [-0.56778628099994, 10.3410880020001], [-0.568250577999947, 10.3414993030001], [-0.569402549999893, 10.3418178090001], [-0.569660743999918, 10.3419270950001], [-0.570337873999904, 10.342213701], [-0.570434668999951, 10.342254672], [-0.571364051999922, 10.3425039690001], [-0.572165402999872, 10.3427448260001], [-0.572926412999948, 10.342926563], [-0.574347132999833, 10.343199736], [-0.574765720999892, 10.3434566180001], [-0.575184307999905, 10.3437135000001], [-0.575835350999967, 10.3439541490002], [-0.576685770999973, 10.344050657], [-0.576997319999975, 10.3440948650001], [-0.57743843999998, 10.34415746], [-0.577761327999951, 10.344219454], [-0.578381271999945, 10.3443384820001], [-0.578854937999949, 10.344429425], [-0.579660952999916, 10.3446416040001], [-0.580610750999938, 10.3448916370001], [-0.581453930999942, 10.3451136000001], [-0.582250612999871, 10.345238527], [-0.582464177999952, 10.3452720150001], [-0.583950533999939, 10.3453483560002], [-0.584891250999874, 10.3454625740002], [-0.585803564999878, 10.345708179], [-0.58624918299995, 10.3458281440001], [-0.586399385999869, 10.3458894880002], [-0.586787201999925, 10.346047877], [-0.586940575999961, 10.3461105180002], [-0.587056634999897, 10.3461579180002], [-0.587277381999968, 10.346277561], [-0.587839148999876, 10.3465837470001], [-0.588270705999889, 10.3468189630001], [-0.588345986999911, 10.346859996], [-0.588748177999889, 10.3470793030001], [-0.588886341999967, 10.3471545110001], [-0.589259133999974, 10.3474189350001], [-0.589723447999916, 10.3477481700001], [-0.590096023999934, 10.3480821480001], [-0.590305557999955, 10.3481584760002], [-0.590304028999924, 10.3486750030002], [-0.590247704999967, 10.3491765680002], [-0.590275461999966, 10.3496298210001], [-0.590321304999918, 10.3503783800002], [-0.590379340999846, 10.35070369], [-0.590457157999879, 10.3508002570001], [-0.590668567999955, 10.3509162880001], [-0.590765873999942, 10.3510101230001], [-0.591015909999953, 10.3513935570001], [-0.591040484999837, 10.3515562180001], [-0.59107352399991, 10.352044103], [-0.590995380999914, 10.3521983530002], [-0.59112587899989, 10.3524576040001], [-0.590994538999951, 10.352848823], [-0.590995518999932, 10.3530158680001], [-0.591191742999911, 10.3532350090002], [-0.591341807999811, 10.3533839740001], [-0.591390434999937, 10.3534515630001], [-0.591444410999941, 10.3535404520001], [-0.591477834999978, 10.353673551], [-0.591458152999849, 10.3538251190001], [-0.591165567999951, 10.354053515], [-0.591243311999904, 10.354207963], [-0.591391844999976, 10.354376476], [-0.591489841999874, 10.3544876540001], [-0.591610093999975, 10.3547238450001], [-0.591609622999954, 10.3550876680001], [-0.591648302999943, 10.3553137280001], [-0.592112705999909, 10.3556836520002], [-0.592246238999962, 10.3557499710001], [-0.591956546999938, 10.3558929280001], [-0.591956371999856, 10.3560279830002], [-0.591858895999962, 10.3560636910001], [-0.591705861999912, 10.356008372], [-0.59155037599993, 10.3561124400001], [-0.591568842999948, 10.3564850270001], [-0.591337494999891, 10.3567162570001], [-0.591300463999858, 10.357162207], [-0.591180862999977, 10.357289355], [-0.591105505999963, 10.3574408530002], [-0.590929433999975, 10.357978095], [-0.59086009899994, 10.3583900360001], [-0.590755501999979, 10.3590114620002], [-0.590958289999946, 10.3594143220001], [-0.591450043999885, 10.3600900330002], [-0.59153036899994, 10.3604015890002], [-0.591488033999894, 10.3608480450002], [-0.59140988899992, 10.3610022950002], [-0.591467802999944, 10.361424073], [-0.591573313999959, 10.3616336800001], [-0.591868157999841, 10.3618159660001], [-0.592163002999882, 10.361998252], [-0.592257405999874, 10.362188551], [-0.592257255999868, 10.362304313], [-0.592178913999874, 10.362610156], [-0.592161220999913, 10.3633763670001], [-0.592411291999838, 10.3637405060001], [-0.592739236999876, 10.36459984], [-0.59280803199988, 10.3647801090001], [-0.592929811999909, 10.3653287540001], [-0.592909634999955, 10.3658634380001], [-0.59294840799987, 10.3660178360001], [-0.593103390999886, 10.3663098970002], [-0.593489935999912, 10.3670383280001], [-0.593489474999956, 10.3673966380001], [-0.59373910599993, 10.368105305], [-0.593719323999949, 10.3683340480001], [-0.593801273999929, 10.3684692070001], [-0.593842246999941, 10.368536787], [-0.593883221999931, 10.3686043660001], [-0.594276901999933, 10.3686712080001], [-0.594545570999969, 10.3688685760001], [-0.59464266599997, 10.369027028], [-0.594801255999869, 10.369430676], [-0.594875066999919, 10.370124028], [-0.594539816999827, 10.3710720240001], [-0.594490753999935, 10.3716112880002], [-0.594627737999929, 10.3719761790001], [-0.594719094999903, 10.372373193], [-0.594723918999875, 10.3725448610001], [-0.594782976999966, 10.3727485380001], [-0.594827852999856, 10.3729033020001], [-0.594926765999958, 10.3732444240001], [-0.595146233999913, 10.373649104], [-0.595568895999975, 10.3739811480001], [-0.595980647999852, 10.3741856260002], [-0.596173682999904, 10.3742492910002], [-0.596759574999908, 10.3744425220001], [-0.597530229999961, 10.3746966860002], [-0.597692017999975, 10.3747500440002], [-0.597961713999894, 10.3750177370002], [-0.597961497999961, 10.3751865560002], [-0.597943237999971, 10.3753153870001], [-0.597961101999942, 10.3754973210001], [-0.597941856999853, 10.3755958660001], [-0.598227985999813, 10.3757870590001], [-0.598366637999902, 10.3759474820001], [-0.598708673999965, 10.376515306], [-0.598864427999956, 10.3766285060001], [-0.599148270999933, 10.376719816], [-0.599442993999958, 10.3770123440001], [-0.599598503999971, 10.37731848], [-0.599809715999925, 10.3776053920001], [-0.599934711999879, 10.3778260460001], [-0.599997210999902, 10.3779363730001], [-0.600054172999933, 10.3780369290001], [-0.600195756999824, 10.378333518], [-0.600215048999928, 10.3784878910001], [-0.60026628199995, 10.378700185], [-0.600317514999858, 10.3789124780001], [-0.600715112999978, 10.379309871], [-0.600851161999969, 10.379596688], [-0.600850965999939, 10.3797510370001], [-0.600909355999875, 10.37980899], [-0.60094646999994, 10.379954105], [-0.601195751999967, 10.3800849700002], [-0.601100863999932, 10.380269519], [-0.601100671999973, 10.3804211120001], [-0.601178523999977, 10.3804983840001], [-0.601487541999859, 10.3804987670002], [-0.601643344999957, 10.3805761350002], [-0.601718318999929, 10.3807278210001], [-0.601874024999859, 10.3808823630001], [-0.602163314999814, 10.381072902], [-0.602182606999975, 10.3812272750001], [-0.602123757999891, 10.3815331440001], [-0.602182029999938, 10.3816848090001], [-0.602387832999909, 10.3818504380002], [-0.602607949999935, 10.38170463], [-0.602741529999946, 10.381743382], [-0.602760270999909, 10.3823359960001], [-0.602877050999894, 10.382451902], [-0.602876494999919, 10.382892899], [-0.602956296999878, 10.3829521670002], [-0.603285626999934, 10.383178173], [-0.603494196999975, 10.3831610170002], [-0.603552468999908, 10.3833126820001], [-0.60355227499997, 10.3834670310001], [-0.603746694999927, 10.383831093], [-0.603901810999957, 10.3840165830001], [-0.604168845999936, 10.3846364350001], [-0.604305093999926, 10.3847689020001], [-0.604536115999963, 10.384807773], [-0.604691897999942, 10.3849044340001], [-0.604786387999866, 10.3850368490001], [-0.60482516899998, 10.385191246], [-0.604832113999919, 10.385887733], [-0.605038407999928, 10.386090041], [-0.605343396999956, 10.3865546500001], [-0.605911809999895, 10.3873358730001], [-0.606568446999972, 10.3876185350001], [-0.607073285999888, 10.387648313], [-0.607225248999953, 10.3877711080002], [-0.607070113999896, 10.388000872], [-0.606961963999936, 10.3881610490002], [-0.607333934999872, 10.3884216790001], [-0.607618063999951, 10.388877332], [-0.607880834999946, 10.3888993350001], [-0.60809975199993, 10.3889646460001], [-0.607967919999851, 10.3893113850002], [-0.60823055599991, 10.3894417930001], [-0.608646463999946, 10.3895940700002], [-0.608835586999874, 10.3894728220001], [-0.608953061999898, 10.3895944430001], [-0.609216074999892, 10.3894213130002], [-0.60945708099996, 10.389334882], [-0.609501069999965, 10.3891831660001], [-0.61005242199991, 10.3889814280001], [-0.610245796999948, 10.3890756650002], [-0.610420753999961, 10.389271009], [-0.610704967999936, 10.3896616160001], [-0.610901691999857, 10.389965392], [-0.611207809999939, 10.3903539940002], [-0.611549827999909, 10.390489916], [-0.611480428999869, 10.391269002], [-0.61168528099995, 10.3916418960001], [-0.611650392999877, 10.3921838860001], [-0.61188432299997, 10.3922864770001], [-0.612129497999945, 10.3921505880001], [-0.612334768999858, 10.392184713], [-0.612402165999924, 10.3926623690001], [-0.612626307999903, 10.3927656850001], [-0.612702169999977, 10.3928685030001], [-0.612752861999979, 10.39293737], [-0.613130588999979, 10.393450512], [-0.613365381999927, 10.393638055], [-0.613514607999946, 10.393757182], [-0.613631376999933, 10.3938896220001], [-0.613820488999863, 10.3940552240002], [-0.614034665999895, 10.394215343], [-0.614276294999911, 10.3946924620001], [-0.61472961599992, 10.3950871490002], [-0.614729463999936, 10.39521118], [-0.614923997999938, 10.3954980620002], [-0.615394647999892, 10.3953828640001], [-0.615310677999958, 10.3957493430001], [-0.615329980999945, 10.3959009590002], [-0.615189406999946, 10.396166138], [-0.615346104999958, 10.3963750510002], [-0.615345699999921, 10.3967057990002], [-0.615192200999957, 10.3970115570001], [-0.615308852999817, 10.397240465], [-0.615298966999887, 10.3973562140001], [-0.615578393999897, 10.3976624910001], [-0.615711888999954, 10.3977784130001], [-0.615677698999946, 10.3984178190001], [-0.615603299999918, 10.39925121], [-0.616000764999967, 10.3997114020001], [-0.61591153299986, 10.3998709660002], [-0.615806545999874, 10.4000587], [-0.615727964999962, 10.4005705000001], [-0.615883218999898, 10.4011081520002], [-0.615999683999974, 10.4014914080001], [-0.615999332999934, 10.4017780560002], [-0.615868582999951, 10.402114419], [-0.61565002899988, 10.4028305200001], [-0.615705526999932, 10.4029821790001], [-0.615889057999937, 10.4031643100001], [-0.61583583099997, 10.403832005], [-0.615322362999962, 10.4043646400002], [-0.615129082999943, 10.4048153780001], [-0.615058616999875, 10.4051275040001], [-0.614760678999914, 10.4051965260001], [-0.614633528999889, 10.40540194], [-0.614434249999931, 10.4058828400002], [-0.614478789999964, 10.4064100760001], [-0.614332926999964, 10.4073603730001], [-0.614130741999929, 10.407832634], [-0.613872139999955, 10.408436671], [-0.613810441999931, 10.408542966], [-0.613880077999909, 10.4089072950001], [-0.613687048999907, 10.4091498930001], [-0.613235009999926, 10.4100516660001], [-0.613466632999973, 10.4105116610001], [-0.613101438999877, 10.4107739140001], [-0.612769251999907, 10.4111675540001], [-0.613266196999916, 10.4116607060001], [-0.613431723999952, 10.4119236000001], [-0.613691007999876, 10.4121017620001], [-0.613862573999882, 10.4122196500001], [-0.613974843999927, 10.4124106180001], [-0.614364327999908, 10.4130731170001], [-0.61425884199997, 10.4136649460002], [-0.6145143789999, 10.4139422910001], [-0.61447471199989, 10.4145017590002], [-0.614423321999823, 10.4147815950001], [-0.614526595999905, 10.4153286920001], [-0.614745960999869, 10.4161493440002], [-0.614819352999973, 10.4164239090001], [-0.615216716999896, 10.416982612], [-0.615320152999971, 10.4175649500001], [-0.615562090999902, 10.4178050330001], [-0.615679457999931, 10.4183294750002], [-0.616219275999924, 10.4191461870001], [-0.616672458999915, 10.420071015], [-0.617076447999978, 10.4203232890001], [-0.617193270999962, 10.4204198960001], [-0.617707967999877, 10.421778774], [-0.618472660999942, 10.4215625040001], [-0.622330556999941, 10.4205321280001], [-0.62329374899997, 10.420362362], [-0.624251750999974, 10.4201939810001], [-0.625889172999848, 10.419983668], [-0.627267716999938, 10.4197179210001], [-0.629136461999963, 10.4193121690001], [-0.630646054999886, 10.4188839420002], [-0.632734658999937, 10.4185555960001], [-0.633861628999909, 10.4184633460002], [-0.636321166999949, 10.418262016], [-0.639640297999961, 10.4180370020001], [-0.641205216999936, 10.4179064600001], [-0.642831650999938, 10.4175472110001], [-0.64538510999995, 10.4175406270001], [-0.646568171999945, 10.4175375760001], [-0.648398106999934, 10.417378006], [-0.649689660999911, 10.4172653820002], [-0.649902776999966, 10.4172625250002], [-0.658479392999936, 10.4170431230002], [-0.659504535999929, 10.4170168840002], [-0.659537661999934, 10.4172960470001], [-0.659567994999975, 10.4175516630002], [-0.659607053999821, 10.4177943490001], [-0.659650963999979, 10.4180671690002], [-0.659713376999889, 10.4182822230002], [-0.659772668999949, 10.4184865190001], [-0.660063262999927, 10.419056794], [-0.660251896999966, 10.4196421150001], [-0.660344953999925, 10.4199917650001], [-0.66032555399994, 10.4202845], [-0.659879011999919, 10.4208787820002], [-0.65977182599994, 10.4210958410001], [-0.659880134999923, 10.42139036], [-0.660011725999823, 10.4217388700001], [-0.66018958899997, 10.4220477590002], [-0.659712452999941, 10.4229843750001], [-0.659871719999956, 10.4236457430001], [-0.659934200999885, 10.4239051960001], [-0.659659217999945, 10.4244011280001], [-0.659362499999929, 10.42443641], [-0.65927643099991, 10.4245163830001], [-0.659199789999946, 10.4245824510001], [-0.659123147999935, 10.4246485190001], [-0.658981548999918, 10.4249177910002], [-0.658966807999946, 10.4250314710001], [-0.658993903999885, 10.4252392150001], [-0.659035840999877, 10.4255607430001], [-0.658902695999871, 10.426101649], [-0.658487994999973, 10.4270369510002], [-0.658095417999959, 10.4274808410001], [-0.658056353999939, 10.427556596], [-0.658017288999929, 10.4276323510001], [-0.658016766999935, 10.4281119370001], [-0.658324873999959, 10.428991507], [-0.658324287999903, 10.429528974], [-0.658053617999883, 10.430063396], [-0.658053365999876, 10.4302949200002], [-0.658131036999976, 10.430562359], [-0.658130368999934, 10.4311742440001], [-0.658205400999918, 10.4313093800001], [-0.658234512999854, 10.4314237950001], [-0.658263624999961, 10.43153821], [-0.658282760999953, 10.4318634680001], [-0.658151330999885, 10.4323787440001], [-0.658242819999941, 10.432742666], [-0.658242316999974, 10.4332029580001], [-0.658049899999924, 10.4334701070001], [-0.657324496999877, 10.434844938], [-0.657285380999838, 10.4349190720001], [-0.657235046999915, 10.435114711], [-0.657266875999881, 10.435289767], [-0.657289004999939, 10.4354952650001], [-0.657330398999932, 10.4356148440002], [-0.657543167999961, 10.4359860140002], [-0.657542697999816, 10.4364159870001], [-0.657495156999971, 10.4366033610002], [-0.657387060999895, 10.4367917090001], [-0.657210599999871, 10.4370991790001], [-0.65704390399992, 10.4375924140002], [-0.656844967999973, 10.4378898280001], [-0.656758162999893, 10.4382887], [-0.656904978999876, 10.4390282200001], [-0.6565219659999, 10.4404307350001], [-0.656417500999964, 10.441042784], [-0.656387445999883, 10.4412188750001], [-0.656202490999931, 10.442290853], [-0.656130024999811, 10.4423541680002], [-0.656221246999962, 10.4429606400001], [-0.656220698999959, 10.443459519], [-0.656067384999972, 10.4436109470001], [-0.655510025999945, 10.4440237820001], [-0.65535654699994, 10.4443240470002], [-0.65543860199989, 10.4447992420002], [-0.655444982999882, 10.444931893], [-0.655444876999979, 10.445026983], [-0.655213254999978, 10.4454870250001], [-0.655081952999979, 10.4458755130001], [-0.655037004999883, 10.4462337750001], [-0.654417930999898, 10.4470544660001], [-0.654342579999877, 10.4472059770001], [-0.654371833999903, 10.448020016], [-0.653739280999957, 10.4488645790001], [-0.653738898999961, 10.4492091080002], [-0.653429360999894, 10.449616695], [-0.653314936999948, 10.4498480950002], [-0.653314597999895, 10.4501540370001], [-0.653247626999871, 10.450280752], [-0.653072140999939, 10.45046761], [-0.652355506999868, 10.4512306830002], [-0.652093294999929, 10.451643833], [-0.651967433999914, 10.4521425750002], [-0.651752390999889, 10.4527073690002], [-0.651657033999925, 10.4538228570001], [-0.651636714999825, 10.4540605550002], [-0.651374242999964, 10.4547052270001], [-0.651170174999947, 10.4554133570001], [-0.651005583999904, 10.455680532], [-0.650991843999918, 10.4558238870001], [-0.650950643999977, 10.4562537690001], [-0.65089570299989, 10.456827006], [-0.650961659999837, 10.4576098490001], [-0.650744908999911, 10.4582108380001], [-0.650710262999894, 10.4583069020001], [-0.650651719999928, 10.458364719], [-0.650559382999859, 10.4587615150001], [-0.65370177899996, 10.4704541380001], [-0.666430715999979, 10.4784504010001], [-0.670371725999928, 10.4809259430001], [-0.670482055999969, 10.4809952500001], [-0.665065375999973, 10.4940766680001], [-0.66214316099996, 10.5011333720001], [-0.663340868999853, 10.5026855360001], [-0.664065200999914, 10.507688748], [-0.664432001999955, 10.5102223120002], [-0.66589312799988, 10.520314892], [-0.666576602999953, 10.5250357130001], [-0.666792844999918, 10.5265293700001], [-0.667578800999934, 10.5269739120001], [-0.665943562999814, 10.528370895], [-0.665656607999949, 10.5286758700001], [-0.665241698999921, 10.5291168380002], [-0.665019357999881, 10.5293531430001], [-0.664851164999845, 10.5296482940001], [-0.664528584999971, 10.5302143640002], [-0.663977582999962, 10.531220423], [-0.663716945999965, 10.53216174], [-0.663514876999955, 10.532924845], [-0.663192699999911, 10.534159361], [-0.662935854999887, 10.53466329], [-0.662323722999872, 10.5360825210001], [-0.661956347999933, 10.537018647], [-0.661301377999962, 10.5382513330002], [-0.660671615999888, 10.5390484170001], [-0.66015608899994, 10.539664515], [-0.658930167999927, 10.5404291630001], [-0.658226847999913, 10.541455554], [-0.657859755999937, 10.542119783], [-0.657549498999913, 10.5424170190001], [-0.65686510099988, 10.5434948720002], [-0.656327387999966, 10.544629907], [-0.655622677999929, 10.5461174460001], [-0.655099846999917, 10.5469025450001], [-0.654685624999956, 10.5475245540002], [-0.65405046099994, 10.548478336], [-0.653566765999926, 10.5488411050001], [-0.652952798999934, 10.5494845980002], [-0.652499138999929, 10.549960072], [-0.652071998999872, 10.5504077530001], [-0.651228095999954, 10.5509548200001], [-0.650580677999926, 10.5513745120001], [-0.649733271999878, 10.5519238490001], [-0.649090230999889, 10.552273558], [-0.648150817999976, 10.5527844460001], [-0.647682936999956, 10.5530388960001], [-0.646765169999981, 10.5535201380001], [-0.646530784999868, 10.553642923], [-0.645358846999954, 10.5540739950002], [-0.644720415999927, 10.5543088290001], [-0.644516901999964, 10.5543809750002], [-0.643768785999953, 10.554627807], [-0.643199873999947, 10.5548155120002], [-0.642565420999972, 10.5550248420001], [-0.641376251999873, 10.5553911810001], [-0.640729111999974, 10.5555905420002], [-0.639700701999971, 10.5557277860001], [-0.638742728999944, 10.5558556310002], [-0.637801358999923, 10.5556185780002], [-0.637676188999876, 10.5555870580001], [-0.637144758999966, 10.5553627160002], [-0.636353724999879, 10.5550287840001], [-0.634730225999931, 10.5546437990001], [-0.633396207999965, 10.554441051], [-0.632505354999978, 10.554012804], [-0.631365785999947, 10.5530622350001], [-0.630640682999967, 10.5526600860002], [-0.629876744999933, 10.5527166330002], [-0.629112916999929, 10.5527731680001], [-0.628951346999884, 10.5527863730001], [-0.628063857999905, 10.5528665390001], [-0.627266132999978, 10.5530615980002], [-0.626731407999898, 10.5531938680001], [-0.626060355999869, 10.553382014], [-0.625360987999954, 10.5535780980001], [-0.625265763999948, 10.553606197], [-0.624636578999969, 10.55382652], [-0.624359906999871, 10.5539234020001], [-0.623567141999899, 10.554201005], [-0.623486396999908, 10.554228899], [-0.622397214999921, 10.5545882060002], [-0.621612073999813, 10.554847213], [-0.620272621999902, 10.5553213310002], [-0.619413823999935, 10.5555844890001], [-0.618982444999915, 10.555716673], [-0.617862758999934, 10.5554735810002], [-0.617150057999936, 10.5553285910001], [-0.615451081999936, 10.5551799060001], [-0.613619449999931, 10.5541937070001], [-0.612924233999934, 10.5531300170001], [-0.611854919999928, 10.553017945], [-0.61116267899996, 10.5531106130001], [-0.610599853999929, 10.5531859570001], [-0.610430750999967, 10.55320406], [-0.609695840999905, 10.553268454], [-0.609308950999946, 10.5533023550001], [-0.608903348999888, 10.5533336200001], [-0.60879235799996, 10.5533053360001], [-0.608643177999966, 10.5532673210001], [-0.60843728999987, 10.5532148560001], [-0.608202030999962, 10.5531549060001], [-0.607874230999926, 10.5530656030001], [-0.607581361999905, 10.552937108], [-0.607320680999919, 10.5528226480001], [-0.607061490999968, 10.552708843], [-0.606912358999978, 10.5526638280001], [-0.605621950999875, 10.552274326], [-0.605299303999914, 10.551907348], [-0.603793312999926, 10.5511640470001], [-0.603102514999875, 10.5511653920001], [-0.601299249999897, 10.5498318780001], [-0.60085203899996, 10.548492079], [-0.600570290999883, 10.5483074530002], [-0.600311934999922, 10.5481606150001], [-0.600070795999954, 10.5480235630001], [-0.599316115999954, 10.5475946330002], [-0.598527295999872, 10.5475332290001], [-0.598343881999881, 10.54751895], [-0.597907204999899, 10.5474828400001], [-0.596545616999947, 10.5468221320001], [-0.595487594999895, 10.546571296], [-0.594677995999973, 10.5463793530002], [-0.593588414999886, 10.546121028], [-0.592697416999954, 10.5462978320001], [-0.592309121999904, 10.5463748820001], [-0.591228548999936, 10.5465892990001], [-0.590570852999974, 10.547098551], [-0.58995988199996, 10.547571621], [-0.589028715999916, 10.5481988280002], [-0.588620719999824, 10.548413722], [-0.588167413999884, 10.5486524810001], [-0.58792213799984, 10.548636377], [-0.58730342299998, 10.5485957580001], [-0.586698159999912, 10.5485599310001], [-0.586045955999964, 10.548590462], [-0.585929045999933, 10.5485893910001], [-0.585778392999941, 10.5485850370001], [-0.584852167999941, 10.5484948970001], [-0.584054353999932, 10.5484172520001], [-0.583290526999974, 10.5483429120002], [-0.58178543899993, 10.5484615410002], [-0.580879119999906, 10.5485803040001], [-0.579989347999913, 10.5487157110001], [-0.578725939999913, 10.5492832680002], [-0.578202910999892, 10.5498010000001], [-0.577291158999969, 10.5507535170001], [-0.576986512999895, 10.5511933120001], [-0.576645483999926, 10.551685626], [-0.576457012999867, 10.5521050290002], [-0.5763188869999, 10.552412399], [-0.575807813999972, 10.5535715250002], [-0.575578137999969, 10.5540931110002], [-0.575069053999869, 10.5548154770001], [-0.574551087999907, 10.555550442], [-0.574248746999956, 10.5560094460002], [-0.574105964999944, 10.5562262110001], [-0.573730335999869, 10.5567964720001], [-0.57330712299995, 10.557577383], [-0.573115221999956, 10.5579314750001], [-0.572976562999941, 10.5580833350001], [-0.572889314999827, 10.5582430460001], [-0.572652669999968, 10.5586762310001], [-0.572300021999979, 10.559321762], [-0.572086063999961, 10.5597134160001], [-0.571931237999934, 10.5599299070001], [-0.571880920999945, 10.559996578], [-0.571043390999932, 10.5610898260001], [-0.570302517999949, 10.5620568980002], [-0.56987651299994, 10.5624951070001], [-0.56949413399991, 10.562888438], [-0.569115361999934, 10.5632780560001], [-0.568907174999936, 10.5634848930001], [-0.568653814999948, 10.5637353500001], [-0.567866398999968, 10.564513738], [-0.567729577999955, 10.5646489910001], [-0.56746799799987, 10.564881445], [-0.566302827999948, 10.565769536], [-0.565926312999864, 10.56618142], [-0.565854459999969, 10.5662393570001], [-0.565633283999944, 10.5664091730001], [-0.565403505999939, 10.5665851040002], [-0.564951495999935, 10.566908669], [-0.564217485999961, 10.5674701500001], [-0.563285010999891, 10.5680231110001], [-0.562796970999955, 10.5683125210001], [-0.56218681099989, 10.5686743470001], [-0.561850786999969, 10.568905161], [-0.560889710999959, 10.5695653190001], [-0.560235025999873, 10.5702482210002], [-0.559636123999951, 10.5704871160001], [-0.558673147999968, 10.5708792140001], [-0.557311112999969, 10.5715009560001], [-0.555515850999939, 10.571632558], [-0.553954068999928, 10.5717470440001], [-0.553208635999908, 10.5716249520001], [-0.552550688999929, 10.5715171850002], [-0.55091566499982, 10.5712493800001], [-0.550177641999937, 10.5710161090001], [-0.548515560999931, 10.570490762], [-0.547127464999903, 10.5697923860002], [-0.546043177999877, 10.5691385560001], [-0.545430151999881, 10.568769723], [-0.545203360999949, 10.5686332710001], [-0.544382377999966, 10.5681393140002], [-0.543839391999882, 10.5675990970001], [-0.543116113999929, 10.566879504], [-0.542396629999871, 10.5661636800002], [-0.542193134999934, 10.5659612200001], [-0.541845525999861, 10.565622261], [-0.540903264999884, 10.5652063370001], [-0.53985674199987, 10.5648461370001], [-0.539356032999933, 10.5646741940002], [-0.538699691999966, 10.564448806], [-0.537588376999963, 10.5638959820001], [-0.537160420999896, 10.5636830930001], [-0.536322239999834, 10.563161813], [-0.535690919999979, 10.5627703910001], [-0.534600228999977, 10.5621431280002], [-0.534192330999815, 10.5619060700001], [-0.533097687999941, 10.561265476], [-0.532470779999926, 10.5608986010001], [-0.531431387999817, 10.56029033], [-0.530486052999947, 10.5597391960001], [-0.530016215999979, 10.559511288], [-0.528671786999837, 10.5588858180001], [-0.527536170999952, 10.5585034720002], [-0.526761240999917, 10.558242562], [-0.526102135999849, 10.558020651], [-0.525136015999919, 10.5576953690002], [-0.52344889699998, 10.557938371], [-0.523127630999852, 10.558018673], [-0.521393863999947, 10.5584520300001], [-0.520227360999968, 10.558750844], [-0.519155715999943, 10.5593841320002], [-0.519002481999962, 10.5594363230001], [-0.518640122999898, 10.5595597420001], [-0.518339205999951, 10.5596116510001], [-0.518188747999943, 10.5596376050001], [-0.517758607999951, 10.5597839870001], [-0.517330293999976, 10.559968414], [-0.516622297999902, 10.560273268], [-0.515950630999953, 10.560501002], [-0.515490252999939, 10.5609908960001], [-0.515398119999873, 10.561060996], [-0.515099813999882, 10.5612879640001], [-0.514906014999951, 10.5614185840001], [-0.514712215999964, 10.5615492050002], [-0.514234073999944, 10.5618427830001], [-0.512920519999966, 10.5626493030001], [-0.512274997999953, 10.5631031590001], [-0.511912456999937, 10.5635072870002], [-0.511521897999955, 10.5638760110001], [-0.510999915999946, 10.5642250810001], [-0.510791969999957, 10.5643852200001], [-0.510710397999958, 10.5644480380001], [-0.510577835999925, 10.5646049340001], [-0.510445273999892, 10.5647618310001], [-0.510296543999914, 10.5650575700001], [-0.509252799999899, 10.5659812200001], [-0.508860525999864, 10.5663689740001], [-0.508534089999955, 10.5666992070001], [-0.508457624999835, 10.5668448590001], [-0.508285419999879, 10.567172881], [-0.508194009999954, 10.5675990380001], [-0.508177103999969, 10.5678465960001], [-0.508147863999966, 10.568228557], [-0.508079155999951, 10.568938088], [-0.508070769999961, 10.5690246920001], [-0.508069765999892, 10.5696558540001], [-0.508204581999962, 10.5703744210001], [-0.508207525999921, 10.5706110810002], [-0.508201059999919, 10.570853302], [-0.508100683999942, 10.5712324300001], [-0.508163987999978, 10.5714919820001], [-0.508172139999942, 10.5718416550002], [-0.508098822999898, 10.5724010430001], [-0.508090131999893, 10.5726111870001], [-0.508081440999888, 10.5728213320002], [-0.50807274899995, 10.5730314760001], [-0.508064057999945, 10.573241621], [-0.508307052999896, 10.5745870090001], [-0.508320356999945, 10.574808927], [-0.508325836999859, 10.574900334], [-0.508344620999878, 10.5752136590001], [-0.50835161699996, 10.5753303360001], [-0.508358611999881, 10.5754470140001], [-0.508552939999902, 10.575866254], [-0.508669818999977, 10.5763579650001], [-0.508791298999824, 10.5766259490001], [-0.508905135999896, 10.5768617790001], [-0.508946329999958, 10.577082901], [-0.509029429999885, 10.577528965], [-0.509047133999957, 10.577782561], [-0.509064837999972, 10.5780361560002], [-0.509048816999893, 10.5781381190001], [-0.508974784999907, 10.5786092980001], [-0.508868231999884, 10.579047363], [-0.508762165999883, 10.5791794940001], [-0.50865602399989, 10.5793118830001], [-0.508548268999959, 10.579678027], [-0.508440364999899, 10.5800892950001], [-0.508439995999879, 10.580320892], [-0.508439601999953, 10.5805681000001], [-0.508438767999962, 10.58109177], [-0.50842631699993, 10.5815998200001], [-0.508423325999843, 10.5817218290002], [-0.508413966999967, 10.5821037240001], [-0.508409620999942, 10.5822810490001], [-0.50838502299996, 10.583427974], [-0.50843337699996, 10.583878063], [-0.508453282999938, 10.584223225], [-0.508452444999932, 10.5847492250001], [-0.508362118999912, 10.585491871], [-0.508316954999941, 10.5858631940001], [-0.508286666999879, 10.586112225], [-0.508271791999903, 10.586234517], [-0.508273773999974, 10.586448214], [-0.508278923999967, 10.5870034980001], [-0.508286055999918, 10.5877724800001], [-0.508224798999947, 10.5880405740001], [-0.508159107999916, 10.5883280640001], [-0.508126151999932, 10.5884722970001], [-0.508132751999938, 10.5886039450001], [-0.508161250999933, 10.5891724170001], [-0.508160136999891, 10.589871193], [-0.50819530699988, 10.5905270390001], [-0.508165601999906, 10.5911034650002], [-0.508034910999925, 10.5915342540002], [-0.507802907999917, 10.5920244890002], [-0.507501425999919, 10.5924098810001], [-0.507465021999963, 10.5924922740001], [-0.507401613999946, 10.5926357830001], [-0.507161190999966, 10.593189065], [-0.507072964999907, 10.5938065860001], [-0.507019754999874, 10.5939815200002], [-0.506966544999898, 10.5941564530002], [-0.506910248999873, 10.5942963720001], [-0.506790336999927, 10.5945944070002], [-0.506761977999872, 10.5947065100001], [-0.506730527999935, 10.594830823], [-0.506602498999882, 10.5953368990001], [-0.506414659999905, 10.5960793910001], [-0.506290962999969, 10.5967792630001], [-0.506290829999955, 10.5968622460001], [-0.506290583999942, 10.597015648], [-0.506290432999947, 10.597110002], [-0.506164036999962, 10.5977547460001], [-0.505934276999938, 10.5985784790001], [-0.50577591199982, 10.5989971830001], [-0.505711437999878, 10.5991676460001], [-0.505428274999929, 10.5999163090002], [-0.505311855999878, 10.6002241120001], [-0.50524728399995, 10.6003948350001], [-0.505181230999881, 10.6005757820001], [-0.505073784999979, 10.6009718750001], [-0.504996985999924, 10.601346995], [-0.504955505999874, 10.6015720230002], [-0.504939285999967, 10.6017956120001], [-0.505024981999952, 10.6023295720001], [-0.50505931899994, 10.6024340860002], [-0.505208332999928, 10.6027295540001], [-0.505305559999954, 10.6029206810001], [-0.50562472799993, 10.6034504520001], [-0.505806704999941, 10.60374824], [-0.5059263469999, 10.6039440220001], [-0.505966951999881, 10.6040579690002], [-0.505994815999884, 10.604137945], [-0.506049917999917, 10.604296102], [-0.506137684999885, 10.60440684], [-0.506420091999928, 10.6048577450001], [-0.506488987999944, 10.6050786050001], [-0.506605884999942, 10.6053468490001], [-0.506732762999945, 10.605532278], [-0.506876155999976, 10.6057484880001], [-0.507022908999943, 10.6059942650002], [-0.507075619999966, 10.6060825420001], [-0.507109971999967, 10.6062203110002], [-0.507180247999941, 10.6065021450001], [-0.507198543999948, 10.606738702], [-0.507216042999971, 10.6069741640001], [-0.507138112999883, 10.607359456], [-0.507108138999911, 10.6075076500001], [-0.507026009999947, 10.6079137020001], [-0.506940567999891, 10.6082797330001], [-0.506878587999836, 10.6085273970001], [-0.506806177999977, 10.608816738], [-0.506740101999924, 10.6090807730001], [-0.506688124999869, 10.6092884610001], [-0.506497136999883, 10.6097782740002], [-0.506450895999876, 10.6098871030002], [-0.506363174999933, 10.610069289], [-0.506290017999902, 10.6102205970001], [-0.506197499999871, 10.6104119500002], [-0.506067361999953, 10.61067603], [-0.505997651999962, 10.6107853980002], [-0.505923210999924, 10.6109021920001], [-0.505828797999925, 10.6110503190001], [-0.505746403999865, 10.6111795880001], [-0.50567478399995, 10.6112919530001], [-0.505562242999815, 10.6114685220001], [-0.50549969899987, 10.6115666490001], [-0.505291580999881, 10.611873788], [-0.505189289999862, 10.6120188520001], [-0.505030944999817, 10.612243472], [-0.504935104999959, 10.6123993560001], [-0.504894947999844, 10.612466706], [-0.504839691999962, 10.6125593790001], [-0.504743327999904, 10.612720997], [-0.504619256999945, 10.612959989], [-0.504582825999933, 10.6130807910001], [-0.504539251999972, 10.6132252780001], [-0.504498551999973, 10.6133602400001], [-0.5044429269999, 10.6135430110002], [-0.504378133999978, 10.613690638], [-0.504330528999958, 10.6137971730001], [-0.504263189999961, 10.6139478730001], [-0.504172173999905, 10.614151559], [-0.504047598999875, 10.6144836860001], [-0.503993974999901, 10.6146414770001], [-0.503959058999953, 10.6147442230001], [-0.503893427999913, 10.6149373440002], [-0.503840557999979, 10.615092916], [-0.50379165499993, 10.6152680070001], [-0.503731788999971, 10.6154846520001], [-0.503579113999933, 10.6159057410001], [-0.503497419999917, 10.616036942], [-0.503385894999951, 10.616226098], [-0.503278099999932, 10.6164958140001], [-0.503218173999926, 10.6166463500002], [-0.503186040999935, 10.616727069], [-0.502999566999961, 10.617158823], [-0.502908315999946, 10.6173063800001], [-0.502816597999924, 10.617454691], [-0.502503137999895, 10.6179521170001], [-0.502422533999891, 10.6180634990001], [-0.5023462609999, 10.6181688990001], [-0.502270881999891, 10.6182730640001], [-0.50211083399995, 10.6185280340001], [-0.50199951999997, 10.6187301820001], [-0.501818593999928, 10.6189827350001], [-0.501768798999933, 10.619049638], [-0.501780262999887, 10.6192895190001], [-0.501893415999916, 10.6192846500002], [-0.502077184999848, 10.6193213870001], [-0.502069668999923, 10.6195566710002], [-0.502061480999885, 10.6198130040002], [-0.502055009999879, 10.6200155470002], [-0.502050907999887, 10.6201439710001], [-0.502046471999961, 10.620282829], [-0.502016046999927, 10.6203947280002], [-0.501844973999823, 10.6204948880001], [-0.501667402999942, 10.6204833850001], [-0.501546899999937, 10.6204460330001], [-0.501460431999874, 10.620537218], [-0.501427984999964, 10.6206799020001], [-0.501405601999977, 10.6207997080001], [-0.501389055999937, 10.6208882680002], [-0.501373738999973, 10.6209702510001], [-0.501355061999959, 10.6210702220001], [-0.501318027999901, 10.621168154], [-0.501274005999903, 10.6212814320002], [-0.50122499899993, 10.6213986680001], [-0.501121112999954, 10.6215230450002], [-0.501018042999874, 10.6216458860001], [-0.500755562999927, 10.6220171000001], [-0.500703731999977, 10.622098469], [-0.500656068999945, 10.622173294], [-0.50059579099991, 10.6222723760001], [-0.500523965999946, 10.622407939], [-0.500469285999941, 10.6225114490001], [-0.500406090999945, 10.622631077], [-0.500338388999864, 10.6227064280001], [-0.500267013999974, 10.6227760410001], [-0.500182480999911, 10.6228584880001], [-0.500106344999949, 10.6229327460002], [-0.500043382999877, 10.622994153], [-0.499978882999869, 10.6230570620002], [-0.499884867999924, 10.6231487580001], [-0.499821487999895, 10.623210575], [-0.499757805999877, 10.6232726850001], [-0.499669581999967, 10.6232925040001], [-0.499399878999839, 10.6233891680001], [-0.49928798499991, 10.6234237460001], [-0.499090692999914, 10.623484716], [-0.498775707999869, 10.6235820580001], [-0.498605900999962, 10.6236293270002], [-0.498436093999942, 10.6236765960001], [-0.498316905999957, 10.6237097740002], [-0.498219971999902, 10.623736751], [-0.497891330999892, 10.623828212], [-0.497786197999972, 10.6238574710001], [-0.497210832999883, 10.624012608], [-0.496831600999883, 10.6240791920002], [-0.496479743999885, 10.6241409700002], [-0.496206713999868, 10.6241679470002], [-0.495851467999955, 10.6241925400001], [-0.495711709999966, 10.6242022160001], [-0.495395379999877, 10.6242241150002], [-0.495314329999928, 10.624229726], [-0.494795017999934, 10.624267133], [-0.494593705999876, 10.6242671540001], [-0.494373443999962, 10.6242668000001], [-0.494000452999842, 10.624263131], [-0.493849052999906, 10.6242484720001], [-0.493366812999909, 10.6242019610002], [-0.493229861999964, 10.6241890110001], [-0.493134767999891, 10.624170927], [-0.492692520999867, 10.6240797970001], [-0.492614581999931, 10.6240637380001], [-0.492309384999885, 10.6240008500001], [-0.492180938999923, 10.6239743230001], [-0.491943235999884, 10.6239091410001], [-0.491603922999957, 10.6238470150001], [-0.491514782999957, 10.6238317220001], [-0.49140234399988, 10.6238124300002], [-0.49128839499997, 10.623792879], [-0.49097700599998, 10.623739453], [-0.490891741999917, 10.623724824], [-0.490266829999939, 10.6234832740001], [-0.490120181999941, 10.623430902], [-0.490033851999897, 10.6234001670001], [-0.489932741999894, 10.6233641730001], [-0.489623875999939, 10.6233137600001], [-0.489331411999956, 10.6232691870001], [-0.488781310999912, 10.6231800950001], [-0.488269081999931, 10.623097137], [-0.487005784999837, 10.6228216590001], [-0.48671902399991, 10.622745577], [-0.48656092799996, 10.6227036320001], [-0.486242739999852, 10.6226192140002], [-0.485721494999893, 10.6224503500001], [-0.485455544999979, 10.622364192], [-0.485275372999922, 10.6223058830001], [-0.484935899999925, 10.622214002], [-0.484446626999897, 10.622081579], [-0.484161301999961, 10.6220811100001], [-0.483833631999914, 10.6219686830001], [-0.483414136999954, 10.6218495180001], [-0.483288074999962, 10.6218137070001], [-0.482608091999964, 10.621634108], [-0.481973547999928, 10.6215207700001], [-0.48157446599987, 10.6214253530001], [-0.480755877999968, 10.6211171050002], [-0.480571412999893, 10.6210144020001], [-0.479870081999877, 10.6206239260001], [-0.479537642999901, 10.620400505], [-0.479234314999928, 10.6201932910001], [-0.479101090999961, 10.620075188], [-0.47897858999994, 10.6199665900001], [-0.478427574999898, 10.6194781110001], [-0.478022564999947, 10.6192665940001], [-0.477582752999979, 10.6190474170002], [-0.477348448999976, 10.6189958550002], [-0.476809907999893, 10.6188773390001], [-0.476043906999962, 10.6187851110001], [-0.475730478999935, 10.6187845880002], [-0.475411383999926, 10.6187856070002], [-0.475124289999883, 10.618863677], [-0.474842862999935, 10.6189402070002], [-0.474368974999891, 10.6190937590001], [-0.474086444999898, 10.6191867860001], [-0.473803913999973, 10.6192798110002], [-0.473694375999969, 10.6193158780001], [-0.473323777999951, 10.619348331], [-0.472954253999944, 10.6193806900001], [-0.472740540999894, 10.6193643980002], [-0.472045826999874, 10.6193048570001], [-0.471894092999946, 10.619262655], [-0.471268130999931, 10.619088559], [-0.470851791999962, 10.6189886370001], [-0.470643621999955, 10.6189386760001], [-0.470539536999979, 10.6189136950001], [-0.470424589999936, 10.6188847440001], [-0.469933694999952, 10.6187052990001], [-0.469641554999896, 10.618598484], [-0.469303992999869, 10.6184751080002], [-0.468695491999881, 10.6182316360001], [-0.468578662999903, 10.618184635], [-0.468435702999955, 10.6181268710002], [-0.468303396999943, 10.6180731740001], [-0.468170393999969, 10.6180189470001], [-0.467702843999916, 10.6178030020001], [-0.467569243999947, 10.617722396], [-0.467314599999952, 10.617568761], [-0.46694473499997, 10.6171795180001], [-0.466574869999931, 10.6167902750001], [-0.466435469999965, 10.6165322480001], [-0.466365780999865, 10.6164032540001], [-0.466325595999933, 10.6163288700002], [-0.466127756999867, 10.6159626720001], [-0.465913872999977, 10.615595743], [-0.465699987999926, 10.6152288120001], [-0.465636653999923, 10.6151244330001], [-0.465186050999932, 10.614381802], [-0.465131704999976, 10.6142939410001], [-0.465079101999891, 10.6142088980001], [-0.46481770999992, 10.6137835390002], [-0.464561465999964, 10.6132980290001], [-0.464110918999893, 10.6126325770002], [-0.464018432999978, 10.6124751020002], [-0.463757894999901, 10.6120314920001], [-0.463395991999903, 10.6114152900001], [-0.463277041999902, 10.61110987], [-0.462929663999944, 10.610206108], [-0.462878414999977, 10.6100727730001], [-0.462729119999949, 10.6098401640001], [-0.462640639999847, 10.6097023080001], [-0.462402863999955, 10.6093318400002], [-0.462092132999942, 10.6088477030002], [-0.461722401999964, 10.6083909290001], [-0.461298703999944, 10.6078938670001], [-0.460977062999973, 10.607653762], [-0.460542178999958, 10.607331538], [-0.459591415999967, 10.606660553], [-0.459299199999862, 10.6064744560002], [-0.458928021999952, 10.606238073], [-0.45871483399992, 10.6061023060001], [-0.457867411999871, 10.6056611870001], [-0.457726741999977, 10.6055879620002], [-0.457345540999938, 10.6053227150002], [-0.456942334999894, 10.6048975740001], [-0.456784799999923, 10.6047783250001], [-0.456660301999932, 10.604684865], [-0.456563876999951, 10.6046846980001], [-0.455964861999917, 10.6046836640002], [-0.455598950999956, 10.6045913280001], [-0.455179793999889, 10.6043708620001], [-0.454995851999968, 10.6041796510001], [-0.454785698999956, 10.6039611940001], [-0.45458352199995, 10.603635317], [-0.454459982999936, 10.6033911850001], [-0.454314196999974, 10.6031334990001], [-0.454218628999968, 10.602964578], [-0.454119836999951, 10.6027899560002], [-0.454057290999913, 10.602679402], [-0.453875064999863, 10.602551461], [-0.453345911999975, 10.602179941], [-0.453069536999919, 10.6019858970001], [-0.452553212999931, 10.601730056], [-0.452429390999953, 10.601668701], [-0.452125969999827, 10.6015183550002], [-0.451866536999944, 10.6014410020001], [-0.451452060999941, 10.6013601940002], [-0.450610237999911, 10.6011697870001], [-0.450140159999933, 10.601225612], [-0.449295928999959, 10.6012902830001], [-0.449187275999861, 10.6013034030001], [-0.448791587999892, 10.6013511780001], [-0.448395900999913, 10.6013989540002], [-0.447629812999935, 10.601446566], [-0.447317652999971, 10.6014659670001], [-0.446866014999898, 10.6014287820001], [-0.446462519999898, 10.6013955600001], [-0.446250531999965, 10.6012902310001], [-0.446036663999962, 10.6011839670001], [-0.445583209999825, 10.6009519640001], [-0.445218524999916, 10.600682288], [-0.444780838999975, 10.600318697], [-0.44467152999988, 10.6002278930002], [-0.44414852899996, 10.5998097660001], [-0.443857507999951, 10.5997541300001], [-0.443579428999954, 10.5997009670001], [-0.443219976999956, 10.5997444290001], [-0.44285969699996, 10.5997887080002], [-0.44277096199994, 10.599876183], [-0.44270179699987, 10.5999443670001], [-0.442364121999901, 10.6000764070001], [-0.442235798999945, 10.6001304050001], [-0.441161492999811, 10.60058145], [-0.440403171999947, 10.6008953040001], [-0.440222038999877, 10.600970272], [-0.439835443999868, 10.6011302750001], [-0.438845781999873, 10.6015061040001], [-0.438682678999953, 10.6015660880001], [-0.438293764999855, 10.6017091180001], [-0.437697236999952, 10.601928499], [-0.437011308999956, 10.602260766], [-0.436696305999931, 10.602370448], [-0.43626357799991, 10.6025058660001], [-0.435917934999907, 10.6026140320001], [-0.435656512999969, 10.6026945880001], [-0.435245451999947, 10.6028129640001], [-0.435100415999955, 10.6028547310001], [-0.434784146999903, 10.6029458090002], [-0.433919091999826, 10.6030800680002], [-0.433443409999882, 10.6031275610001], [-0.432841951999876, 10.6031876110001], [-0.432602935999967, 10.6032340660001], [-0.432330583999942, 10.603260247], [-0.432245635999891, 10.6032637080001], [-0.431986529999961, 10.6032742650002], [-0.431176855999922, 10.603333826], [-0.43081630599994, 10.6033603480001], [-0.430704444999947, 10.6033601450002], [-0.430213504999926, 10.6033592570001], [-0.429592377999938, 10.6033581320001], [-0.429387701999872, 10.603444661], [-0.428246445999946, 10.6034758960001], [-0.427584274999958, 10.6035056090001], [-0.427456264999933, 10.6035113540001], [-0.427283166999928, 10.6035357730001], [-0.426839032999965, 10.6035984260001], [-0.426189510999961, 10.6036862150002], [-0.425704999999823, 10.6036969580001], [-0.42518819999998, 10.6037084180001], [-0.424682682999958, 10.6036785490001], [-0.42441101999998, 10.6036624970001], [-0.423984835999931, 10.6036373150002], [-0.423658930999977, 10.6036146690001], [-0.42333129799988, 10.6035917670001], [-0.423044656999878, 10.6035490870001], [-0.422722889999818, 10.603501178], [-0.422433441999942, 10.6034580810001], [-0.422286895999889, 10.6034398880001], [-0.421711156999947, 10.603368346], [-0.421288707999963, 10.6033209280002], [-0.420185840999864, 10.6031425070001], [-0.41899628099992, 10.6031403130001], [-0.418848433999869, 10.6031400410001], [-0.417714788999945, 10.6031379460002], [-0.417278775999932, 10.6031846180001], [-0.416499905999956, 10.6032679900001], [-0.415850525999872, 10.6034128610001], [-0.415084158999889, 10.603546488], [-0.414253638999924, 10.603721335], [-0.413601365999966, 10.6039213180001], [-0.412408466999921, 10.6042084860001], [-0.411544512999967, 10.604383264], [-0.410373854999875, 10.6046925150001], [-0.409587686999942, 10.604980434], [-0.40891299499998, 10.6052465110001], [-0.407641631999979, 10.6057677840001], [-0.406540437999979, 10.6061681030001], [-0.405258162999928, 10.6065653200001], [-0.403953642999909, 10.6069404400002], [-0.403020157999947, 10.6070489150002], [-0.402097812999898, 10.6071601650002], [-0.401468010999963, 10.6072581870001], [-0.400838207999868, 10.6073562100001], [-0.399759937999931, 10.6074230570001], [-0.398636967999835, 10.607553207], [-0.397714317999942, 10.6078187860001], [-0.397039788999905, 10.607993885], [-0.396791623999889, 10.60810641], [-0.396172913999976, 10.6082292490001], [-0.395275245999926, 10.6085389660001], [-0.393881340999883, 10.6090241160001], [-0.393420827999876, 10.609177716], [-0.392484682999964, 10.6094899610002], [-0.391586833999952, 10.6098878620002], [-0.390460626999925, 10.6102412200001], [-0.389381864999848, 10.610550569], [-0.388347647999979, 10.6108737810001], [-0.387628263999886, 10.6111838220001], [-0.38704238299988, 10.6116043660001], [-0.386233490999928, 10.6120933750001], [-0.385377459999972, 10.6124692910001], [-0.38447662699997, 10.6129581170001], [-0.383958671999949, 10.6132673500002], [-0.383846251999955, 10.6133344690002], [-0.382530065999958, 10.613943744], [-0.381810354999971, 10.614410867], [-0.380978714999912, 10.6151203070001], [-0.380076928999927, 10.6160748980001], [-0.379423176999978, 10.6169858800002], [-0.378749582999944, 10.617802975], [-0.378230626999937, 10.6184415030001], [-0.377577582999891, 10.6189969430001], [-0.376991534999888, 10.6194863690001], [-0.376157402999979, 10.6200386910001], [-0.375529560999894, 10.6205280300002], [-0.37498835699995, 10.620882492], [-0.374586619999945, 10.6212330720001], [-0.374402255999883, 10.62139396], [-0.373597466999911, 10.6218338650001], [-0.372881014999962, 10.6223617490001], [-0.372028497999963, 10.6228357900002], [-0.369964757999981, 10.6238159750002], [-0.369638775999931, 10.6239729940001], [-0.368433950999872, 10.6244385370002], [-0.367491663999886, 10.6247342990001], [-0.366334941999924, 10.6249855290001], [-0.365689090999979, 10.6251264220002], [-0.365550399999961, 10.6251536820001], [-0.364367399999935, 10.625276457], [-0.363285889999929, 10.6254529070001], [-0.361753404999945, 10.625610158], [-0.36064169399998, 10.6256492390002], [-0.360525379999956, 10.6256876580001], [-0.36012870899998, 10.6258190720001], [-0.359560153999837, 10.625923798], [-0.359377059999872, 10.625957756], [-0.359228470999938, 10.6259853590001], [-0.358373068999924, 10.6260277100001], [-0.357774250999967, 10.6259410480001], [-0.356298186999936, 10.625684467], [-0.355187272999956, 10.6253431900001], [-0.35441721199993, 10.625001673], [-0.354332636999857, 10.6249582740001], [-0.354206821999924, 10.6248943520001], [-0.353049922999958, 10.6242391160001], [-0.352410214999964, 10.6237279210002], [-0.351919039999814, 10.6234524390001], [-0.351845783999977, 10.6233789110001], [-0.351745802999972, 10.6232785890001], [-0.351540826999951, 10.623096999], [-0.350808140999902, 10.6224623260002], [-0.349890516999949, 10.6214923410001], [-0.349271381999927, 10.6206180810001], [-0.348421103999954, 10.6195634940001], [-0.34751992199989, 10.6190354190001], [-0.346508263999965, 10.6190331100001], [-0.345273964999933, 10.61935378], [-0.344221756999957, 10.6199764430001], [-0.342892062999965, 10.6203424380001], [-0.34204082399998, 10.62007386], [-0.3413122689999, 10.6199214390002], [-0.340928916999871, 10.620133542], [-0.340545563999967, 10.620345646], [-0.340230675999919, 10.6207039650001], [-0.339701229999832, 10.6207545300001], [-0.339302729999815, 10.620479462], [-0.33916989599993, 10.620387543], [-0.339014295999903, 10.61970853], [-0.338882115999979, 10.619636595], [-0.338586768999903, 10.6194905900001], [-0.3381175909999, 10.619694241], [-0.338062023999896, 10.6198766860001], [-0.338000358999977, 10.620120498], [-0.337681379999935, 10.620436775], [-0.336804188999849, 10.6207394730002], [-0.33644589499994, 10.6208248970001], [-0.335446367999964, 10.6210632010001], [-0.334808267999904, 10.621114216], [-0.334468199999947, 10.6211961790001], [-0.334221596999953, 10.6218598720001], [-0.334220253999945, 10.622479988], [-0.334146891999978, 10.6231009880001], [-0.334002500999929, 10.6238114020001], [-0.333428283999922, 10.624109908], [-0.333158349999906, 10.6241820400002], [-0.332698822999873, 10.624304834], [-0.332455151999966, 10.6244854250002], [-0.332321093999894, 10.6246367240001], [-0.332148987999972, 10.624909555], [-0.33195888399996, 10.625210942], [-0.331444323999904, 10.6255388540002], [-0.330720285999973, 10.6253884840002], [-0.330414400999871, 10.6251232490001], [-0.330417502999978, 10.6246626660001], [-0.330414416999872, 10.6240915590001], [-0.330417521999948, 10.623690095], [-0.33030403399988, 10.6233508550001], [-0.329921744999979, 10.623310077], [-0.32938982099995, 10.6235363190001], [-0.329047264999929, 10.6238469770001], [-0.328804423999884, 10.624089385], [-0.328434869999967, 10.6245154430001], [-0.327838014999884, 10.6248914050001], [-0.32742843199992, 10.625019746], [-0.327084771999978, 10.625038964], [-0.326916392999919, 10.6250386040002], [-0.327097342999878, 10.6246255800001], [-0.327442607999956, 10.6243989430001], [-0.327669835999927, 10.6238440800001], [-0.327262808999876, 10.623649594], [-0.326795400999856, 10.6238339390001], [-0.326412566999977, 10.6243595300001], [-0.326325930999928, 10.6244826780002], [-0.326147068999944, 10.6247365420001], [-0.325801025999908, 10.625000384], [-0.325541926999961, 10.6249998270001], [-0.325358280999978, 10.6248947020002], [-0.325116908999973, 10.6244339200001], [-0.324695648999921, 10.6246948410001], [-0.324582333999956, 10.6250728690001], [-0.32435689599987, 10.6254437660001], [-0.323894406999898, 10.625448283], [-0.323627780999971, 10.6250701270002], [-0.323930443999927, 10.6242961720002], [-0.32416221099993, 10.6238604510001], [-0.324227768999947, 10.6233819970001], [-0.324245331999975, 10.622727955], [-0.323730589999911, 10.6221365810001], [-0.323634708999975, 10.6217375450001], [-0.322376176999967, 10.6220803150001], [-0.321919542999922, 10.622073353], [-0.321296550999875, 10.6216686930001], [-0.320151448999979, 10.6217300300002], [-0.320183242999974, 10.6219374900001], [-0.320424430999935, 10.6222570740001], [-0.320149297999933, 10.6227031670001], [-0.319777935999923, 10.622909754], [-0.319196422999937, 10.6228900490001], [-0.319020813999884, 10.622541193], [-0.318682127999921, 10.6225564110001], [-0.318391536999968, 10.6226993600001], [-0.316567818999943, 10.6233494770001], [-0.316035712999906, 10.6234625440001], [-0.315648727999928, 10.623299618], [-0.315498048999928, 10.6230576390001], [-0.315601626999978, 10.6227252020001], [-0.315747544999965, 10.6223745510001], [-0.315086866999934, 10.622149768], [-0.314716781999948, 10.6217820390001], [-0.314169060999916, 10.6215255940001], [-0.314041012999951, 10.6210945800001], [-0.31337923399991, 10.6213643380001], [-0.312748888999977, 10.6220010860002], [-0.31224929799987, 10.6218564140001], [-0.311942614999907, 10.6219833680001], [-0.311925846999941, 10.6222704880001], [-0.312312518999931, 10.6224308650001], [-0.31268302899997, 10.6226071600001], [-0.312730659999829, 10.6229422800001], [-0.312620682999977, 10.6231693250001], [-0.312454907999836, 10.6236595680001], [-0.312273819999973, 10.6237621510002], [-0.312067912999964, 10.6236427680001], [-0.311600644999942, 10.6234662600001], [-0.311132241999928, 10.623346083], [-0.310401352999918, 10.6234192600001], [-0.310035895999874, 10.623686172], [-0.309564329999944, 10.6254240260001], [-0.309013595999943, 10.626507626], [-0.308099427999878, 10.627402478], [-0.307772525999837, 10.6275766870001], [-0.307479628999943, 10.627738649], [-0.307150473999968, 10.6279170670001], [-0.306712867999977, 10.6280056730001], [-0.306275260999939, 10.6280942790002], [-0.305400182999904, 10.6282108560001], [-0.305291669999917, 10.6282372600002], [-0.304558337999879, 10.628415698], [-0.304248734999931, 10.6285721080001], [-0.303304410999885, 10.6285093810002], [-0.302826434999872, 10.6286036070002], [-0.30255669099995, 10.62882398], [-0.302464435999923, 10.6291166070002], [-0.302460911999901, 10.6294418140001], [-0.302284596999868, 10.6298686120001], [-0.30219737799996, 10.6300902810001], [-0.302107657999898, 10.6304166750001], [-0.301891062999914, 10.6307138480001], [-0.301674467999931, 10.6310110210001], [-0.301159736999978, 10.6319331570002], [-0.300827243999834, 10.632351338], [-0.300648038999839, 10.6327450560001], [-0.300405532999946, 10.632796881], [-0.299975937999932, 10.6330336330001], [-0.299952904999941, 10.6333608640001], [-0.299801979999927, 10.6335699880001], [-0.299559321999823, 10.633687957], [-0.299259036999842, 10.6334199490001], [-0.299259646999872, 10.6331526130002], [-0.298929532999921, 10.6325262500001], [-0.298598740999921, 10.632197541], [-0.29811730199998, 10.6319566880001], [-0.297846506999917, 10.632195859], [-0.297603988999924, 10.632253194], [-0.297333873999889, 10.632194712], [-0.29700274399994, 10.6320148270001], [-0.296701377999966, 10.6322208570002], [-0.296639264999953, 10.6325790050001], [-0.296307313999932, 10.6327574060001], [-0.296005326999932, 10.633233526], [-0.296004505999861, 10.6335918120001], [-0.295672553999907, 10.6337702110001], [-0.2954910549999, 10.6339461920002], [-0.295431587999872, 10.6343649790001], [-0.295430563999957, 10.6348114570001], [-0.295128984999963, 10.6351084350001], [-0.294947136999951, 10.6354359980002], [-0.294345071999942, 10.635553155], [-0.294118005999906, 10.635552644], [-0.293890940999972, 10.635552134], [-0.293288208999911, 10.6359586740001], [-0.293002086999934, 10.636196428], [-0.292715963999967, 10.6364341820001], [-0.292264484999919, 10.6364910410002], [-0.291902770999855, 10.6362835210001], [-0.291510688999892, 10.6359546660001], [-0.29109006099992, 10.6359234], [-0.290667212999949, 10.6362504150001], [-0.290545603999931, 10.6364292840001], [-0.290305312999919, 10.6367263940002], [-0.290154864999977, 10.6367260540001], [-0.289762509999946, 10.6365157060001], [-0.289523327999973, 10.6363332650001], [-0.288922076999938, 10.6360976390001], [-0.288379071999884, 10.6359751420002], [-0.288077688999977, 10.6361839190001], [-0.288015776999941, 10.6364511160001], [-0.288165183999865, 10.6369006910001], [-0.28771280199993, 10.637346145], [-0.287591893999945, 10.6378226680001], [-0.287560485999904, 10.6381505670001], [-0.287378558999876, 10.6385084400002], [-0.287092915999949, 10.6385367300001], [-0.286807272999965, 10.63856502], [-0.286323323999966, 10.6382056330001], [-0.286199401999909, 10.6377883900001], [-0.286146397999971, 10.6376099230002], [-0.286147226999958, 10.6372530170001], [-0.286148056999934, 10.6368961090001], [-0.286193674999879, 10.636448355], [-0.286239293999927, 10.6360006000002], [-0.286239851999881, 10.6357618180001], [-0.28624040099993, 10.6355238060002], [-0.286090228999967, 10.6354049540001], [-0.285940056999948, 10.6352861020002], [-0.285759652999957, 10.634988038], [-0.285640615999966, 10.6346597970002], [-0.285067448999882, 10.634330522], [-0.284917001999872, 10.6343301800001], [-0.284766554999862, 10.6343298370001], [-0.284690812999884, 10.6345526690002], [-0.284615067999937, 10.6347759720001], [-0.284313754999971, 10.6349544280001], [-0.283862135999811, 10.635071908], [-0.283619606999821, 10.6351319880001], [-0.283437816999879, 10.635429227], [-0.2831977969999, 10.6356078220002], [-0.282955132999973, 10.6357257780002], [-0.28277431999993, 10.6367974690001], [-0.283013292999897, 10.6370681070001], [-0.282997135999892, 10.6374249790002], [-0.28280050799998, 10.6375141010001], [-0.282529560999933, 10.637811136], [-0.282574699999941, 10.6381685330001], [-0.282589741999971, 10.6382880690002], [-0.282770213999868, 10.6385558190001], [-0.282588279999914, 10.638913689], [-0.282317358999876, 10.6391996990001], [-0.282060826999896, 10.6392886830002], [-0.281804295999962, 10.6393776680002], [-0.28154790699989, 10.63940602], [-0.281291516999943, 10.6394343710002], [-0.280868583999904, 10.6391963820001], [-0.280568032999838, 10.6390468660001], [-0.280208277999918, 10.6391948680001], [-0.279965672999936, 10.6392852610001], [-0.279665264999949, 10.6390751120002], [-0.27954608999994, 10.6388075020001], [-0.279153534999864, 10.6386853340001], [-0.278987587999893, 10.6387593660002], [-0.278821639999933, 10.6388333980001], [-0.278581820999875, 10.6389237960001], [-0.278129011999908, 10.638951693], [-0.278007748999926, 10.6389803530001], [-0.277918029999967, 10.6392199230002], [-0.277555765999978, 10.6392494050001], [-0.277326008999978, 10.639207535], [-0.277096252999911, 10.639165666], [-0.276800279999918, 10.638848038], [-0.276504306999868, 10.6385304110001], [-0.276382913999953, 10.6380230180002], [-0.276024560999872, 10.6375757120001], [-0.275693015999877, 10.6375749470001], [-0.275392190999867, 10.6375439360002], [-0.275091852999878, 10.6373062220002], [-0.274819239999886, 10.63712645], [-0.274217165999971, 10.6372435680001], [-0.273704031999898, 10.6374518410001], [-0.273311122999871, 10.6374812480001], [-0.272952141999951, 10.637301273], [-0.272709824999879, 10.6372703950001], [-0.272590799999875, 10.6369421500001], [-0.272348972999964, 10.6367045700001], [-0.272047585999871, 10.6369105740001], [-0.271926367999811, 10.6375083550001], [-0.271910409999975, 10.6377756540001], [-0.271894451999913, 10.6380429530001], [-0.271592848999944, 10.6383399060001], [-0.271363261999909, 10.638339372], [-0.271261304999939, 10.638339136], [-0.270779565999931, 10.638230531], [-0.270239490999927, 10.638050133], [-0.269997953999962, 10.6376912860001], [-0.269967869999959, 10.637454196], [-0.270091380999929, 10.637065882], [-0.26985055199998, 10.6364093830001], [-0.269851114999938, 10.636172365], [-0.26994369099998, 10.6359052440001], [-0.270276227999943, 10.635487099], [-0.270304651999936, 10.6352501450002], [-0.27030564699993, 10.6348312290001], [-0.270066254999904, 10.634742478], [-0.269915100999924, 10.6350397790001], [-0.269853237999939, 10.6352794120002], [-0.269583342999908, 10.6351299570002], [-0.269553339999902, 10.6348597950002], [-0.269492681999964, 10.6345923180002], [-0.269192213999872, 10.634412476], [-0.268710015999943, 10.6344995460001], [-0.26840862399996, 10.6347083040002], [-0.2681383769999, 10.634707673], [-0.267957781999883, 10.6344977930001], [-0.268078573999958, 10.6340819130001], [-0.268229728999927, 10.6337846120001], [-0.268322233999925, 10.6335478080001], [-0.268322877999879, 10.6332777180001], [-0.2679300449999, 10.633276802], [-0.267756961999964, 10.633422468], [-0.267435970999884, 10.6336218330001], [-0.267085092999878, 10.6336027990001], [-0.266986277999877, 10.633562468], [-0.266575739999951, 10.6333949070001], [-0.266121403999932, 10.6334820390001], [-0.266120830999967, 10.633721813], [-0.266181274999894, 10.6340774830001], [-0.266119052999898, 10.6344659390001], [-0.265848450999897, 10.6346141330001], [-0.265458475999935, 10.6345829040001], [-0.265186371999903, 10.634193666], [-0.265128220999884, 10.6340447030001], [-0.264947266999911, 10.6339864030001], [-0.264765678999936, 10.6341926800001], [-0.264553865999972, 10.634222501], [-0.264314266999975, 10.6342219390002], [-0.264314978999948, 10.633924289], [-0.26443534699996, 10.633687551], [-0.264555437999945, 10.6335665670001], [-0.264556287999937, 10.6332110400001], [-0.264437200999907, 10.6329131090001], [-0.264588860999936, 10.632406353], [-0.264483492999943, 10.6321966460002], [-0.264378124999894, 10.6319869410002], [-0.264047373999972, 10.6316581970001], [-0.263741042999868, 10.6316023580001], [-0.263427512999954, 10.631644341], [-0.263113982999926, 10.631686324], [-0.262662785999908, 10.631627388], [-0.262089082999978, 10.631535091], [-0.261578664999945, 10.6317736660002], [-0.261246339999957, 10.6321008530002], [-0.260853151999925, 10.632248754], [-0.260552478999841, 10.632157097], [-0.260251873999948, 10.6320378790001], [-0.259978743999966, 10.632078576], [-0.259890596999981, 10.6321899850001], [-0.259752384999899, 10.6323646710001], [-0.259609865999835, 10.6325434770002], [-0.259467346999941, 10.6327222830001], [-0.259187879999899, 10.6330799090002], [-0.260192889999928, 10.6339376130001], [-0.260200303999909, 10.6340223070002], [-0.260207716999901, 10.6341070020002], [-0.260232129999963, 10.6344521220001], [-0.259958665999932, 10.6346306200001], [-0.259657559999937, 10.6347181030002], [-0.259356307999894, 10.6348662180001], [-0.25917377899998, 10.6354610920001], [-0.259323002999963, 10.6359685540002], [-0.259545800999945, 10.6364375690002], [-0.259741546999976, 10.6368624970002], [-0.259532012999955, 10.637101779], [-0.259120366999923, 10.6371597250001], [-0.258687260999977, 10.637336804], [-0.25815876899992, 10.6378722010001], [-0.258022443999948, 10.6380518010001], [-0.25760087999987, 10.638409089], [-0.257034560999898, 10.638566063], [-0.256273550999936, 10.63888274], [-0.255754977999914, 10.6390303360002], [-0.255427782999902, 10.6395339140001], [-0.254763602999958, 10.6399815710001], [-0.254462129999979, 10.6402178730002], [-0.254322936999927, 10.640320952], [-0.253875990999973, 10.6406519330002], [-0.252408276999915, 10.6414162660001], [-0.251254283999913, 10.642296318], [-0.251219408999873, 10.6423736360001], [-0.250761436999937, 10.6425628270002], [-0.24999526299996, 10.6429060040001], [-0.249861744999976, 10.6429648720001], [-0.249716077999949, 10.643031491], [-0.249512669999888, 10.6430392720001], [-0.249113369999975, 10.6431360180001], [-0.247839489999933, 10.6425143750001], [-0.247228404999873, 10.6428904850001], [-0.246774001999938, 10.6431552330002], [-0.246703494999963, 10.643196313], [-0.246163808999938, 10.6435769350001], [-0.24595046099995, 10.6436618590001], [-0.245392914999911, 10.6437914300001], [-0.24483536799994, 10.643921], [-0.244584772999929, 10.6438570080001], [-0.244326009999895, 10.643715827], [-0.244139989999894, 10.643212842], [-0.240451415999871, 10.6332388520001], [-0.240319564999879, 10.6328823110002], [-0.237461929999881, 10.62515475], [-0.235385995999877, 10.6195408170001], [-0.23192196399998, 10.6101726140001], [-0.231912195999882, 10.6097838480001], [-0.231912438999814, 10.6096865450001], [-0.231913103999943, 10.6094200550001], [-0.231972175999942, 10.609191449], [-0.231972779999921, 10.6089492280001], [-0.231973130999961, 10.6088083630001], [-0.231895705999932, 10.608576668], [-0.231646221999881, 10.6080799750001], [-0.231547451999973, 10.607170584], [-0.231531845999939, 10.6070268940001], [-0.231473914999924, 10.6067980030001], [-0.231396250999978, 10.606662767], [-0.231374376999952, 10.6064973520001], [-0.231315489999872, 10.6055353560001], [-0.231229770999903, 10.605278836], [-0.23115489199995, 10.604027418], [-0.230994989999942, 10.6033573130001], [-0.230924775999881, 10.6030277960001], [-0.230904141999872, 10.6029309620001], [-0.230854560999944, 10.60269828], [-0.230671988999916, 10.6021824570001], [-0.2304323379999, 10.6016554700001], [-0.230251385999964, 10.60125756], [-0.230192686999885, 10.6011284840002], [-0.230073926999921, 10.6010089930001], [-0.229938025999957, 10.6007810190001], [-0.22980671799985, 10.6006286990001], [-0.229111148999948, 10.6002824940002], [-0.229014027999881, 10.6001306750001], [-0.228975792999904, 10.599824663], [-0.228842271999895, 10.599747167], [-0.228764223999917, 10.5997662670002], [-0.228608271999974, 10.5997465940001], [-0.228455201999907, 10.599688342], [-0.22835803299995, 10.5995558150001], [-0.228319564999879, 10.5993435060001], [-0.228203137999969, 10.5991144720002], [-0.22789435999988, 10.598940085], [-0.227663242999938, 10.5989009340001], [-0.227507428999957, 10.598826139], [-0.227374054999927, 10.5986907670002], [-0.22729639399995, 10.5985555310002], [-0.227238466999893, 10.5983266380002], [-0.227027714999963, 10.597943034], [-0.227047421999885, 10.5978604020001], [-0.227201145999913, 10.5976568340001], [-0.227318911999873, 10.5973512030002], [-0.227221751999934, 10.5972159200001], [-0.226692158999811, 10.5969165930001], [-0.226526311999919, 10.5968228570002], [-0.225902633999851, 10.5964703530001], [-0.225825375999932, 10.5964279450002], [-0.225599853999938, 10.5963520570001], [-0.225445667999963, 10.5961849390001], [-0.224977586999955, 10.595664277], [-0.224440250999976, 10.5955444460002], [-0.224208844999964, 10.5956210440001], [-0.223609924999948, 10.5956195690001], [-0.223170337999932, 10.5954007600002], [-0.2230705529999, 10.5952020800001], [-0.22251950499998, 10.5949967750001], [-0.222333331999948, 10.5948116620001], [-0.22193008499994, 10.5945433320001], [-0.221523378999962, 10.5945423270001], [-0.221406234999961, 10.5945999140002], [-0.220749639999894, 10.5942730800001], [-0.220440431999975, 10.5942723160001], [-0.219476056999952, 10.5944821410001], [-0.219338434999941, 10.5943756930002], [-0.219214511999894, 10.5942798410001], [-0.219125796999947, 10.5941918910001], [-0.218969995999828, 10.5941143370001], [-0.21885328399992, 10.59400105], [-0.218834419999894, 10.593750206], [-0.218893497999886, 10.5935216030001], [-0.218779481999945, 10.593444151], [-0.218442207999942, 10.593525995], [-0.218158428999914, 10.5933847350001], [-0.218103050999957, 10.593252308], [-0.218263019999938, 10.5927841820001], [-0.218121657999973, 10.5925054730002], [-0.217907708999974, 10.5922899720002], [-0.217833502999952, 10.5918929210001], [-0.217739182999935, 10.5917383510001], [-0.217583571999967, 10.5915863830002], [-0.217196613999931, 10.5914889610001], [-0.216695738999931, 10.5912755030002], [-0.216212054999971, 10.5908746780001], [-0.216076098999906, 10.5906621260002], [-0.215904699999953, 10.5901463240001], [-0.215769956999907, 10.5894569840001], [-0.215718828999854, 10.5892970080002], [-0.215667700999973, 10.5891370320001], [-0.215398824999909, 10.5889459080001], [-0.214727448999895, 10.5886303400001], [-0.214513301999943, 10.5884947610002], [-0.214447800999949, 10.5879626870002], [-0.214365869999824, 10.5878358900001], [-0.214248024999904, 10.5876535150002], [-0.214059157999941, 10.5874353180001], [-0.213545323999938, 10.5872347930002], [-0.213146200999972, 10.587151927], [-0.212912548999896, 10.5870190550001], [-0.212554122999904, 10.5866598780001], [-0.212192221999828, 10.5865707810001], [-0.211927625999976, 10.5865563400001], [-0.211638509999943, 10.586326867], [-0.211329704999969, 10.5861717590001], [-0.211098501999913, 10.5861711800002], [-0.210864801999946, 10.586057598], [-0.210460583999975, 10.5861778510001], [-0.209838061999903, 10.5859729280001], [-0.209358299999906, 10.585860903], [-0.208578231999923, 10.5859002860001], [-0.207783564999829, 10.5862014520002], [-0.207268431999921, 10.5861229880001], [-0.206862225999885, 10.5859318020001], [-0.206398168999954, 10.585489673], [-0.206284350999965, 10.5853378050001], [-0.205878444999939, 10.5850308650001], [-0.205780325999967, 10.5849795840002], [-0.205433350999954, 10.5847982390002], [-0.205277458999944, 10.584759262], [-0.204892901999926, 10.5848161690001], [-0.204736760999879, 10.5848736520001], [-0.20458076999995, 10.5848732580001], [-0.204443951999906, 10.5848211770001], [-0.204312306999952, 10.5847389140001], [-0.204205519999903, 10.584668514], [-0.204041308999876, 10.5845081030001], [-0.203829704999976, 10.5844689850001], [-0.203595419999942, 10.5845841460001], [-0.203132725999865, 10.5846959730001], [-0.20274553299987, 10.5846949940001], [-0.20257026299987, 10.584609114], [-0.202241146999881, 10.584770887], [-0.202123853999979, 10.5848863420001], [-0.201524316999837, 10.585132866], [-0.201371110999958, 10.585132478], [-0.200984017999872, 10.585092913], [-0.200694468999927, 10.5850343030002], [-0.200288269999874, 10.5848431080001], [-0.200152176999893, 10.5846884260001], [-0.200022055999966, 10.584379423], [-0.199677304999966, 10.5841249950001], [-0.199123121999946, 10.584068469], [-0.198839181999972, 10.5839960910001], [-0.198569326999916, 10.5838631170001], [-0.197639354999978, 10.5837064160002], [-0.197216496999829, 10.5834958830001], [-0.19706060599998, 10.5834569020001], [-0.196503596999889, 10.5834168990001], [-0.195993545999897, 10.583081271], [-0.195747128999926, 10.5829547180002], [-0.195157600999892, 10.5824864690001], [-0.194974343999945, 10.5823409120002], [-0.194827667999959, 10.582207127], [-0.194480237999926, 10.581890232], [-0.194226991999926, 10.5815893700001], [-0.19411919099997, 10.5815112840001], [-0.193367884999873, 10.5809670730001], [-0.192967691999911, 10.58061328], [-0.192798314999948, 10.580406147], [-0.192601704999902, 10.5799619270001], [-0.192465516999903, 10.5798458260001], [-0.192137251999952, 10.579682381], [-0.191515917999936, 10.5797441770002], [-0.191240332999882, 10.5796745710001], [-0.19080839399993, 10.5792528460001], [-0.190675783999893, 10.5791149650001], [-0.190607972999885, 10.5790435220002], [-0.190456886999925, 10.5788843440001], [-0.190284864999967, 10.5786248380002], [-0.190090602999874, 10.5783487390001], [-0.190130004999958, 10.5781945040001], [-0.190286338999897, 10.5780626170001], [-0.19030325499989, 10.577985492], [-0.190267447999872, 10.5778310640001], [-0.190287343999898, 10.577679535], [-0.19048034399998, 10.5773741140001], [-0.190480747999914, 10.5772197780001], [-0.190383653999959, 10.5770679490001], [-0.190230704999919, 10.576971097], [-0.190114068999947, 10.576835753], [-0.190064261999908, 10.576708849], [-0.190095624999969, 10.5764333290001], [-0.190225477999945, 10.5761518050001], [-0.190262321999967, 10.5760719280001], [-0.19046621799987, 10.5756696780001], [-0.190504507999947, 10.575593796], [-0.19060041299997, 10.5754571540001], [-0.190762096999947, 10.5752267930001], [-0.190872715999944, 10.575068306], [-0.191183682999906, 10.5746105930001], [-0.191320872999881, 10.5744466350001], [-0.191625965999833, 10.5738824360002], [-0.19189535899983, 10.5735898440001], [-0.192112018999978, 10.573354526], [-0.192154989999892, 10.5728998950001], [-0.192057851999948, 10.5727646030002], [-0.191942504999929, 10.5726692250001], [-0.191827157999967, 10.5725738480001], [-0.19167441299993, 10.5723998280001], [-0.191581635999967, 10.572109776], [-0.191976974999932, 10.5717932320002], [-0.19223050599993, 10.5715436760001], [-0.192642082999953, 10.5712945240001], [-0.192896021999843, 10.570888591], [-0.193054721999829, 10.5706387910001], [-0.193150202999902, 10.5703888300001], [-0.193308902999888, 10.5701390300001], [-0.193547097999954, 10.5697744940001], [-0.19388015699991, 10.5692647720001], [-0.194206524999913, 10.568894109], [-0.194847363999827, 10.568629134], [-0.195792770999958, 10.5682755380001], [-0.196513300999925, 10.5679213680001], [-0.19705462099995, 10.5672997360002], [-0.19734014799991, 10.5664594000001], [-0.197462516999849, 10.5660992560001], [-0.197557266999979, 10.565602358], [-0.197620448999942, 10.5652710160002], [-0.197721315999956, 10.564720295], [-0.197780764999891, 10.564395704], [-0.198237479999932, 10.563953306], [-0.198563450999814, 10.5635761090002], [-0.19875609099995, 10.5634029680002], [-0.198951658999931, 10.5631747160001], [-0.199105152999948, 10.5630593520002], [-0.199828330999935, 10.5627910380002], [-0.200209247999908, 10.562640479], [-0.200460271999816, 10.5625088260001], [-0.200587279999922, 10.5624030410001], [-0.200714287999972, 10.562297255], [-0.200714678999816, 10.5621456750001], [-0.200879854999869, 10.5618208830001], [-0.200599396999962, 10.5614866970001], [-0.200592609999944, 10.561304042], [-0.200581166999939, 10.5609960800001], [-0.200670320999961, 10.560841786], [-0.201008363999961, 10.5605947820001], [-0.201067246999855, 10.5604433510001], [-0.201009346999967, 10.5602144550001], [-0.200931704999903, 10.5600792140001], [-0.200778810999964, 10.559963075], [-0.20062352299982, 10.5596953480002], [-0.200740905999851, 10.559541308], [-0.200797041999976, 10.559374775], [-0.200729733999879, 10.5589173620001], [-0.200924722999957, 10.558996006], [-0.201097806999883, 10.558482538], [-0.202135252999938, 10.5597376980001], [-0.202707047999979, 10.560219428], [-0.203388396999969, 10.5607131970001], [-0.204425536999963, 10.560769828], [-0.204852054999947, 10.5606964590001], [-0.205354044999979, 10.5606101080002], [-0.206213605999949, 10.560377809], [-0.206720665999967, 10.5601761300002], [-0.206909897999935, 10.5601008640002], [-0.207459574999916, 10.5595082030001], [-0.207978962999903, 10.5588880960001], [-0.208375807999971, 10.558477387], [-0.208583167999905, 10.5581665070001], [-0.208964957999967, 10.5575941130001], [-0.209540391999951, 10.5565565020001], [-0.209623108999892, 10.5564073460001], [-0.209651662999931, 10.555561977], [-0.209823271999937, 10.555516863], [-0.20991971199993, 10.5554324710001], [-0.209984210999835, 10.555295104], [-0.209952487999942, 10.5551574970002], [-0.209938574999967, 10.5550070330001], [-0.209910665999871, 10.5547871240001], [-0.209994008999956, 10.5547642110001], [-0.210114726999961, 10.5547418400001], [-0.210507193999945, 10.554844793], [-0.210584782999945, 10.5548102760001], [-0.210772098999939, 10.554726945], [-0.211125949999882, 10.554680976], [-0.211375879999878, 10.554806449], [-0.211456979999923, 10.554847163], [-0.211601533999897, 10.5549577650001], [-0.211670013999878, 10.5550449480002], [-0.211948573999905, 10.5553995930001], [-0.212093043999971, 10.555504808], [-0.212260043999947, 10.5555905350001], [-0.212539886999821, 10.555591232], [-0.212703151999904, 10.5554951780001], [-0.212820208999915, 10.5554665310001], [-0.212908, 10.555445046], [-0.213013954999951, 10.555400869], [-0.213090645999898, 10.5553638530001], [-0.213497299999972, 10.5553648650001], [-0.213954712999907, 10.5551207170001], [-0.214116805999822, 10.55490615], [-0.214582530999962, 10.5546785570001], [-0.214891992999924, 10.5545635720001], [-0.215084079999826, 10.5546026340002], [-0.215453192999973, 10.5540302970001], [-0.215591033999942, 10.5534932150001], [-0.21574802899994, 10.5530912240001], [-0.21586525299989, 10.55299265], [-0.216169255999887, 10.5528359580002], [-0.216385411999852, 10.5532691900001], [-0.216491353999913, 10.55322949], [-0.216597296999964, 10.5531897900001], [-0.216700609999975, 10.5530880730001], [-0.216765319999922, 10.5528319230001], [-0.217024991999835, 10.5525790110001], [-0.217334450999942, 10.5524640240001], [-0.217477210999959, 10.5521832630001], [-0.217820293999978, 10.551988434], [-0.217876388999912, 10.5518342350001], [-0.217864147999876, 10.551718452], [-0.217896658999905, 10.5515283670001], [-0.217935847999968, 10.551451295], [-0.217975036999917, 10.5513742230001], [-0.218131296999957, 10.5512616120001], [-0.218265573999872, 10.5510304370001], [-0.218275538999933, 10.550945026], [-0.218285502999947, 10.5508596130002], [-0.218228075999889, 10.5504378000002], [-0.218636462999939, 10.5497498020001], [-0.218658654999899, 10.5496531640001], [-0.218754743999966, 10.5492347170002], [-0.21871613999997, 10.5490802840001], [-0.218721917999972, 10.5487705580001], [-0.218962485999896, 10.5485875630001], [-0.219441624999945, 10.548558429], [-0.219762732999868, 10.5482395230001], [-0.219994095999937, 10.5481656800001], [-0.220170002999907, 10.5479924840001], [-0.220229068999913, 10.5477638790002], [-0.220464020999884, 10.5475778280001], [-0.220559127999934, 10.5472079740001], [-0.220693199999857, 10.5470567240002], [-0.220958261999954, 10.546872722], [-0.221045469999979, 10.5465284340002], [-0.221154225999896, 10.5464763360001], [-0.221335874999909, 10.5462342530001], [-0.221537056999864, 10.5458204310001], [-0.22160777299996, 10.5455459140001], [-0.22158865699987, 10.5453942860001], [-0.221608921999859, 10.5450884160001], [-0.221557801999893, 10.5450206200001], [-0.221429209999826, 10.544837176], [-0.221424574999958, 10.544742081], [-0.221537607999892, 10.5445863680001], [-0.221571424999865, 10.5444930210001], [-0.221493818999932, 10.5443412490001], [-0.221356268999898, 10.5441993070001], [-0.221311917999969, 10.544129965], [-0.221263464999879, 10.544015471], [-0.221377529999813, 10.5438738260001], [-0.221531367999944, 10.5438361710001], [-0.221739421999928, 10.5438029300001], [-0.221818292999956, 10.5437871280002], [-0.221941134999895, 10.5436726340001], [-0.22193404199993, 10.5435858020001], [-0.221922219999954, 10.5434410810001], [-0.221844807999901, 10.54321214], [-0.221845191999932, 10.5430591810001], [-0.221845575999964, 10.542906223], [-0.221754506999901, 10.5425441050001], [-0.221706372999904, 10.542398254], [-0.221654933999957, 10.5422939150002], [-0.22159658999982, 10.542235895], [-0.221538246999955, 10.5421778750002], [-0.22143655699989, 10.54212725], [-0.221171058999971, 10.5419950740001], [-0.221204997999905, 10.5417898330001], [-0.221238934999974, 10.541584592], [-0.221041598999818, 10.5411431420001], [-0.221056511999961, 10.541027425], [-0.221185156999979, 10.5408182830001], [-0.22155898799997, 10.540572151], [-0.22164423199996, 10.540455616], [-0.221698784999944, 10.5403592900001], [-0.221680966999941, 10.5401853000001], [-0.221465930999841, 10.539920508], [-0.221421592999889, 10.539830828], [-0.221377255999869, 10.5397411480001], [-0.221428798999966, 10.5395361370001], [-0.221458525999935, 10.539417329], [-0.221932976999938, 10.539155479], [-0.222011348999956, 10.5390013340001], [-0.222012116999906, 10.5386954170002], [-0.222071178999897, 10.538466812], [-0.221954585999924, 10.5383135650002], [-0.221837993999884, 10.5381603190001], [-0.22179919499996, 10.538083054], [-0.221760395999979, 10.5380057910001], [-0.221936725999967, 10.5376617200002], [-0.222053992999918, 10.5375462550001], [-0.22199579099987, 10.5374317360001], [-0.221908400999951, 10.5372954420001], [-0.221768345999976, 10.5370577360001], [-0.222016510999936, 10.5369439700001], [-0.222120255999869, 10.536667243], [-0.222299538999891, 10.5363931010001], [-0.222373005999941, 10.5362919890001], [-0.222434516999954, 10.5361937450001], [-0.222485241999891, 10.5360592050002], [-0.222513682999931, 10.5359633920002], [-0.222559678999914, 10.535808441], [-0.222521073999928, 10.5356540080001], [-0.222368658999926, 10.5353477140002], [-0.222427533999905, 10.5351935210001], [-0.222379152999906, 10.535050089], [-0.222330772999896, 10.5349066560001], [-0.222175185999902, 10.5347546920001], [-0.222059650999938, 10.5347351160001], [-0.22193343399988, 10.5347153500001], [-0.221158987999956, 10.5347015510001], [-0.220688075999874, 10.53469316], [-0.220629733999942, 10.53463514], [-0.220571391999897, 10.5345771200001], [-0.220591267999964, 10.534425587], [-0.220512341999893, 10.534315669], [-0.22043602899987, 10.5341358220001], [-0.22049489699998, 10.5339843850001], [-0.220651153999938, 10.533869016], [-0.220690526999874, 10.533717531], [-0.220660786999929, 10.5336172050001], [-0.220716658999947, 10.5332931670001], [-0.220556126999952, 10.532893147], [-0.220709881999881, 10.5326647750002], [-0.220710698999881, 10.5323395650001], [-0.22086705199996, 10.532185612], [-0.22094580299995, 10.5318798860001], [-0.220841021999831, 10.5314607120001], [-0.220493605999934, 10.5311732300001], [-0.220421555999849, 10.5310283610001], [-0.220349507999913, 10.5308834920001], [-0.220484542999884, 10.5303463980001], [-0.220426269999962, 10.5302608170001], [-0.220367997999858, 10.5301752380001], [-0.220262430999981, 10.5300688710001], [-0.220156864999979, 10.529962503], [-0.220059912999943, 10.529752806], [-0.220074820999912, 10.5296391570001], [-0.220219609999901, 10.5294029990001], [-0.220370691999904, 10.5291031480001], [-0.220410069999957, 10.528948907], [-0.220274911999979, 10.528446897], [-0.220205879999924, 10.5281904950002], [-0.220135493999976, 10.5279381450001], [-0.220065107999915, 10.5276857960001], [-0.220085177999977, 10.5274570940001], [-0.220183188999954, 10.5272451210001], [-0.220183859999963, 10.5269777880001], [-0.219992654999885, 10.5265942290001], [-0.219896233999975, 10.5262544360001], [-0.21974075299994, 10.525981769], [-0.219659691999937, 10.525873532], [-0.219600176999904, 10.525794062], [-0.219432645999916, 10.5255703620002], [-0.219258546999811, 10.5254784910001], [-0.219188220999854, 10.525339667], [-0.219102230999908, 10.5251699240001], [-0.219123808999939, 10.5248957520001], [-0.219140609999897, 10.5245829840002], [-0.219126278999966, 10.5244671950001], [-0.219255436999902, 10.524196035], [-0.219338181999831, 10.5238783720001], [-0.219457154999816, 10.523343455], [-0.219531734999919, 10.5229681640001], [-0.219655197999941, 10.5223463520001], [-0.219655585999874, 10.5221920150001], [-0.219633692999935, 10.5220376240001], [-0.219539771999962, 10.521731473], [-0.21949927299994, 10.5216515400001], [-0.219384580999929, 10.5214251710001], [-0.21923166199997, 10.5213228220001], [-0.21923236899994, 10.521041709], [-0.219348330999935, 10.520889034], [-0.219464292999874, 10.5207363600001], [-0.219542653999952, 10.5205849710001], [-0.219465061999927, 10.5204304420001], [-0.218986270999949, 10.5203383140002], [-0.218936314999951, 10.5202692900002], [-0.218886357999907, 10.5202002660001], [-0.21901791099998, 10.519938767], [-0.219389006999961, 10.5196640770001], [-0.219671802999812, 10.51934025], [-0.219699241999933, 10.5192266310001], [-0.219875275999925, 10.5189955580001], [-0.220048858999917, 10.518632188], [-0.220210902999895, 10.5180269510001], [-0.220301492999965, 10.517771775], [-0.22036630399981, 10.5176867020002], [-0.220431148999921, 10.5175023620002], [-0.220595386999946, 10.5172555150001], [-0.220807520999813, 10.517065869], [-0.221098593999898, 10.5164933290001], [-0.221082271999876, 10.5163389510001], [-0.220849004999934, 10.5160710430001], [-0.220771412999909, 10.515916514], [-0.220750026999951, 10.5155018450001], [-0.220562777999874, 10.5147116150001], [-0.220583619999957, 10.5141742400002], [-0.220642435999935, 10.514042094], [-0.220603832999927, 10.5138876620001], [-0.220633939999914, 10.5135432320001], [-0.220664044999921, 10.5131988010002], [-0.220645317999868, 10.5128928350001], [-0.220665578999956, 10.512586965], [-0.220626977999871, 10.5124325320001], [-0.220763074999866, 10.5120222170002], [-0.220899172999907, 10.5116119010002], [-0.220899753999959, 10.511380396], [-0.220841649999954, 10.511228671], [-0.220630528999891, 10.5110159380001], [-0.220552930999872, 10.5108641670001], [-0.220543663999933, 10.510672599], [-0.220534396999938, 10.5104810320001], [-0.220570967999947, 10.5102696710001], [-0.220613589999914, 10.5100872240002], [-0.220661202999963, 10.5098887960001], [-0.220600239999953, 10.5097673810001], [-0.2207324069999, 10.509257839], [-0.221003487999951, 10.508880926], [-0.221004557999947, 10.5084537440001], [-0.221066281999924, 10.5082719970002], [-0.221128004999969, 10.5080902500002], [-0.22100628499993, 10.5077647390002], [-0.221121424999922, 10.507381932], [-0.221122717999947, 10.5068651790002], [-0.221123342999931, 10.5066157590001], [-0.220829327999922, 10.506143756], [-0.22068523199988, 10.5058567740001], [-0.220736319999958, 10.5054738110001], [-0.220693792999896, 10.505218773], [-0.220651266999937, 10.5049637360001], [-0.220716616999937, 10.5044457610002], [-0.220618959999911, 10.5042625050001], [-0.220472730999973, 10.5039738800001], [-0.220319949999976, 10.5038191670002], [-0.219624699999883, 10.5034343710001], [-0.219237697999972, 10.5033975910001], [-0.219081939999853, 10.5033200400002], [-0.21854168099992, 10.5033187120001], [-0.217924312999969, 10.5029726880001], [-0.21770279499998, 10.5028990060002], [-0.21752712499989, 10.5028971030001], [-0.217150080999886, 10.5029900730001], [-0.216993934999948, 10.5030668570001], [-0.216375312999901, 10.5032196690001], [-0.215933519999965, 10.503132807], [-0.215807483999924, 10.5031080270001], [-0.215526520999845, 10.5029860670002], [-0.21529651599991, 10.5028326140002], [-0.215193777999843, 10.5027190750001], [-0.215113820999875, 10.5026509050002], [-0.215092183999957, 10.5021523930001], [-0.215138314999876, 10.502016563], [-0.215116106999972, 10.5017446210001], [-0.215124181999954, 10.5013758490002], [-0.215132750999942, 10.5010506970001], [-0.215145664999966, 10.5005749370002], [-0.215165922999915, 10.500303091], [-0.215206015999968, 10.4997717410001], [-0.215229218999923, 10.49963605], [-0.21524558699997, 10.4995403310002], [-0.215290331999938, 10.4994660290001], [-0.215319150999903, 10.4991836530002], [-0.215327450999894, 10.4991023240001], [-0.215364569999963, 10.4987386190001], [-0.215326166999944, 10.4985070180001], [-0.215112890999876, 10.4980489900001], [-0.214960262999966, 10.4978363980001], [-0.21421838699996, 10.497175872], [-0.213994051999975, 10.4966875000001], [-0.213821931999917, 10.4964748600001], [-0.213783522999961, 10.4962460140002], [-0.213647555999898, 10.4960527550001], [-0.213416705999975, 10.495939186], [-0.213300037999829, 10.4958231450001], [-0.213264128999867, 10.495707302], [-0.21332943799996, 10.4952086220001], [-0.21295456799993, 10.494783265], [-0.212946471999885, 10.494681272], [-0.212938374999908, 10.4945792780001], [-0.213072579999903, 10.494367396], [-0.213189726999929, 10.494293273], [-0.213499614999932, 10.493985364], [-0.213636645999884, 10.493756953], [-0.213691579999875, 10.4934225110001], [-0.213694371999964, 10.4929523330001], [-0.213619761999894, 10.4927233970001], [-0.213556930999857, 10.4922409370002], [-0.213329152999904, 10.492014378], [-0.213157800999966, 10.4914985760001], [-0.213119685999914, 10.4911539770001], [-0.212964276999912, 10.4909413780001], [-0.212810908999927, 10.4904724730001], [-0.212657638999872, 10.4899649830002], [-0.212755778999906, 10.4896978910001], [-0.212951049999901, 10.489563328], [-0.213432756999964, 10.4895838120001], [-0.213590643999964, 10.4895017980001], [-0.213703937999924, 10.489162809], [-0.213821054999926, 10.4883550020001], [-0.213823552999884, 10.4881103000001], [-0.213882267999963, 10.48801674], [-0.213902344999838, 10.487785282], [-0.214213085999972, 10.487135627], [-0.214408120999963, 10.485989597], [-0.214370002999885, 10.4856449980001], [-0.214275907999934, 10.4854132590002], [-0.214276192999932, 10.485300263], [-0.214354747999948, 10.48506895], [-0.214547417999938, 10.4848599660001], [-0.214881928999887, 10.484721612], [-0.215216439999949, 10.4845832580001], [-0.215072717999931, 10.484008197], [-0.21487962599997, 10.4834248910001], [-0.214879917999895, 10.483309138], [-0.214689219999912, 10.4827354120002], [-0.214533855999946, 10.482506278], [-0.214342055999964, 10.4823707590001], [-0.213747887999943, 10.4821963120002], [-0.213298437999867, 10.4821201380001], [-0.212746966999873, 10.48216287], [-0.211867568999878, 10.4819429680002], [-0.211760649999917, 10.4818283270002], [-0.211653729999966, 10.4817136870001], [-0.211635352999849, 10.4812726760001], [-0.211741444999916, 10.480811503], [-0.212221010999883, 10.4798216960002], [-0.212589549999905, 10.4794395180002], [-0.212746183999911, 10.4791643020001], [-0.212783176999949, 10.4788502060001], [-0.212820169999929, 10.4785361090001], [-0.213035399999967, 10.4782141850001], [-0.213308867999956, 10.4779861100001], [-0.213887216999922, 10.4769016000001], [-0.214083871999946, 10.4765328360002], [-0.214162416999955, 10.476304279], [-0.214202559999876, 10.4758441190001], [-0.214261563999969, 10.4756348060001], [-0.214473873999964, 10.4753652390001], [-0.214688618999958, 10.4752334790001], [-0.214744504999885, 10.4751564480001], [-0.214803508999978, 10.474947134], [-0.214776480999944, 10.4743022060002], [-0.214903521999872, 10.4739331590001], [-0.214924219999943, 10.473453659], [-0.214845426999887, 10.4732158850001], [-0.21476459399986, 10.472706379], [-0.214701031999937, 10.4725146770002], [-0.214637468999911, 10.472322976], [-0.21432649399992, 10.4720503410001], [-0.214072571999964, 10.4719167810001], [-0.213400555999954, 10.4714407480002], [-0.213216750999948, 10.4714499400001], [-0.213032945999942, 10.471459133], [-0.212802023999927, 10.4713813930002], [-0.212610319999953, 10.471210045], [-0.212499334999904, 10.4710526770002], [-0.212357718999954, 10.4708952330001], [-0.212357353999892, 10.4706954190001], [-0.212449601999879, 10.470553712], [-0.212529139999901, 10.4704655440001], [-0.212788319999959, 10.4701907520001], [-0.213579162999906, 10.470178924], [-0.213694915999895, 10.4701020410002], [-0.213810668999884, 10.470025157], [-0.214462972999968, 10.4697401390001], [-0.214560798999969, 10.4695943090001], [-0.214875804999906, 10.469454528], [-0.215107356999965, 10.4692814680001], [-0.215166120999868, 10.4691672370001], [-0.215224882999905, 10.4690530070001], [-0.215362481999932, 10.468593087], [-0.215421198999934, 10.4684967690001], [-0.215457973999946, 10.4682681090001], [-0.215662018999865, 10.4679350930001], [-0.215643101999888, 10.4677311370001], [-0.21551824099987, 10.467554443], [-0.215501797999934, 10.467449674], [-0.215555063999886, 10.4673064900001], [-0.215636665999966, 10.4669676980001], [-0.215657022999892, 10.4666232430001], [-0.215522604999876, 10.4658181490001], [-0.215544269999953, 10.464952806], [-0.215838923999911, 10.4642451620001], [-0.215904132999924, 10.4641351470001], [-0.215972643999976, 10.4640195620001], [-0.216628144999959, 10.4635636710001], [-0.216717600999971, 10.4634233320001], [-0.216645891999974, 10.463148931], [-0.216574182999921, 10.462874528], [-0.21655159799991, 10.462728063], [-0.216403613999944, 10.4620500520002], [-0.216405196999972, 10.4614189230001], [-0.216191705999904, 10.4610546010002], [-0.215808508999885, 10.4606319850002], [-0.215672595999933, 10.460422191], [-0.215751715999886, 10.459962127], [-0.215674325999885, 10.4597331850001], [-0.215714221999917, 10.4593694860001], [-0.215059258999815, 10.4585052340001], [-0.214703502999953, 10.458245291], [-0.214575820999869, 10.458085126], [-0.214452560999973, 10.457827132], [-0.21397806799996, 10.4577253680001], [-0.21370842999994, 10.4575455610001], [-0.213417264999919, 10.4570680480001], [-0.213264606999928, 10.4568747490002], [-0.21294376599991, 10.4560195850001], [-0.21284121399998, 10.455279336], [-0.212738662999925, 10.4545390860001], [-0.212594164999871, 10.454422976], [-0.21245825699998, 10.4542131810001], [-0.212439057999916, 10.4540973800001], [-0.21253554599997, 10.4533755360001], [-0.212346992999926, 10.4530636370001], [-0.212269605999836, 10.452834695], [-0.212074990999895, 10.4527184610002], [-0.211980224999877, 10.4527568120001], [-0.211863279999875, 10.4527565230001], [-0.211795184999914, 10.4527081240001], [-0.211727089999954, 10.4526597250001], [-0.211593966999885, 10.4524499380001], [-0.211500150999939, 10.4521873970001], [-0.211480055999971, 10.452072657], [-0.211428641999873, 10.4517605190001], [-0.211538241999961, 10.4513609930001], [-0.211558460999868, 10.4510718300001], [-0.2114417599999, 10.4509750800001], [-0.211289196999871, 10.4507459520001], [-0.211320818999923, 10.4503519170001], [-0.211308775999896, 10.4502175640001], [-0.211253113999931, 10.4495965940001], [-0.21127286899997, 10.449491913], [-0.211292623999896, 10.449387233], [-0.211388013999965, 10.4491008400001], [-0.211641972999928, 10.44886996], [-0.211873310999977, 10.4487768260001], [-0.212065868999957, 10.4486036710001], [-0.212124630999938, 10.448488062], [-0.212105716999929, 10.4482592640001], [-0.211973033999811, 10.447875847], [-0.21179804999997, 10.4477045400002], [-0.21149682999993, 10.4468025710001], [-0.211105496999949, 10.4463027610001], [-0.211086291999891, 10.4461897160001], [-0.21114533899987, 10.4459611110001], [-0.21141633499991, 10.4455979830001], [-0.211455607999881, 10.4454823260002], [-0.211436550999906, 10.4453100270001], [-0.211417494999921, 10.445137727], [-0.211496803999921, 10.444603251], [-0.21194431999993, 10.443799592], [-0.212524661999964, 10.4433214710002], [-0.212662097999896, 10.4429221840001], [-0.212664697999912, 10.4418886750001], [-0.212704211999892, 10.4416765570002], [-0.21270478699995, 10.441447807], [-0.212666574999901, 10.4413448840002], [-0.212647134999884, 10.4411224520001], [-0.212729730999968, 10.4403867930002], [-0.212774653999872, 10.4393750780001], [-0.212803515999951, 10.438725081], [-0.212748973999965, 10.438270199], [-0.21255911999998, 10.4373712620002], [-0.212380888999974, 10.436279429], [-0.212122234999811, 10.4358987870001], [-0.211598627999933, 10.4351282310001], [-0.211404210999888, 10.4349375840001], [-0.211173508999934, 10.4347826770001], [-0.210536546999947, 10.4345330610001], [-0.209852768999951, 10.4340793800001], [-0.209281459999943, 10.4331905220001], [-0.208800857999961, 10.4327676580001], [-0.208570012999871, 10.4326706260001], [-0.208336236999969, 10.4326314630001], [-0.207757164999975, 10.4326134920001], [-0.207526271999939, 10.432535751], [-0.207370673999947, 10.4324099650001], [-0.207215075999954, 10.4322841800001], [-0.207101453999883, 10.432074439], [-0.206965288999868, 10.4316083620001], [-0.20688002199995, 10.431095924], [-0.206647197999928, 10.43063059], [-0.206449038999892, 10.4302345410001], [-0.206449667999948, 10.4299864990001], [-0.206506223999838, 10.4296421350001], [-0.206604248999952, 10.429413626], [-0.206688987999939, 10.4289342850001], [-0.20657259699982, 10.4287190260001], [-0.205986422999899, 10.4282104600002], [-0.205822698999953, 10.4279849910001], [-0.205642171999841, 10.4278210030002], [-0.205161715999964, 10.427527808], [-0.204664316999924, 10.426964201], [-0.203905573999862, 10.4264386660001], [-0.20367467899996, 10.4263636780001], [-0.20346011099997, 10.4264375570001], [-0.203345666999894, 10.426553026], [-0.203111602999968, 10.4266296120001], [-0.202947477999885, 10.4265740820001], [-0.202358578999849, 10.4260462110001], [-0.202127705999942, 10.425962954], [-0.201879911999924, 10.4258662280002], [-0.201702336999972, 10.425724874], [-0.201539833999959, 10.4250327030001], [-0.201298821999899, 10.4245580620001], [-0.201283240999942, 10.424117058], [-0.201320016999887, 10.4238883980001], [-0.201310686999932, 10.423725768], [-0.201301356999863, 10.4235631390001], [-0.20052377899998, 10.4227867500001], [-0.200208197999928, 10.4220776600001], [-0.200031602999957, 10.4214543550001], [-0.199877500999889, 10.4212913630001], [-0.199723397999946, 10.4211283720001], [-0.199665522999965, 10.4208967190002], [-0.199724326999956, 10.4207645760001], [-0.199956284999928, 10.4204206520001], [-0.19991779999998, 10.420227633], [-0.199803939999867, 10.4201143510001], [-0.199456225999938, 10.4199977280001], [-0.199378468999896, 10.4199203640001], [-0.199379607999902, 10.4194738890002], [-0.198839721999946, 10.4193843460001], [-0.198606056999949, 10.419306591], [-0.198345352999979, 10.4189145810001], [-0.198164704999954, 10.4187901070001], [-0.198047823999957, 10.4187705220002], [-0.197930941999971, 10.4187509360002], [-0.197739186999911, 10.4186154100001], [-0.197719993999897, 10.418499609], [-0.197739771999977, 10.4183866610001], [-0.19785479899997, 10.4180424450001], [-0.197819197999934, 10.4178108490001], [-0.197644288999868, 10.4176202430001], [-0.197327256999927, 10.417052621], [-0.197181310999952, 10.416852905], [-0.196990381999967, 10.4163949240001], [-0.196711862999905, 10.4158953820001], [-0.196433342999967, 10.4153958410001], [-0.196404377999954, 10.4152910390001], [-0.196375414999977, 10.4151862370002], [-0.196530300999882, 10.4144976170001], [-0.196416641999974, 10.4143071650001], [-0.19631934899985, 10.414249044], [-0.196183376999954, 10.4140750720002], [-0.195906322999974, 10.413547974], [-0.195586773999878, 10.4133073960001], [-0.195418708999853, 10.413245295], [-0.195248833999926, 10.413182526], [-0.19492752899987, 10.4130638020001], [-0.194774525999946, 10.4130380200002], [-0.194658963999871, 10.4130473750001], [-0.194543401999965, 10.413056731], [-0.19419510299997, 10.413171608], [-0.19407959199998, 10.4131616710002], [-0.193964078999841, 10.413151735], [-0.193876555999964, 10.4130839910001], [-0.19376878199995, 10.412986101], [-0.193635107999967, 10.4127871100002], [-0.193481181999857, 10.4125579720001], [-0.193385307999904, 10.412490207], [-0.193289431999972, 10.4124224430001], [-0.193055674999925, 10.41238327], [-0.192593230999933, 10.4124978580001], [-0.192359472999954, 10.4124586830001], [-0.191742409999961, 10.4120740380001], [-0.19158694399988, 10.4119027720002], [-0.191531561999909, 10.4117868790001], [-0.191473985999949, 10.411442229], [-0.191425539999955, 10.4113360000002], [-0.191377092999915, 10.4112297700001], [-0.191357895999943, 10.4111167250001], [-0.191299729999912, 10.4110008240002], [-0.191213620999974, 10.4109248160001], [-0.191127512999969, 10.410848808], [-0.190893705999883, 10.4108289250001], [-0.190662492999934, 10.4108834610001], [-0.190452121999954, 10.4108327160001], [-0.189890923999883, 10.4108063960001], [-0.189502305999952, 10.4105939000001], [-0.189310751999926, 10.410383957], [-0.188919040999963, 10.4097535460002], [-0.188714372999868, 10.409539102], [-0.188491824999858, 10.4094723930001], [-0.188269276999904, 10.4094056850001], [-0.18781702299998, 10.4093003320002], [-0.187092819999918, 10.4091288720002], [-0.18657300599989, 10.408912979], [-0.185817721999911, 10.4084438560002], [-0.18574683199995, 10.4080787180001], [-0.185700358999895, 10.4078800880001], [-0.185491531999958, 10.4073703120002], [-0.18547977299994, 10.4072931420002], [-0.185451644999944, 10.4069099220001], [-0.185421171999963, 10.40649476], [-0.185392106999871, 10.4061097280001], [-0.185339723999903, 10.4054157850002], [-0.185303725999972, 10.4053412800001], [-0.185293056999967, 10.405219868], [-0.185170014999812, 10.404864309], [-0.185101660999919, 10.4046800670001], [-0.184938632999945, 10.4044198380001], [-0.184358379999878, 10.4038065230001], [-0.18366478199988, 10.4028870000001], [-0.183376747999944, 10.4023116340001], [-0.183084955999959, 10.4017260500001], [-0.182741174999933, 10.4007913500001], [-0.182627062999927, 10.4004810970001], [-0.182480089999899, 10.4002602410001], [-0.182242065999958, 10.3997249640001], [-0.18210899099995, 10.3995124100001], [-0.181992964999949, 10.3991676110001], [-0.181964181999945, 10.3989952850001], [-0.181935399999873, 10.398822959], [-0.181955582999933, 10.398555676], [-0.182355720999908, 10.3977712280001], [-0.18242117199992, 10.3973859150001], [-0.182715334999841, 10.3965112600002], [-0.183007094999823, 10.395650744], [-0.182968421999817, 10.395534892], [-0.183007595999925, 10.3954578230001], [-0.18292994199993, 10.3953446280001], [-0.182894352999881, 10.395113031], [-0.182914434999873, 10.3948843310001], [-0.182740148999926, 10.3944622140001], [-0.182478910999976, 10.394290675], [-0.182118136999975, 10.393857059], [-0.181815120999943, 10.3936936800001], [-0.181217647999972, 10.393587516], [-0.18100283699988, 10.3934628570001], [-0.180811297999924, 10.3932529100001], [-0.18053463699988, 10.3925907560001], [-0.180154373999926, 10.3921598450001], [-0.179743963999897, 10.391546957], [-0.179676362999942, 10.3913373550001], [-0.179559759999961, 10.3909758190002], [-0.179478859999904, 10.3907249820001], [-0.179434004999962, 10.3903114630001], [-0.179392062999852, 10.3899247950001], [-0.179389746999902, 10.3896691960002], [-0.17943757199987, 10.3894777740001], [-0.179485395999848, 10.389286351], [-0.179700243999946, 10.3890967350001], [-0.179931600999907, 10.388981573], [-0.180068458999926, 10.388808292], [-0.180030081999973, 10.3885794440001], [-0.179972046999978, 10.3884166900001], [-0.179914010999937, 10.3882539360001], [-0.17995357999996, 10.3880252870001], [-0.180090286999871, 10.3879098820001], [-0.180091680999908, 10.3873752160001], [-0.180014337999978, 10.3871435120001], [-0.180078034999951, 10.3868694490001], [-0.180150269999956, 10.3867910870002], [-0.180246583999917, 10.3866866040001], [-0.180492326999911, 10.3866080790001], [-0.180789756999957, 10.386558456], [-0.180923642999915, 10.386456825], [-0.181021569999928, 10.3862669090001], [-0.181100361999881, 10.3859418980002], [-0.181292692999875, 10.385845928], [-0.181421226999873, 10.3856616010002], [-0.181836724999869, 10.3853870570002], [-0.182436823999979, 10.384776746], [-0.182785286999945, 10.3845874670001], [-0.183038803999978, 10.3845201920001], [-0.183249204999868, 10.384426041], [-0.183481919999849, 10.3843219030001], [-0.183624332999898, 10.3841477170001], [-0.183920841999907, 10.3836009380001], [-0.184278068999902, 10.3832518300001], [-0.184320028999934, 10.38317339], [-0.18435829699996, 10.3830588540002], [-0.184351946999868, 10.3829491440001], [-0.184301316999949, 10.3828743120002], [-0.184240281999962, 10.3827942320001], [-0.184142929999894, 10.3827636690002], [-0.184045577999939, 10.3827331050001], [-0.183302322999907, 10.3827424620001], [-0.18277057399996, 10.3827491560001], [-0.182423148999931, 10.3825388120001], [-0.182265020999978, 10.3823289510001], [-0.182106890999933, 10.3821190900001], [-0.182502732999922, 10.3819078840002], [-0.182753268999932, 10.3819085210001], [-0.182984518999888, 10.3818319400001], [-0.183121422999932, 10.381639367], [-0.183122165999919, 10.3813527400001], [-0.18300569299987, 10.3811815700001], [-0.182827691999876, 10.3811204850001], [-0.182522547999952, 10.381245108], [-0.18221740499996, 10.3813697310001], [-0.181996568999978, 10.381353909], [-0.181730745999971, 10.3811783260002], [-0.181633616999932, 10.381062324], [-0.181559049999976, 10.3808333840001], [-0.181576353999901, 10.380601921], [-0.18173343199993, 10.380144819], [-0.181753365999896, 10.3799726180001], [-0.181773298999872, 10.3798004180001], [-0.181523659999925, 10.379455277], [-0.181290329999968, 10.3792617600001], [-0.181086064999931, 10.3789843890001], [-0.180810439999959, 10.378610113], [-0.180733090999979, 10.3783811650001], [-0.180723648999958, 10.378265388], [-0.180697559999942, 10.3781282090001], [-0.180647620999821, 10.3780640040001], [-0.180677271999969, 10.377366803], [-0.180736280999952, 10.377154739], [-0.180736875999912, 10.3769259900001], [-0.180855883999925, 10.3761215320001], [-0.180857334999928, 10.3755636120001], [-0.180819298999893, 10.3752036790001], [-0.180770881999877, 10.375089181], [-0.18051180599997, 10.3746282630001], [-0.180392570999857, 10.3744501940002], [-0.180275957999868, 10.374334144], [-0.180045264999876, 10.3741985090001], [-0.179580786999907, 10.3740457430001], [-0.179065255999888, 10.3739939960001], [-0.178305674999933, 10.3741168980002], [-0.178071645999921, 10.374193469], [-0.177840249999974, 10.374327922], [-0.177742519999867, 10.374443426], [-0.177646896999875, 10.3748180010002], [-0.17764779599986, 10.3755400840001], [-0.177598782999951, 10.375654334], [-0.177549769999928, 10.375768584], [-0.177350085999933, 10.375964873], [-0.176998395999931, 10.3761526890001], [-0.176680059999967, 10.3762266140001], [-0.176196153999911, 10.376051744], [-0.175692524999818, 10.3759677710001], [-0.175691305999976, 10.3764335380002], [-0.175768692999895, 10.3766459500002], [-0.175865826999939, 10.3767591960001], [-0.176017421999973, 10.377335596], [-0.176000121999948, 10.377564301], [-0.175891016999969, 10.3777764030002], [-0.175706830999843, 10.3779466380001], [-0.175577562999877, 10.3778801610001], [-0.175448293999921, 10.377813685], [-0.175151747999905, 10.3774756950002], [-0.174954742999944, 10.3772511580001], [-0.174629437999954, 10.37705447], [-0.174423460999947, 10.3769299310001], [-0.174072007999939, 10.3768568990001], [-0.173623856999882, 10.3767067550001], [-0.173258339999848, 10.376438312], [-0.173100407999925, 10.37615679], [-0.173064776999979, 10.375944484], [-0.173065514999962, 10.375663372], [-0.172968501999947, 10.3755046510001], [-0.172914776999846, 10.3754167500001], [-0.172859059999951, 10.3753310440001], [-0.172762757999976, 10.3752157240001], [-0.172696875999918, 10.37513683], [-0.172605372999897, 10.374920816], [-0.172511082999904, 10.3747855280001], [-0.172503390999907, 10.374534709], [-0.172259875999941, 10.3739828770002], [-0.17162978999994, 10.3732950030001], [-0.171522074999871, 10.3729722700001], [-0.171203902999935, 10.3727606130001], [-0.170885729999895, 10.372548957], [-0.170749932999968, 10.372319857], [-0.170655847999967, 10.3721074000002], [-0.17059799399982, 10.3718785], [-0.170481631999962, 10.371668743], [-0.169567065999956, 10.37058626], [-0.168727374999946, 10.3697680660001], [-0.168587351999975, 10.3695596230001], [-0.168447327999957, 10.3693511810001], [-0.167914711999913, 10.3691140660001], [-0.167839998999966, 10.3690765590001], [-0.167666260999965, 10.3689219770001], [-0.167572170999904, 10.3687122750002], [-0.167629611999871, 10.368574246], [-0.1679102679999, 10.3682280900002], [-0.167977612999891, 10.368024318], [-0.167903262999971, 10.3677182070002], [-0.167806388999963, 10.3675084980001], [-0.167631634999964, 10.367276539], [-0.167189042999951, 10.367275394], [-0.166805241999953, 10.3671476230001], [-0.166996010999867, 10.366585888], [-0.166996614999903, 10.3663571390002], [-0.166895232999877, 10.3662741950001], [-0.166763477999893, 10.3661980410001], [-0.166341082999963, 10.366139898], [-0.16610925699996, 10.36612609], [-0.165878022999891, 10.3661999030001], [-0.165682827999944, 10.3663289300001], [-0.165487464999899, 10.3664064720001], [-0.165092598999934, 10.366563199], [-0.164406595999935, 10.3668354810001], [-0.163632421999978, 10.3669602460001], [-0.163245579999966, 10.366930301], [-0.162858737999954, 10.3669003570002], [-0.162627897999926, 10.3668253440001], [-0.162397218999956, 10.3666896980001], [-0.162053905999869, 10.3664219950001], [-0.161875127999906, 10.3662280820001], [-0.161663927999939, 10.3660952420001], [-0.160184133999962, 10.364855618], [-0.159753075999902, 10.3644945210001], [-0.159622955999907, 10.36455356], [-0.159304265999936, 10.3648132680001], [-0.15910762999988, 10.364886945], [-0.158925144999898, 10.364947101], [-0.158696892999842, 10.3649465030002], [-0.158493691999979, 10.364945972], [-0.158446764999951, 10.3647984030002], [-0.158399837999866, 10.364650833], [-0.158342919999939, 10.3640746750002], [-0.158209868999961, 10.3638648700001], [-0.157995894999942, 10.3637292650002], [-0.157617650999896, 10.363608388], [-0.157239408999942, 10.3634875100001], [-0.157458233999932, 10.3628486870002], [-0.157459153999923, 10.3625041870001], [-0.157388059999903, 10.3624034800002], [-0.157119873999932, 10.36209693], [-0.156765035999967, 10.3616913330001], [-0.156168793999939, 10.3610098000001], [-0.155907679999814, 10.360807925], [-0.155646565999973, 10.360606051], [-0.155182337999918, 10.3603733270002], [-0.154951407999931, 10.3603341360002], [-0.154720220999877, 10.3603914060001], [-0.154485938999926, 10.3605644190001], [-0.154312798999911, 10.3607734220001], [-0.154195277999975, 10.361001862], [-0.154214140999841, 10.3612334180002], [-0.154310848999955, 10.361501005], [-0.154560339999875, 10.3618847470001], [-0.154695655999888, 10.3622874820002], [-0.154519264999863, 10.3626701050001], [-0.154404888999977, 10.362763509], [-0.154275338999923, 10.362805886], [-0.154144047999978, 10.362846742], [-0.153888348999885, 10.3628338070001], [-0.153630907999968, 10.3628193500001], [-0.153049605999854, 10.3626469470001], [-0.152354956999943, 10.362184864], [-0.152125574999957, 10.3619408660001], [-0.151477396999951, 10.361424646], [-0.150977975999865, 10.3613406480002], [-0.15047855499995, 10.3612566500001], [-0.149453571999857, 10.3606698450002], [-0.148742803999937, 10.3604297840001], [-0.148596058999942, 10.360373038], [-0.148264909999909, 10.3602328630001], [-0.148156608999841, 10.3601142760001], [-0.148098926999864, 10.360048954], [-0.148033615999964, 10.3599574260001], [-0.147988005999935, 10.3598626990002], [-0.14783915299995, 10.3594169220002], [-0.147821267999973, 10.3588243320002], [-0.14772911499989, 10.3579035790001], [-0.147651795999877, 10.3576746260001], [-0.147477000999913, 10.357464705], [-0.147129532999941, 10.357290156], [-0.146898398999895, 10.3573281280002], [-0.146433555999977, 10.3573268960001], [-0.146202630999881, 10.3572876990001], [-0.145855156999914, 10.3571159040002], [-0.145624648999956, 10.3569223720002], [-0.145499518999884, 10.3568751880002], [-0.145027856999945, 10.3563089530001], [-0.144864512999959, 10.3559833100001], [-0.144717248999939, 10.355886458], [-0.144545293999897, 10.3556572520001], [-0.144428648999849, 10.3555604820001], [-0.144197934999966, 10.3554441160001], [-0.144024042999945, 10.3554160940001], [-0.143850149999935, 10.355388072], [-0.143619539999975, 10.3552331210001], [-0.143483718999903, 10.3550233030002], [-0.143292182999971, 10.3548298730001], [-0.142944510999882, 10.354732488], [-0.142362811999874, 10.3547144020001], [-0.141783700999952, 10.3547679800001], [-0.141551487999891, 10.3546915700002], [-0.141319274999887, 10.3546151610001], [-0.140972593999891, 10.3541539830002], [-0.140741926999965, 10.3540210790002], [-0.140511109999977, 10.353943294], [-0.140012459999923, 10.3539557870001], [-0.1398307259999, 10.353962086], [-0.139443417999928, 10.354055385], [-0.139233141999853, 10.3540721690001], [-0.139002219999838, 10.3540329680002], [-0.138771554999948, 10.3539000630001], [-0.13859771999995, 10.3538513670002], [-0.138427951999915, 10.353806675], [-0.137895612999955, 10.3538053310001], [-0.137789845999976, 10.353823953], [-0.137462324999944, 10.3538762850001], [-0.136953368999968, 10.3539551310001], [-0.136566898999945, 10.3539520350001], [-0.135988469999972, 10.353757563], [-0.135677348999877, 10.3535279800001], [-0.135627668999973, 10.3533735100002], [-0.135698454999954, 10.3529354950001], [-0.13568365499998, 10.3527494250001], [-0.135668854999892, 10.352563355], [-0.135276208999926, 10.3526284450001], [-0.13482996699986, 10.352952455], [-0.134712963999959, 10.3529879690001], [-0.134559874999979, 10.3529875570001], [-0.134154543999841, 10.352793956], [-0.134017677999964, 10.3527766430001], [-0.133662299999969, 10.352790651], [-0.133554366999931, 10.3527271670001], [-0.133439038999882, 10.3526593350001], [-0.133342246999973, 10.3524303260001], [-0.133362358999932, 10.3522016310001], [-0.13348020799998, 10.3518574480001], [-0.133461359999956, 10.3516258930001], [-0.133403217999955, 10.35151274], [-0.133192258999884, 10.3512999600002], [-0.133056446999944, 10.3510901380001], [-0.132900998999958, 10.350935384], [-0.132553379999877, 10.3508214510001], [-0.132322302999853, 10.3508401210001], [-0.132090968999876, 10.350952494], [-0.131742403999908, 10.351183059], [-0.131567047999965, 10.351182586], [-0.130814112999929, 10.3506817190001], [-0.130466601999956, 10.3505292], [-0.130361071999914, 10.3504421010002], [-0.130255539999894, 10.3503550020002], [-0.129884668999978, 10.350313779], [-0.127092158999915, 10.349853122], [-0.12675920099997, 10.3494718910002], [-0.12580021399998, 10.349003526], [-0.125703056999896, 10.3489599850001], [-0.125166467999918, 10.3487195090001], [-0.124785523999947, 10.348548787], [-0.124390731999938, 10.34838511], [-0.123962318999929, 10.3483012660001], [-0.123649304999958, 10.3482576970001], [-0.123336291999919, 10.3482141270001], [-0.122746510999889, 10.348105038], [-0.122168529999954, 10.3477562080001], [-0.121733077999977, 10.3472010660001], [-0.121194802999923, 10.346587766], [-0.120847463999951, 10.3463773630001], [-0.119946655999968, 10.346013869], [-0.118500186999825, 10.3456929760001], [-0.11770198399995, 10.345467555], [-0.117325037999933, 10.3453948680001], [-0.11693068999989, 10.3453197910002], [-0.116722723999942, 10.3452912450001], [-0.116497355999911, 10.3452603120002], [-0.116358858999945, 10.34502016], [-0.116303838999897, 10.3447885070001], [-0.116130713999951, 10.3447674950002], [-0.115572125999961, 10.3448360130001], [-0.115068370999893, 10.34486431], [-0.114925056999937, 10.3448645460001], [-0.114216450999947, 10.3447359240001], [-0.113195299999916, 10.3446118520001], [-0.112821349999876, 10.3446629540001], [-0.112265155999978, 10.3447884310001], [-0.111892363999857, 10.344794075], [-0.111788755999896, 10.344791265], [-0.111438771999872, 10.3446896940002], [-0.111074445999861, 10.3445839620002], [-0.110031977999938, 10.3441851470001], [-0.109639800999901, 10.3440246700001], [-0.109222776999957, 10.3438540240002], [-0.10881935499998, 10.343795034], [-0.108424516999889, 10.3436533860001], [-0.103962324999884, 10.343132263], [-0.103839750999953, 10.3431179470001], [-0.102236370999833, 10.3429306780001], [-0.102052255999979, 10.343076233], [-0.101832372999979, 10.3430756190002], [-0.101606539999921, 10.3428054520001], [-0.101405188999877, 10.342564572], [-0.100917605999939, 10.3428835760001], [-0.100781045999952, 10.34290807], [-0.100673659999927, 10.3428808480001], [-0.100558233999891, 10.342851588], [-0.100480520999952, 10.342774204], [-0.100441874999945, 10.3426611], [-0.100481171999888, 10.3425454590001], [-0.100482191999902, 10.3421871840001], [-0.100173531999928, 10.342084351], [-0.100015316999929, 10.341720546], [-0.099982730999955, 10.3416456170001], [-0.100022356999943, 10.3414142250002], [-0.100081080999928, 10.3413179290002], [-0.100293098999884, 10.34114765], [-0.100872733999893, 10.3409012280001], [-0.101068114999975, 10.3407088550001], [-0.101143914999966, 10.3404803190002], [-0.101144243999954, 10.340364569], [-0.101039283999967, 10.3402600530001], [-0.10091371499982, 10.340193055], [-0.100796870999829, 10.340173437], [-0.100660065999875, 10.3402065930001], [-0.100178545999938, 10.3403232910001], [-0.099521739999943, 10.3403021660001], [-0.099290936999921, 10.3402271090002], [-0.099057579999965, 10.340072122], [-0.098826785999961, 10.3399943100002], [-0.098709776999897, 10.340032567], [-0.098556199999962, 10.3402057640001], [-0.098360936999882, 10.3403567970001], [-0.0980711979999, 10.3404524460001], [-0.097973954999929, 10.3404166080001], [-0.097551261999968, 10.3402608290001], [-0.09731746499989, 10.3402601740002], [-0.097102085999836, 10.340310925], [-0.096816311999817, 10.3403138900002], [-0.096391119999964, 10.340083953], [-0.096160215999873, 10.3400447220001], [-0.095986094999944, 10.3401021090002], [-0.095811972999911, 10.3401594960002], [-0.095229165999854, 10.340540943], [-0.094964688999823, 10.3405622480001], [-0.094700211999964, 10.3405835540001], [-0.09453296099997, 10.3406712760001], [-0.094335170999955, 10.3408666370001], [-0.09397792999988, 10.3410720890001], [-0.093767305999961, 10.3407545600001], [-0.093093733999979, 10.3407601640001], [-0.092793424999911, 10.340559312], [-0.092465898999933, 10.340340258], [-0.092255570999953, 10.340254254], [-0.092082024999968, 10.3402620100001], [-0.091674941999941, 10.340511658], [-0.091412421999962, 10.34057844], [-0.091326918999926, 10.340549261], [-0.091093619999867, 10.3403749770001], [-0.090979559999937, 10.3403553640001], [-0.090725442999883, 10.3405049710001], [-0.090396692999946, 10.3407560920002], [-0.090282576999925, 10.340755771], [-0.090146400999856, 10.34068373], [-0.090088237999908, 10.3405843510001], [-0.090078000999881, 10.340272897], [-0.089985005999893, 10.3401871990001], [-0.089879524999958, 10.3401972720001], [-0.089549324999837, 10.340219041], [-0.089324075999855, 10.340149506], [-0.089045674999909, 10.340173523], [-0.088953690999915, 10.3402201150001], [-0.088596188999929, 10.3406490360002], [-0.088504101999945, 10.340731455], [-0.088155799999925, 10.340865513], [-0.088073928999961, 10.340858471], [-0.087460140999895, 10.3408056690001], [-0.087226287999897, 10.3408242990002], [-0.087089643999889, 10.3409148600002], [-0.087044035999952, 10.3412867870001], [-0.086973329999864, 10.3413925030001], [-0.086634261999961, 10.341503349], [-0.086547867999911, 10.3415416870001], [-0.086293685999919, 10.3418523920001], [-0.086218361999897, 10.3419128100001], [-0.086102746999927, 10.3419496880002], [-0.085987131999957, 10.3419865660002], [-0.085864649999962, 10.3419917300001], [-0.085725580999906, 10.3419582650001], [-0.085610134999968, 10.3419560000002], [-0.085446495999918, 10.3419774540001], [-0.085232295999958, 10.3421773430001], [-0.085173245999954, 10.3423183470002], [-0.085151371999928, 10.343210604], [-0.084938785999896, 10.3435737880001], [-0.084794653999893, 10.343634235], [-0.084590207999952, 10.3438015440001], [-0.084241844999895, 10.343954889], [-0.083776590999946, 10.3441051450001], [-0.083660886999951, 10.344172338], [-0.083545181999966, 10.3442395300001], [-0.083274479999886, 10.3444867980001], [-0.083039287999952, 10.3449656680001], [-0.083020892999969, 10.345070342], [-0.083002496999939, 10.3451750170001], [-0.082999832999974, 10.3460927480001], [-0.083143620999977, 10.3465292600002], [-0.083170401999951, 10.3467822260001], [-0.083130762999872, 10.3470136140001], [-0.083072088999927, 10.3470906150002], [-0.082957810999972, 10.3471454090001], [-0.082657064999978, 10.347194161], [-0.082680238999899, 10.3473609630001], [-0.08270341399998, 10.3475277650001], [-0.082800213999974, 10.3477402500002], [-0.082935271999872, 10.3481981260001], [-0.082915114999878, 10.3484295700002], [-0.082758806999948, 10.3485807040001], [-0.082615379999879, 10.3486092320001], [-0.082527787999936, 10.3485800450001], [-0.081828184999949, 10.3489142810001], [-0.081891069999926, 10.3483467300001], [-0.081813190999924, 10.3483272160001], [-0.081727518999969, 10.3483559100001], [-0.081188980999968, 10.3487392500001], [-0.080940595999948, 10.3488070230001], [-0.080727456999909, 10.348945995], [-0.080621415999929, 10.3489721600001], [-0.08038013599986, 10.3491499200001], [-0.080282107999892, 10.3493590930001], [-0.080230722999943, 10.3497999020001], [-0.080127296999876, 10.3499511850001], [-0.08001016999998, 10.350028017], [-0.079800983999974, 10.3500972260002], [-0.079431002999911, 10.3501035300001], [-0.078966628999979, 10.3499478690001], [-0.07881354299991, 10.34994743], [-0.078541773999973, 10.350080318], [-0.078270004999979, 10.3502132040002], [-0.077960895999979, 10.350264683], [-0.077462883999885, 10.3505705550002], [-0.077224949999902, 10.3506511670001], [-0.076760068999931, 10.3506691270001], [-0.076548023999976, 10.3508421450001], [-0.076091872999939, 10.3516814070001], [-0.076016577999951, 10.3517307980001], [-0.075778956999898, 10.3520828800001], [-0.075648725999883, 10.3528321280001], [-0.075633920999906, 10.3531352420002], [-0.07607020699993, 10.3543298260001], [-0.076033812999867, 10.354401377], [-0.075941797999974, 10.354456232], [-0.075515853999889, 10.3544487670001], [-0.075029663999828, 10.3544402470001], [-0.074863197999889, 10.3544373290002], [-0.074625300999855, 10.3544331600001], [-0.074391380999941, 10.3544710710001], [-0.074277090999885, 10.3545286180002], [-0.074081694999904, 10.354718218], [-0.073927984999955, 10.3549299850001], [-0.073780131999911, 10.3550425540001], [-0.073114385999872, 10.3552142630002], [-0.072785157999931, 10.3554806440001], [-0.072553849999963, 10.3555764370001], [-0.072166897999921, 10.3555946130002], [-0.071509507999963, 10.355763588], [-0.071103225999934, 10.3557293450001], [-0.071104360999925, 10.355343513], [-0.071277614999872, 10.3551125130001], [-0.071434498999963, 10.354768469], [-0.071376720999979, 10.3545395580002], [-0.071299068999963, 10.3544428750001], [-0.070951482999817, 10.354326123], [-0.070493234999901, 10.353980305], [-0.070377776999862, 10.353962058], [-0.070262317999891, 10.353943811], [-0.070203647999847, 10.3540180530001], [-0.070405877999974, 10.3543438400001], [-0.070317689999968, 10.3545172100001], [-0.07003951899992, 10.354458532], [-0.069790631999865, 10.354380646], [-0.069559438999931, 10.354437853], [-0.069366814999967, 10.3546302140001], [-0.069117546999962, 10.3551531260001], [-0.068629335999958, 10.3555292810001], [-0.068628177999869, 10.3559215060001], [-0.068666838999945, 10.3560254610001], [-0.068627310999887, 10.3562155080001], [-0.068331526999941, 10.3564654450001], [-0.068199521999929, 10.3566474570001], [-0.067412026999875, 10.357733279], [-0.067036857999938, 10.3575310070001], [-0.066962723999893, 10.3571862970001], [-0.066885129999889, 10.3570703230001], [-0.066748904999884, 10.357014808], [-0.066517936999958, 10.356994847], [-0.066287140999975, 10.3569170110002], [-0.06618994899992, 10.3568395620001], [-0.066151323999918, 10.3567237000001], [-0.066015155999935, 10.3566488940001], [-0.065783796999881, 10.356761217], [-0.065627240999902, 10.3569922630002], [-0.065434734999883, 10.3571432820002], [-0.065337200999977, 10.3571815820001], [-0.064970236999898, 10.357028939], [-0.064856172999953, 10.3570093160001], [-0.064728078999963, 10.357028236], [-0.06438825399988, 10.357332051], [-0.064088973999901, 10.3575996160001], [-0.063693726999873, 10.3575984680002], [-0.06348260399983, 10.3574572990001], [-0.063318462999916, 10.3574292630001], [-0.063154321999946, 10.357401226], [-0.063049845999899, 10.357433992], [-0.062861423999948, 10.357615337], [-0.062712526999974, 10.358077904], [-0.062419039999952, 10.358170983], [-0.062110871999948, 10.358222218], [-0.062010372999964, 10.3583211390002], [-0.061971068999981, 10.3584340190001], [-0.061970552999867, 10.3586076420002], [-0.062122961999933, 10.3588368300001], [-0.062122445999933, 10.3590104540001], [-0.062007987999948, 10.3591231140002], [-0.06164057399991, 10.3591220430002], [-0.061445445999937, 10.359217932], [-0.061350521999884, 10.359314114], [-0.061153974999968, 10.359886779], [-0.061039164999897, 10.3601179450001], [-0.060690437999824, 10.3603842540001], [-0.060511203999909, 10.3604001140001], [-0.059886849999941, 10.3604553640001], [-0.059646247999922, 10.3605134900001], [-0.059161976999917, 10.360845114], [-0.058948954999948, 10.360990988], [-0.058017905999918, 10.3614485070001], [-0.057668944999932, 10.3617919790001], [-0.057553793999887, 10.3621361360001], [-0.057185922999849, 10.362286635], [-0.057069074999959, 10.362267001], [-0.056971595999869, 10.3622860070001], [-0.056837758999905, 10.3623627820002], [-0.056720226999971, 10.3625718890002], [-0.05673930699993, 10.3627069870001], [-0.056626665999943, 10.3631420960002], [-0.056350343999895, 10.3633948340001], [-0.056233321999969, 10.3634330730002], [-0.056002293999882, 10.3634323950001], [-0.055771264999862, 10.3634317180001], [-0.055654647999972, 10.363334917], [-0.055539219999844, 10.36330564], [-0.055423792999875, 10.363276365], [-0.055134546999909, 10.3631402750001], [-0.054592698999954, 10.3628853350002], [-0.054326868999965, 10.3627967330001], [-0.05403377499988, 10.3626990440001], [-0.053799847999812, 10.36273694], [-0.053628008999965, 10.3628499080002], [-0.053219736999949, 10.3631183100002], [-0.053063713999904, 10.363167457], [-0.052909304999957, 10.3631421990001], [-0.052026355999885, 10.3628722720001], [-0.051557656999933, 10.3631134140001], [-0.051382761999946, 10.3630743160001], [-0.051210650999963, 10.3629194750001], [-0.051095121999936, 10.362461648], [-0.05109615799995, 10.362117157], [-0.050979890999884, 10.361904607], [-0.050904911999908, 10.3618465100001], [-0.050671100999921, 10.3618458210001], [-0.050439842999879, 10.3619223050001], [-0.049975867999876, 10.3616343180001], [-0.049745015999974, 10.3615757610002], [-0.049279712999919, 10.3617287200001], [-0.048932072999946, 10.361631234], [-0.048662941999964, 10.3613438200001], [-0.048604804999854, 10.361238923], [-0.048550873999829, 10.361141614], [-0.048066694999932, 10.360614489], [-0.047950480999873, 10.3603854010001], [-0.047912210999925, 10.3601537890001], [-0.047951984999941, 10.3598865800001], [-0.048167806999913, 10.359391149], [-0.048170625999887, 10.359074226], [-0.048304129999906, 10.3584903590001], [-0.048285335999878, 10.3582615600001], [-0.048227232999977, 10.3581456380001], [-0.048035691999928, 10.3579742030001], [-0.047824384999956, 10.3578964120001], [-0.047591042999898, 10.3577413890002], [-0.047381233999943, 10.357167532], [-0.047293813999829, 10.3570818390001], [-0.047144675999903, 10.3569760140002], [-0.046858875999874, 10.3568600760001], [-0.04651106599988, 10.3568204630002], [-0.046279867999942, 10.3568776530001], [-0.045853372999943, 10.3570858410001], [-0.04546647899997, 10.3570846940001], [-0.045352591999972, 10.35700719], [-0.045294427999863, 10.3569119370001], [-0.045236263999925, 10.356816685], [-0.045295815999964, 10.3564530770001], [-0.045277023999915, 10.3562242790001], [-0.045158598999819, 10.356082493], [-0.044977483999844, 10.3559712590001], [-0.044905165999978, 10.3558538790001], [-0.044822021999948, 10.3557351270001], [-0.044626799999946, 10.3556318890001], [-0.044512616999839, 10.355660958], [-0.044078244999866, 10.355934103], [-0.043738162999887, 10.355408285], [-0.043693330999815, 10.355279803], [-0.043694141999879, 10.3550124790002], [-0.043694950999964, 10.354745155], [-0.043753919999858, 10.3545744620001], [-0.043679293999901, 10.3544006160001], [-0.043443407999916, 10.3541684170001], [-0.043155491999812, 10.3545726850002], [-0.04315357899992, 10.3552037880001], [-0.042737553999871, 10.3551939920001], [-0.042477506999944, 10.355105321], [-0.041953710999962, 10.3552746310002], [-0.041839699999912, 10.3552384650002], [-0.041664931999946, 10.3550450290002], [-0.041493809999906, 10.354567742], [-0.04112594299994, 10.3547182230001], [-0.040989028999945, 10.3548914390001], [-0.040988124999899, 10.3551890780001], [-0.040716836999934, 10.3556154410001], [-0.040600278999932, 10.3559595850002], [-0.040483720999816, 10.356303731], [-0.04017405999997, 10.3565343070001], [-0.040057156999978, 10.3565339580002], [-0.03972542799994, 10.3564224950001], [-0.039253105999933, 10.3564158090001], [-0.039281507999931, 10.3571434620002], [-0.039183451999975, 10.3573526210001], [-0.038952017999918, 10.3574869710001], [-0.038721111999905, 10.3574476980001], [-0.038573926999959, 10.3573370210001], [-0.03843326599997, 10.3569121870001], [-0.038415881999867, 10.3562231500001], [-0.038357723999923, 10.3561265190001], [-0.03829956699991, 10.3560298870001], [-0.038183251999897, 10.3558366250001], [-0.038116668999976, 10.3557647710001], [-0.037999875999901, 10.3557285950001], [-0.037860780999949, 10.3557033770001], [-0.037578084999836, 10.3560020520001], [-0.037523921999878, 10.356114729], [-0.037432971999976, 10.356341474], [-0.037426959999948, 10.3564875210001], [-0.037312663999899, 10.356545054], [-0.037195672999815, 10.3565736420001], [-0.037078681999901, 10.356602229], [-0.036616755999944, 10.356562264], [-0.03638787999995, 10.3565993300001], [-0.036151463999943, 10.356712448], [-0.035782472999927, 10.3572294580002], [-0.035589953999931, 10.357380458], [-0.035472933999927, 10.3574186910001], [-0.035242374999939, 10.3572664230001], [-0.035107040999947, 10.3569215260001], [-0.035021079999922, 10.3568151650001], [-0.034935117999908, 10.356708804], [-0.034721259999969, 10.3565565860001], [-0.03449047499987, 10.3564787280001], [-0.034373925999944, 10.35636263], [-0.034279930999958, 10.3561528970002], [-0.034184620999895, 10.3554636270002], [-0.034116777999884, 10.3553490530001], [-0.03404893499993, 10.3552344780001], [-0.033935110999948, 10.355137679], [-0.033701483999891, 10.3550791030002], [-0.033489886999973, 10.3550977590001], [-0.033353796999904, 10.3550008930001], [-0.033181809999974, 10.3548102170001], [-0.032948419999911, 10.3546744760001], [-0.032202903999973, 10.3545316840001], [-0.031607022999879, 10.3540846070001], [-0.031505873999947, 10.3540087170001], [-0.030724380999857, 10.3537996710002], [-0.029758224999853, 10.3529975420001], [-0.029591391999816, 10.3529419210001], [-0.029460971999924, 10.3528119990002], [-0.029283698999848, 10.352232803], [-0.029211828999962, 10.352142935], [-0.028238142999953, 10.352207519], [-0.02814456099992, 10.3518655010002], [-0.028203655999903, 10.351656228], [-0.028079354999932, 10.3513471900002], [-0.027422883999975, 10.3512156790001], [-0.027569272999926, 10.3506787160001], [-0.027742900999897, 10.3503347480001], [-0.027797620999877, 10.3501902270001], [-0.027835607999918, 10.3500535820001], [-0.027721727999904, 10.3499791690001], [-0.02759111499995, 10.3499126330001], [-0.027221618999931, 10.349858871], [-0.027120880999973, 10.349812372], [-0.026973808999969, 10.349717854], [-0.026702689999979, 10.3491823850001], [-0.026588752999885, 10.3491241660001], [-0.026299345999917, 10.349104], [-0.02595119199998, 10.3491801140001], [-0.025697570999967, 10.3491868660001], [-0.025513971999942, 10.3492559580002], [-0.025314225999864, 10.3493311250001], [-0.025214173999927, 10.3494465880001], [-0.025117794999971, 10.349560667], [-0.024722657999916, 10.3503001370001], [-0.024622486999931, 10.3504203940001], [-0.02453590999994, 10.3505152110002], [-0.024321115999953, 10.3506688930001], [-0.023806487999877, 10.3505736330001], [-0.023218325999892, 10.3508557090001], [-0.022798067999929, 10.350846167], [-0.022368580999853, 10.351120457], [-0.022153606999893, 10.35133201], [-0.021941781999885, 10.3514250680001], [-0.021824992999882, 10.351388887], [-0.02165314299998, 10.3511568680001], [-0.021636501999922, 10.3502390940002], [-0.02159824499995, 10.3500102360001], [-0.021478505999937, 10.3495785700001], [-0.021358766999867, 10.349146904], [-0.021411120999858, 10.3484194990002], [-0.021236420999969, 10.3482095180001], [-0.021119641999974, 10.3481705800001], [-0.020677270999954, 10.348124071], [-0.020649814999842, 10.347990707], [-0.020639554999946, 10.3477088820001], [-0.020581456999935, 10.347595713], [-0.020361807999905, 10.3475042800002], [-0.01988610899997, 10.347439267], [-0.019674217999921, 10.3475543710002], [-0.019330219999972, 10.348085217], [-0.019207625999968, 10.348126183], [-0.019090846999973, 10.348087245], [-0.018977030999963, 10.347990441], [-0.018709969999918, 10.347945533], [-0.018796726999881, 10.3473450060002], [-0.018667610999955, 10.3472454000001], [-0.018494874999874, 10.3472999920002], [-0.018204692999859, 10.3475306050001], [-0.017970654999942, 10.3476070580002], [-0.017797558999916, 10.3477773980001], [-0.017738398999825, 10.348005959], [-0.017718194999929, 10.3482373950002], [-0.017737326999907, 10.3483504450001], [-0.017636484999912, 10.348556832], [-0.017368737999959, 10.3487323950001], [-0.016828774999965, 10.3487307470002], [-0.016448043999901, 10.3485421820001], [-0.016694056999938, 10.3481956870001], [-0.017140218999884, 10.347929724], [-0.017313742999931, 10.3476215910001], [-0.017161673999965, 10.347295928], [-0.017045065999923, 10.3472018710002], [-0.016928287999917, 10.3471629310001], [-0.016697213999919, 10.3471815180001], [-0.016309322999973, 10.347505533], [-0.016194614999961, 10.3476953410001], [-0.016034497999954, 10.348166114], [-0.015517335999903, 10.3479936670001], [-0.015184626999883, 10.3478155870001], [-0.014378071999943, 10.3473838830001], [-0.01414433399998, 10.3473638760001], [-0.013932502999978, 10.3474596850002], [-0.013778706999915, 10.347687955], [-0.013777983999944, 10.3479194500001], [-0.013813693999964, 10.348071136], [-0.013968844999965, 10.3483003510001], [-0.014046054999937, 10.348532085], [-0.013986891999934, 10.3487606450001], [-0.013810828999908, 10.348988847], [-0.013579331999949, 10.34914247], [-0.013348496999868, 10.349083889], [-0.013251262999972, 10.3490257160001], [-0.012985773999958, 10.3487421200001], [-0.012748731999977, 10.3486245690001], [-0.01224747699996, 10.3487057100001], [-0.011938847999943, 10.348602795], [-0.011704817999941, 10.3486764870001], [-0.011183199999948, 10.3490386670001], [-0.010948094999947, 10.3490395310001], [-0.010255509999922, 10.3493058980001], [-0.010021539999912, 10.3493602980001], [-0.009790523999925, 10.3493595870002], [-0.009334734999925, 10.349143225], [-0.009010349999926, 10.3487398640001], [-0.008692890999953, 10.3479038450001], [-0.008656910999889, 10.347677321], [-0.008686011999828, 10.3472539410002], [-0.008695373999956, 10.347062985], [-0.008620780999934, 10.3469349190001], [-0.008546025999976, 10.3468092950001], [-0.007843545999947, 10.347154378], [-0.007671743999936, 10.346745689], [-0.007625637999922, 10.3466453230001], [-0.007500581999977, 10.346464343], [-0.007267331999969, 10.3462900020001], [-0.007151946999898, 10.3462510640001], [-0.007036561999939, 10.3462121250001], [-0.006939502999899, 10.3460988340001], [-0.006920746999867, 10.3458672800001], [-0.007018879999976, 10.345638842], [-0.007270093999978, 10.345410874], [-0.007425957999942, 10.345411354], [-0.007755163999889, 10.345164336], [-0.007889487999932, 10.344933253], [-0.007854023999926, 10.3447044030001], [-0.007659800999932, 10.344510891], [-0.007542963999924, 10.344491239], [-0.007311830999811, 10.3445291100001], [-0.007195053999908, 10.344490168], [-0.007062176999852, 10.3442610180001], [-0.006908478999833, 10.343571566], [-0.007084127999974, 10.3434756500001], [-0.007248066999864, 10.343562966], [-0.007412006999914, 10.3436502820002], [-0.007545602999869, 10.3436506940002], [-0.007662742999969, 10.3435738890001], [-0.007721727999979, 10.3434032040001], [-0.007586610999965, 10.343000424], [-0.007588056999907, 10.3425401910001], [-0.007502190999844, 10.3424076430001], [-0.007201902999952, 10.342310261], [-0.007049127999835, 10.3422133330002], [-0.007138637999958, 10.3414610350001], [-0.006934932999968, 10.3413531360002], [-0.006742827999972, 10.3413718360001], [-0.006277376999947, 10.3415770950002], [-0.00612573799998, 10.341119146], [-0.006145938999964, 10.3408904670002], [-0.006201967999971, 10.3407748920001], [-0.006377787999952, 10.3406238580001], [-0.006726116999914, 10.3404898910001], [-0.006918635999966, 10.3403389100001], [-0.006938845999969, 10.340107475], [-0.006844933999901, 10.3398784450001], [-0.006709162999925, 10.3396851130001], [-0.006553240999949, 10.3397039240002], [-0.006243341999948, 10.3400088750001], [-0.006129228999839, 10.3400085230001], [-0.005993933999946, 10.3396636170001], [-0.005858093999962, 10.339492332], [-0.006015339999919, 10.33905187], [-0.006015695999963, 10.3389388790002], [-0.005918645999827, 10.3388228310001], [-0.005687517999888, 10.338860702], [-0.005358378999915, 10.3390884270001], [-0.005241361999936, 10.3391266490001], [-0.005124466999916, 10.3391262880001], [-0.005010718999927, 10.339010189], [-0.004933204999929, 10.338877666], [-0.004894907999926, 10.3386653430001], [-0.0049342289999, 10.3385524720001], [-0.005126877999942, 10.3383601520002], [-0.005399632999968, 10.338360994], [-0.005786256999954, 10.338439351], [-0.005997841999886, 10.3384207120002], [-0.006134877999955, 10.338211685], [-0.006115758999954, 10.3380958780002], [-0.005960496999933, 10.3379052410001], [-0.005863205999958, 10.3378663580002], [-0.00538171099987, 10.337864874], [-0.005284419999839, 10.3378259910001], [-0.005226396999944, 10.337690772], [-0.005187908999915, 10.3375390780001], [-0.005286231999889, 10.337250011], [-0.005557224999961, 10.3369256480001], [-0.005616391999865, 10.3366970890002], [-0.005558247999943, 10.3366004540001], [-0.005444197999907, 10.33658081], [-0.005229586999917, 10.336676605], [-0.005045124999924, 10.336921313], [-0.004861242999823, 10.3369813760001], [-0.004747252999891, 10.3369424410002], [-0.00465025799997, 10.3368098580002], [-0.004650985999831, 10.3365783640002], [-0.004768539999873, 10.3363692770002], [-0.004844405999847, 10.33614077], [-0.004884098999923, 10.335909396], [-0.00486497199995, 10.335796345], [-0.004751103999922, 10.3357188280001], [-0.004586895999921, 10.3357183200001], [-0.004160312999886, 10.3359567690002], [-0.004015742999854, 10.3359067160002], [-0.003938047999895, 10.3358320660001], [-0.003861264999955, 10.3354680480001], [-0.003632013999891, 10.334910646], [-0.003622632999907, 10.3347962460002], [-0.003613251999923, 10.3346818470002], [-0.003786529999957, 10.334453642], [-0.003852823999978, 10.3343955950001], [-0.004115855999942, 10.3341652870001], [-0.004464411999948, 10.3339569140002], [-0.00469850199994, 10.33386118], [-0.005027574999815, 10.3336527450001], [-0.005200790999936, 10.33344383], [-0.005492266999966, 10.332799844], [-0.00568749599995, 10.3326709170001], [-0.00606983299997, 10.3326073030001], [-0.00628633499997, 10.3325267000001], [-0.006423367999844, 10.332317672], [-0.006771625999875, 10.3322029950001], [-0.007160768999938, 10.3314766320001], [-0.007103818999894, 10.3309996830002], [-0.007026556999904, 10.3307872390002], [-0.006751837999843, 10.3305273380001]]]]}, "properties": {"REGION": "North East", "DISTRICT": "East Mamprusi"}}, {"type": "Feature", "geometry": {"type": "MultiPolygon", "coordinates": [[[[-1.58767625499991, 10.0778588120002], [-1.58760697399993, 10.0786191980002], [-1.58674273999992, 10.08097918], [-1.58687638999987, 10.0811098620002], [-1.58701003999994, 10.0812405450001], [-1.58698808599996, 10.0815961360001], [-1.58669874599991, 10.081643505], [-1.58633931299994, 10.0816689490002], [-1.58592269999986, 10.0817964740002], [-1.58578461599996, 10.0820502910001], [-1.58588920299991, 10.0822099650002], [-1.58629566099989, 10.082426985], [-1.58649358399992, 10.0826774490001], [-1.5866459259999, 10.0831953460001], [-1.58653137999994, 10.0835841760001], [-1.58640421199988, 10.0837222120002], [-1.58637051599993, 10.0839289870001], [-1.58659059899998, 10.084033333], [-1.58705422399993, 10.0840435340001], [-1.58741388899995, 10.0841448740001], [-1.58754222199991, 10.0843623870001], [-1.58790481299997, 10.0854063460001], [-1.58809154099987, 10.0858084200001], [-1.58845214599995, 10.0861385230002], [-1.58890486499996, 10.086460192], [-1.58908710199995, 10.0866653950001], [-1.58914925099992, 10.0867353770001], [-1.58962751799987, 10.087721247], [-1.58990741499986, 10.088214108], [-1.58995518199981, 10.088671554], [-1.58987549799997, 10.0890162220001], [-1.58966817299995, 10.0894300240001], [-1.58904089599991, 10.090674194], [-1.58969676099991, 10.0918218140001], [-1.58957500699995, 10.0925888060002], [-1.58941170999998, 10.0928357600001], [-1.58921736899987, 10.0931296620001], [-1.58902182099996, 10.0935213930001], [-1.58875122999996, 10.0940386650001], [-1.58879202499992, 10.0947211820002], [-1.5890870689999, 10.095657338], [-1.58890287899987, 10.0960821230001], [-1.58859155299996, 10.096474061], [-1.58831318499995, 10.0965728890002], [-1.58813455099988, 10.0967215560001], [-1.58798012699998, 10.097313038], [-1.58780120099993, 10.0975269630001], [-1.58762227599988, 10.0977408880001], [-1.5876228109999, 10.0978690580001], [-1.58762335199998, 10.0979985920001], [-1.58762442799997, 10.098256295], [-1.58749220999994, 10.0985845200001], [-1.58735999399994, 10.0989127440001], [-1.58700783199993, 10.099315778], [-1.58694614099988, 10.0993863800002], [-1.58665566999991, 10.0997188110001], [-1.58649488299994, 10.100110478], [-1.58644986599995, 10.1004991840001], [-1.5867811359999, 10.100716087], [-1.58698386499998, 10.100766964], [-1.58743610899984, 10.10091086], [-1.58758698599996, 10.1009505560001], [-1.58817250199991, 10.1010115270001], [-1.58860713899992, 10.1010328010001], [-1.58909405399987, 10.1011228870001], [-1.58921039599983, 10.1012425740001], [-1.58932673999993, 10.1013622600001], [-1.58956080499996, 10.102072944], [-1.58964347299997, 10.1026019880001], [-1.58961532999996, 10.1028032410002], [-1.58958718699989, 10.1030044950002], [-1.58946137599997, 10.103509106], [-1.58950841799998, 10.1037102240002], [-1.58955546099997, 10.1039113440001], [-1.58985782999991, 10.1042305220001], [-1.59021796899998, 10.1044834490001], [-1.59062995899995, 10.1046659990001], [-1.59104194899993, 10.1048485480001], [-1.59161856999987, 10.1049647430002], [-1.59288569699982, 10.1052200810001], [-1.59398772099996, 10.105526792], [-1.59436517899991, 10.1057893290002], [-1.59474263799996, 10.1060518660001], [-1.59499869799993, 10.1063780140001], [-1.59525475899989, 10.1067041620001], [-1.59544189699994, 10.1072219900001], [-1.59548950299995, 10.107537489], [-1.59553710699981, 10.1078529880001], [-1.59553905099995, 10.108531011], [-1.59551644899994, 10.1087047470002], [-1.59531346299997, 10.1102650710001], [-1.59522794499998, 10.1106497150001], [-1.59514242499995, 10.1110343600001], [-1.59484382299991, 10.111919641], [-1.59447600999994, 10.1127940210001], [-1.59436585499998, 10.1130353930002], [-1.59406183799996, 10.113701559], [-1.59383869499987, 10.1139049040001], [-1.59339208599988, 10.1143118870001], [-1.59277880599996, 10.114624443], [-1.59249001099994, 10.114889558], [-1.5924102649999, 10.1152011530002], [-1.5925035379999, 10.1154407750001], [-1.59288826599993, 10.1161070840001], [-1.59627060599991, 10.1191024800001], [-1.59652756799994, 10.1196753040001], [-1.59701692199997, 10.1204103220001], [-1.59755196299989, 10.1209052070001], [-1.59761764599989, 10.120965961], [-1.59779398299992, 10.121138611], [-1.59817453699998, 10.122691522], [-1.59826269799993, 10.123056336], [-1.5984872219999, 10.1239854160002], [-1.59915457599988, 10.126746888], [-1.5975401369999, 10.127608567], [-1.60051116799997, 10.1322142740001], [-1.60051282199993, 10.1327296810001], [-1.60071083499997, 10.133004938], [-1.60107075399998, 10.133210996], [-1.60225465199989, 10.1337352620001], [-1.60261480799994, 10.133974391], [-1.60321838899995, 10.134226854], [-1.60348485499998, 10.1341960460002], [-1.60375131899991, 10.134165239], [-1.60442861199982, 10.1339972440001], [-1.60510590399997, 10.1338292490001], [-1.60637898899989, 10.133330788], [-1.6069802049999, 10.132971373], [-1.60742042999993, 10.1328906310001], [-1.60800023499991, 10.1329805140001], [-1.60844100099996, 10.133094079], [-1.60888176699996, 10.1332076460001], [-1.60932841199997, 10.1332578080002], [-1.60977505699998, 10.1333079690002], [-1.61029729599983, 10.1336625490002], [-1.61062349199989, 10.1341442770001], [-1.61101905399994, 10.1346231190001], [-1.61125714999991, 10.1347604860001], [-1.61149524699994, 10.134897853], [-1.61215651099991, 10.1350344320001], [-1.61271247799982, 10.1350196140001], [-1.61289192999993, 10.134944863], [-1.61467744499987, 10.1335772140001], [-1.61523249399994, 10.1331737730001], [-1.61576500899997, 10.1330790660001], [-1.61686613499995, 10.1331792470002], [-1.61724912699992, 10.1332140920001], [-1.61820631299997, 10.1330677950002], [-1.61880103199991, 10.132976898], [-1.61932259899987, 10.1329759160001], [-1.62030812099988, 10.1331228920002], [-1.62059215599993, 10.1330989280002], [-1.62087618999993, 10.1330749640001], [-1.62154839999994, 10.1332087470001], [-1.62184631499997, 10.1334329420001], [-1.62218772699981, 10.1336898710001], [-1.62230428199996, 10.1339073890002], [-1.62242083799993, 10.1341249060001], [-1.62257343999994, 10.13464278], [-1.62274720499994, 10.1350097970001], [-1.62311058699987, 10.1357773120001], [-1.62362248099993, 10.1366561500001], [-1.62371675299994, 10.136818], [-1.62434525799989, 10.1375416830001], [-1.62477622199992, 10.1381541150002], [-1.62520718599995, 10.1387665460001], [-1.6255218739999, 10.1393061590001], [-1.62578900899996, 10.139440703], [-1.62607887899998, 10.1394649570001], [-1.62625227699994, 10.1394067470001], [-1.62648367199989, 10.1392216410001], [-1.6267843949999, 10.1391053080001], [-1.62718987299996, 10.1390356290001], [-1.62767746899982, 10.1392634610002], [-1.62863130899996, 10.1402704010001], [-1.62885349399994, 10.1407211070001], [-1.62950685499993, 10.1420464610002], [-1.62960657299993, 10.1424073300001], [-1.62970629099982, 10.1427681980001], [-1.62961559699994, 10.1433333890001], [-1.62945420099993, 10.1435734860002], [-1.62913064099996, 10.1438386990001], [-1.62902736199993, 10.144103491], [-1.62901650699996, 10.1443322750001], [-1.62913298599989, 10.1445056910001], [-1.6311801629999, 10.1451343630001], [-1.63187121699997, 10.145346581], [-1.63237054899997, 10.1457011670001], [-1.63258156799998, 10.1462960950001], [-1.6326530209999, 10.146825144], [-1.63270188099995, 10.1475361440001], [-1.63270614299995, 10.1477561070001], [-1.63273012799988, 10.1489941080001], [-1.63280151099997, 10.149487326], [-1.63304611899991, 10.149831377], [-1.63356367199992, 10.150340271], [-1.63408122399994, 10.150849165], [-1.63496439499994, 10.1515227210002], [-1.63529056099992, 10.151960322], [-1.63543152099993, 10.1525553820001], [-1.63546818599997, 10.1530734720001], [-1.63543529999993, 10.1535889420002], [-1.63536711199993, 10.154013525], [-1.63553048699987, 10.154335681], [-1.63590291499997, 10.1546905060002], [-1.63640250499998, 10.1550781580001], [-1.63700663999987, 10.1554904120001], [-1.63728511199992, 10.155546373], [-1.63756358499995, 10.155602333], [-1.63811990999989, 10.1555764460001], [-1.63831066799997, 10.1555016580002], [-1.63850142599995, 10.1554268700002], [-1.63892937899982, 10.155197274], [-1.63940376399989, 10.1548849020001], [-1.63987831999998, 10.1547461690001], [-1.6405503069999, 10.1547421020002], [-1.64146764499998, 10.155186808], [-1.64173525299998, 10.1554619030001], [-1.64202657099992, 10.155943663], [-1.64228282999989, 10.1561939730001], [-1.64278127799992, 10.1563528550001], [-1.64324507499992, 10.1563988000001], [-1.64371427699996, 10.1563220850001], [-1.64418347899993, 10.1562453690001], [-1.64494858199993, 10.1562879650001], [-1.64515161199995, 10.1563509580001], [-1.64535464199997, 10.1564139500001], [-1.64555261299989, 10.156642322], [-1.64583607999992, 10.1581466340002], [-1.64596397399993, 10.1582841910001], [-1.64835334599991, 10.1588362220002], [-1.6488696749999, 10.1589785210001], [-1.64938600499994, 10.1591208200001], [-1.65069819799993, 10.1597245760001], [-1.65184802699997, 10.160513312], [-1.65270800699989, 10.1610380300001], [-1.65392677799991, 10.1616088840001], [-1.65518060099993, 10.1621438330002], [-1.65534384499995, 10.1622628590001], [-1.65616826199994, 10.162863972], [-1.65679553199988, 10.1632623600001], [-1.65698378299993, 10.1640888320001], [-1.65709472199995, 10.1643063460002], [-1.65720566199997, 10.1645238610001], [-1.65745537299995, 10.164666681], [-1.65770508399982, 10.1648095], [-1.65879544299997, 10.1650691450001], [-1.65923648899997, 10.1652060670001], [-1.65953866199993, 10.1654521360001], [-1.65984083499995, 10.165698204], [-1.6603295569999, 10.166190573], [-1.66030743599993, 10.1665103320001], [-1.66008880299995, 10.1669820750001], [-1.65971875599996, 10.1672143390002], [-1.65944225499993, 10.167617294], [-1.65943280099992, 10.1681795710001], [-1.65952856199988, 10.169006226], [-1.65976184199991, 10.169401266], [-1.66032787199993, 10.1705433450001], [-1.66206451499983, 10.1716137970002], [-1.66355575199992, 10.173686322], [-1.66236563099994, 10.1746451180001], [-1.6621750889999, 10.1749955350001], [-1.66165393599994, 10.1752281070001], [-1.66130736199989, 10.175802087], [-1.66020597999989, 10.1760358280001], [-1.66015130899996, 10.177185257], [-1.66029708599996, 10.1774716030001], [-1.66044286399995, 10.1777579500001], [-1.66050258999991, 10.1783917460001], [-1.66050510799994, 10.1791937830001], [-1.66050569599997, 10.1793949810001], [-1.66050628299996, 10.1795961800001], [-1.66068239399993, 10.1803427440001], [-1.66103073799991, 10.1804577990001], [-1.66117644899987, 10.1811633860001], [-1.66114959599997, 10.181434618], [-1.66120802699993, 10.1816067590001], [-1.66213725099988, 10.1819466440001], [-1.66260246099995, 10.1824059810002], [-1.66237186699993, 10.182982484], [-1.66245959899993, 10.1832400080002], [-1.66254733199997, 10.1834975300002], [-1.66231643299989, 10.1838425180001], [-1.66194396499998, 10.1836867100002], [-1.66171435099989, 10.1838768100001], [-1.66182813299997, 10.1843193160001], [-1.66185599599987, 10.185108526], [-1.66230883899988, 10.1852804220001], [-1.6623219089999, 10.1857387430001], [-1.66197420999993, 10.1858552050001], [-1.66223620699998, 10.186170255], [-1.66249820299993, 10.1864853040001], [-1.6634258009999, 10.1863676660001], [-1.66331059399988, 10.1866572960001], [-1.66273145999992, 10.1869451100001], [-1.66249997299997, 10.1871743400001], [-1.66296506599991, 10.1874049150001], [-1.66197927199988, 10.1876356730002], [-1.66122738099995, 10.1883868690001], [-1.66030024599996, 10.188733261], [-1.65966320299998, 10.1890211880001], [-1.65966379799994, 10.1893105820001], [-1.65980608799993, 10.189682303], [-1.65983879599997, 10.1897677520001], [-1.65926384699998, 10.1908303830002], [-1.65908876799989, 10.1910922210001], [-1.65880025799993, 10.1916688390001], [-1.65897560499997, 10.1921260080002], [-1.65833938499998, 10.1928190850001], [-1.6579929049999, 10.1932800610002], [-1.65724004999987, 10.1937418540001], [-1.65718343799989, 10.1943731280001], [-1.65614123899991, 10.195009139], [-1.65625856699995, 10.1954113030001], [-1.65434967099992, 10.1973113670001], [-1.65342186299989, 10.1974289830001], [-1.6528422959999, 10.1976037790001], [-1.6524955729999, 10.19812263], [-1.65220476299993, 10.1978338140001], [-1.65203215799994, 10.1982944370001], [-1.65203379499997, 10.1989283510002], [-1.65226681199988, 10.199272405], [-1.65151462999989, 10.1999050680001], [-1.65128388599993, 10.200423686], [-1.65128441099995, 10.200595944], [-1.65128493499992, 10.200768204], [-1.65001235899996, 10.2020358160001], [-1.6500419809999, 10.202236957], [-1.65007160299996, 10.202438098], [-1.64966580099997, 10.2025546640001], [-1.64966696399989, 10.2029570610001], [-1.64984189599988, 10.2032984770001], [-1.64987213099988, 10.203758696], [-1.64990236499983, 10.204218915], [-1.64945043599994, 10.2046687110001], [-1.64915040099987, 10.2049673290001], [-1.64880045799987, 10.2059508780001], [-1.64822808599996, 10.2070390380001], [-1.64764820899984, 10.2071559480001], [-1.6474761689999, 10.2077295720002], [-1.64752137699992, 10.2085822930001], [-1.64770308999994, 10.2092488580001], [-1.64776826999991, 10.2092966740001], [-1.64829360299996, 10.2096820670001], [-1.64841121699993, 10.210312994], [-1.64887703499988, 10.210888106], [-1.64887906999996, 10.2116350210001], [-1.64925285899983, 10.2122764620001], [-1.64784504199997, 10.2153137930002], [-1.64750869499994, 10.215758345], [-1.64674618099997, 10.2165231710001], [-1.64657274799993, 10.216755033], [-1.64665145199996, 10.2168432420002], [-1.64681585199997, 10.2170274940001], [-1.64674867599985, 10.217327965], [-1.64628453699987, 10.2173288850001], [-1.64622744299987, 10.2176459570001], [-1.64617034799994, 10.2179630280001], [-1.64588137999993, 10.2184211240001], [-1.64553607499994, 10.2194002440002], [-1.64414798999996, 10.2209547070001], [-1.64368523399986, 10.2213001410001], [-1.6435410119999, 10.221617385], [-1.63920513499988, 10.2302453450002], [-1.63567231399998, 10.2372749420001], [-1.62618296799997, 10.2561551940001], [-1.61992384399997, 10.2687273640001], [-1.60605660599987, 10.294162038], [-1.57688878199997, 10.3467337270001], [-1.57025055199995, 10.3554234240002], [-1.5631370989999, 10.3620450910001], [-1.55995439899982, 10.3657466770001], [-1.55187014899997, 10.3739196280002], [-1.54811786099992, 10.3777128790001], [-1.54491799699997, 10.381069306], [-1.54332956199988, 10.3825534440001], [-1.53360683099993, 10.391626563], [-1.52575436799992, 10.3989944050002], [-1.5249096359999, 10.3999659670001], [-1.51782547599987, 10.4058233580001], [-1.51116307699994, 10.410374876], [-1.50995260499997, 10.4113593860002], [-1.50602143899994, 10.414259563], [-1.50550842199993, 10.4146380290001], [-1.49333688799987, 10.42206198], [-1.47975208299994, 10.4303470030001], [-1.47520833599998, 10.4331178940001], [-1.47503997799981, 10.4331815370002], [-1.47487161899983, 10.4332451790001], [-1.47476038099995, 10.4333363000001], [-1.47470206299994, 10.4334376760002], [-1.47460474499997, 10.433526708], [-1.47445224199993, 10.4339486330001], [-1.47412957499989, 10.4341613390001], [-1.47379622799991, 10.4346772430001], [-1.47272968899995, 10.435984572], [-1.47279328799982, 10.436153295], [-1.47316172499984, 10.4367453330001], [-1.47306473299989, 10.4370514140002], [-1.47231125399998, 10.4377801650002], [-1.47235127599993, 10.4384691560001], [-1.47196470199998, 10.4387756650001], [-1.47138683899988, 10.4396392080001], [-1.47092218299997, 10.439868658], [-1.47049622199989, 10.439907873], [-1.47034396799995, 10.4405006800001], [-1.47026606099996, 10.440539381], [-1.46970595699997, 10.4402535610002], [-1.4696866939999, 10.44040518], [-1.46991849299997, 10.4408651240001], [-1.47017007099993, 10.4415152170001], [-1.46862664699995, 10.442818412], [-1.46823966299991, 10.442857566], [-1.46802554799996, 10.4430508140001], [-1.46771648599997, 10.4430609130001], [-1.46740742499998, 10.4430710120001], [-1.46734903799995, 10.4431289770001], [-1.46690696099995, 10.44356786], [-1.46644203899996, 10.4436264200001], [-1.46586420699992, 10.4445257850002], [-1.46534123699996, 10.4448710720001], [-1.46466557599996, 10.4455252760002], [-1.46413511399993, 10.4455150220001], [-1.46319635599997, 10.4461971670001], [-1.4630432649999, 10.4462359750001], [-1.46252093699997, 10.4470194940002], [-1.46213417599995, 10.447212988], [-1.46198122299995, 10.4473455070001], [-1.46182571399987, 10.4476323770002], [-1.46143934599991, 10.4480932210001], [-1.46128633899986, 10.44818991], [-1.46070467099997, 10.4483919510001], [-1.46037633799995, 10.4485550410001], [-1.46004810099981, 10.44878428], [-1.4599536259999, 10.4489194690001], [-1.45981734999998, 10.4490326700001], [-1.45966147299987, 10.449071481], [-1.45937213699995, 10.4492455380001], [-1.45927746399991, 10.449245675], [-1.45889913199994, 10.449494277], [-1.45881309399994, 10.449687335], [-1.45867681799996, 10.4498005350001], [-1.45836784899996, 10.449878153], [-1.45821469799989, 10.449878373], [-1.4579058139999, 10.450013869], [-1.45776950899995, 10.4501077760001], [-1.45767227599987, 10.4502622630002], [-1.45764238299989, 10.450885207], [-1.45755908899991, 10.4509321820001], [-1.45740360199994, 10.4512383430001], [-1.45713389199983, 10.451506081], [-1.45679720399994, 10.451671936], [-1.45659107399996, 10.4516226190001], [-1.45591403899988, 10.4513562350001], [-1.45574139799987, 10.451356482], [-1.45473647999995, 10.4515673870001], [-1.45423311699989, 10.452009096], [-1.45374890899996, 10.452219256], [-1.45311177299993, 10.4525839800002], [-1.45218501299996, 10.4529298200002], [-1.45196242699996, 10.4530541650001], [-1.45173984099983, 10.4531785090001], [-1.45158133199993, 10.4533248120002], [-1.45138993299992, 10.4538349810002], [-1.45116186899998, 10.4540227250001], [-1.45100604299995, 10.4541001190001], [-1.45069692899995, 10.4540812630001], [-1.45042409599995, 10.4541202350002], [-1.44985651399998, 10.4544490240001], [-1.44886271699988, 10.4546571380001], [-1.44845647299996, 10.4548699370002], [-1.44833582999991, 10.4549665740001], [-1.44814773999997, 10.4551184300001], [-1.44790621999988, 10.4556341800001], [-1.44763101499996, 10.4559625540001], [-1.44735580999992, 10.456290929], [-1.4471924099999, 10.4569140600001], [-1.44737165499987, 10.4576331780001], [-1.44728330499987, 10.458162494], [-1.44720384399994, 10.4597956560002], [-1.44714119799994, 10.4600451810001], [-1.44681863799997, 10.4603653520001], [-1.44641513899995, 10.460556096], [-1.44617033099996, 10.460724567], [-1.44600614999996, 10.4609108170001], [-1.44537242999996, 10.4616297170001], [-1.44477149299996, 10.4620136690001], [-1.44467678699993, 10.4619945070001], [-1.4440450059999, 10.4622296660001], [-1.44286492599997, 10.4627804170001], [-1.44260334699987, 10.4629024970001], [-1.44241453199982, 10.462990618], [-1.44186182399989, 10.463248568], [-1.44169121499993, 10.4633281900001], [-1.44102403599987, 10.4636395620001], [-1.44061742599996, 10.4638293240001], [-1.44054004599997, 10.4638654380001], [-1.44046266699996, 10.4639015500001], [-1.43988224999981, 10.4641724260001], [-1.43969696799985, 10.4642588950001], [-1.43957594499994, 10.4643153750001], [-1.43837637599989, 10.4648751990001], [-1.43837701799987, 10.4653327290001], [-1.43710172699997, 10.4661115560002], [-1.43401189099984, 10.467722506], [-1.4333202819999, 10.4671598080002], [-1.43321324099992, 10.4671577210001], [-1.43259447999998, 10.46668128], [-1.43198891399987, 10.4663125800001], [-1.43192800999998, 10.4662330800001], [-1.43158213899989, 10.4659009100001], [-1.43112780699994, 10.4647696260001], [-1.43088925599994, 10.4644095900002], [-1.42992224699992, 10.463833397], [-1.42986142599989, 10.4637318390002], [-1.42939160299983, 10.463655391], [-1.42854057799991, 10.4638121570001], [-1.42758434499996, 10.4642846800002], [-1.42666099899992, 10.464914236], [-1.42602707799989, 10.465566503], [-1.42541737699997, 10.466181777], [-1.42513201399993, 10.4664039170001], [-1.42494057899995, 10.466607031], [-1.42393836699989, 10.4666517860001], [-1.42345833299987, 10.4666732210002], [-1.42298054299988, 10.466694556], [-1.42268079499996, 10.4667079400001], [-1.42190527999998, 10.466742567], [-1.4204251189999, 10.4666816980001], [-1.41972631499993, 10.466069202], [-1.41811119799996, 10.4660112650001], [-1.41775247499993, 10.4665291740001], [-1.41746359999985, 10.4669222520001], [-1.41711575199992, 10.467855806], [-1.4169833119999, 10.4682112450001], [-1.41677541899992, 10.4689051330001], [-1.41659384399998, 10.4692564900001], [-1.41537305499998, 10.4708889430001], [-1.41480931199987, 10.471688937], [-1.4144329909999, 10.4725560980001], [-1.41412048599989, 10.4732762], [-1.41387527199993, 10.4738412450001], [-1.41364165799996, 10.4746842140001], [-1.41332480599988, 10.475109666], [-1.41234127099995, 10.47615968], [-1.41227606099989, 10.4762660240001], [-1.41203374599991, 10.476580498], [-1.41176816999996, 10.4769550610002], [-1.41152595699998, 10.4773480740001], [-1.4110409999999, 10.4777321610002], [-1.41021115599983, 10.4785278710001], [-1.40976052399992, 10.4788895930002], [-1.40884488899985, 10.4796245680002], [-1.40868627699996, 10.4796986920001], [-1.40803691699995, 10.4801409350002], [-1.40733377299995, 10.4806198050002], [-1.40659937599986, 10.4812472640002], [-1.40627076099992, 10.481605223], [-1.40603802399994, 10.4821137210001], [-1.40557710799993, 10.4830475480001], [-1.40505523999991, 10.483778173], [-1.40484070499991, 10.4839262850001], [-1.40374913799991, 10.4845051720001], [-1.40234424899995, 10.4846501720002], [-1.40180261599988, 10.4845399770002], [-1.40165314999996, 10.4844708650002], [-1.40094334299994, 10.484263861], [-1.39948947699992, 10.483247459], [-1.39884191499988, 10.4823732460001], [-1.39841356399995, 10.4817949660002], [-1.3978275959999, 10.4810038940001], [-1.39687668599993, 10.479658703], [-1.39654046299989, 10.47929221], [-1.39509215999988, 10.4777124720001], [-1.39449954399987, 10.477046452], [-1.39374464799994, 10.476368306], [-1.39287614799991, 10.475588099], [-1.3908415759999, 10.4744181260002], [-1.39035570599992, 10.4742569590001], [-1.38973113199995, 10.47415024], [-1.38897682099997, 10.4737536460001], [-1.38839398099998, 10.4734472040001], [-1.38794592199986, 10.4732116270001], [-1.38776010699985, 10.473113929], [-1.38740984499998, 10.4729297690002], [-1.3870891329999, 10.472761146], [-1.38681266699996, 10.4726157850001], [-1.38596561699995, 10.4721704200002], [-1.38551673699993, 10.4719344050001], [-1.38539703299989, 10.4718714660001], [-1.38448953499994, 10.4713943120001], [-1.38433333799998, 10.4711905400001], [-1.38433321299988, 10.4710885600002], [-1.38414073299987, 10.4708186820001], [-1.3835187009999, 10.469978784], [-1.38274657799997, 10.4693678300001], [-1.38119732999996, 10.468603457], [-1.38088808399993, 10.468488065], [-1.38016642099984, 10.4681443980001], [-1.37933884499995, 10.4677236820001], [-1.37824841299994, 10.4671530610001], [-1.37794553699985, 10.4669425690001], [-1.37744396499983, 10.4666758100001], [-1.37689680199992, 10.4660430070001], [-1.37617750499993, 10.4652111240001], [-1.37595421199984, 10.4649528790001], [-1.37510560899995, 10.46397144], [-1.37476983699997, 10.4635831050001], [-1.37397800299993, 10.4628680320002], [-1.37373237199995, 10.4623832250001], [-1.37340288699994, 10.4616366720001], [-1.37315151299993, 10.461005791], [-1.37322779099992, 10.459588999], [-1.37326668399987, 10.4595117800001], [-1.37335870999993, 10.459382347], [-1.37357505199998, 10.4590780660001], [-1.37419241399982, 10.4582097550002], [-1.37506050999997, 10.4576161460001], [-1.37527485699985, 10.457558013], [-1.37544745799994, 10.4575192240001], [-1.37665861899995, 10.457391009], [-1.37681460499988, 10.4574294120001], [-1.37735477699988, 10.4573901860001], [-1.37774181999987, 10.457373191], [-1.37805088999994, 10.457353531], [-1.37851587599994, 10.4573143930001], [-1.37859110799997, 10.45735289], [-1.37890293999993, 10.4573139330001], [-1.37897817199985, 10.4573524310001], [-1.38021714399997, 10.4571966080001], [-1.38031170299996, 10.4571000270001], [-1.38030822499985, 10.4565294920001], [-1.38013796299987, 10.456201704], [-1.38005971599989, 10.4559730300001], [-1.37916981899997, 10.4546511000001], [-1.37909178399991, 10.4545960680002], [-1.37765839199989, 10.4528558320001], [-1.37567895399997, 10.4508764390002], [-1.37511053399993, 10.450571166], [-1.37437492599997, 10.4501696200001], [-1.37313757599992, 10.4493304190001], [-1.3729257199999, 10.4491377300001], [-1.37233738999981, 10.4484769210001], [-1.37079642599986, 10.4475443520001], [-1.37039227199989, 10.447211318], [-1.36993204699991, 10.4465558670001], [-1.36945757299992, 10.4456220540002], [-1.36905313699992, 10.44504647], [-1.36847036099994, 10.444358084], [-1.36836571799989, 10.4441680250001], [-1.36823879599996, 10.4439752340002], [-1.36816078699991, 10.4439394930001], [-1.36804641799995, 10.443765983], [-1.36732996599983, 10.4430584550001], [-1.36713476099993, 10.4428106190002], [-1.36698147699997, 10.442695033], [-1.36674724299991, 10.4424086540001], [-1.36643787299982, 10.4421609480002], [-1.3663207429999, 10.4420067330001], [-1.3660406439999, 10.441786555], [-1.36576054499983, 10.4415663770001], [-1.36562390499989, 10.441395647], [-1.3654511769999, 10.441318671], [-1.36415494299996, 10.4400770890001], [-1.36407679699994, 10.4399228290002], [-1.36384537499993, 10.4396557380002], [-1.36380621299986, 10.4395014330001], [-1.36366946399983, 10.4392342340001], [-1.36355236199989, 10.439102068], [-1.36353266899988, 10.4389284480001], [-1.36343782099993, 10.4387769620001], [-1.36343764199989, 10.4386226130001], [-1.36334002899991, 10.4384876690001], [-1.36328126699993, 10.438239675], [-1.36320314499994, 10.4381047080001], [-1.36297117299995, 10.437360788], [-1.36285395799996, 10.437129398], [-1.36282033599991, 10.4369502800001], [-1.36271962199993, 10.4365411260001], [-1.36271946099993, 10.4364019030002], [-1.36264132099996, 10.4362504000002], [-1.36264114199992, 10.4360960500002], [-1.36252366599996, 10.4356386480002], [-1.36252348699998, 10.4354843], [-1.36244821799994, 10.43540721], [-1.36252331199995, 10.4353327060001], [-1.36246753399996, 10.4352555960001], [-1.36248406199996, 10.4351012270002], [-1.36237538899996, 10.435032445], [-1.36240841599994, 10.434826173], [-1.36242791399997, 10.4347043930001], [-1.36279472099994, 10.4340672870001], [-1.3630254659999, 10.433754192], [-1.36312272899988, 10.4335887070001], [-1.36318253999997, 10.4334282510001], [-1.36335339299995, 10.433206706], [-1.36337270499996, 10.4330523350001], [-1.36343100199997, 10.432900675], [-1.36348940799985, 10.4328427280001], [-1.3634503369999, 10.4327655980001], [-1.36356423199993, 10.4325367010001], [-1.36354462899988, 10.4324402550001], [-1.36360292299992, 10.43228584], [-1.36361226199989, 10.4321069440002], [-1.36365075899988, 10.431996489], [-1.3636985149999, 10.431859461], [-1.36374056599993, 10.431739689], [-1.36384696399995, 10.431436641], [-1.36410487599989, 10.4305433270002], [-1.3642770219999, 10.4301241830001], [-1.36435480499995, 10.4299697450002], [-1.36452999999989, 10.4297793660001], [-1.36456601799995, 10.4296249750001], [-1.36470657799993, 10.4294693260001], [-1.36487746899996, 10.42928009], [-1.36487735599985, 10.429183622], [-1.36634454999989, 10.4284557830001], [-1.36659947599998, 10.42832932], [-1.36721732299992, 10.428022817], [-1.3673653969999, 10.4279493600001], [-1.36797794699987, 10.427645483], [-1.36813021199987, 10.427569947], [-1.36825490899997, 10.4275080850001], [-1.36845139799988, 10.4274106100001], [-1.36857886299987, 10.4273473760002], [-1.36877925899995, 10.4272479620001], [-1.36925862799995, 10.4269872390001], [-1.36951525199987, 10.426898549], [-1.36962680899995, 10.4268431720002], [-1.36991685499993, 10.4266991950001], [-1.37016226599997, 10.426566318], [-1.37026507399992, 10.4265485120001], [-1.37079686399989, 10.4264564100002], [-1.37098304799991, 10.4264396570001], [-1.37110000899992, 10.4264539910001], [-1.37133585999987, 10.4265850130001], [-1.37140928299993, 10.4266320990001], [-1.37220398299996, 10.4276068820001], [-1.37276343399998, 10.4274325880001], [-1.37274362699992, 10.427165256], [-1.37266536899995, 10.4269172860001], [-1.37256727699992, 10.4263799350002], [-1.37260616999993, 10.426305471], [-1.37253065199997, 10.42601891], [-1.37247197399995, 10.4258453360001], [-1.37229603599985, 10.4254045430001], [-1.37216209299987, 10.4251566380001], [-1.37202520599993, 10.42477368], [-1.37140626599995, 10.4240853400001], [-1.37086302799986, 10.42383791], [-1.36978796599988, 10.4235773120001], [-1.36939514199997, 10.4233793160001], [-1.36803933899989, 10.4231960610002], [-1.36751845899988, 10.4233428900001], [-1.36734302299993, 10.4233237980001], [-1.3669950499999, 10.423382078], [-1.36593744099997, 10.423786492], [-1.36568651099992, 10.423599462], [-1.36559824499989, 10.4235336720001], [-1.36524681599997, 10.423271733], [-1.36517834599988, 10.4232206990001], [-1.36457917899997, 10.4227741060001], [-1.36386134799989, 10.422239061], [-1.36385238999986, 10.4217181430001], [-1.36388012499992, 10.4216243990001], [-1.36384375299997, 10.421472847], [-1.36405152399982, 10.4207214850001], [-1.36407232499994, 10.4206462660001], [-1.36419858499988, 10.4201896690001], [-1.36428070099993, 10.4198927120001], [-1.36434752399987, 10.4196510610001], [-1.36455355499987, 10.4189059820002], [-1.36509528799985, 10.4178717730002], [-1.36515039599988, 10.417649089], [-1.36558084599994, 10.4165876910001], [-1.36562808699995, 10.4164712030001], [-1.36577679999994, 10.416104506], [-1.36583243299998, 10.4159673250001], [-1.36593457299995, 10.4157154670001], [-1.36599020599982, 10.4155782870001], [-1.36614293999992, 10.415201671], [-1.36621649499989, 10.4150203], [-1.36625758799994, 10.4149189710001], [-1.36636815899993, 10.41464632], [-1.36667489399997, 10.4138899620001], [-1.36666063199993, 10.4140307530001], [-1.36679169799987, 10.4137740660001], [-1.36755703399996, 10.4131005520002], [-1.36779058699994, 10.412895018], [-1.36787126699994, 10.412824018], [-1.36794138799996, 10.4127623090002], [-1.36810794699988, 10.412615732], [-1.36822492999988, 10.4125127830001], [-1.36901149999994, 10.4118205730001], [-1.36912767699988, 10.411718334], [-1.36953664499987, 10.4113584250002], [-1.36965001699986, 10.4112586520002], [-1.36978934099994, 10.4111360420002], [-1.3699503389999, 10.4109943560002], [-1.37007774999989, 10.410882229], [-1.37044675899995, 10.4105574820001], [-1.37066559899995, 10.4103648930001], [-1.37113684899987, 10.4099501680001], [-1.37194717599994, 10.4092370320001], [-1.37363219499991, 10.4057456410001], [-1.37508046699992, 10.4056151170001], [-1.37577831599992, 10.405552222], [-1.37608934999992, 10.4055241890001], [-1.37632029799994, 10.405503374], [-1.37692989399994, 10.4054484300001], [-1.37731334099993, 10.405413869], [-1.37747956999993, 10.4053988860001], [-1.37758958499995, 10.40538897], [-1.37868411999995, 10.4052903130001], [-1.38280236299988, 10.405777029], [-1.38295606399993, 10.4057951940001], [-1.38307691799997, 10.4058094750001], [-1.38326998799994, 10.4058322920001], [-1.38406391099988, 10.4059261150001], [-1.38458693599995, 10.4056002520001], [-1.38486223499996, 10.4053270540001], [-1.38506482999986, 10.404797613], [-1.38506467099995, 10.4046680710001], [-1.38510355799997, 10.4045936060001], [-1.38506448499993, 10.4045164780001], [-1.38511169799983, 10.404419953], [-1.38502475699994, 10.4039046420001], [-1.38502456799989, 10.4037502920002], [-1.38492693699982, 10.4035988170001], [-1.38492674799988, 10.4034444690001], [-1.38478980799994, 10.4030229290001], [-1.38478948099981, 10.4027555750002], [-1.38471412099989, 10.4026013160001], [-1.38471365399994, 10.4022209560001], [-1.38463560399987, 10.402143875], [-1.38463529099994, 10.4018875450001], [-1.38444005099996, 10.401601131], [-1.38427253299994, 10.4012117980001], [-1.38418878499994, 10.4010336480001], [-1.38397616099991, 10.4001904940001], [-1.38399546399995, 10.400038878], [-1.38397550699995, 10.399655785], [-1.38389122299992, 10.3990329760001], [-1.38383819699987, 10.398928303], [-1.38377930999997, 10.398583844], [-1.38377912499988, 10.398432251], [-1.38370367099992, 10.398200818], [-1.38362478199997, 10.397434678], [-1.38352724799989, 10.3973603770002], [-1.38348808199987, 10.397206075], [-1.38350747699997, 10.397128877], [-1.38340975399996, 10.3969002260002], [-1.38342914899988, 10.396823028], [-1.38337058899992, 10.3967459230001], [-1.38333411699983, 10.396517199], [-1.38315834599996, 10.3962114670001], [-1.38284845099997, 10.3955034840001], [-1.38240239499993, 10.3950078940001], [-1.38215133899985, 10.394605782], [-1.38201473299989, 10.394451595], [-1.38184174899988, 10.3941458590001], [-1.38178281799998, 10.3937628120001], [-1.38172416899994, 10.393611288], [-1.38170453999993, 10.39349555], [-1.38168491099998, 10.3933798110002], [-1.3815982129999, 10.3930574350001], [-1.38164827499998, 10.3927091860002], [-1.38168103599992, 10.3924812830001], [-1.38176140199982, 10.3921752450001], [-1.38176121499981, 10.3920208960001], [-1.38183886799993, 10.3917727410001], [-1.38181919199997, 10.3916184160001], [-1.38183830899987, 10.39131245], [-1.38173760099988, 10.3909156720001], [-1.38134996799988, 10.3903786660001], [-1.38063910599993, 10.3898552820001], [-1.38012923799994, 10.3894798820002], [-1.3795694129999, 10.389067697], [-1.37926418599989, 10.3888429650001], [-1.37893898099998, 10.3886035240001], [-1.37855732499992, 10.3883225180001], [-1.37843548099988, 10.3882328060001], [-1.37831290599996, 10.3881425560002], [-1.37824473199993, 10.3880923610002], [-1.37755233199982, 10.3875825550001], [-1.37747436699993, 10.3875251510001], [-1.3768051969999, 10.3870324460001], [-1.37623052499987, 10.386057411], [-1.37561881399989, 10.3851803890001], [-1.37405053599997, 10.3829318920002], [-1.37383515199991, 10.3826230850001], [-1.37324936099986, 10.3817832020001], [-1.37281720599998, 10.3816187090001], [-1.37199322799995, 10.3813050730001], [-1.37089060299991, 10.3811547550001], [-1.37014729299995, 10.3808155770001], [-1.36975039399988, 10.380634467], [-1.36919996499984, 10.380383299], [-1.36883738799992, 10.3802178490002], [-1.36847481099994, 10.3800524000001], [-1.36773374299992, 10.379714236], [-1.36748975399991, 10.3796028990001], [-1.36485572699991, 10.3784009180001], [-1.36413120299994, 10.3780702910001], [-1.36307741299987, 10.377525437], [-1.36053706899997, 10.3771794190001], [-1.36037471199995, 10.377162567], [-1.36005712799988, 10.377129602], [-1.35819067699993, 10.3769358640002], [-1.35794337199997, 10.3769101930001], [-1.35692689699988, 10.3768046770001], [-1.35649566099994, 10.3770449500001], [-1.35565246799996, 10.3773435590001], [-1.35510958099997, 10.377324866], [-1.35388014299997, 10.3760727510001], [-1.35371550499991, 10.375905075], [-1.35358720799996, 10.3757744100002], [-1.35336057999996, 10.3755436000001], [-1.35313395199995, 10.3753127890001], [-1.35298815699997, 10.375164303], [-1.3529113269999, 10.3750860540001], [-1.35199294899996, 10.3741507180001], [-1.35141946599992, 10.373566641], [-1.35125366899996, 10.3734729610001], [-1.35087904999989, 10.373261288], [-1.35039726199989, 10.3731047070002], [-1.34949466999984, 10.3717235430001], [-1.34932492099989, 10.371463786], [-1.34912673399992, 10.3711605140002], [-1.34856598199991, 10.3703024290001], [-1.34791773699993, 10.3693104510001], [-1.34762539399998, 10.3688630900001], [-1.34731581499994, 10.3683452480001], [-1.34713000499994, 10.3681243540001], [-1.34665796599995, 10.3675631830001], [-1.34632428599997, 10.3668593430002], [-1.34610692399991, 10.3664008540002], [-1.34595826199995, 10.366087275], [-1.34581899099993, 10.3657935060002], [-1.34564600899989, 10.3654286280002], [-1.34556953599997, 10.3652673200002], [-1.34546901699991, 10.3650552870001], [-1.34531550199989, 10.3647314690002], [-1.34504001899995, 10.364150375], [-1.34486448599989, 10.3637801130001], [-1.34444539999993, 10.3628932450001], [-1.34440591299995, 10.3628114920002], [-1.34439701099996, 10.3612467070001], [-1.34439586899992, 10.360940565], [-1.34439515399987, 10.3607488770001], [-1.34439244599992, 10.3600225480002], [-1.34439044199991, 10.359485135], [-1.34438958799996, 10.3592564610001], [-1.34438859199997, 10.358989309], [-1.34438687799997, 10.3585295740001], [-1.34441320599996, 10.3577409280001], [-1.34444231999987, 10.3576347810001], [-1.34457615499991, 10.3575193390001], [-1.3448678339999, 10.357267743], [-1.34529328599996, 10.3568455810001], [-1.34527367299989, 10.3567298390001], [-1.34537085399995, 10.356500965], [-1.34538983699991, 10.3560406510001], [-1.34537001599989, 10.3557347280001], [-1.34530592399983, 10.355674159], [-1.34517440099995, 10.3550458740002], [-1.34505723399997, 10.35481723], [-1.34492315399996, 10.3543956670001], [-1.34478660399992, 10.3542607570001], [-1.34422640799994, 10.353649467], [-1.34392646399982, 10.3533854120001], [-1.34351030599993, 10.3530190490001], [-1.34327867599995, 10.3524845820002], [-1.3433146129999, 10.3522530190001], [-1.34335323699997, 10.351933252], [-1.34362551499987, 10.3514506170001], [-1.34375896499989, 10.351296124], [-1.34385622599996, 10.3511416700001], [-1.34395357499994, 10.351067147], [-1.34404803099994, 10.3508934020001], [-1.34416482199993, 10.3507788920001], [-1.34428161199997, 10.3506643830001], [-1.34480182899995, 10.350357882], [-1.34539998699995, 10.3500512980001], [-1.34571159099988, 10.3498966130002], [-1.34609559199987, 10.3497611440001], [-1.34679117799988, 10.3494544520001], [-1.34729485799988, 10.3493023160001], [-1.34799077699995, 10.349301564], [-1.34839727999997, 10.3493783010001], [-1.34878393499991, 10.3491270630001], [-1.34893666299996, 10.3487878780002], [-1.34818059499992, 10.347253462], [-1.34802740799995, 10.347176452], [-1.34740930699996, 10.3470613560002], [-1.34729240999997, 10.347075953], [-1.34671353799996, 10.347194405], [-1.34528268699995, 10.3471518420002], [-1.34473971399996, 10.347006342], [-1.34421021199995, 10.3467698700002], [-1.34371482899996, 10.3465498980001], [-1.3434446039999, 10.3463572480001], [-1.3433080399999, 10.3462058000001], [-1.34311519899995, 10.3454976470002], [-1.34303702599993, 10.3452854980001], [-1.34303673599993, 10.3450181410001], [-1.34303623999995, 10.3445606030001], [-1.34295796199996, 10.344251986], [-1.34277929799993, 10.3437808560001], [-1.34255365099983, 10.3436212320001], [-1.34179905999991, 10.3434125590001], [-1.34172109799994, 10.3433933480001], [-1.34164313499997, 10.3433741360001], [-1.34139264999988, 10.3434129890002], [-1.34114218599984, 10.3434711360001], [-1.34063876199991, 10.343854788], [-1.34021352999991, 10.3444726380002], [-1.3397529209999, 10.3458457410002], [-1.33975310599993, 10.3460166290001], [-1.33971446299995, 10.3463226140001], [-1.33971487499997, 10.3467057330001], [-1.33923127899993, 10.3474146010001], [-1.33909637399995, 10.347511212], [-1.33896147099989, 10.3476078230001], [-1.33843826099985, 10.3477213790001], [-1.33747187699993, 10.348113782], [-1.33631438299989, 10.3477814850001], [-1.33588819699997, 10.347514572], [-1.33546207399996, 10.3473055400001], [-1.33520195899996, 10.347126654], [-1.33513333499997, 10.3470550630001], [-1.33435034899992, 10.3461798330001], [-1.33401992099994, 10.3457883400001], [-1.33387638499994, 10.3456203560001], [-1.33383172999993, 10.345510152], [-1.3319166849999, 10.343875075], [-1.33087725099995, 10.3429875870002], [-1.32969013899998, 10.341973998], [-1.32937412199993, 10.3419012810002], [-1.32822710399989, 10.3417425870002], [-1.32751716699994, 10.3411742240001], [-1.32491395599993, 10.3401070000001], [-1.32408724199985, 10.338428235], [-1.32359118499994, 10.335798171], [-1.32394630499982, 10.333993548], [-1.3248168689999, 10.3333229000001], [-1.32497352099989, 10.3333018580001], [-1.32539576699992, 10.3332451410001], [-1.3264002709999, 10.3328995940001], [-1.32670894899996, 10.332612631], [-1.32668918799993, 10.3323452930001], [-1.32659162399995, 10.3322103350001], [-1.32636043499997, 10.3320589740002], [-1.32516176399992, 10.3317631840002], [-1.32496831299983, 10.3317158460002], [-1.32466319599996, 10.331661976], [-1.32396306599998, 10.331333736], [-1.32235918799995, 10.3307813330001], [-1.32099556699984, 10.3306929020001], [-1.32053824799993, 10.330671277], [-1.32042075199996, 10.3306740100001], [-1.32027632799992, 10.33067923], [-1.32005711599982, 10.3306871550001], [-1.31997915799985, 10.330667938], [-1.31979685599987, 10.3306874130001], [-1.31965077999996, 10.3307454390001], [-1.31945226399995, 10.3307622160002], [-1.31916928899989, 10.3308037970001], [-1.31715996399993, 10.3311861430001], [-1.31597949999986, 10.3309392370002], [-1.31590152199988, 10.3309007250002], [-1.31582354499983, 10.3308622140001], [-1.31472336699994, 10.330174222], [-1.31414396199995, 10.3299316250001], [-1.31367911199993, 10.3297369920001], [-1.31344502899992, 10.329467105], [-1.31296291399991, 10.328894269], [-1.31259499999993, 10.3283984970001], [-1.31213450099995, 10.3275318670001], [-1.31003981299983, 10.3274915650002], [-1.30973076799984, 10.327485619], [-1.30942172399995, 10.327479671], [-1.30926630699997, 10.327476679], [-1.3084133619999, 10.327460263], [-1.30810451599984, 10.327454318], [-1.30754902399997, 10.3271589930002], [-1.30733576499989, 10.3271770080001], [-1.30577412599985, 10.3272609570001], [-1.30558183399984, 10.327223523], [-1.30548041699996, 10.3272037790002], [-1.30422078999993, 10.326958558], [-1.30405970899994, 10.3269271980001], [-1.30357098499996, 10.3268320530001], [-1.30289753199997, 10.3267009430001], [-1.30149665799996, 10.3264259170001], [-1.3013811699999, 10.3264549660001], [-1.30130317799996, 10.326397157], [-1.30115010399987, 10.3264165940001], [-1.30099420999994, 10.3263974450001], [-1.30083828199992, 10.3263424650001], [-1.30017744099996, 10.326066817], [-1.29991094299993, 10.3258830300001], [-1.29964069199997, 10.325615923], [-1.29954323299995, 10.3255774250001], [-1.29944566599988, 10.3254231650001], [-1.29935098999988, 10.3253846650001], [-1.29921445699995, 10.325233197], [-1.29913648199988, 10.3251946800001], [-1.29889790099998, 10.3249340900001], [-1.29857656899992, 10.3247349010002], [-1.29842063899997, 10.3246771640001], [-1.29828692599995, 10.3245642810001], [-1.29818396699994, 10.3245960730001], [-1.29774405799998, 10.324468312], [-1.29751302899996, 10.3244685250002], [-1.29743505499988, 10.324430009], [-1.29735717199992, 10.3244879620001], [-1.29720406299987, 10.3244688100001], [-1.29712616199993, 10.324507469], [-1.29704818899995, 10.3244689530002], [-1.2968951339999, 10.3245076820001], [-1.29681715999993, 10.324469165], [-1.2965862399999, 10.324585141], [-1.29650822999986, 10.324508037], [-1.29540608199989, 10.32462481], [-1.29525305999994, 10.3246993700001], [-1.29517510399995, 10.324680148], [-1.29501928299993, 10.3247381710001], [-1.29486617499987, 10.3247190170001], [-1.29478827299994, 10.324757676], [-1.29465186399983, 10.3247385060002], [-1.29453705999993, 10.324753081], [-1.29418980699995, 10.324738928], [-1.2941119059999, 10.3247775870001], [-1.29393656499997, 10.3247970400001], [-1.29274032299992, 10.3255064890001], [-1.29259023799995, 10.3255809680001], [-1.29254562099982, 10.3256610170001], [-1.29239263399995, 10.3257741620001], [-1.29097069999989, 10.3263254670001], [-1.29007173199994, 10.3263523180001], [-1.28908626899994, 10.326237438], [-1.28852631499996, 10.3257197590001], [-1.28838954299994, 10.325300928], [-1.28829058899993, 10.3251470090001], [-1.28825623199998, 10.3248629710001], [-1.28822187599991, 10.3245789340002], [-1.28751462699995, 10.3242040790001], [-1.2868812129999, 10.3225818280001], [-1.2861070489999, 10.3221828550001], [-1.28521622099993, 10.3220485850001], [-1.28453030899993, 10.32262231], [-1.28363251999997, 10.3221464490001], [-1.28347662899995, 10.3221272920001], [-1.28288374599992, 10.322146325], [-1.28131649199992, 10.3220274870001], [-1.28102209399998, 10.3220051630001], [-1.28064024199995, 10.321976207], [-1.28055997799993, 10.321970121], [-1.28040630999993, 10.321958468], [-1.27956032599991, 10.3218943150001], [-1.27921219399997, 10.3218679150001], [-1.27906910799987, 10.321857064], [-1.27893502299997, 10.321846896], [-1.27876939999993, 10.3218343360001], [-1.27862037999995, 10.3218230350001], [-1.27844786899988, 10.3218099530001], [-1.27537714999994, 10.321387348], [-1.27508663299994, 10.321387596], [-1.27485558999996, 10.3213684980001], [-1.27454659299997, 10.321330173], [-1.27431554999993, 10.3213110760001], [-1.27415962599991, 10.3212533260001], [-1.27400653599994, 10.3212534560001], [-1.27392855199997, 10.321198396], [-1.27369612499984, 10.3211889460001], [-1.27346369899988, 10.3211794960001], [-1.27331063899993, 10.321215458], [-1.27313528199988, 10.3212156050001], [-1.27265112699996, 10.321408954], [-1.2724786689999, 10.3215441570001], [-1.27238127899994, 10.3215800710001], [-1.27155443899994, 10.322185457], [-1.27164523799996, 10.323057039], [-1.27168072599989, 10.3233350680001], [-1.27300717899993, 10.3245769980002], [-1.27300083299997, 10.3261108550001], [-1.27279221499992, 10.3268635090001], [-1.27226963999993, 10.3269558990001], [-1.27106553199997, 10.3266458620001], [-1.27007061799998, 10.3261479260001], [-1.26935081199991, 10.325697737], [-1.26919488899989, 10.3256427410001], [-1.26896372799996, 10.3254885820001], [-1.26875202099995, 10.3252985750001], [-1.26816881299993, 10.3235763860001], [-1.2681491969999, 10.3234220500001], [-1.26824603599994, 10.3227329000002], [-1.26830435999995, 10.322581256], [-1.26835316499989, 10.3222487400001], [-1.2683735469999, 10.322109875], [-1.26844029499989, 10.322043669], [-1.26840125999996, 10.3219665250001], [-1.26849576999996, 10.3218148510001], [-1.26920929699986, 10.319669872], [-1.2692871669999, 10.319592632], [-1.26924813299996, 10.319515488], [-1.2692475479999, 10.3188264200001], [-1.26916946599994, 10.3186555950001], [-1.26986390599996, 10.3169902230001], [-1.27093789699995, 10.316572851], [-1.27091985599998, 10.3164086110001], [-1.27089763799995, 10.3162063490001], [-1.27088363799993, 10.316078901], [-1.27086926499987, 10.315948063], [-1.27175729499993, 10.31451901], [-1.27054110499984, 10.312960592], [-1.26998024999995, 10.3122479450001], [-1.26968683899992, 10.3118951910001], [-1.26959488799997, 10.3117886570001], [-1.26846681499995, 10.310635404], [-1.26703867699996, 10.3103113450001], [-1.26669913199993, 10.3103419440001], [-1.2658488319999, 10.3112649760001], [-1.26526758199986, 10.3111837160001], [-1.26450367299998, 10.311076919], [-1.26428851099996, 10.3106862070001], [-1.26404093499997, 10.3102366310001], [-1.26393125199996, 10.3099225050001], [-1.26384842099992, 10.3096827750002], [-1.26378981299996, 10.3094926400001], [-1.26375052699984, 10.309109548], [-1.26373104999993, 10.3085108200001], [-1.26374988999987, 10.3083433020001], [-1.26357679899996, 10.3077122550002], [-1.26357671899996, 10.307615785], [-1.26345968999993, 10.307461529], [-1.26332308499991, 10.3071942810001], [-1.26265721599998, 10.3064065250001], [-1.26243428299989, 10.3060842210001], [-1.26164775099994, 10.30555566], [-1.26145140899996, 10.3054237150002], [-1.26007119499997, 10.3044961810002], [-1.25974446799995, 10.304276612], [-1.25972632599996, 10.3029497550001], [-1.25798670199987, 10.3028739710001], [-1.25780605099993, 10.3029739300001], [-1.25618032499989, 10.3032833360001], [-1.25583646599995, 10.3018668180001], [-1.25572576899998, 10.3014108020001], [-1.25569594099989, 10.3012879230001], [-1.25551634299995, 10.300548067], [-1.25549713999987, 10.300468959], [-1.25547677099996, 10.300385049], [-1.25540920199995, 10.300106697], [-1.25527299899989, 10.2995456000001], [-1.25519439999994, 10.299221807], [-1.25511234599992, 10.2988837830001], [-1.25503894199989, 10.2985813840001], [-1.25510132999989, 10.2970770330001], [-1.25453535099996, 10.296506784], [-1.25442340499995, 10.2950847720001], [-1.25539957699988, 10.294451109], [-1.25637899099991, 10.2938153380001], [-1.25739178499987, 10.2934479480001], [-1.25703285499992, 10.2908853960001], [-1.25687454599995, 10.2897551510001], [-1.25522795899997, 10.288405655], [-1.25595514599991, 10.2865036080001], [-1.25634917799994, 10.285472961], [-1.25561865199995, 10.2835765280001], [-1.25444842399997, 10.2821936030001], [-1.25420200899993, 10.281902399], [-1.25371444299998, 10.2786054810001], [-1.25371432199995, 10.2784538850001], [-1.25377264299993, 10.278299487], [-1.25375297899996, 10.2780707300001], [-1.25362212899989, 10.2778186570002], [-1.2529009299999, 10.2775339200002], [-1.25170451599996, 10.2779234870001], [-1.25109236999992, 10.278092095], [-1.25101081999992, 10.2780948070001], [-1.25058307999996, 10.278109027], [-1.24974739799995, 10.2784738460001], [-1.24942859399994, 10.2787383510001], [-1.24863234099996, 10.278366863], [-1.24816211299986, 10.277050679], [-1.24874205499998, 10.2763078300001], [-1.24883359799998, 10.2753344450002], [-1.24824813199996, 10.2746158460001], [-1.24768602599988, 10.2747072330001], [-1.24686818799989, 10.2751957200001], [-1.24600030499994, 10.2757531500001], [-1.24443313899997, 10.2753601850001], [-1.24345453399991, 10.2763145710001], [-1.24332817699991, 10.2764378010002], [-1.24431642399998, 10.2773588090001], [-1.24471045999991, 10.2776973110001], [-1.24602128899994, 10.2776963200001], [-1.24731806799991, 10.27813181], [-1.24801274499993, 10.2796903570001], [-1.2470988259999, 10.2812610070001], [-1.24558455399995, 10.281368285], [-1.24474484799993, 10.2814277700001], [-1.24356367599995, 10.281129757], [-1.24234726499986, 10.28087709], [-1.24171215099989, 10.280133365], [-1.24151450599987, 10.2782065590001], [-1.24033881099996, 10.2793531250001], [-1.24028451599997, 10.280261216], [-1.24041618999996, 10.2812880330002], [-1.24131660399996, 10.2833447400001], [-1.24131743299984, 10.2844362300002], [-1.24104500399994, 10.2852498160001], [-1.24004386599995, 10.2859062790002], [-1.23896736199981, 10.2866733240002], [-1.23784736899995, 10.2867675000001], [-1.23712868399991, 10.286905512], [-1.23590730899991, 10.287191572], [-1.23514867999995, 10.2864197820001], [-1.23472518799997, 10.2861354010001], [-1.2342548449999, 10.285819558], [-1.23342948599998, 10.2846997320001], [-1.23251990499995, 10.2844040730001], [-1.23224805899991, 10.2846514120002], [-1.23090396899994, 10.2858743320001], [-1.23015560399989, 10.2862938210001], [-1.22823565999994, 10.2868988070001], [-1.2282363139999, 10.2878107720001], [-1.22823660999995, 10.288221826], [-1.22908643599993, 10.2887890070002], [-1.22956977699994, 10.2894391150001], [-1.22998136599989, 10.2899927120002], [-1.23110472299993, 10.2902070810001], [-1.23191139699998, 10.291194627], [-1.23194150299997, 10.2926291090001], [-1.23094522899987, 10.2932484440001], [-1.22900165699991, 10.29399302], [-1.22802795299998, 10.294366036], [-1.22629844299996, 10.2945938350001], [-1.22409975999994, 10.2946220700001], [-1.22290614499997, 10.295179666], [-1.22265919299997, 10.296257546], [-1.2228677949999, 10.2971045190002], [-1.22290760999982, 10.297266177], [-1.22295357099989, 10.2990340730001], [-1.22295898199997, 10.2992421710001], [-1.22297912399995, 10.300016908], [-1.2235418599999, 10.3007469370001], [-1.22431932899991, 10.3019508170001], [-1.22410691999994, 10.3025456660002], [-1.2233239979999, 10.3036136300001], [-1.22227276899997, 10.3039678260001], [-1.22135665899992, 10.3042764930001], [-1.21760216999996, 10.308327832], [-1.21442310999993, 10.31387081], [-1.21363726099997, 10.3162283810001], [-1.21262979399995, 10.3192507580002], [-1.21108101999988, 10.324060106], [-1.2104289049999, 10.3296845970001], [-1.21148859199985, 10.335390603], [-1.21401553599992, 10.3442756700001], [-1.21784671099994, 10.3501447050001], [-1.22208545699993, 10.3547910250001], [-1.22648723299989, 10.3608230880001], [-1.23211172299995, 10.3670181800001], [-1.23423109599997, 10.3751696170002], [-1.23447563799994, 10.3798974510001], [-1.23303930399993, 10.384062859], [-1.23203020699992, 10.3869892020001], [-1.22947134299994, 10.3893672300001], [-1.2280055789999, 10.3907293820001], [-1.22701385399995, 10.3916509930001], [-1.21821878399993, 10.3940016410001], [-1.21177911099988, 10.3965166720001], [-1.20044715099993, 10.4010338790002], [-1.19220207999996, 10.403953695], [-1.18879326799993, 10.4051607760001], [-1.17943711499993, 10.4082320640001], [-1.17431744499987, 10.4099125280002], [-1.16559456199997, 10.4125605460001], [-1.16103982299995, 10.4191890300002], [-1.1506558079999, 10.43429954], [-1.1495950229999, 10.435747313], [-1.1494393129999, 10.435959827], [-1.14712739599992, 10.4391150970001], [-1.13714370499997, 10.451508646], [-1.13331853599993, 10.4581644410001], [-1.13152668799989, 10.4595699960001], [-1.12778824799994, 10.4625024170001], [-1.12302883099994, 10.4662355480001], [-1.11684071299987, 10.4709416210002], [-1.11025276699996, 10.475951476], [-1.10099585799992, 10.4808859450002], [-1.09950404199986, 10.480847693], [-1.09755320599993, 10.4832192980001], [-1.09544936299994, 10.4832958010001], [-1.09139468399991, 10.4844816040001], [-1.08860762399996, 10.4851936090001], [-1.07911589299994, 10.4876182420001], [-1.07476684699998, 10.4893322020001], [-1.07175421799997, 10.4904283170001], [-1.07193905299988, 10.4859208120001], [-1.0720187099999, 10.4839782140002], [-1.07216796899991, 10.480711774], [-1.07351719099989, 10.4768511650001], [-1.07398490099996, 10.4744168940001], [-1.07317992699996, 10.4718517940001], [-1.07249381399993, 10.4706471140001], [-1.06978304299992, 10.4688449780002], [-1.06674427999985, 10.4684917970002], [-1.06352690599994, 10.468757829], [-1.06191815399995, 10.4685812290001], [-1.06102428599996, 10.467873737], [-1.06013007899998, 10.4653970770001], [-1.06008945199989, 10.4630093750001], [-1.06030814099995, 10.4618587150001], [-1.06173758899985, 10.4593816110001], [-1.06272009699995, 10.4565507560001], [-1.06271954599993, 10.45380855], [-1.0642383259999, 10.451419875], [-1.06808059799994, 10.4488537890002], [-1.06864058799988, 10.4483874730001], [-1.07201200999998, 10.4455799700001], [-1.07433509799989, 10.4437218140002], [-1.07808884199994, 10.4452247080002], [-1.0803232959999, 10.4463741120001], [-1.08148490199994, 10.4457546100002], [-1.08264619899984, 10.4439851460001], [-1.08282408799988, 10.4408006010001], [-1.08309157299993, 10.4385006160002], [-1.08291214199988, 10.4358469130001], [-1.08237572699994, 10.4349624690001], [-1.08166056599993, 10.4339896110001], [-1.08085602399996, 10.432928315], [-1.08016814999996, 10.4319369080001], [-1.07790632399997, 10.430009922], [-1.07718122999984, 10.42889787], [-1.07719068699993, 10.4270025100001], [-1.07862004399993, 10.4253214530002], [-1.08013883699994, 10.4239942010001], [-1.08058534299994, 10.4228441290002], [-1.08085298899988, 10.4211633520001], [-1.08013763799994, 10.4193059050002], [-1.0779928469999, 10.4185987670001], [-1.0761775709999, 10.4174558420001], [-1.07504356399988, 10.4167418450001], [-1.07307733199991, 10.4152385060002], [-1.07102178199995, 10.413823633], [-1.07011541999998, 10.4131092650001], [-1.06887656399988, 10.410904972], [-1.06798255699988, 10.408870617], [-1.06735672299988, 10.407278496], [-1.06673051999996, 10.4039172030002], [-1.06658667099987, 10.4019293750002], [-1.06646166999991, 10.400202], [-1.06699705599988, 10.3967520050001], [-1.06726469799992, 10.3948058610002], [-1.06833646099994, 10.3926826280001], [-1.06869315199998, 10.3894095840002], [-1.06819620099998, 10.3880869460002], [-1.06806649299983, 10.3838368230001], [-1.06735086999993, 10.3799447940001], [-1.06627856499995, 10.379325806], [-1.06484911299998, 10.3798568500001], [-1.06395604799997, 10.3818915790001], [-1.06243731899991, 10.3828649220001], [-1.06100779299993, 10.3831305730001], [-1.05895258899989, 10.3821579110001], [-1.0568079869999, 10.3808314180001], [-1.05466326599998, 10.3787087820001], [-1.05359083999997, 10.3772051640001], [-1.05314376199993, 10.3751706880001], [-1.05297926599991, 10.3738420870001], [-1.05403645299998, 10.3706591450002], [-1.05421479299991, 10.3686245640001], [-1.05403567899992, 10.3661477480002], [-1.05412438499991, 10.3624324660001], [-1.05546410799991, 10.3600438500001], [-1.05814401599997, 10.3580972840001], [-1.06109182599988, 10.3557083500001], [-1.06341456599995, 10.3550886890001], [-1.06463044899994, 10.354326439], [-1.06596742499988, 10.3534882660001], [-1.06698722099998, 10.3504881080001], [-1.06779100999995, 10.3492495150001], [-1.06977918599995, 10.3485135990001], [-1.07413379599984, 10.348009695], [-1.07609916199993, 10.3476554010002], [-1.07877947599991, 10.348273969], [-1.08029845999994, 10.3491581820001], [-1.08208524199995, 10.349157732], [-1.08387166999989, 10.3478303900002], [-1.08476455799996, 10.345972521], [-1.08485363499994, 10.3449994510001], [-1.08494263999995, 10.3437610040001], [-1.08574595699997, 10.3411070250002], [-1.08726419499993, 10.339337442], [-1.08699547999987, 10.3367722070001], [-1.08565465599997, 10.3338534230001], [-1.08315272599998, 10.331731064], [-1.08047245499984, 10.330758696], [-1.07582673399992, 10.329256018], [-1.07323577799997, 10.3280181920001], [-1.07082378399997, 10.3280187300002], [-1.06823321999997, 10.3284615830001], [-1.06662604699994, 10.3282776160001], [-1.06457032199984, 10.3273123690001], [-1.06314059099992, 10.3252780960001], [-1.06233586799988, 10.3215629750001], [-1.06215687499997, 10.3198822890001], [-1.06331755699983, 10.3167859970001], [-1.06358490799994, 10.3136014200001], [-1.06269114599996, 10.3112132000001], [-1.06018954799993, 10.309090659], [-1.05581237799993, 10.3084722300001], [-1.05179264999987, 10.3085613570001], [-1.04903032599987, 10.3088841650002], [-1.04634384399998, 10.3098006120001], [-1.04482535499994, 10.3104200390001], [-1.04277262299991, 10.3105392350001], [-1.04009081699996, 10.3092706930001], [-1.03678544899986, 10.307236527], [-1.03464134299992, 10.3049368260001], [-1.03169343199988, 10.3036102410001], [-1.03008555899993, 10.3036103950001], [-1.02794161899988, 10.3023721590001], [-1.02628313999998, 10.3007407310001], [-1.0248149759999, 10.2993648020001], [-1.02365362499995, 10.2976841660001], [-1.02433916199988, 10.2964793740001], [-1.02500316199996, 10.2953124180002], [-1.02587274099994, 10.2937841550001], [-1.02722617699993, 10.292641711], [-1.0300845029999, 10.29246454], [-1.03231755399992, 10.2921989480001], [-1.03580123299997, 10.2929062550001], [-1.03901710899993, 10.2948519850002], [-1.04160774299987, 10.296709305], [-1.04252984699997, 10.297003745], [-1.04437692099987, 10.2975935290002], [-1.04669926799988, 10.2969739880001], [-1.04775002799988, 10.2956513400001], [-1.04838913299994, 10.2936724480002], [-1.04785948499989, 10.290339381], [-1.04750153399993, 10.285916474], [-1.04723324199995, 10.2837050320001], [-1.04526779699995, 10.280963076], [-1.04397839999984, 10.2801344150001], [-1.04017614999992, 10.277690755], [-1.03704972799989, 10.2754796450001], [-1.03633499899996, 10.2738874590002], [-1.03535227599986, 10.271853003], [-1.03436961299991, 10.2702608410001], [-1.03213652999995, 10.2686688020001], [-1.02883168499989, 10.2671653040001], [-1.02525893199987, 10.265750252], [-1.02447959699987, 10.2656750090001], [-1.02159696599995, 10.2653966790002], [-1.01722053299994, 10.2659276970001], [-1.01516626799997, 10.265839339], [-1.01380832799987, 10.265671286], [-1.01302268099988, 10.2655740550001], [-1.01043247299998, 10.26389342], [-1.00944998599994, 10.2631857760001], [-1.00909268399988, 10.2616819770001], [-1.00998575899996, 10.259470466], [-1.01212918899995, 10.2567281520001], [-1.01364743599987, 10.254958903], [-1.01402362099992, 10.2542602210002], [-1.01507631199996, 10.2523050580001], [-1.01561195799997, 10.247705142], [-1.01525458499998, 10.244962915], [-1.01525451299989, 10.243459104], [-1.01355754399998, 10.2413361520001], [-1.01114615099988, 10.239743973], [-1.00998506699989, 10.2373556040001], [-1.00935980699995, 10.2337287820002], [-1.00944904799996, 10.231517291], [-1.00953829899987, 10.2296596380001], [-1.00944894399987, 10.2279789090001], [-1.01096703599995, 10.225236615], [-1.01159212099998, 10.2239981590002], [-1.01293162299982, 10.2225827560001], [-1.01436046499992, 10.2222288570002], [-1.01775402099992, 10.2226709880001], [-1.02284432599993, 10.2226706710001], [-1.02507692199993, 10.2227589660001], [-1.02605919699994, 10.2219627530002], [-1.02704139199994, 10.220281941], [-1.02829138299995, 10.217451128], [-1.02864846499995, 10.2160357420001], [-1.02882685299994, 10.2136473170002], [-1.02864801399988, 10.210993544], [-1.02864771299994, 10.207632077], [-1.02864755499996, 10.2058628840001], [-1.02650424899997, 10.2042707910001], [-1.02400390599996, 10.2044479030001], [-1.02248585699994, 10.20480185], [-1.02100504899988, 10.206585702], [-1.01962855599987, 10.2089596380001], [-1.01989653699991, 10.2102865180001], [-1.01864644899996, 10.2122327040001], [-1.01757494299994, 10.214090415], [-1.01543173499988, 10.2145328220001], [-1.01427081399993, 10.2144444150002], [-1.01319917599994, 10.2139137030002], [-1.01212751599996, 10.2126753090002], [-1.0113237519999, 10.2110830650001], [-1.01105578399995, 10.2091369610002], [-1.01150215299992, 10.2055100990001], [-1.0114127999999, 10.204006287], [-1.01087694199987, 10.2019717320002], [-1.00998392199989, 10.2006448650001], [-1.0090016289999, 10.199937216], [-1.00775146699993, 10.1998487890001], [-1.00569762899988, 10.1998488310001], [-1.00444746799991, 10.19984885], [-1.00417956299998, 10.1987873370001], [-1.00453673099986, 10.1973719770002], [-1.00641192699993, 10.1957796700001], [-1.00944791099994, 10.1929488850001], [-1.01176955599993, 10.192064212], [-1.01614492899995, 10.1903832900001], [-1.01864513099997, 10.1895870190002], [-1.02337754599989, 10.1870213820001], [-1.02552050199995, 10.1858712440001], [-1.02766344299988, 10.1847210930001], [-1.02935992999983, 10.183836347], [-1.03114576799987, 10.183659262], [-1.03248516799994, 10.1837475920001], [-1.03471763899984, 10.1851627190002], [-1.03749649299988, 10.1862635290001], [-1.03828953299995, 10.186577677], [-1.04052193699994, 10.187108167], [-1.0432901129999, 10.1876385700001], [-1.04471876399992, 10.1872845390001], [-1.04641517799985, 10.186134326], [-1.04793288799993, 10.1842764520001], [-1.04927184699994, 10.1814455410001], [-1.05016451899991, 10.179853128], [-1.05132512699993, 10.178702971], [-1.05161030799991, 10.1780120400002], [-1.05212843299995, 10.176756728], [-1.05203885599991, 10.1749875470001], [-1.05087764799993, 10.1722454740001], [-1.05060954299995, 10.1707416990001], [-1.05105574899994, 10.1692378120002], [-1.05194822199996, 10.166672336], [-1.05382264699989, 10.1629567190001], [-1.05605414299987, 10.15906411], [-1.05793149199997, 10.1575861270001], [-1.05882200499991, 10.159063625], [-1.06016135899989, 10.1594172220001], [-1.06105448599988, 10.1608324150001], [-1.06226989999993, 10.1610354550002], [-1.06480497499996, 10.1631316520001], [-1.06614456999995, 10.1645467420001], [-1.06775194799991, 10.165519472], [-1.06855596999992, 10.1675538810002], [-1.06944932999994, 10.169765189], [-1.07003578799987, 10.171042689], [-1.07034264299995, 10.1717111140002], [-1.07141437099989, 10.172860859], [-1.07221809699996, 10.173391441], [-1.0732080759999, 10.1733182060001], [-1.07480768699997, 10.174186998], [-1.07623645299998, 10.1747174270001], [-1.07793326599989, 10.1759554650001], [-1.07927288499997, 10.1770166610001], [-1.08043366999993, 10.1776602780002], [-1.08150546899986, 10.178254549], [-1.08400568999997, 10.1785192970001], [-1.08588094699996, 10.1790495690001], [-1.08811364299993, 10.18055279], [-1.09112966099991, 10.1817801150001], [-1.09208516899992, 10.1821689380002], [-1.09445452799997, 10.1845317080001], [-1.09762416699994, 10.1844228350001], [-1.10249147599995, 10.1863869420001], [-1.10691939099996, 10.1858782120001], [-1.11070670699996, 10.187091942], [-1.11124200699993, 10.1857648660002], [-1.11320477299995, 10.1809873720001], [-1.11427476499995, 10.1767409360002], [-1.11463251299989, 10.1757174040002], [-1.11659391399991, 10.170105642], [-1.11998352199987, 10.1610815270001], [-1.12346171699988, 10.1507304430002], [-1.1265812229999, 10.1460324350001], [-1.12833246099996, 10.1429449510001], [-1.13125250299987, 10.141207471], [-1.12852548599983, 10.1387005210001], [-1.12657758899996, 10.1367720240002], [-1.12209670999994, 10.130214256], [-1.1236508369999, 10.1209532540001], [-1.12617979699991, 10.1153574530001], [-1.13065680499994, 10.11265475], [-1.13333603799987, 10.1139236720001], [-1.13432181699989, 10.1141643320001], [-1.13603863899993, 10.1146597450001], [-1.13615359399995, 10.1146929170002], [-1.13882545899992, 10.1166579090001], [-1.13985879899997, 10.1192967770001], [-1.13993244599993, 10.1192155990001], [-1.14009493299989, 10.1190364960001], [-1.14025769099993, 10.1188572300001], [-1.14083154299993, 10.1185125340001], [-1.14119878499992, 10.118291942], [-1.14289184899997, 10.1176076410001], [-1.14354562099993, 10.117296857], [-1.14484766799995, 10.1166779010001], [-1.1456814789999, 10.116238991], [-1.14651420199988, 10.115800649], [-1.14736449299983, 10.1153372060001], [-1.14771382599997, 10.115083467], [-1.1480631579999, 10.1148297270001], [-1.14864604299981, 10.114338837], [-1.14913734999988, 10.1142102530001], [-1.14925793799989, 10.1141786930001], [-1.15064588099989, 10.1139355040002], [-1.15229337499994, 10.1133007890001], [-1.15423820799992, 10.112415101], [-1.15472141299995, 10.1121888550001], [-1.15520461899996, 10.111962609], [-1.15641544099998, 10.1114317540001], [-1.15662070199988, 10.111341763], [-1.1570920769999, 10.111104494], [-1.15744784999993, 10.110892086], [-1.15795595599997, 10.110756782], [-1.15830563299994, 10.110663667], [-1.15838484699992, 10.1106425730001], [-1.1584640609999, 10.110621478], [-1.16047589399994, 10.1095868800001], [-1.16157725399995, 10.1089027700001], [-1.16276399799989, 10.1082440430001], [-1.16294404199994, 10.1081441050001], [-1.16339259599994, 10.1079233760001], [-1.16384115099993, 10.1077026460001], [-1.16473825999998, 10.1072611870001], [-1.16683732199994, 10.1065600230002], [-1.16852865699991, 10.1057846320001], [-1.17049526999989, 10.1048326860001], [-1.17215611099994, 10.104286068], [-1.17368898399991, 10.1037202160001], [-1.17471233599997, 10.1032207790001], [-1.17644072599995, 10.1025583400001], [-1.17774113799993, 10.1019732980002], [-1.17976468099994, 10.100949602], [-1.1802249129999, 10.1007412470001], [-1.18068514399988, 10.1005328930001], [-1.18108747999997, 10.1003176780001], [-1.18212460999996, 10.0999339770001], [-1.18335762599992, 10.0994867680001], [-1.18425674199989, 10.0991499940002], [-1.1855707499999, 10.0986779250001], [-1.18648062799997, 10.0983190880002], [-1.18764057999994, 10.0977211060001], [-1.18838960299991, 10.0973780940001], [-1.18984803499995, 10.096561384], [-1.19080358799988, 10.0961418700001], [-1.19250627699989, 10.0953553260001], [-1.19292724399992, 10.0952158860001], [-1.19334821199993, 10.0950764450002], [-1.19371738699994, 10.0949604620001], [-1.19408656199994, 10.0948444790002], [-1.19427266999986, 10.0948079360001], [-1.19453711299997, 10.0947560110001], [-1.19464087299997, 10.094714606], [-1.19493313599997, 10.0945780900001], [-1.19550941299997, 10.0943089110001], [-1.19609639399994, 10.0939830620001], [-1.19640521499991, 10.0938664370001], [-1.19810606099998, 10.0932241240001], [-1.19936643099987, 10.0926748540002], [-1.19963729699992, 10.0925568090001], [-1.2006267999999, 10.0921255810001], [-1.20329055399992, 10.0912391700001], [-1.20550646099997, 10.0906038410001], [-1.20738345899991, 10.0898364080001], [-1.20887908999993, 10.0891436260002], [-1.20911448399988, 10.089020045], [-1.20955718599993, 10.0887876290001], [-1.21023009699991, 10.0884343540001], [-1.21130559699998, 10.0873339290001], [-1.21204970999992, 10.0861261800001], [-1.21218508699991, 10.0859072620001], [-1.21286137299984, 10.0848136450001], [-1.21410703699996, 10.0831397470002], [-1.21513052799992, 10.0819952050002], [-1.21582858899995, 10.080848116], [-1.21649113499996, 10.079629385], [-1.21706541099996, 10.0786860040002], [-1.21715584699996, 10.0785374420001], [-1.21766469499988, 10.0778108130002], [-1.21817354299998, 10.077084186], [-1.21928549399996, 10.075699772], [-1.22059736699981, 10.073838376], [-1.22192050899997, 10.0719549160002], [-1.2226434289999, 10.0708739490001], [-1.22395345399991, 10.068910557], [-1.2248806149999, 10.0675868890002], [-1.22602437699993, 10.0660398080001], [-1.22662393399992, 10.0652014730001], [-1.22722348799994, 10.064363137], [-1.22796660599988, 10.063133303], [-1.22879222099982, 10.061316311], [-1.22975109599992, 10.0591767330001], [-1.23011084899986, 10.0582283050001], [-1.23047060199997, 10.0572798770002], [-1.23198022499997, 10.054795368], [-1.23211433499989, 10.054495857], [-1.23316171399995, 10.0521567290001], [-1.23347360699989, 10.0515948790002], [-1.23448728899996, 10.0497688100002], [-1.23517127599996, 10.04804103], [-1.23546306599985, 10.0473039570001], [-1.23667780099993, 10.0445632970001], [-1.23788171899997, 10.042508968], [-1.23894911399998, 10.0406063310001], [-1.23976260299997, 10.0387672700001], [-1.24064869499983, 10.0371073160001], [-1.24091384099984, 10.0365331400001], [-1.24140755999991, 10.035463989], [-1.23997677699992, 10.0348471410002], [-1.23869474599996, 10.0342023690001], [-1.23774382199991, 10.033320058], [-1.23697112299993, 10.0324964820001], [-1.23607942899997, 10.0313786580002], [-1.23609091899993, 10.0302008590002], [-1.23614706699993, 10.0288418030001], [-1.23677443799988, 10.0273690870001], [-1.23763069699987, 10.026405839], [-1.2387731419999, 10.0261785170001], [-1.24041445899991, 10.0261124680002], [-1.24094405799991, 10.0261203240001], [-1.24157274399988, 10.026459621], [-1.24277286499989, 10.026968377], [-1.24348010999989, 10.027931398], [-1.24397022599993, 10.0290586620001], [-1.24395252499988, 10.0304617320002], [-1.24471562799988, 10.0304808720001], [-1.24530764399992, 10.030510755], [-1.24588656799995, 10.0305399760001], [-1.24666915099988, 10.0306491830001], [-1.24720197599993, 10.0307243450001], [-1.24777315599994, 10.0308168660001], [-1.24845767199997, 10.0309116960001], [-1.24930515199992, 10.0309180650002], [-1.24964647099995, 10.031009173], [-1.25112630799987, 10.0330389120001], [-1.25326337299987, 10.0342410110001], [-1.25620183699994, 10.0355098930001], [-1.25887316699988, 10.0353095440001], [-1.26107701499996, 10.034708494], [-1.26234589699988, 10.0340406620002], [-1.26361477899997, 10.033172479], [-1.26493390099995, 10.0314989770001], [-1.26820009399995, 10.0317185730001], [-1.26961093199998, 10.031731108], [-1.27156423499991, 10.031747201], [-1.27618233699985, 10.0316322900002], [-1.27629644399997, 10.0316294500001], [-1.27683786699993, 10.035376328], [-1.27950919699987, 10.037980876], [-1.27996553499997, 10.0379879000001], [-1.28236935199993, 10.038024885], [-1.28385010999995, 10.03804766], [-1.28579546099996, 10.0371877220001], [-1.28767199399988, 10.035479476], [-1.28844420599984, 10.036229905], [-1.28921642099994, 10.03698033], [-1.29083362899991, 10.0388036020001], [-1.29242278399994, 10.040141777], [-1.29374029299981, 10.041433883], [-1.29403737499996, 10.0417252350001], [-1.29506978499995, 10.0426953230001], [-1.29542942499995, 10.0430332490002], [-1.29643624399995, 10.0440797530001], [-1.29780250899984, 10.045112149], [-1.29839866599997, 10.0456463380001], [-1.29904466699992, 10.0465112410002], [-1.29947684399997, 10.046869172], [-1.2996929329999, 10.047048137], [-1.29990902199995, 10.047227102], [-1.30132538499993, 10.048650834], [-1.30210873099998, 10.0493447130002], [-1.30153842799996, 10.0507490560001], [-1.30223937399995, 10.0529297770001], [-1.3030696749999, 10.0539838430001], [-1.30482392899989, 10.0546103630001], [-1.30627925199997, 10.054437314], [-1.30642728999987, 10.0547458850001], [-1.30661766599991, 10.0552501140002], [-1.30680803999996, 10.0557543440001], [-1.30684071899998, 10.0558402420002], [-1.30721265799986, 10.056817906], [-1.30801211699992, 10.0579720600001], [-1.30888647799998, 10.059652597], [-1.30979466499997, 10.0612504110001], [-1.31007834799982, 10.0617986510001], [-1.31027988899996, 10.062188145], [-1.30951416199986, 10.0624117580001], [-1.30926337999989, 10.0629411960001], [-1.30889502099996, 10.0636146970001], [-1.30898840599997, 10.0641905750001], [-1.30915465299995, 10.0652157620002], [-1.31014990899996, 10.0660379300001], [-1.31162115699993, 10.066211018], [-1.31236376999993, 10.0661172000001], [-1.31322600299995, 10.065542378], [-1.31405041799991, 10.0646055420001], [-1.31412355799995, 10.0639797130001], [-1.31499183599993, 10.0641148270001], [-1.31691788299997, 10.0645278130002], [-1.31754591099997, 10.0646102440001], [-1.31819413299996, 10.0647026570001], [-1.31883099599997, 10.0649523410001], [-1.31943031999998, 10.0651893240001], [-1.32060292299997, 10.0656860480001], [-1.32144024499996, 10.0656852350002], [-1.32252881999995, 10.0659329340002], [-1.32494662699997, 10.0675819890001], [-1.32996023499993, 10.0692841400001], [-1.33082145799989, 10.069575819], [-1.33636660699995, 10.0716676640002], [-1.34003505399988, 10.0730514780001], [-1.34135747099998, 10.0736391930001], [-1.34483421599987, 10.075184312], [-1.35502946099984, 10.0797152640001], [-1.35672308199997, 10.080853813], [-1.35712431599995, 10.0811235430002], [-1.36030812099989, 10.083028477], [-1.36248728299989, 10.0850175170001], [-1.36399602499995, 10.0864263920001], [-1.36625832799996, 10.0877929010001], [-1.36667838999983, 10.0880466290001], [-1.36832139999996, 10.0890390630001], [-1.36736962899982, 10.0903738610001], [-1.36729143799994, 10.091200458], [-1.36722281899995, 10.091925852], [-1.36761668499992, 10.0929419180001], [-1.36807665399988, 10.093861853], [-1.36963210899995, 10.094592446], [-1.37168248299997, 10.0948045540002], [-1.37265272799988, 10.0946752220001], [-1.37370313999992, 10.0940380870001], [-1.3740475379999, 10.0934009510001], [-1.37416084499995, 10.092706085], [-1.37432419599998, 10.091704313], [-1.37457951999994, 10.0916099930001], [-1.37493829899989, 10.0914774570001], [-1.3761245739999, 10.091321755], [-1.3774718919999, 10.0913754760001], [-1.37780463599989, 10.0913887440001], [-1.37891390699986, 10.0910925480002], [-1.37958380799995, 10.0907307050002], [-1.38028515899987, 10.090506638], [-1.38317127199997, 10.0900981260001], [-1.38362011199996, 10.090235419], [-1.3841413099999, 10.0902596190001], [-1.3863054549999, 10.090427984], [-1.38736166099983, 10.090396427], [-1.38923653399996, 10.0905595990002], [-1.38995786399988, 10.090692427], [-1.39067919599995, 10.090825254], [-1.39220818299998, 10.0908868350001], [-1.39346475099995, 10.090899021], [-1.39372720499989, 10.0909015650001], [-1.39467798099997, 10.091371754], [-1.39639267999991, 10.0918989060001], [-1.39822067799992, 10.0925278940001], [-1.39909910299986, 10.0931028970001], [-1.40017894399995, 10.0930602450002], [-1.40133497199992, 10.0931938980001], [-1.40179852699993, 10.0933357970001], [-1.40202555299987, 10.093405292], [-1.40237438199995, 10.0934337710002], [-1.40282390699991, 10.0934704690002], [-1.40329953599996, 10.0934726440001], [-1.40375020799991, 10.0935354880002], [-1.40420088099989, 10.0935983300002], [-1.40484371199989, 10.0938538770001], [-1.40594537899995, 10.094076321], [-1.40615897299995, 10.093462389], [-1.40604202499992, 10.0927691860002], [-1.40638094399998, 10.091743432], [-1.40696263099989, 10.091207997], [-1.40861642899995, 10.0905081350001], [-1.40953345099996, 10.0915548650001], [-1.41114458599998, 10.0894966760001], [-1.41140945999996, 10.0894894170001], [-1.41160480499985, 10.0894147930002], [-1.41174765699986, 10.089300066], [-1.41189781799994, 10.0890795400001], [-1.41268557699993, 10.0895691730001], [-1.41297383299997, 10.0898233090001], [-1.41474402499989, 10.0914298370001], [-1.41524965199989, 10.0918509130001], [-1.41610546599992, 10.0921571320001], [-1.41952528999997, 10.0933807520001], [-1.42046560599988, 10.0937957530001], [-1.42189477799991, 10.0946235680001], [-1.42327479999989, 10.0960137190001], [-1.42387975999992, 10.0964070900001], [-1.42480400599993, 10.0970177940001], [-1.42649291599997, 10.0981043440001], [-1.42860602899992, 10.0989395110001], [-1.42916229899993, 10.099182718], [-1.42971857099997, 10.0994259240001], [-1.43153826699989, 10.100402024], [-1.43306080499991, 10.1011965910001], [-1.43396558099994, 10.1016556980002], [-1.43427298499995, 10.101828959], [-1.43474916399992, 10.102098026], [-1.43563292899995, 10.1026981260001], [-1.43589623199995, 10.1028628570002], [-1.43618931799995, 10.1030462200001], [-1.43648009899994, 10.1032281420001], [-1.43657575299994, 10.1032878250001], [-1.43675204499988, 10.1033978190002], [-1.43706544799988, 10.103336986], [-1.43743019099998, 10.103256647], [-1.43800301199991, 10.1031304770001], [-1.43920173799989, 10.103051706], [-1.4405030019999, 10.1026971680002], [-1.44087261399994, 10.1024555000001], [-1.44124222499988, 10.1022138320002], [-1.44317975199988, 10.1013512790001], [-1.44389724099995, 10.1012510880001], [-1.44491818299991, 10.101348938], [-1.44591430599991, 10.1016011680001], [-1.44688271799993, 10.1019278530001], [-1.44839109299994, 10.1025073780002], [-1.44863311899991, 10.102533233], [-1.44887514599986, 10.1025590880001], [-1.44943697499997, 10.1025335160002], [-1.45022917299997, 10.1024428160001], [-1.45055774199989, 10.102405198], [-1.45242176899995, 10.1027058350001], [-1.45251522099994, 10.1027139760002], [-1.45260867299993, 10.1027221160001], [-1.45320849599995, 10.1027697640002], [-1.45335727999998, 10.102781583], [-1.45343646299995, 10.1027878720001], [-1.45456405199991, 10.1030804960001], [-1.45588177899998, 10.1033953150002], [-1.45625021299998, 10.1034833370002], [-1.45754942399992, 10.1036579380001], [-1.45890387599991, 10.1035568300001], [-1.46015547799988, 10.103502716], [-1.46099809299989, 10.103374751], [-1.4622218479999, 10.1032986190002], [-1.46324262199988, 10.10327238], [-1.46368413799991, 10.1032997480002], [-1.46441652199996, 10.1033451470001], [-1.46602466499996, 10.103646066], [-1.46729228899994, 10.1036442720001], [-1.46740150699992, 10.1036441170001], [-1.46870270399995, 10.1032646630002], [-1.46977295599993, 10.1028331630002], [-1.4704618479999, 10.1022009970001], [-1.47130323899989, 10.1012378630002], [-1.47178651799993, 10.1007575820001], [-1.47211721699983, 10.1005545240002], [-1.47244791799994, 10.1003514660001], [-1.47286304799991, 10.100259427], [-1.47347394999991, 10.100123981], [-1.47604940199994, 10.0999934860001], [-1.47760661299998, 10.0997128530001], [-1.47829340999988, 10.0995602630001], [-1.47894892099993, 10.0991199290001], [-1.47931319399987, 10.0988752310001], [-1.48028245899997, 10.097887083], [-1.48060039299997, 10.0975214160001], [-1.48073866399994, 10.0973623850001], [-1.48091832499989, 10.0971557490001], [-1.48143923999993, 10.0966863090002], [-1.48221143599994, 10.096395892], [-1.48296828499997, 10.096212511], [-1.48326435099995, 10.0961407750002], [-1.48415703799992, 10.0960374850001], [-1.48514962899998, 10.0957824510002], [-1.48624814199991, 10.0956816090002], [-1.4867374829999, 10.0955541000002], [-1.48737306099991, 10.0946435980002], [-1.48844245499993, 10.0936800850001], [-1.48910606799996, 10.092921133], [-1.48948188399987, 10.0926867480001], [-1.48971740099989, 10.0925398640002], [-1.49094071899998, 10.092210052], [-1.49173337799994, 10.0921840660001], [-1.49195789299995, 10.0921506860001], [-1.49293188899998, 10.0920058780001], [-1.49410219899988, 10.0915741530001], [-1.49525040999993, 10.0912444380001], [-1.4960925499999, 10.0908380050001], [-1.49615737699992, 10.0907779750002], [-1.4964136829999, 10.090540633], [-1.49759514399989, 10.089446594], [-1.49912228499994, 10.0877491960001], [-1.49948053599991, 10.087395854], [-1.4995930739999, 10.0873205510001], [-1.49975450099993, 10.0872281690001], [-1.5003424059999, 10.086606262], [-1.50086316999983, 10.0861025660001], [-1.50107020599989, 10.0859023150002], [-1.50131375599989, 10.085720481], [-1.50181005699994, 10.085349942], [-1.50219146899997, 10.085026881], [-1.50257287999989, 10.0847038200002], [-1.50325542499996, 10.08441613], [-1.50349856799994, 10.0843289380001], [-1.50374171099998, 10.0842417460001], [-1.50434300099988, 10.0839073220002], [-1.50488648699991, 10.0835151040001], [-1.50531463899989, 10.08329395], [-1.50575463999996, 10.0832023200001], [-1.50609030299995, 10.0830860440001], [-1.50712139899991, 10.0830376070001], [-1.50750366499994, 10.0829322820002], [-1.50795515499988, 10.0828516570002], [-1.50811734899997, 10.0828569200002], [-1.50827954199991, 10.0828621830001], [-1.51127302899988, 10.0841392170001], [-1.51203951699995, 10.084617617], [-1.51291081199986, 10.0853053250001], [-1.51346734699996, 10.0854753470002], [-1.51390830199995, 10.0856565740002], [-1.51464055399987, 10.0863555190002], [-1.51525570099989, 10.0866522340001], [-1.51590484599996, 10.0867974310002], [-1.51631066999994, 10.086798045], [-1.51670483599997, 10.086796051], [-1.51739916299988, 10.08659927], [-1.51793127199994, 10.0862759560001], [-1.51847428699995, 10.085814811], [-1.51922641399989, 10.0854580740001], [-1.51934224699988, 10.085408278], [-1.52054559299995, 10.084890968], [-1.52103303299998, 10.0847125250001], [-1.52130931199991, 10.0846113830001], [-1.52177200999995, 10.0843681040001], [-1.52237425399994, 10.0842072890001], [-1.52267550499988, 10.084206813], [-1.52305740199995, 10.0840904460001], [-1.52358946099991, 10.0837423170001], [-1.5239714409999, 10.083570824], [-1.52446899599988, 10.0833853670001], [-1.52517889399991, 10.0829902990001], [-1.52539423699994, 10.082807842], [-1.52598158999996, 10.0818284430001], [-1.52615519799997, 10.081690355], [-1.52656029299987, 10.0815188230002], [-1.52712566399987, 10.0808150800001], [-1.52745431099987, 10.080453488], [-1.52830441699996, 10.079859539], [-1.52842549999997, 10.0796526270001], [-1.52854658299992, 10.0794457160002], [-1.52885738099997, 10.0788002590002], [-1.52974504199989, 10.0773628370001], [-1.53059664799991, 10.076335336], [-1.53079497999988, 10.076096039], [-1.53111789999997, 10.0755332480001], [-1.53140553499998, 10.0748657760001], [-1.53177464899994, 10.074382841], [-1.53206349799996, 10.0741398280001], [-1.53272787999992, 10.073726011], [-1.53281486899994, 10.0736939080002], [-1.53312636699997, 10.073577201], [-1.53536128899998, 10.0727398480001], [-1.53721212299996, 10.071860363], [-1.53729019199994, 10.071825727], [-1.53825343999989, 10.0713983780001], [-1.53892563799991, 10.0713035710002], [-1.53951664899995, 10.071312167], [-1.54022408099996, 10.0715991270001], [-1.54089714099996, 10.071917749], [-1.5414537069999, 10.0720077940001], [-1.54220752199996, 10.072177445], [-1.54283406099989, 10.072531971], [-1.54315866999997, 10.072578294], [-1.54338989599989, 10.0723932460002], [-1.54368999699994, 10.0720247960001], [-1.54399009799982, 10.0716563460001], [-1.54448719899983, 10.0713220230001], [-1.54547176699992, 10.0708172740001], [-1.54564144399995, 10.0707302870002], [-1.54576726599987, 10.0706927550001], [-1.54632669699987, 10.0705258810001], [-1.54692059399991, 10.070609292], [-1.54753920799993, 10.0708549610002], [-1.54767201599998, 10.0709088420001], [-1.54809033299995, 10.0712747280002], [-1.54848611399996, 10.071778461], [-1.54871105199982, 10.072145489], [-1.5487701109999, 10.0723760920002], [-1.54896022799983, 10.0731808360001], [-1.54898685799998, 10.073293558], [-1.54906003899993, 10.0736021330001], [-1.54907814899997, 10.073771946], [-1.54920023599988, 10.0749167020001], [-1.54919784099997, 10.0768652810001], [-1.54924601499994, 10.0773930190001], [-1.54929418899991, 10.0779207570002], [-1.54934408899987, 10.07895426], [-1.54928220199992, 10.0795166340002], [-1.54922031399985, 10.0800790080002], [-1.54903820899989, 10.0813610790001], [-1.5489751799999, 10.0818048140001], [-1.54893352099992, 10.082097044], [-1.54889186099996, 10.0823892730001], [-1.54899778399994, 10.082835607], [-1.54920719299992, 10.083212861], [-1.54955652199988, 10.0836835950001], [-1.54962661699989, 10.083861255], [-1.54969671099991, 10.0840389160001], [-1.54980223199993, 10.0844521750001], [-1.54993625899994, 10.0846586690001], [-1.55007028599994, 10.084865162], [-1.55022227699988, 10.085311418], [-1.55031782099996, 10.086196008], [-1.55050793699996, 10.087595854], [-1.55060509099997, 10.088915926], [-1.55059555999998, 10.089547118], [-1.55095792399993, 10.0905222170001], [-1.55101199199993, 10.0910005120002], [-1.55114888599991, 10.0922114650001], [-1.55132458399987, 10.0927954910001], [-1.55169681199993, 10.093230353], [-1.55206931399994, 10.093723094], [-1.55235973799989, 10.093893495], [-1.55309014199986, 10.094063157], [-1.55353157999997, 10.094406945], [-1.55365403499997, 10.094653421], [-1.55377648899997, 10.0948998980001], [-1.55404385599996, 10.0951061670002], [-1.55450794499984, 10.095276273], [-1.55475202399987, 10.0955873160001], [-1.55489329299991, 10.0961603730001], [-1.55517207899987, 10.0964355260001], [-1.55600755099994, 10.0967428160001], [-1.55640200799996, 10.0968551560002], [-1.55672729199995, 10.0971770860002], [-1.55687933399992, 10.097543407], [-1.55705365899996, 10.0977250230001], [-1.55736668599985, 10.0977934000002], [-1.5576561819999, 10.097724005], [-1.5580834779999, 10.0973208740002], [-1.5581756229999, 10.0971250260001], [-1.55826776799995, 10.0969291780001], [-1.55834678099995, 10.09627582], [-1.55827323499989, 10.0950576940002], [-1.55816729399993, 10.094611365], [-1.55799145799995, 10.0939556810002], [-1.55778137199997, 10.093498503], [-1.55754802999991, 10.0930634150001], [-1.55747731999992, 10.092683175], [-1.55760315999987, 10.0921675490002], [-1.55789196599994, 10.091902464], [-1.55861628999986, 10.0913858060001], [-1.5591180699999, 10.0912719690002], [-1.55961600299997, 10.091160877], [-1.56020088399987, 10.09106755], [-1.56082227099995, 10.0909767350001], [-1.56125517399988, 10.091006501], [-1.56172458399993, 10.0910387780002], [-1.5626595679999, 10.0911399390001], [-1.56296299399997, 10.091180277], [-1.56314209099997, 10.091253642], [-1.56338732899991, 10.0913599050002], [-1.56369286899996, 10.0914916140001], [-1.56440409699991, 10.0919492710001], [-1.56543602299996, 10.0920715350001], [-1.56630397799989, 10.0920700470001], [-1.56683758199983, 10.0919285640001], [-1.56806370599992, 10.0912704760001], [-1.56820108599993, 10.0912106660002], [-1.56941753899997, 10.090681068], [-1.5704012789999, 10.0903899660001], [-1.57123524499997, 10.090239689], [-1.57155528099992, 10.0902090960001], [-1.57247856999993, 10.0901208350001], [-1.57350633299995, 10.0902081890001], [-1.57375800499989, 10.090205151], [-1.57408005699989, 10.090198923], [-1.57423350399989, 10.0901959], [-1.57438597499993, 10.090192895], [-1.57448812199993, 10.0901571330001], [-1.57487303399989, 10.090021145], [-1.57554297099989, 10.089930399], [-1.57586982199996, 10.0898861260002], [-1.57730542699989, 10.0896916660001], [-1.57781025899993, 10.089599977], [-1.57936086499996, 10.0894152000001], [-1.57911106199987, 10.0891207240001], [-1.57917943899997, 10.0887650510001], [-1.5791648099999, 10.0882921460001], [-1.57951271799982, 10.0875104710001], [-1.57961642699996, 10.0872774580001], [-1.57962232799991, 10.0851739710001], [-1.57995585999987, 10.0842155980001], [-1.58125761599996, 10.0832360090001], [-1.58166551599993, 10.0825506790001], [-1.58201843399991, 10.0819577240002], [-1.58200370099996, 10.0811088350002], [-1.58246624099996, 10.0808075930001], [-1.58298728399996, 10.0806578380001], [-1.58362488999995, 10.0800327700001], [-1.58535590599996, 10.0790767230001], [-1.58616799099997, 10.07891167], [-1.58684522999988, 10.0784539070001], [-1.58707885199993, 10.0782866120002], [-1.58767625499991, 10.0778588120002]]]]}, "properties": {"REGION": "North East", "DISTRICT": "Mamprugu Moagduri"}}, {"type": "Feature", "geometry": {"type": "MultiPolygon", "coordinates": [[[[-1.06602352599998, 10.4972583740001], [-1.06458305099989, 10.497479405], [-1.06319957899984, 10.497691683], [-1.06311387799985, 10.4976917010002], [-1.06154230699985, 10.497692009], [-1.06113585899988, 10.4976920870002], [-1.06024739299983, 10.4975103420002], [-1.05857635099994, 10.4974334790001], [-1.05758215599991, 10.4977947330001], [-1.05635396299982, 10.497872129], [-1.05530970299992, 10.4986220200001], [-1.05379477499997, 10.4994491620002], [-1.05327410099989, 10.5002237630001], [-1.05304889699994, 10.5008268540001], [-1.05293195499991, 10.5012152800001], [-1.05249729599984, 10.5026590090001], [-1.05246569299987, 10.5029181580002], [-1.05130063599995, 10.5072057320002], [-1.05123200199995, 10.5073856400001], [-1.05081901399996, 10.508468184], [-1.05019815799994, 10.509896032], [-1.04946025999993, 10.5109600700001], [-1.04818752099993, 10.5114922260001], [-1.04668638099997, 10.5119417230001], [-1.04566711799993, 10.5126970900001], [-1.04487896999984, 10.513107888], [-1.04383180199989, 10.51355455], [-1.04312450799989, 10.5145910060002], [-1.04247291599989, 10.5156550150002], [-1.04207509499992, 10.5190728470002], [-1.04162684999994, 10.520406942], [-1.04049337999987, 10.5213883220002], [-1.03978599099997, 10.5219203720001], [-1.03766364999996, 10.522174208], [-1.03636017399992, 10.5224251810001], [-1.03517091999993, 10.5229297130001], [-1.03460559299998, 10.523684993], [-1.03446368999994, 10.5250025070002], [-1.03409614499992, 10.5260389050001], [-1.03370603899998, 10.526519416], [-1.03361024799995, 10.5266368490001], [-1.03344255599995, 10.5268424280001], [-1.03327458899997, 10.5270477870001], [-1.03211879999992, 10.5281669530002], [-1.03106739199995, 10.5287031510001], [-1.03001598499992, 10.5292393490001], [-1.02922355599998, 10.529292006], [-1.02714989499992, 10.5294297900001], [-1.02523644299987, 10.5303119550002], [-1.02313641699993, 10.53194934], [-1.02045979399998, 10.5335261110002], [-1.01866746099995, 10.5341451030001], [-1.01772182799994, 10.5344716770001], [-1.0149810499999, 10.5351663980001], [-1.01236840799993, 10.536426127], [-1.01221617299996, 10.536506441], [-1.01082573499991, 10.5372399920001], [-1.0107258779999, 10.537292884], [-1.01033788999996, 10.5374983890001], [-1.00836304899997, 10.5380000880001], [-1.00524059899993, 10.53768594], [-1.00237440699993, 10.5368039680001], [-1.00088990599994, 10.5361704230002], [-1.0000051099999, 10.5357928100001], [-0.999739418999923, 10.5356794190002], [-0.99973884699989, 10.5355336420001], [-0.999381328999959, 10.5355231300001], [-0.9987859659999, 10.5351179070001], [-0.998661475999938, 10.5350702810001], [-0.997686592999912, 10.5348635540001], [-0.997527607999814, 10.5348187770001], [-0.997368622999886, 10.5347740000001], [-0.996839718999922, 10.5346498310001], [-0.995622626999932, 10.534667837], [-0.994686735999949, 10.534824931], [-0.994550950999894, 10.5348631400001], [-0.992884581999874, 10.535332049], [-0.991923623999924, 10.5353320260002], [-0.990920887999948, 10.5352024540001], [-0.990653970999972, 10.535101282], [-0.990253109999912, 10.534949339], [-0.989428937999946, 10.5346369410001], [-0.987431063999907, 10.5338796470002], [-0.986828041999956, 10.5336510680002], [-0.985314007999932, 10.5330771590002], [-0.984426608999854, 10.5329628050001], [-0.983846569999912, 10.5328880590002], [-0.982991728999878, 10.532777896], [-0.982135207999875, 10.532647576], [-0.980707064999933, 10.5322114430001], [-0.979431368999883, 10.532236169], [-0.978943920999882, 10.532379463], [-0.978621711999949, 10.532498145], [-0.977852497999834, 10.532781471], [-0.977342647999933, 10.532969264], [-0.976692963999881, 10.533208561], [-0.97595816799992, 10.533479205], [-0.97537988299996, 10.5336922000002], [-0.975028022999879, 10.5338217970001], [-0.973402243999942, 10.5344205990002], [-0.972653431999959, 10.534696395], [-0.972045746999868, 10.5349202110001], [-0.971450945999948, 10.5351742390001], [-0.970562371999961, 10.5355547300001], [-0.968796452999868, 10.5363724620001], [-0.968468469999948, 10.5364713040001], [-0.968019302999892, 10.5366066670002], [-0.967414853999969, 10.5367747380001], [-0.966598720999855, 10.5368793910002], [-0.966374311999914, 10.536888501], [-0.966149902999916, 10.5368976110001], [-0.965842557999906, 10.5368981940001], [-0.965359219999868, 10.5368544520002], [-0.96462561199985, 10.5366542840001], [-0.964550888999952, 10.5366152770002], [-0.964479070999971, 10.5365291150002], [-0.963898454999878, 10.5360337580001], [-0.963490353999873, 10.5356855840001], [-0.963258104999852, 10.5351088990001], [-0.962923281999963, 10.5342775160001], [-0.962812134999979, 10.5340015330001], [-0.962663340999939, 10.5336320660002], [-0.962398834999874, 10.5327720790002], [-0.961869373999946, 10.5319251850001], [-0.961470940999959, 10.5317060190001], [-0.960974600999918, 10.5309042860001], [-0.96068891699997, 10.5304428230002], [-0.959958032999907, 10.529592344], [-0.959555453999826, 10.529125183], [-0.959173905999876, 10.5287998930001], [-0.95821910199993, 10.528603795], [-0.957293862999904, 10.5284137670001], [-0.956714528999953, 10.5283227320002], [-0.955976398999894, 10.5284521750002], [-0.955410946999905, 10.528675354], [-0.955113850999965, 10.528947035], [-0.954977639999868, 10.529071593], [-0.954414677999978, 10.529586393], [-0.95397083499995, 10.529992263], [-0.953691612999933, 10.5302475960001], [-0.952923681999891, 10.530949821], [-0.952654612999936, 10.5311958670001], [-0.952218307999885, 10.5315948370001], [-0.951675798999872, 10.53209092], [-0.951065210999957, 10.5326492550001], [-0.949920346999932, 10.5331452050001], [-0.949359901999912, 10.533334482], [-0.949277184999914, 10.5333746250001], [-0.94880054999993, 10.5336273730001], [-0.948182173999896, 10.5337705980001], [-0.947814515999937, 10.5337043880001], [-0.947737669999924, 10.53367739], [-0.947037443999875, 10.5334313880001], [-0.946012322999877, 10.5326457100001], [-0.945712045999812, 10.5323339510002], [-0.945544729999824, 10.5321592170001], [-0.945367934999922, 10.5319745840002], [-0.945282358999975, 10.5318852140001], [-0.945196783999904, 10.5317958440001], [-0.945021105999842, 10.5316123770001], [-0.944835557999966, 10.5314186010001], [-0.944775328999924, 10.5313557010001], [-0.944640650999872, 10.5312150510001], [-0.944435141999918, 10.5310004290001], [-0.944077081999978, 10.5308535360001], [-0.943691765999972, 10.5306954610001], [-0.943275502999938, 10.530423399], [-0.942748594999841, 10.530079018], [-0.942155431999879, 10.5294670180002], [-0.942045676999953, 10.5293653780001], [-0.941551119999872, 10.528907384], [-0.940981572999931, 10.5284646290001], [-0.940701929999875, 10.5282740220001], [-0.940590317999977, 10.5281960880002], [-0.940086288999908, 10.5280072990001], [-0.939776928999891, 10.5278914250001], [-0.939170531999821, 10.5276642910001], [-0.938561564999873, 10.527553127], [-0.938050294999925, 10.5272446880002], [-0.937403165999967, 10.5269991550002], [-0.93732582399997, 10.526969809], [-0.936002604999885, 10.5264763120002], [-0.934733310999945, 10.5257054800002], [-0.933797504999973, 10.5254461960002], [-0.93327297299993, 10.5252679190001], [-0.933140223999942, 10.5252228010001], [-0.931522067999879, 10.5247676700002], [-0.930914894999944, 10.5246765820001], [-0.930430284999886, 10.5245441750001], [-0.929756267999892, 10.5244420440001], [-0.928942937999921, 10.524557626], [-0.928586390999897, 10.524687091], [-0.927614302999871, 10.5247805830001], [-0.926968091999868, 10.5248824170002], [-0.926165878999939, 10.5250917080002], [-0.925625503999868, 10.525204589], [-0.924940296999864, 10.5253091660001], [-0.923268997999969, 10.5258021380001], [-0.921753657999886, 10.5263502650001], [-0.920530805999874, 10.526752377], [-0.919739700999969, 10.5270526100001], [-0.91825223599983, 10.5274684270001], [-0.917778683999813, 10.5276502180001], [-0.917358010999976, 10.5279891300001], [-0.917096152999932, 10.5281323880001], [-0.916675537999936, 10.5282507970002], [-0.916293910999968, 10.5283912660001], [-0.915806461999978, 10.528457287], [-0.915238270999851, 10.5284047670001], [-0.914093569999977, 10.5281619070001], [-0.913781641999947, 10.5280653530001], [-0.913528208999935, 10.527955033], [-0.91318567299993, 10.5277454630001], [-0.912277851999931, 10.5270671710001], [-0.911818354999923, 10.526785904], [-0.911383935999879, 10.5264743240002], [-0.91091056599987, 10.5260166510001], [-0.910462297999914, 10.525443221], [-0.910133768999913, 10.5249745620001], [-0.909710589999975, 10.5243405], [-0.909618749999936, 10.5240813840001], [-0.909357066999974, 10.5236265260001], [-0.90913441999993, 10.523025595], [-0.908897911999873, 10.5222041590001], [-0.908792244999859, 10.5216197990001], [-0.908803948999946, 10.5197014390001], [-0.908845852999946, 10.5192714730001], [-0.908949025999959, 10.5188663310001], [-0.90929177299995, 10.5183069060001], [-0.91020005099989, 10.517295613], [-0.910846475999904, 10.516411033], [-0.911478893999913, 10.5157993180001], [-0.911962632999973, 10.5152454420002], [-0.912754983999889, 10.5141459080001], [-0.913271538999936, 10.513250262], [-0.913454404999868, 10.5129333410001], [-0.913504658999955, 10.51250062], [-0.914243381999938, 10.5101442080001], [-0.914466330999915, 10.509648139], [-0.915876153999875, 10.5076667560001], [-0.916296905999957, 10.5069364550002], [-0.916770565999968, 10.5062337290001], [-0.917194112999937, 10.5054538150001], [-0.917580064999811, 10.5046470170001], [-0.917692924999926, 10.5044093170002], [-0.918703450999942, 10.5028708880001], [-0.919623426999863, 10.5021007440002], [-0.920331298999884, 10.5009811860001], [-0.920526171999938, 10.5008336750001], [-0.921534333999944, 10.5000705360001], [-0.922878858999923, 10.4992308910001], [-0.924294307999958, 10.4980405200001], [-0.925851176999913, 10.4972009120002], [-0.926841821999972, 10.4962908830001], [-0.927832747999901, 10.494890921], [-0.929106771999898, 10.4931402830002], [-0.930876034999926, 10.4911802710002], [-0.932999041999892, 10.4888695880001], [-0.933919000999879, 10.4878196390001], [-0.934839025999963, 10.4864196400002], [-0.934910146999925, 10.4850890610001], [-0.93483962699986, 10.4835482870002], [-0.934132537999972, 10.482217549], [-0.933212917999924, 10.480957049], [-0.931373676999954, 10.480116682], [-0.92918041799993, 10.4800459170002], [-0.926774887999954, 10.48039542], [-0.924581321999938, 10.4815856200001], [-0.922741511999902, 10.4824251540001], [-0.921680057999936, 10.4833351550001], [-0.920406206999871, 10.4850857640001], [-0.918919869999911, 10.4866254580002], [-0.917645989999926, 10.488376056], [-0.916513169999973, 10.49110654], [-0.915805059999855, 10.4931370390001], [-0.915097343999889, 10.4943275620001], [-0.914247914999976, 10.4955876410002], [-0.913964577999877, 10.4967079900001], [-0.911982757999965, 10.4988780130001], [-0.910363455999914, 10.5004187020001], [-0.909050480999895, 10.5016679200001], [-0.908972044999814, 10.5017425460001], [-0.907980374999909, 10.502686049], [-0.907346564999955, 10.503364597], [-0.906633394999915, 10.5039790370001], [-0.905775388999928, 10.5046237510001], [-0.903388311999947, 10.505989911], [-0.90331570099994, 10.5060314670001], [-0.902516141999968, 10.5067616350001], [-0.901983942999891, 10.5075249580001], [-0.901568623999935, 10.5085804820001], [-0.901122684999962, 10.509575357], [-0.90088565699989, 10.5104848530002], [-0.900534540999956, 10.511066316], [-0.900060835999966, 10.5117690170002], [-0.899311391999845, 10.5124909220001], [-0.898600960999943, 10.5131356630001], [-0.897910076999892, 10.513617789], [-0.897196799999961, 10.51384181], [-0.896999191999953, 10.5140061290002], [-0.896027079999953, 10.5147102450002], [-0.895469269999978, 10.515114273], [-0.894850817999895, 10.5155622230001], [-0.894221202999859, 10.516018255], [-0.893336113999965, 10.516659324], [-0.891996424999888, 10.5176296490001], [-0.890616738999938, 10.5185245550001], [-0.908541763999892, 10.5610901470002], [-0.909219029999974, 10.575869417], [-0.882372645999965, 10.5913001170001], [-0.879381345999889, 10.592971639], [-0.879124747999924, 10.593097256], [-0.87614227499995, 10.594557296], [-0.874594237999929, 10.5952636630001], [-0.87352289599994, 10.5947919140001], [-0.872690045999946, 10.5936139700001], [-0.870428187999948, 10.5929060690001], [-0.867333010999914, 10.5921978010001], [-0.865857958999925, 10.592084877], [-0.865705641999909, 10.5920732160002], [-0.86555055599996, 10.5920613430002], [-0.863999517999957, 10.5921963810002], [-0.861142275999896, 10.5917238150001], [-0.858999986999947, 10.5900739360001], [-0.858095688999867, 10.5887571020001], [-0.856977415999893, 10.587128658], [-0.856502415999955, 10.584536875], [-0.855431911999915, 10.5824161370001], [-0.854361200999961, 10.5807667160001], [-0.852695109999956, 10.5797054730002], [-0.850790386999961, 10.5792339480001], [-0.849361636999959, 10.579586069], [-0.848409133999894, 10.5798212730002], [-0.847814138999979, 10.579232526], [-0.847576593999975, 10.5782897730001], [-0.847577116999901, 10.5772299930001], [-0.845553563999886, 10.5762863700002], [-0.843277403999934, 10.5746328740001], [-0.842824118999943, 10.5751342870001], [-0.842556393999871, 10.575712967], [-0.84219950399995, 10.5763301890001], [-0.842155748999971, 10.5764349050001], [-0.841968005999945, 10.5768785680001], [-0.841689206999888, 10.577316673], [-0.841439412999932, 10.577550829], [-0.841257205999966, 10.5777216250002], [-0.841306674999942, 10.578047978], [-0.841178569999954, 10.5789563870002], [-0.841267345999881, 10.5796730570002], [-0.841676789999951, 10.5804896620001], [-0.841758153999933, 10.581026417], [-0.841826864999916, 10.5814797060002], [-0.841890220999915, 10.5818976650002], [-0.84185502899993, 10.5825542800001], [-0.841800931999899, 10.5835635860001], [-0.84176528099988, 10.5842287460001], [-0.841733459999944, 10.5848224380001], [-0.841665412999873, 10.5860919890001], [-0.841642018999892, 10.5865284430001], [-0.841608948999919, 10.5871454280002], [-0.841480895999894, 10.5875399180001], [-0.84142521299998, 10.5877114630002], [-0.841287925999836, 10.5881344000001], [-0.841187618999868, 10.5884434110001], [-0.841089305999901, 10.588949582], [-0.840880358999925, 10.5900253430001], [-0.840259817999936, 10.5921442390001], [-0.840051487999915, 10.592855593], [-0.839872392999951, 10.5935117190001], [-0.83973328999997, 10.5940213260001], [-0.839786967999885, 10.5944498250001], [-0.839832606999948, 10.5948141560002], [-0.839932180999938, 10.595609026], [-0.839787304999902, 10.596266256], [-0.839588437999907, 10.5971684130001], [-0.839451059999817, 10.5977916220001], [-0.839330504999964, 10.5983385110002], [-0.839215552999974, 10.5988599810001], [-0.839079259999949, 10.5994782590001], [-0.838952872999812, 10.6000516020001], [-0.838710796999919, 10.6003125420002], [-0.838056736999931, 10.601017568], [-0.837846218999971, 10.6012444890001], [-0.837157825999952, 10.601734746], [-0.836140932999854, 10.6017562690001], [-0.835196602999872, 10.601540788], [-0.834319309999955, 10.6010881830001], [-0.833737848999874, 10.6009746850002], [-0.832967004999944, 10.6008242190001], [-0.831173275999959, 10.6004740830001], [-0.829955176999874, 10.6001831000001], [-0.828441838999936, 10.5998670430001], [-0.826530035999895, 10.5998659960002], [-0.825198060999924, 10.60052969], [-0.824423478999961, 10.6009064380001], [-0.823640738999927, 10.600933666], [-0.823005350999949, 10.6012613030001], [-0.821181398999954, 10.6024833220002], [-0.820357115999968, 10.6028842300001], [-0.819810489999952, 10.603150091], [-0.819357281999942, 10.6033705150001], [-0.818381955999939, 10.6037613410001], [-0.817661003999888, 10.6045126820001], [-0.815630999999883, 10.606628225], [-0.81482215199992, 10.6072459170002], [-0.813868618999891, 10.6084277830001], [-0.813141157999951, 10.6089317440001], [-0.812480529999903, 10.6094853560001], [-0.811872999999821, 10.609959314], [-0.811318527999958, 10.6103918760001], [-0.810612986999899, 10.61094229], [-0.809977485999923, 10.611396687], [-0.808715002999918, 10.6120381260001], [-0.808009725999909, 10.6126854140002], [-0.807463520999931, 10.6129000670001], [-0.807182025999907, 10.6130625120001], [-0.806968427999891, 10.6132253000001], [-0.806166563999909, 10.613836414], [-0.805920545999868, 10.6140239060001], [-0.80507296199994, 10.6146698580001], [-0.804308453999909, 10.6153441310001], [-0.803716128999952, 10.615866539], [-0.802997679999976, 10.6165001800002], [-0.802343757999893, 10.6170769080001], [-0.801786338999932, 10.6175685220001], [-0.80126992299995, 10.6180239710002], [-0.800914803999945, 10.6183371650002], [-0.800057123999977, 10.6187607260001], [-0.798853233999921, 10.6191954440001], [-0.797688271999959, 10.6197431880001], [-0.797022026999912, 10.6202884940001], [-0.795920542999909, 10.6217348060002], [-0.795844941999974, 10.622299786], [-0.796037293999973, 10.6240995840001], [-0.796299928999929, 10.6252327190002], [-0.79636184199984, 10.626915024], [-0.796400279999887, 10.6279594540001], [-0.796430458999907, 10.6287794720001], [-0.79641702899994, 10.6291733000002], [-0.796413735999977, 10.6292698260002], [-0.796363140999858, 10.6307535040002], [-0.796461308999881, 10.6320858930002], [-0.796522200999959, 10.632912348], [-0.796643917999972, 10.6345643290001], [-0.796808747999933, 10.6368014280002], [-0.796890913999903, 10.6379165910001], [-0.796973422999883, 10.6390363900002], [-0.796998196999823, 10.6401480980001], [-0.797022131999938, 10.6412221160002], [-0.797012279999933, 10.643487504], [-0.797007305999955, 10.6446314040002], [-0.797002414999895, 10.6457561110001], [-0.796829188999936, 10.6464671070001], [-0.795874622999918, 10.6489112670002], [-0.795668174999889, 10.6492942490001], [-0.795107407999978, 10.6497667530001], [-0.794617099999869, 10.6501798850002], [-0.794352102999881, 10.6506246490002], [-0.794089204999977, 10.650735286], [-0.793842044999963, 10.6508393000001], [-0.793101928999931, 10.6513156520001], [-0.792545797999935, 10.651673584], [-0.790353869999933, 10.65234773], [-0.78961645499993, 10.6525745240002], [-0.788972090999891, 10.6524634550001], [-0.787711734999903, 10.6522462020001], [-0.787092285999904, 10.652139424], [-0.785401295999975, 10.6518479290002], [-0.784220887999822, 10.6517760040002], [-0.782712377999871, 10.6516840810001], [-0.78245042899988, 10.6516681180001], [-0.781985125999938, 10.6517604800001], [-0.781699332999892, 10.6518142980001], [-0.781432372999916, 10.6518645690001], [-0.780812619999892, 10.6519812730002], [-0.779948835999846, 10.6521439290001], [-0.779338929999938, 10.6522587760001], [-0.778942245999872, 10.6523334720001], [-0.77856341099988, 10.6524048060001], [-0.777911027999892, 10.652358126], [-0.777309432999971, 10.65224055], [-0.776958372999957, 10.652171938], [-0.77632577799983, 10.6520483020001], [-0.775817767999968, 10.6518110310001], [-0.775161452999953, 10.651504491], [-0.774606775999871, 10.6511975900001], [-0.774183818999973, 10.6509635670002], [-0.773768110999924, 10.650789581], [-0.772660465999877, 10.6503259940001], [-0.772231151999961, 10.6501463110001], [-0.771831504999852, 10.6497395120001], [-0.771036116999937, 10.6489298830001], [-0.770042288999946, 10.6476788260001], [-0.769522326999947, 10.647024279], [-0.769368826999937, 10.6468918670001], [-0.76804178499998, 10.6458818860001], [-0.767779221999945, 10.645614612], [-0.767505301999904, 10.6453357790001], [-0.766971702999911, 10.644792604], [-0.766470603999949, 10.6442079100001], [-0.765977775999943, 10.643741741], [-0.765289119999977, 10.6434265230001], [-0.764115160999893, 10.642889165], [-0.763489776999961, 10.642602904], [-0.761935498999947, 10.6418914480001], [-0.760640936999948, 10.641439018], [-0.758933439999964, 10.6407789730002], [-0.758540660999927, 10.6406629090002], [-0.757183940999937, 10.640391752], [-0.755573549999895, 10.6402692270001], [-0.754935438999951, 10.6403266100002], [-0.754286091999973, 10.6404969880001], [-0.753867977999903, 10.6407061340001], [-0.753002042999924, 10.6414632080001], [-0.7526580359999, 10.641551344], [-0.752283702999932, 10.6418941370001], [-0.751623543999926, 10.6424986690002], [-0.751234993999901, 10.6429226710001], [-0.750719972999946, 10.6434846820002], [-0.750217584999859, 10.643994202], [-0.749867263999931, 10.6443494960001], [-0.749409452999942, 10.6446230210001], [-0.749015095999937, 10.6448586340002], [-0.748390809999876, 10.6455046020001], [-0.747604225999964, 10.6457251160001], [-0.747368571999914, 10.6457911790001], [-0.746700014999931, 10.6459786020001], [-0.746370438999975, 10.646031264], [-0.745618762999925, 10.6461513690001], [-0.745225042999948, 10.6463175840001], [-0.744161301999952, 10.6463844630002], [-0.743244214999947, 10.6468302210001], [-0.741146612999898, 10.6480393150002], [-0.74027539899987, 10.648407093], [-0.739463214999887, 10.648753706], [-0.738714304999917, 10.6490733150001], [-0.738231003999886, 10.649279568], [-0.737284518999957, 10.6496834890001], [-0.736328382999943, 10.6499423100001], [-0.735498024999913, 10.6501670820001], [-0.734997107999959, 10.650321172], [-0.734171511999932, 10.650575137], [-0.732945372999893, 10.6505259820001], [-0.732479859999955, 10.6507378150001], [-0.731360226999925, 10.651439908], [-0.730164391999949, 10.651491827], [-0.728875153999923, 10.651693883], [-0.72770424499987, 10.651681089], [-0.727444692999882, 10.6516782520001], [-0.726150673999939, 10.6516456550001], [-0.724409668999954, 10.6516017900001], [-0.723017118999906, 10.6508784320001], [-0.721968495999931, 10.650072777], [-0.721399217999817, 10.6497800230001], [-0.720402864999869, 10.6484919820001], [-0.719486844999949, 10.6473954060001], [-0.718261567999889, 10.645928598], [-0.717753150999954, 10.645319955], [-0.717559723999841, 10.6451459340001], [-0.716937427999937, 10.6445860660002], [-0.716591342999891, 10.644155757], [-0.715346111999906, 10.643557882], [-0.714984491999928, 10.6427662130001], [-0.714150207999978, 10.6428441680001], [-0.712980318999939, 10.642145972], [-0.712214605999975, 10.6415857580001], [-0.711873355999899, 10.641010793], [-0.711590654999952, 10.640534475], [-0.711094356999922, 10.639710145], [-0.710584415999904, 10.638839064], [-0.710295263999967, 10.6381800610001], [-0.710182704999909, 10.6371532750001], [-0.710039048999931, 10.6358428160001], [-0.709958978999964, 10.635112386], [-0.709809068999903, 10.6337448550001], [-0.709571265999955, 10.6326194320002], [-0.709501738999961, 10.6320854270001], [-0.709309433999863, 10.6306083970001], [-0.709139485999913, 10.6293030830001], [-0.709047724999948, 10.6285982870001], [-0.708811152999942, 10.627682172], [-0.708634099999927, 10.6269965400002], [-0.708294173999946, 10.6264050140001], [-0.707983824999872, 10.6258649560002], [-0.707198771999913, 10.6244988260001], [-0.705997419999903, 10.6218189830001], [-0.706191209999872, 10.620547464], [-0.70642648099988, 10.6201283460001], [-0.706607248999944, 10.6198063200001], [-0.706936906999942, 10.6186546350002], [-0.707543201999897, 10.6181389720001], [-0.707949438999947, 10.6174152780002], [-0.708385689999886, 10.6170891510001], [-0.709120426999959, 10.6165398840001], [-0.711009239999896, 10.615860125], [-0.711545833999878, 10.6156670100002], [-0.712275336999937, 10.6154044670002], [-0.712970172999974, 10.6153409770001], [-0.713231042999951, 10.6153171400001], [-0.714857881999933, 10.615563923], [-0.715582049999966, 10.6157933460001], [-0.716007818999969, 10.6163367080001], [-0.716467122999916, 10.615991658], [-0.7179589939999, 10.6153379540001], [-0.718455684999981, 10.61449775], [-0.718741585999908, 10.6132928980002], [-0.719020642999908, 10.612116876], [-0.719111096999939, 10.61154387], [-0.719236415999944, 10.610749981], [-0.719183072999954, 10.6103834220002], [-0.7191000709999, 10.6098130440002], [-0.718954011999926, 10.608809345], [-0.718747531999952, 10.6079440460001], [-0.718724196999972, 10.6072491160002], [-0.718193557999882, 10.605622468], [-0.717460263999953, 10.6047458300001], [-0.716674504999958, 10.6038064650002], [-0.716056083999945, 10.6030671430001], [-0.714940335999927, 10.6017332580001], [-0.714233713999874, 10.6006439090001], [-0.713235317999874, 10.600052379], [-0.712796351999884, 10.5997922990002], [-0.711894817999905, 10.599258151], [-0.711293105999857, 10.599205232], [-0.710518714999978, 10.5991025410001], [-0.709846487999869, 10.598903094], [-0.708331355999917, 10.5984535530001], [-0.706229224999902, 10.59822209], [-0.705415989999949, 10.5979567320001], [-0.704425242999946, 10.5972945670001], [-0.704051632999949, 10.5971837100001], [-0.703068346999942, 10.5965556550001], [-0.70235327599994, 10.596098914], [-0.700986952999926, 10.595075541], [-0.70001248799997, 10.594345661], [-0.699221427999873, 10.5937531480001], [-0.697773768999923, 10.5927347160001], [-0.696304059999818, 10.59148749], [-0.695789192999939, 10.5909633110001], [-0.695098945999916, 10.5903121750001], [-0.694550827999876, 10.5896115630002], [-0.694200120999824, 10.5892997690001], [-0.693810519999829, 10.5888804460002], [-0.693279105999977, 10.5881963850001], [-0.69296213399997, 10.5875814390001], [-0.692659264999975, 10.586792863], [-0.692317604999914, 10.5847990720002], [-0.692190812999911, 10.5840591510001], [-0.692079964999891, 10.5834122810001], [-0.691942653999888, 10.5826109760001], [-0.691869906999841, 10.582186442], [-0.691444961999935, 10.580907138], [-0.691275332999851, 10.5804218850001], [-0.690808844999879, 10.579087407], [-0.690491592999933, 10.578466566], [-0.690176691999966, 10.5778503240001], [-0.6898119089999, 10.5771364640001], [-0.689440861999856, 10.576410341], [-0.689075790999937, 10.5756959100001], [-0.688526460999867, 10.5746208810001], [-0.687844995999967, 10.5732872570001], [-0.687437621999948, 10.5724900220001], [-0.686790337999923, 10.5712232700001], [-0.686354925999979, 10.5703788530001], [-0.686107640999921, 10.5697501880001], [-0.685913372999948, 10.569033376], [-0.685739303999924, 10.5676302840001], [-0.685802974999945, 10.5670927050002], [-0.685882599999957, 10.5664204430001], [-0.68610134599993, 10.5659224780001], [-0.686418411999966, 10.56520069], [-0.686692279999875, 10.5645772390001], [-0.68684048099982, 10.564040015], [-0.687038848999975, 10.5637882780001], [-0.687264666999909, 10.5632742040002], [-0.688722373999894, 10.5616560780001], [-0.690073329999962, 10.5601564310001], [-0.690365802999906, 10.5598317650002], [-0.691096083999923, 10.5592649040001], [-0.69205481299997, 10.5586947400001], [-0.69226129499998, 10.558571943], [-0.692640315999881, 10.5582870700002], [-0.693547874999922, 10.5572065870001], [-0.694107611999868, 10.556603577], [-0.694967098999939, 10.555792874], [-0.695224076999978, 10.555517155], [-0.695333947999927, 10.5553992710001], [-0.695757192999963, 10.5549496300001], [-0.696254132999968, 10.5544216940001], [-0.696609894999881, 10.5540913480001], [-0.697140733999959, 10.5535984310001], [-0.698454642999934, 10.5525049760001], [-0.699004344999935, 10.5520475000001], [-0.700313204999873, 10.5509582280001], [-0.700564585999928, 10.5506529870001], [-0.70079474299996, 10.5503735190001], [-0.700975632999814, 10.550153873], [-0.701268220999964, 10.549798594], [-0.701710369999944, 10.5492617090001], [-0.702418058999967, 10.5481856750001], [-0.702678581999919, 10.5477895510002], [-0.702953983999976, 10.5473708010001], [-0.703286459999958, 10.5468652680001], [-0.703827746999877, 10.5459359770001], [-0.704292007999925, 10.545138921], [-0.704585655999892, 10.5446347750001], [-0.704724849999934, 10.544395799], [-0.705285758999935, 10.5437948460001], [-0.705820824999932, 10.5432215760001], [-0.706389914999875, 10.542611849], [-0.70664871199989, 10.5424618490001], [-0.707594661999906, 10.541913568], [-0.708482428999901, 10.5416391720001], [-0.709968519999961, 10.5411798360001], [-0.71026944099998, 10.5410753750001], [-0.711442086999909, 10.5402350150002], [-0.712270692999937, 10.5396412010001], [-0.712967041999889, 10.5391752670001], [-0.713981980999847, 10.538496157], [-0.714539579999951, 10.537928874], [-0.714999634999913, 10.5374193850001], [-0.715443022999921, 10.536860267], [-0.715886811999951, 10.5358601510001], [-0.716065748999938, 10.5351243960002], [-0.716209016999812, 10.5337960170002], [-0.716104092999899, 10.53292613], [-0.716174759999888, 10.531662657], [-0.71617545099997, 10.530907449], [-0.715933983999946, 10.53018034], [-0.715691998999944, 10.5294093090001], [-0.715384299999869, 10.5291325290001], [-0.714489146999881, 10.5282684900001], [-0.714034117999972, 10.5272617750001], [-0.713502726999877, 10.5266135780001], [-0.712659660999861, 10.5256701810002], [-0.712075243999891, 10.5251432090001], [-0.711001271999976, 10.5242926220001], [-0.709789856999976, 10.5237382000001], [-0.708873786999959, 10.523442443], [-0.707952068999816, 10.523232121], [-0.707436847999929, 10.5231792770001], [-0.706286543999965, 10.5231782140001], [-0.705740773999821, 10.5233517700001], [-0.704856869999958, 10.5236328520001], [-0.704088683999885, 10.524043007], [-0.703865022999935, 10.5241861890001], [-0.703622217999964, 10.5243416240001], [-0.703059676999942, 10.5248041450001], [-0.702351315999863, 10.5257488710001], [-0.702485923999973, 10.526920675], [-0.702366481999945, 10.527361284], [-0.70236407799996, 10.5276390990002], [-0.70235831399998, 10.528305141], [-0.702352710999889, 10.5289526670002], [-0.702347686999929, 10.529533181], [-0.70229754199994, 10.5304611570001], [-0.702276795999978, 10.530845083], [-0.702161316999934, 10.5316941780001], [-0.702010309999878, 10.5328045160001], [-0.70164596099994, 10.5335271330001], [-0.701333363999936, 10.5341471070001], [-0.701050979999934, 10.5347071600002], [-0.700896010999884, 10.5350145080001], [-0.700584601999878, 10.535245419], [-0.699352802999897, 10.535990969], [-0.698847386999944, 10.5365055340001], [-0.698053603999881, 10.537313683], [-0.696961092999913, 10.5384259520002], [-0.696304563999945, 10.53909435], [-0.694325901999946, 10.541050897], [-0.693394581999939, 10.5419717950002], [-0.692594337999935, 10.542237298], [-0.691870460999951, 10.5424774610001], [-0.690614152999956, 10.5425644360001], [-0.689870480999957, 10.5425306330001], [-0.688453532999972, 10.542135341], [-0.687659484999813, 10.5419138190002], [-0.686885959999927, 10.541077862], [-0.686649728999953, 10.5405815630001], [-0.686555523999971, 10.5398361810001], [-0.68641970199991, 10.5387615170001], [-0.686342702999923, 10.5381522660001], [-0.686239040999965, 10.5373320520001], [-0.686124708999898, 10.5364274020002], [-0.686149278999892, 10.5357971390002], [-0.686199057999943, 10.534520163], [-0.686041944999829, 10.5339901960002], [-0.686145601999954, 10.532295831], [-0.685845886999857, 10.531209579], [-0.685545533999971, 10.5307545020001], [-0.684922153999878, 10.5302129030002], [-0.684594632999961, 10.5291080870001], [-0.684125685999902, 10.5286814430001], [-0.683514940999885, 10.528125792], [-0.68309581799997, 10.5278218220001], [-0.682551113999921, 10.5274267740001], [-0.681463714999893, 10.5266381280001], [-0.680330724999976, 10.5260416410002], [-0.679693099999952, 10.525848062], [-0.677885796999931, 10.5255292640001], [-0.67735399299994, 10.5253550800001], [-0.676574213999913, 10.525266086], [-0.675662704999979, 10.5254524000002], [-0.674660763999952, 10.525247591], [-0.673991975999968, 10.5252553710001], [-0.673354462999953, 10.5252627860001], [-0.672521672999892, 10.525261926], [-0.671778011999834, 10.525261157], [-0.671140188999971, 10.5252604960001], [-0.670582830999876, 10.5254847810001], [-0.669794335999939, 10.5258020750001], [-0.668659968999862, 10.526520267], [-0.668158256999902, 10.5266988970002], [-0.667578800999934, 10.5269739120001], [-0.666792844999918, 10.5265293700001], [-0.666576602999953, 10.5250357130001], [-0.66589312799988, 10.520314892], [-0.664432001999955, 10.5102223120002], [-0.664065200999914, 10.507688748], [-0.663340868999853, 10.5026855360001], [-0.66214316099996, 10.5011333720001], [-0.665065375999973, 10.4940766680001], [-0.670482055999969, 10.4809952500001], [-0.670371725999928, 10.4809259430001], [-0.666430715999979, 10.4784504010001], [-0.65370177899996, 10.4704541380001], [-0.650559382999859, 10.4587615150001], [-0.650651719999928, 10.458364719], [-0.650710262999894, 10.4583069020001], [-0.650744908999911, 10.4582108380001], [-0.650961659999837, 10.4576098490001], [-0.65089570299989, 10.456827006], [-0.650950643999977, 10.4562537690001], [-0.650991843999918, 10.4558238870001], [-0.651005583999904, 10.455680532], [-0.651170174999947, 10.4554133570001], [-0.651374242999964, 10.4547052270001], [-0.651636714999825, 10.4540605550002], [-0.651657033999925, 10.4538228570001], [-0.651752390999889, 10.4527073690002], [-0.651967433999914, 10.4521425750002], [-0.652093294999929, 10.451643833], [-0.652355506999868, 10.4512306830002], [-0.653072140999939, 10.45046761], [-0.653247626999871, 10.450280752], [-0.653314597999895, 10.4501540370001], [-0.653314936999948, 10.4498480950002], [-0.653429360999894, 10.449616695], [-0.653738898999961, 10.4492091080002], [-0.653739280999957, 10.4488645790001], [-0.654371833999903, 10.448020016], [-0.654342579999877, 10.4472059770001], [-0.654417930999898, 10.4470544660001], [-0.655037004999883, 10.4462337750001], [-0.655081952999979, 10.4458755130001], [-0.655213254999978, 10.4454870250001], [-0.655444876999979, 10.445026983], [-0.655444982999882, 10.444931893], [-0.65543860199989, 10.4447992420002], [-0.65535654699994, 10.4443240470002], [-0.655510025999945, 10.4440237820001], [-0.656067384999972, 10.4436109470001], [-0.656220698999959, 10.443459519], [-0.656221246999962, 10.4429606400001], [-0.656130024999811, 10.4423541680002], [-0.656202490999931, 10.442290853], [-0.656387445999883, 10.4412188750001], [-0.656417500999964, 10.441042784], [-0.6565219659999, 10.4404307350001], [-0.656904978999876, 10.4390282200001], [-0.656758162999893, 10.4382887], [-0.656844967999973, 10.4378898280001], [-0.65704390399992, 10.4375924140002], [-0.657210599999871, 10.4370991790001], [-0.657387060999895, 10.4367917090001], [-0.657495156999971, 10.4366033610002], [-0.657542697999816, 10.4364159870001], [-0.657543167999961, 10.4359860140002], [-0.657330398999932, 10.4356148440002], [-0.657289004999939, 10.4354952650001], [-0.657266875999881, 10.435289767], [-0.657235046999915, 10.435114711], [-0.657285380999838, 10.4349190720001], [-0.657324496999877, 10.434844938], [-0.658049899999924, 10.4334701070001], [-0.658242316999974, 10.4332029580001], [-0.658242819999941, 10.432742666], [-0.658151330999885, 10.4323787440001], [-0.658282760999953, 10.4318634680001], [-0.658263624999961, 10.43153821], [-0.658234512999854, 10.4314237950001], [-0.658205400999918, 10.4313093800001], [-0.658130368999934, 10.4311742440001], [-0.658131036999976, 10.430562359], [-0.658053365999876, 10.4302949200002], [-0.658053617999883, 10.430063396], [-0.658324287999903, 10.429528974], [-0.658324873999959, 10.428991507], [-0.658016766999935, 10.4281119370001], [-0.658017288999929, 10.4276323510001], [-0.658056353999939, 10.427556596], [-0.658095417999959, 10.4274808410001], [-0.658487994999973, 10.4270369510002], [-0.658902695999871, 10.426101649], [-0.659035840999877, 10.4255607430001], [-0.658993903999885, 10.4252392150001], [-0.658966807999946, 10.4250314710001], [-0.658981548999918, 10.4249177910002], [-0.659123147999935, 10.4246485190001], [-0.659199789999946, 10.4245824510001], [-0.65927643099991, 10.4245163830001], [-0.659362499999929, 10.42443641], [-0.659659217999945, 10.4244011280001], [-0.659934200999885, 10.4239051960001], [-0.659871719999956, 10.4236457430001], [-0.659712452999941, 10.4229843750001], [-0.66018958899997, 10.4220477590002], [-0.660011725999823, 10.4217388700001], [-0.659880134999923, 10.42139036], [-0.65977182599994, 10.4210958410001], [-0.659879011999919, 10.4208787820002], [-0.66032555399994, 10.4202845], [-0.660344953999925, 10.4199917650001], [-0.660251896999966, 10.4196421150001], [-0.660063262999927, 10.419056794], [-0.659772668999949, 10.4184865190001], [-0.659713376999889, 10.4182822230002], [-0.659650963999979, 10.4180671690002], [-0.659607053999821, 10.4177943490001], [-0.659567994999975, 10.4175516630002], [-0.659537661999934, 10.4172960470001], [-0.659504535999929, 10.4170168840002], [-0.658479392999936, 10.4170431230002], [-0.649902776999966, 10.4172625250002], [-0.649689660999911, 10.4172653820002], [-0.648398106999934, 10.417378006], [-0.646568171999945, 10.4175375760001], [-0.64538510999995, 10.4175406270001], [-0.642831650999938, 10.4175472110001], [-0.641205216999936, 10.4179064600001], [-0.639640297999961, 10.4180370020001], [-0.636321166999949, 10.418262016], [-0.633861628999909, 10.4184633460002], [-0.632734658999937, 10.4185555960001], [-0.630646054999886, 10.4188839420002], [-0.629136461999963, 10.4193121690001], [-0.627267716999938, 10.4197179210001], [-0.625889172999848, 10.419983668], [-0.624251750999974, 10.4201939810001], [-0.62329374899997, 10.420362362], [-0.622330556999941, 10.4205321280001], [-0.618472660999942, 10.4215625040001], [-0.617707967999877, 10.421778774], [-0.617193270999962, 10.4204198960001], [-0.617076447999978, 10.4203232890001], [-0.616672458999915, 10.420071015], [-0.616219275999924, 10.4191461870001], [-0.615679457999931, 10.4183294750002], [-0.615562090999902, 10.4178050330001], [-0.615320152999971, 10.4175649500001], [-0.615216716999896, 10.416982612], [-0.614819352999973, 10.4164239090001], [-0.614745960999869, 10.4161493440002], [-0.614526595999905, 10.4153286920001], [-0.614423321999823, 10.4147815950001], [-0.61447471199989, 10.4145017590002], [-0.6145143789999, 10.4139422910001], [-0.61425884199997, 10.4136649460002], [-0.614364327999908, 10.4130731170001], [-0.613974843999927, 10.4124106180001], [-0.613862573999882, 10.4122196500001], [-0.613691007999876, 10.4121017620001], [-0.613431723999952, 10.4119236000001], [-0.613266196999916, 10.4116607060001], [-0.612769251999907, 10.4111675540001], [-0.613101438999877, 10.4107739140001], [-0.613466632999973, 10.4105116610001], [-0.613235009999926, 10.4100516660001], [-0.613687048999907, 10.4091498930001], [-0.613880077999909, 10.4089072950001], [-0.613810441999931, 10.408542966], [-0.613872139999955, 10.408436671], [-0.614130741999929, 10.407832634], [-0.614332926999964, 10.4073603730001], [-0.614478789999964, 10.4064100760001], [-0.614434249999931, 10.4058828400002], [-0.614633528999889, 10.40540194], [-0.614760678999914, 10.4051965260001], [-0.615058616999875, 10.4051275040001], [-0.615129082999943, 10.4048153780001], [-0.615322362999962, 10.4043646400002], [-0.61583583099997, 10.403832005], [-0.615889057999937, 10.4031643100001], [-0.615705526999932, 10.4029821790001], [-0.61565002899988, 10.4028305200001], [-0.615868582999951, 10.402114419], [-0.615999332999934, 10.4017780560002], [-0.615999683999974, 10.4014914080001], [-0.615883218999898, 10.4011081520002], [-0.615727964999962, 10.4005705000001], [-0.615806545999874, 10.4000587], [-0.61591153299986, 10.3998709660002], [-0.616000764999967, 10.3997114020001], [-0.615603299999918, 10.39925121], [-0.615677698999946, 10.3984178190001], [-0.615711888999954, 10.3977784130001], [-0.615578393999897, 10.3976624910001], [-0.615298966999887, 10.3973562140001], [-0.615308852999817, 10.397240465], [-0.615192200999957, 10.3970115570001], [-0.615345699999921, 10.3967057990002], [-0.615346104999958, 10.3963750510002], [-0.615189406999946, 10.396166138], [-0.615329980999945, 10.3959009590002], [-0.615310677999958, 10.3957493430001], [-0.615394647999892, 10.3953828640001], [-0.614923997999938, 10.3954980620002], [-0.614729463999936, 10.39521118], [-0.61472961599992, 10.3950871490002], [-0.614276294999911, 10.3946924620001], [-0.614034665999895, 10.394215343], [-0.613820488999863, 10.3940552240002], [-0.613631376999933, 10.3938896220001], [-0.613514607999946, 10.393757182], [-0.613365381999927, 10.393638055], [-0.613130588999979, 10.393450512], [-0.612752861999979, 10.39293737], [-0.612702169999977, 10.3928685030001], [-0.612626307999903, 10.3927656850001], [-0.612402165999924, 10.3926623690001], [-0.612334768999858, 10.392184713], [-0.612129497999945, 10.3921505880001], [-0.61188432299997, 10.3922864770001], [-0.611650392999877, 10.3921838860001], [-0.61168528099995, 10.3916418960001], [-0.611480428999869, 10.391269002], [-0.611549827999909, 10.390489916], [-0.611207809999939, 10.3903539940002], [-0.610901691999857, 10.389965392], [-0.610704967999936, 10.3896616160001], [-0.610420753999961, 10.389271009], [-0.610245796999948, 10.3890756650002], [-0.61005242199991, 10.3889814280001], [-0.609501069999965, 10.3891831660001], [-0.60945708099996, 10.389334882], [-0.609216074999892, 10.3894213130002], [-0.608953061999898, 10.3895944430001], [-0.608835586999874, 10.3894728220001], [-0.608646463999946, 10.3895940700002], [-0.60823055599991, 10.3894417930001], [-0.607967919999851, 10.3893113850002], [-0.60809975199993, 10.3889646460001], [-0.607880834999946, 10.3888993350001], [-0.607618063999951, 10.388877332], [-0.607333934999872, 10.3884216790001], [-0.606961963999936, 10.3881610490002], [-0.607070113999896, 10.388000872], [-0.607225248999953, 10.3877711080002], [-0.607073285999888, 10.387648313], [-0.606568446999972, 10.3876185350001], [-0.605911809999895, 10.3873358730001], [-0.605343396999956, 10.3865546500001], [-0.605038407999928, 10.386090041], [-0.604832113999919, 10.385887733], [-0.60482516899998, 10.385191246], [-0.604786387999866, 10.3850368490001], [-0.604691897999942, 10.3849044340001], [-0.604536115999963, 10.384807773], [-0.604305093999926, 10.3847689020001], [-0.604168845999936, 10.3846364350001], [-0.603901810999957, 10.3840165830001], [-0.603746694999927, 10.383831093], [-0.60355227499997, 10.3834670310001], [-0.603552468999908, 10.3833126820001], [-0.603494196999975, 10.3831610170002], [-0.603285626999934, 10.383178173], [-0.602956296999878, 10.3829521670002], [-0.602876494999919, 10.382892899], [-0.602877050999894, 10.382451902], [-0.602760270999909, 10.3823359960001], [-0.602741529999946, 10.381743382], [-0.602607949999935, 10.38170463], [-0.602387832999909, 10.3818504380002], [-0.602182029999938, 10.3816848090001], [-0.602123757999891, 10.3815331440001], [-0.602182606999975, 10.3812272750001], [-0.602163314999814, 10.381072902], [-0.601874024999859, 10.3808823630001], [-0.601718318999929, 10.3807278210001], [-0.601643344999957, 10.3805761350002], [-0.601487541999859, 10.3804987670002], [-0.601178523999977, 10.3804983840001], [-0.601100671999973, 10.3804211120001], [-0.601100863999932, 10.380269519], [-0.601195751999967, 10.3800849700002], [-0.60094646999994, 10.379954105], [-0.600909355999875, 10.37980899], [-0.600850965999939, 10.3797510370001], [-0.600851161999969, 10.379596688], [-0.600715112999978, 10.379309871], [-0.600317514999858, 10.3789124780001], [-0.60026628199995, 10.378700185], [-0.600215048999928, 10.3784878910001], [-0.600195756999824, 10.378333518], [-0.600054172999933, 10.3780369290001], [-0.599997210999902, 10.3779363730001], [-0.599934711999879, 10.3778260460001], [-0.599809715999925, 10.3776053920001], [-0.599598503999971, 10.37731848], [-0.599442993999958, 10.3770123440001], [-0.599148270999933, 10.376719816], [-0.598864427999956, 10.3766285060001], [-0.598708673999965, 10.376515306], [-0.598366637999902, 10.3759474820001], [-0.598227985999813, 10.3757870590001], [-0.597941856999853, 10.3755958660001], [-0.597961101999942, 10.3754973210001], [-0.597943237999971, 10.3753153870001], [-0.597961497999961, 10.3751865560002], [-0.597961713999894, 10.3750177370002], [-0.597692017999975, 10.3747500440002], [-0.597530229999961, 10.3746966860002], [-0.596759574999908, 10.3744425220001], [-0.596173682999904, 10.3742492910002], [-0.595980647999852, 10.3741856260002], [-0.595568895999975, 10.3739811480001], [-0.595146233999913, 10.373649104], [-0.594926765999958, 10.3732444240001], [-0.594827852999856, 10.3729033020001], [-0.594782976999966, 10.3727485380001], [-0.594723918999875, 10.3725448610001], [-0.594719094999903, 10.372373193], [-0.594627737999929, 10.3719761790001], [-0.594490753999935, 10.3716112880002], [-0.594539816999827, 10.3710720240001], [-0.594875066999919, 10.370124028], [-0.594801255999869, 10.369430676], [-0.59464266599997, 10.369027028], [-0.594545570999969, 10.3688685760001], [-0.594276901999933, 10.3686712080001], [-0.593883221999931, 10.3686043660001], [-0.593842246999941, 10.368536787], [-0.593801273999929, 10.3684692070001], [-0.593719323999949, 10.3683340480001], [-0.59373910599993, 10.368105305], [-0.593489474999956, 10.3673966380001], [-0.593489935999912, 10.3670383280001], [-0.593103390999886, 10.3663098970002], [-0.59294840799987, 10.3660178360001], [-0.592909634999955, 10.3658634380001], [-0.592929811999909, 10.3653287540001], [-0.59280803199988, 10.3647801090001], [-0.592739236999876, 10.36459984], [-0.592411291999838, 10.3637405060001], [-0.592161220999913, 10.3633763670001], [-0.592178913999874, 10.362610156], [-0.592257255999868, 10.362304313], [-0.592257405999874, 10.362188551], [-0.592163002999882, 10.361998252], [-0.591868157999841, 10.3618159660001], [-0.591573313999959, 10.3616336800001], [-0.591467802999944, 10.361424073], [-0.59140988899992, 10.3610022950002], [-0.591488033999894, 10.3608480450002], [-0.59153036899994, 10.3604015890002], [-0.591450043999885, 10.3600900330002], [-0.590958289999946, 10.3594143220001], [-0.590755501999979, 10.3590114620002], [-0.59086009899994, 10.3583900360001], [-0.590929433999975, 10.357978095], [-0.591105505999963, 10.3574408530002], [-0.591180862999977, 10.357289355], [-0.591300463999858, 10.357162207], [-0.591337494999891, 10.3567162570001], [-0.591568842999948, 10.3564850270001], [-0.59155037599993, 10.3561124400001], [-0.591705861999912, 10.356008372], [-0.591858895999962, 10.3560636910001], [-0.591956371999856, 10.3560279830002], [-0.591956546999938, 10.3558929280001], [-0.592246238999962, 10.3557499710001], [-0.592112705999909, 10.3556836520002], [-0.591648302999943, 10.3553137280001], [-0.591609622999954, 10.3550876680001], [-0.591610093999975, 10.3547238450001], [-0.591489841999874, 10.3544876540001], [-0.591391844999976, 10.354376476], [-0.591243311999904, 10.354207963], [-0.591165567999951, 10.354053515], [-0.591458152999849, 10.3538251190001], [-0.591477834999978, 10.353673551], [-0.591444410999941, 10.3535404520001], [-0.591390434999937, 10.3534515630001], [-0.591341807999811, 10.3533839740001], [-0.591191742999911, 10.3532350090002], [-0.590995518999932, 10.3530158680001], [-0.590994538999951, 10.352848823], [-0.59112587899989, 10.3524576040001], [-0.590995380999914, 10.3521983530002], [-0.59107352399991, 10.352044103], [-0.591040484999837, 10.3515562180001], [-0.591015909999953, 10.3513935570001], [-0.590765873999942, 10.3510101230001], [-0.590668567999955, 10.3509162880001], [-0.590457157999879, 10.3508002570001], [-0.590379340999846, 10.35070369], [-0.590321304999918, 10.3503783800002], [-0.590275461999966, 10.3496298210001], [-0.590247704999967, 10.3491765680002], [-0.590304028999924, 10.3486750030002], [-0.590305557999955, 10.3481584760002], [-0.590096023999934, 10.3480821480001], [-0.589723447999916, 10.3477481700001], [-0.589259133999974, 10.3474189350001], [-0.588886341999967, 10.3471545110001], [-0.588748177999889, 10.3470793030001], [-0.588345986999911, 10.346859996], [-0.588270705999889, 10.3468189630001], [-0.587839148999876, 10.3465837470001], [-0.587277381999968, 10.346277561], [-0.587056634999897, 10.3461579180002], [-0.586940575999961, 10.3461105180002], [-0.586787201999925, 10.346047877], [-0.586399385999869, 10.3458894880002], [-0.58624918299995, 10.3458281440001], [-0.585803564999878, 10.345708179], [-0.584891250999874, 10.3454625740002], [-0.583950533999939, 10.3453483560002], [-0.582464177999952, 10.3452720150001], [-0.582250612999871, 10.345238527], [-0.581453930999942, 10.3451136000001], [-0.580610750999938, 10.3448916370001], [-0.579660952999916, 10.3446416040001], [-0.578854937999949, 10.344429425], [-0.578381271999945, 10.3443384820001], [-0.577761327999951, 10.344219454], [-0.57743843999998, 10.34415746], [-0.576997319999975, 10.3440948650001], [-0.576685770999973, 10.344050657], [-0.575835350999967, 10.3439541490002], [-0.575184307999905, 10.3437135000001], [-0.574765720999892, 10.3434566180001], [-0.574347132999833, 10.343199736], [-0.572926412999948, 10.342926563], [-0.572165402999872, 10.3427448260001], [-0.571364051999922, 10.3425039690001], [-0.570434668999951, 10.342254672], [-0.570337873999904, 10.342213701], [-0.569660743999918, 10.3419270950001], [-0.569402549999893, 10.3418178090001], [-0.568250577999947, 10.3414993030001], [-0.56778628099994, 10.3410880020001], [-0.566848827999877, 10.340576314], [-0.566718182999921, 10.340505004], [-0.56584737899982, 10.3401730850001], [-0.564951918999952, 10.3395544830001], [-0.564909337999893, 10.3394567480001], [-0.564566221999939, 10.3386692120001], [-0.564322918999892, 10.3384814600001], [-0.564079615999901, 10.3382937080002], [-0.563241906999963, 10.338190594], [-0.561143337999965, 10.338022371], [-0.560074354999927, 10.3380925770001], [-0.558994379999888, 10.338060784], [-0.55891080299989, 10.338038692], [-0.55816064399994, 10.337840407], [-0.557914758999914, 10.3377754140001], [-0.557127154999932, 10.3376751100001], [-0.556371852999973, 10.337366752], [-0.555616552999936, 10.3370583930002], [-0.554734492999955, 10.3368284100001], [-0.553776280999898, 10.336530453], [-0.552693975999944, 10.3362602280001], [-0.551839332999862, 10.3360620260001], [-0.551434910999944, 10.3356303930001], [-0.550990770999817, 10.3352075450002], [-0.550423074999912, 10.334667061], [-0.550122239999894, 10.3344833990001], [-0.549318976999871, 10.333993001], [-0.549005840999882, 10.3337298730001], [-0.54834762299987, 10.3331626640002], [-0.547973872999933, 10.3330936990001], [-0.547714546999885, 10.3328450610001], [-0.547238210999922, 10.3323883520001], [-0.546897577999971, 10.3314644070001], [-0.546729054999957, 10.3310072960002], [-0.546506031999911, 10.3304023540001], [-0.546306520999906, 10.3297404170001], [-0.54550572799991, 10.3290114680001], [-0.543434415999968, 10.3289423790001], [-0.542988488999924, 10.3288059560001], [-0.541544162999969, 10.3283398120001], [-0.540214524999897, 10.3271145520001], [-0.538989335999872, 10.3258217960001], [-0.537801725999941, 10.32506068], [-0.53603899399991, 10.3242607640001], [-0.534731782999927, 10.3239377670001], [-0.533508914999913, 10.3237634980002], [-0.533170717999951, 10.3237956780002], [-0.531936526999971, 10.3239131060001], [-0.53047906099988, 10.3241388160001], [-0.529596549999951, 10.32451724], [-0.528636497999912, 10.325465111], [-0.528191740999887, 10.3260730960001], [-0.527860572999941, 10.326525801], [-0.527360389999956, 10.3270526490001], [-0.527106341999968, 10.3273202380001], [-0.526743318999877, 10.3268962790001], [-0.526568525999892, 10.3268064280001], [-0.526286629999902, 10.3266615210001], [-0.525940377999973, 10.326348896], [-0.525784663999957, 10.326395636], [-0.525466971999947, 10.326753953], [-0.525120088999927, 10.3268626830002], [-0.524867437999831, 10.3271900350001], [-0.524335618999885, 10.3274706240001], [-0.523530831999892, 10.3275026400001], [-0.523212145999935, 10.3275153170002], [-0.522849834999874, 10.327717911], [-0.522743183999921, 10.327777547], [-0.522303504999968, 10.3277114900001], [-0.521946230999959, 10.327655347], [-0.521494400999813, 10.327450352], [-0.520775135999884, 10.3267967410001], [-0.52071916999995, 10.3266724110001], [-0.520689796999932, 10.326518458], [-0.520663770999931, 10.3263820460001], [-0.520675890999939, 10.326271598], [-0.520706235999967, 10.325995064], [-0.52071929799996, 10.3255635], [-0.520538702999943, 10.325204496], [-0.520500249999884, 10.3251280560001], [-0.520345508999981, 10.324529291], [-0.520276130999889, 10.3242527280001], [-0.51998843299998, 10.3236645100001], [-0.519970050999973, 10.323574946], [-0.519786310999962, 10.323198699], [-0.519708092999963, 10.323091836], [-0.51968326399998, 10.322967266], [-0.519715256999973, 10.3227903880001], [-0.519751997999947, 10.3226259230001], [-0.519884564999927, 10.3222811110002], [-0.519988143999967, 10.32202254], [-0.519991306999941, 10.32190883], [-0.519904235999945, 10.3217939280001], [-0.519694776999927, 10.321779157], [-0.519559868999977, 10.3217848290001], [-0.519423829999823, 10.321855394], [-0.518958929999883, 10.3218583040001], [-0.5187326329999, 10.3217557400001], [-0.518464169999902, 10.3217123690002], [-0.518336832999921, 10.3217262520002], [-0.517791008999893, 10.3219166560001], [-0.517635620999897, 10.3218952860001], [-0.517524862999892, 10.3218242920001], [-0.517460477999975, 10.321717039], [-0.517403574999889, 10.3216222500001], [-0.51730204799992, 10.3214343670001], [-0.517172031999849, 10.3213423270001], [-0.516878240999972, 10.3213664820001], [-0.516626749999944, 10.321380097], [-0.516515191999929, 10.3213645700001], [-0.516203105999978, 10.321160231], [-0.515991215999918, 10.3210058800001], [-0.51585948099995, 10.3206781340002], [-0.515703692999921, 10.3204967270001], [-0.515552745999969, 10.3204965010002], [-0.515399109999976, 10.320400997], [-0.515228819999891, 10.3204023030002], [-0.515012860999889, 10.3204039590001], [-0.514801469999895, 10.3202216170001], [-0.514605696999979, 10.3200527460001], [-0.514247507999812, 10.3200542490001], [-0.513879930999963, 10.3200557490001], [-0.513718726999912, 10.319773791], [-0.513601374999894, 10.3196439710001], [-0.51343307399992, 10.3195573740001], [-0.513243927999895, 10.3195230240001], [-0.512766090999889, 10.319422898], [-0.51244999599993, 10.319244466], [-0.512257808999948, 10.3191897780001], [-0.512039156999947, 10.319209175], [-0.511863797999922, 10.3190267360001], [-0.511666504999937, 10.3186396620001], [-0.511579250999944, 10.3184749500001], [-0.511406388999944, 10.3182746260001], [-0.511251600999969, 10.3181925770001], [-0.511180552999974, 10.3181549170002], [-0.511044305999974, 10.3180243860001], [-0.510937202999912, 10.317657642], [-0.510908669999935, 10.3175594990001], [-0.510975605999874, 10.3171706870001], [-0.51106206399993, 10.3167291300001], [-0.510989266999957, 10.316161568], [-0.510940774999938, 10.3160637580001], [-0.510937457999944, 10.3157769860002], [-0.510897976999956, 10.3157035680001], [-0.510655939999936, 10.3152534850001], [-0.510464590999959, 10.3148893680001], [-0.510482898999896, 10.3147333200001], [-0.510600319999924, 10.3142367720001], [-0.510511643999962, 10.3141119360001], [-0.510238322999896, 10.313863715], [-0.510062207999908, 10.313700929], [-0.509948066999868, 10.313543855], [-0.509664694999969, 10.3126541170001], [-0.509540305999963, 10.312263559], [-0.509556644999975, 10.3118890440002], [-0.509649320999927, 10.3114714840001], [-0.509747081999933, 10.3110310120001], [-0.509765081999944, 10.3107696660001], [-0.509779323999965, 10.3105628860001], [-0.509580531999916, 10.3103238300002], [-0.509428391999961, 10.3102480560001], [-0.509259961999874, 10.310140813], [-0.509165660999884, 10.3099533270001], [-0.509138726999879, 10.3098661680002], [-0.509102938999945, 10.309750357], [-0.508898612999928, 10.3093287440001], [-0.508501015999968, 10.3091421660001], [-0.508168189999935, 10.308908301], [-0.507452982999951, 10.3086175940001], [-0.506993356999828, 10.3083738360001], [-0.506741503999933, 10.3081861810001], [-0.506363408999846, 10.3081075760001], [-0.505716777999965, 10.3078494030001], [-0.505714606999959, 10.3077421510002], [-0.505677241999933, 10.3076651690002], [-0.5054659299999, 10.3073376130001], [-0.505345176999867, 10.3072208940001], [-0.50528696899994, 10.307066457], [-0.505326290999903, 10.306837752], [-0.505259635999892, 10.3065032790001], [-0.505116406999946, 10.305784557], [-0.505116586999975, 10.3056687960001], [-0.505204982999828, 10.305408877], [-0.505289951999941, 10.3051536500001], [-0.505276508999884, 10.3048504460001], [-0.505215582999881, 10.3046546610001], [-0.505027814999892, 10.3044141240001], [-0.504898925999896, 10.3042490130002], [-0.504766823999887, 10.30418404], [-0.504634720999888, 10.304119067], [-0.503866775999938, 10.3035850430001], [-0.503592268999967, 10.3033126550001], [-0.504292617999909, 10.3004059230001], [-0.504585571999826, 10.299946084], [-0.504629977999969, 10.2998584700001], [-0.504817289999892, 10.2994889070001], [-0.50485999599988, 10.2993789870001], [-0.504876098999887, 10.2992574740001], [-0.504871065999907, 10.2989579680001], [-0.504854717999876, 10.298861502], [-0.50476344499998, 10.2983229450001], [-0.504530707999891, 10.2976500720001], [-0.50443350799992, 10.2975148700001], [-0.504404565999948, 10.2973342930002], [-0.504375624999966, 10.2971537170002], [-0.504199202999928, 10.2967989770002], [-0.503517099999954, 10.2960984760002], [-0.503424220999932, 10.2960026000001], [-0.503256077999936, 10.2958290180001], [-0.503164709999965, 10.295700857], [-0.503142794999974, 10.2953928740001], [-0.503184599999884, 10.2952638850001], [-0.503218733999972, 10.2951620880002], [-0.503288466999948, 10.29495066], [-0.503356022999981, 10.294176029], [-0.503814789999979, 10.2935153760001], [-0.50426743099996, 10.2933637560002], [-0.504420503999938, 10.29336399], [-0.504513004999865, 10.293344706], [-0.505520507999904, 10.2931346690002], [-0.505603181999902, 10.2930178250001], [-0.505667998999968, 10.2929245490002], [-0.50565714499993, 10.2928147690002], [-0.505615973999909, 10.2923983850002], [-0.505534122999961, 10.2922370220001], [-0.505452271999957, 10.292075658], [-0.50534937599997, 10.2920245110001], [-0.505246478999879, 10.2919733630002], [-0.505088704999878, 10.2914191230001], [-0.504938643999822, 10.2912728150001], [-0.504857237999943, 10.2912220840001], [-0.50428246499996, 10.290863891], [-0.503925876999972, 10.290747713], [-0.503670488999944, 10.2906645070001], [-0.503601040999968, 10.2905817130002], [-0.503520326999876, 10.2905843460001], [-0.503439611999966, 10.2905869780001], [-0.503104417999907, 10.2904986390002], [-0.502855550999925, 10.290335267], [-0.50260810899988, 10.2901722700001], [-0.502425463999884, 10.2899807480001], [-0.50210797099993, 10.2896478220001], [-0.501953508999918, 10.289647584], [-0.501799045999917, 10.289647346], [-0.501668037999934, 10.2897766870001], [-0.50150036399998, 10.290214668], [-0.501180054999963, 10.2903740350002], [-0.501024321999864, 10.290296621], [-0.500907613999971, 10.2901806800001], [-0.500860419999867, 10.2901048110001], [-0.500813225999877, 10.290028943], [-0.500731447999954, 10.2889373560001], [-0.500659269999858, 10.2888214830002], [-0.500601456999959, 10.2884189870001], [-0.500588868999898, 10.288016841], [-0.500564356999973, 10.2872337580001], [-0.500708466999924, 10.2858503600001], [-0.500531034999881, 10.2854146040001], [-0.500568770999905, 10.2853099260001], [-0.500606506999929, 10.2852052480002], [-0.500723576999917, 10.2850896670001], [-0.500819607999972, 10.2850801680001], [-0.500915637999924, 10.28507067], [-0.501217502999964, 10.2851420980001], [-0.501399800999934, 10.285129295], [-0.501516839999852, 10.2850330080001], [-0.501536558999874, 10.284881446], [-0.501472791999845, 10.284727], [-0.501331234999952, 10.2845394720002], [-0.501031201999979, 10.2841420030001], [-0.500677892999875, 10.2840532600001], [-0.500314656999933, 10.284083018], [-0.499951815999964, 10.284112744], [-0.499882931999934, 10.2839967430001], [-0.499724092999941, 10.2839939090001], [-0.499724284999957, 10.2840931330001], [-0.49949018999996, 10.2841019210001], [-0.499158062999925, 10.2841143900002], [-0.498596035999924, 10.2841354890001], [-0.498317942999847, 10.2840000040001], [-0.498181903999978, 10.2837903210001], [-0.498150813999871, 10.283645531], [-0.49811972599997, 10.283500742], [-0.497933257999819, 10.2826323260001], [-0.497722247999945, 10.2823150340001], [-0.497410969999919, 10.2820471990001], [-0.497219302999895, 10.2818181360001], [-0.49700830699993, 10.2814925760001], [-0.496974851999937, 10.2812918450001], [-0.496996102999901, 10.2809555600001], [-0.497029243999975, 10.2805720320002], [-0.497118892999936, 10.2803562550002], [-0.497260687999926, 10.2802857450002], [-0.49749167799996, 10.280286103], [-0.497736457999963, 10.2803664130001], [-0.497928176999949, 10.2805624010002], [-0.49806469899994, 10.280818045], [-0.498186427999883, 10.280923865], [-0.498264322999944, 10.280943279], [-0.498494010999934, 10.280943634], [-0.498651587999916, 10.2806737690001], [-0.49865185799996, 10.2805028840001], [-0.498546559999909, 10.280213319], [-0.498495757999819, 10.2801277], [-0.49835532499992, 10.279891025], [-0.498236561999931, 10.2796908710002], [-0.498149770999873, 10.279463014], [-0.498036541999909, 10.2789088390001], [-0.49822947399997, 10.2783358460001], [-0.498797635999836, 10.277592692], [-0.499121873999911, 10.277168589], [-0.499555337999823, 10.2767428600001], [-0.499724279999953, 10.2765769330001], [-0.500094324999907, 10.2764148860001], [-0.500312081999823, 10.27597974], [-0.500312860999884, 10.2754836220001], [-0.500082596999903, 10.2750229790001], [-0.500021466999954, 10.2749622480002], [-0.499946785999953, 10.274531718], [-0.499723975999927, 10.2743361280001], [-0.499724110999921, 10.274250685], [-0.499674598999832, 10.2741733710002], [-0.499626861999957, 10.2740988310001], [-0.499319198999899, 10.273618416], [-0.499202888999946, 10.2734367970002], [-0.498780542999953, 10.2730144440001], [-0.498141128999976, 10.2725917550001], [-0.498039734999907, 10.272474458], [-0.497938341999884, 10.272357163], [-0.497891530999937, 10.2721732370001], [-0.497738595999976, 10.2719599580001], [-0.497719476999976, 10.2717311630001], [-0.497700356999928, 10.2715023670002], [-0.497711427999945, 10.2713731060001], [-0.497815153999966, 10.2710615500002], [-0.498010293999869, 10.2708496230002], [-0.49809513699995, 10.270803411], [-0.498358460999896, 10.2706599830001], [-0.498458478999908, 10.270626871], [-0.49870650999992, 10.2705447590001], [-0.498937553999951, 10.270506529], [-0.499088320999817, 10.2704578100002], [-0.49917938699997, 10.270428382], [-0.499285598999961, 10.2703940610001], [-0.499633524999979, 10.2703560110002], [-0.499724061999927, 10.2702982700001], [-0.49972408099984, 10.2705077430001], [-0.499893099999952, 10.2704253160001], [-0.50009262999987, 10.2703303750002], [-0.500410209999927, 10.270200103], [-0.500758300999962, 10.2700573150001], [-0.500935051999932, 10.2700355370001], [-0.501111802999901, 10.2700137590001], [-0.501515222999956, 10.2700805290001], [-0.502555462999965, 10.270451458], [-0.503896325999904, 10.2707815000001], [-0.504051470999968, 10.2707826230001], [-0.504231003999962, 10.2708572620002], [-0.504309458999899, 10.2708675740001], [-0.504412177999939, 10.2708776930002], [-0.504737431999956, 10.2708562490002], [-0.504958048999924, 10.2707624500001], [-0.505151610999917, 10.2706676550002], [-0.505268849999936, 10.270439068], [-0.505267906999961, 10.270051359], [-0.505204636999963, 10.269869247], [-0.505128037999953, 10.2697194800002], [-0.505070075999924, 10.269606783], [-0.504749015999948, 10.2689825440001], [-0.504689685999892, 10.268851071], [-0.504689958999847, 10.2686755830001], [-0.504690256999936, 10.2684840260001], [-0.504729483999938, 10.2683132], [-0.504905132999966, 10.2681039950002], [-0.505147871999895, 10.2677019570001], [-0.505198009999958, 10.267405734], [-0.505274262999876, 10.2669552150002], [-0.505236318999948, 10.2665374340002], [-0.505313045999969, 10.2663811680002], [-0.505172578999975, 10.2662762410001], [-0.505090433999953, 10.266161143], [-0.505022414999928, 10.266056303], [-0.504945975999874, 10.265998305], [-0.504869535999944, 10.265940309], [-0.504757549999908, 10.2659087510001], [-0.503895947999979, 10.265665956], [-0.503208264999898, 10.2653714720001], [-0.50314940699991, 10.2652376010001], [-0.503092581999908, 10.2650941900001], [-0.503112654999882, 10.2647138630002], [-0.503074025999979, 10.2645015750002], [-0.502829510999902, 10.2642586540001], [-0.502441492999878, 10.263873163], [-0.502226861999873, 10.263466695], [-0.502154618999953, 10.2633949230001], [-0.50209955999992, 10.2629568410001], [-0.502072157999976, 10.2627388160001], [-0.502033316999928, 10.26266296], [-0.501994475999936, 10.262587105], [-0.501984088999961, 10.262424332], [-0.501970639999911, 10.2622135360002], [-0.501921133999815, 10.2614376490001], [-0.501922926999953, 10.2602910640001], [-0.501849523999908, 10.2600718320001], [-0.501776120999978, 10.2598526], [-0.501265208999882, 10.2591296860001], [-0.501265427999897, 10.25898912], [-0.501365915999884, 10.2587935820001], [-0.501697677999971, 10.2584068420001], [-0.501811519999876, 10.2582741360001], [-0.502027219999889, 10.2580226900001], [-0.502146682999978, 10.2577873810001], [-0.502263924999909, 10.257554659], [-0.502350940999918, 10.257075211], [-0.502351298999884, 10.2568464450001], [-0.508934896999961, 10.2558450130002], [-0.509937667999907, 10.2553833670001], [-0.51072843299994, 10.2526752170001], [-0.510065330999964, 10.251852964], [-0.509342288999846, 10.2510717610001], [-0.509797980999963, 10.249705361], [-0.509011202999886, 10.2492218350002], [-0.507829068999968, 10.2488727640002], [-0.507503587999963, 10.2484269510001], [-0.507347177999975, 10.247378161], [-0.50735155599989, 10.2463445830001], [-0.506751769999823, 10.2455140500001], [-0.506448649999868, 10.2453868040002], [-0.505452795999815, 10.2451537690002], [-0.504988441999956, 10.2449215400001], [-0.504447287999938, 10.2444514340001], [-0.503926876999969, 10.2439993440001], [-0.503426276999903, 10.2438139140001], [-0.502398095999922, 10.2429027890001], [-0.50225685099997, 10.2427696340002], [-0.501311659999942, 10.2418785680002], [-0.498874355999874, 10.2406944370002], [-0.498892243999933, 10.2402222530002], [-0.498998457999846, 10.2374185800001], [-0.501991256999929, 10.239696679], [-0.502442003999931, 10.2401693280001], [-0.502545712999961, 10.2402780760001], [-0.502894151999953, 10.2406434440001], [-0.503692885999953, 10.2405757570001], [-0.504718063999974, 10.2398331390002], [-0.506355138999936, 10.2392761120001], [-0.50779715699997, 10.2388900120002], [-0.508190182999897, 10.2384547780001], [-0.508172641999977, 10.2363636930002], [-0.508836278999979, 10.2363086540001], [-0.509231218999957, 10.2364360350001], [-0.509623215999909, 10.2366681490001], [-0.510420583999974, 10.2374851920001], [-0.511950576999936, 10.238846447], [-0.512315124999873, 10.2391707890001], [-0.512828179999872, 10.2396272550001], [-0.513023389999944, 10.2398009340001], [-0.513305972999888, 10.2400523460001], [-0.511993980999932, 10.242164872], [-0.512259889999939, 10.2429700900001], [-0.513094959999933, 10.2428004540001], [-0.515178806999927, 10.2417185880001], [-0.514353227999948, 10.244309991], [-0.514223808999873, 10.2452386460002], [-0.514651996999874, 10.2454708090002], [-0.514948537999885, 10.2456427370001], [-0.514993410999978, 10.2458901920001], [-0.514508748999845, 10.24634432], [-0.513995747999957, 10.2469857540001], [-0.513432176999913, 10.247941322], [-0.513991058999977, 10.2482370740001], [-0.515922748999969, 10.2479340140001], [-0.516246574999911, 10.2472564630001], [-0.517166316999976, 10.246306931], [-0.518568238999819, 10.2466893690001], [-0.519359655999949, 10.245946357], [-0.519759261999866, 10.2448334310001], [-0.520204079999871, 10.2432602800001], [-0.520208796999952, 10.2419731270001], [-0.519769165999946, 10.2390532000002], [-0.519965885999909, 10.238814129], [-0.521275413999888, 10.2358420840001], [-0.521730944999945, 10.2345335430001], [-0.521935025999937, 10.2339792160001], [-0.522711776999927, 10.2365206860001], [-0.523195804999887, 10.238104364], [-0.523814311999899, 10.240128021], [-0.524123700999951, 10.2403444310002], [-0.524482461999867, 10.2404827670001], [-0.525119371999892, 10.240701439], [-0.526204255999971, 10.242820916], [-0.527404331999946, 10.245165404], [-0.528659369999957, 10.2476172270001], [-0.529063298999972, 10.2476666590001], [-0.529457871999966, 10.248058615], [-0.529885805999925, 10.248472669], [-0.53115899799991, 10.2511133580001], [-0.532478240999922, 10.2538495100002], [-0.532856579999873, 10.255000954], [-0.532861050999884, 10.2557478990001], [-0.532832786999961, 10.2560455320001], [-0.53266504599992, 10.2565717310001], [-0.531606649999901, 10.2615169060001], [-0.533317724999904, 10.2650757390001], [-0.533377747999907, 10.2652005780002], [-0.534302329999946, 10.2671235610001], [-0.535647449999942, 10.2657982220001], [-0.536974264999969, 10.2635101380001], [-0.537279742999829, 10.262983336], [-0.537469274999978, 10.262656484], [-0.537733530999958, 10.2622007690001], [-0.537891547999891, 10.2619282640002], [-0.53970386099985, 10.2618643630001], [-0.541127635999885, 10.2614487330002], [-0.540971536999848, 10.2600389630001], [-0.540685933999839, 10.2569945680002], [-0.540802079999935, 10.256550256], [-0.541749290999974, 10.2544092820001], [-0.542925404999949, 10.2517508730002], [-0.544035134999945, 10.2492424670001], [-0.54633759099994, 10.2484078350001], [-0.546674954999958, 10.24795077], [-0.546946810999884, 10.2466305120001], [-0.546719049999865, 10.245802437], [-0.546395457999893, 10.244893711], [-0.546192459999816, 10.2428372740001], [-0.545944615999929, 10.2422896910002], [-0.545681721999927, 10.2417088520002], [-0.545482098999912, 10.2412678040001], [-0.546235122999974, 10.24022993], [-0.546924597999976, 10.2383910180001], [-0.547094634999951, 10.2365460330001], [-0.546890106999967, 10.235567282], [-0.546071641999959, 10.2338655420001], [-0.544347659999858, 10.23298665], [-0.541573885999924, 10.232632715], [-0.5414188069999, 10.2318665200001], [-0.541297766999946, 10.2295251490001], [-0.541251523999904, 10.2286306230001], [-0.541205212999898, 10.2277347950001], [-0.541101209999908, 10.2257229550001], [-0.542184661999954, 10.223184175], [-0.542535087999966, 10.2223630340002], [-0.542922877999899, 10.221454337], [-0.543264312999838, 10.2206542530001], [-0.543766031999951, 10.2194785720001], [-0.543959265999945, 10.2190257610002], [-0.54426438299987, 10.2183107710002], [-0.544478264999896, 10.2178095730001], [-0.544562404999965, 10.2176124050001], [-0.544728014999976, 10.217224322], [-0.544891217999975, 10.216841878], [-0.54516285699998, 10.2162053270001], [-0.545457773999942, 10.2155142260002], [-0.545523540999966, 10.2153601070001], [-0.545589307999933, 10.2152059890001], [-0.546005719999926, 10.2142301700001], [-0.546373150999955, 10.2133691240001], [-0.546542835999958, 10.2129714820001], [-0.546686874999978, 10.2126339350002], [-0.547597277999955, 10.210500451], [-0.548996961999933, 10.209117807], [-0.549152994999815, 10.2089636720001], [-0.549307633999888, 10.2088109140001], [-0.549384257999918, 10.2087352240001], [-0.549506157999815, 10.208614806], [-0.549616912999909, 10.2085053980001], [-0.549772944999859, 10.2083512630002], [-0.550371995999967, 10.2077594960002], [-0.550536385999976, 10.207597104], [-0.550763465999921, 10.2073727820001], [-0.551174440999887, 10.206966801], [-0.551348581999946, 10.2067947740001], [-0.552729799999895, 10.2054303230001], [-0.553720556999906, 10.2034132900001], [-0.553855562999956, 10.2031384370002], [-0.553924417999895, 10.2029982570001], [-0.554007900999977, 10.2028282970001], [-0.554178287999946, 10.2024814110001], [-0.554230966999967, 10.2023741620001], [-0.55514209599994, 10.2005191990002], [-0.555083797999885, 10.2004254060001], [-0.555123071999958, 10.2001939350001], [-0.555318126999907, 10.1999847260001], [-0.555544365999879, 10.199833962], [-0.55570562999992, 10.1992882950001], [-0.557485827999869, 10.1977854240002], [-0.557390042999941, 10.197636457], [-0.558182859999874, 10.1967334790001], [-0.558413817999906, 10.196714498], [-0.558664119999946, 10.1967920110001], [-0.558897675999958, 10.1969080890001], [-0.559128554999972, 10.1969469880001], [-0.559301243999869, 10.196812165], [-0.559457341999916, 10.1966029], [-0.55966892999993, 10.196506716], [-0.562877582999931, 10.1944853220002], [-0.563110425999923, 10.194634326], [-0.563344034999886, 10.1947118140001], [-0.563458108999839, 10.1947119660001], [-0.563614175999874, 10.1945219930001], [-0.563422666999941, 10.1941772050001], [-0.563556685999913, 10.1938328520002], [-0.564251921999869, 10.194081843], [-0.564599992999888, 10.193872831], [-0.564541721999944, 10.193756991], [-0.564233249999916, 10.1934892230001], [-0.563808028999915, 10.193144124], [-0.563772015999973, 10.1930283140001], [-0.563911421999933, 10.192813512], [-0.565317688999869, 10.1919196020002], [-0.564989948999937, 10.1915002150002], [-0.564779119999969, 10.1910396400002], [-0.564952061999975, 10.1907146320001], [-0.565628697999841, 10.1903131180001], [-0.565937344999952, 10.1904485840001], [-0.566112008999937, 10.190906355], [-0.566361868999934, 10.1913091000001], [-0.566427153999825, 10.1903527650001], [-0.566750696999861, 10.1897605990001], [-0.56898158499996, 10.1890868870001], [-0.571779132999893, 10.1870109650002], [-0.572010212999828, 10.186895505], [-0.572474716999977, 10.1869925810001], [-0.572590204999926, 10.1869734380002], [-0.572705693999978, 10.1869542960002], [-0.572878423999896, 10.1867808770001], [-0.573093113999903, 10.1864366250001], [-0.573054465999974, 10.1862078050002], [-0.572804446999896, 10.1859208270002], [-0.572825950999913, 10.1856588820001], [-0.574678356999868, 10.1848124970002], [-0.574139217999857, 10.1843515000001], [-0.57578269399994, 10.1828624980002], [-0.575974817999963, 10.1827469850002], [-0.576208573999907, 10.1827087000001], [-0.576517699999897, 10.18248033], [-0.576671025999929, 10.1822490030002], [-0.576777231999813, 10.1818825580001], [-0.577077955999926, 10.181695521], [-0.577311685999973, 10.181676529], [-0.577773427999887, 10.1817543], [-0.578604952999967, 10.1820227290001], [-0.57881647499994, 10.18196512], [-0.578875001999904, 10.18188802], [-0.578894752999872, 10.181678569], [-0.578606221999962, 10.1810552830001], [-0.578973780999945, 10.180818718], [-0.578819058999898, 10.179994396], [-0.580757016999939, 10.1766673190002], [-0.580949186999931, 10.1765132150001], [-0.581199529999878, 10.1765521220001], [-0.581566550999867, 10.1767234800001], [-0.581800176999934, 10.1767816600001], [-0.581953315999897, 10.1766881430001], [-0.581992416999924, 10.1765724290001], [-0.581992713999966, 10.1763436600001], [-0.582051290999914, 10.1762279720002], [-0.582226765999962, 10.1760738450001], [-0.582844402999967, 10.1760746320001], [-0.583286763999979, 10.176075195], [-0.585143563999964, 10.1752175990001], [-0.585608500999967, 10.174970124], [-0.585839442999827, 10.174951122], [-0.585956267999961, 10.174970564], [-0.586187283999891, 10.1748936810001], [-0.58641835099985, 10.1747782090002], [-0.587523849999911, 10.1739167430001], [-0.587986260999969, 10.173556403], [-0.588217301999919, 10.1734602240001], [-0.588444123999864, 10.1734479270001], [-0.58856509199984, 10.1734413680002], [-0.588798715999872, 10.173499544], [-0.589029680999886, 10.173461246], [-0.589126760999932, 10.173284489], [-0.589194453999937, 10.173161239], [-0.589283810999973, 10.172977663], [-0.58941377799988, 10.173024669], [-0.589602562999971, 10.1732942530002], [-0.589865660999976, 10.1733171370001], [-0.589968897999881, 10.173376687], [-0.590144975999976, 10.1730151030001], [-0.590394277999906, 10.1723990350001], [-0.590886915999931, 10.172239788], [-0.591098724999938, 10.1719506440001], [-0.591310332999967, 10.171818608], [-0.59231299299995, 10.1695810780001], [-0.592320492999875, 10.1694259020001], [-0.592320903999905, 10.169102187], [-0.592339145999972, 10.1689768000001], [-0.594544170999939, 10.166596741], [-0.594747490999964, 10.1664150790001], [-0.594950811999979, 10.1662334160001], [-0.595076326999902, 10.1659772390001], [-0.595449507999945, 10.1656717540001], [-0.59541652199988, 10.165354742], [-0.59500162799992, 10.164562222], [-0.594703248999849, 10.1639922640001], [-0.59464562099987, 10.163361007], [-0.594762875999891, 10.163035912], [-0.595041271999946, 10.1628832830001], [-0.59543944099994, 10.1626150380002], [-0.59576607799994, 10.1617086280002], [-0.596656843999938, 10.161296285], [-0.599111946999926, 10.1602078110001], [-0.60199026399988, 10.1610740310002], [-0.602337734999935, 10.1613032230001], [-0.602916629999868, 10.161113743], [-0.603072296999869, 10.1612159130001], [-0.603091376999942, 10.161535664], [-0.603224655999952, 10.161745302], [-0.603204756999901, 10.1620898110002], [-0.603301845999965, 10.1623186990001], [-0.603274821999946, 10.1626483100001], [-0.603532306999909, 10.1626828060001], [-0.603649242999836, 10.1626085290001], [-0.603880223999852, 10.1625509260001], [-0.604113775999906, 10.1626642150001], [-0.604517309999892, 10.162551695], [-0.604809308999961, 10.162645761], [-0.605213031999881, 10.162378888], [-0.605407773999957, 10.1623791230001], [-0.605552321999824, 10.1624757660001], [-0.605720717999816, 10.162513191], [-0.606300486999885, 10.1626420420001], [-0.606587237999918, 10.1624770100001], [-0.60670132499996, 10.1624578530001], [-0.606946979999918, 10.1625739110001], [-0.607087886999977, 10.1625740800002], [-0.60747482599993, 10.1623816040001], [-0.607666785999868, 10.1623818340001], [-0.608067387999824, 10.162534617], [-0.608306489999961, 10.1625176560001], [-0.608915674999935, 10.1625845340001], [-0.609458998999855, 10.1624776870001], [-0.609512455999948, 10.1625576830002], [-0.609619369999962, 10.162717674], [-0.610047476999966, 10.1629882980002], [-0.610428212999921, 10.1633222600001], [-0.610648107999907, 10.1636769680001], [-0.610978340999964, 10.1639155130001], [-0.611275910999893, 10.1640068220001], [-0.611573478999901, 10.1640981330001], [-0.61230801399995, 10.164038364], [-0.612761045999946, 10.1637764810001], [-0.612957970999901, 10.163749723], [-0.613179179999975, 10.163719665], [-0.613821832999975, 10.1637204230001], [-0.614341967999906, 10.163811993], [-0.614845336999906, 10.1639641790002], [-0.615226441999937, 10.1639949460002], [-0.615723196999909, 10.1641290060001], [-0.616806141999973, 10.1644212630002], [-0.617943383999943, 10.1644225910001], [-0.618464243999938, 10.1643375620001], [-0.618578434999961, 10.164318591], [-0.61917152299992, 10.164151845], [-0.620105998999975, 10.164138451], [-0.62035975099991, 10.1641492200001], [-0.620807041999967, 10.164168203], [-0.620908903999975, 10.1641797660002], [-0.62134390499989, 10.1642442150001], [-0.621923023999955, 10.1645172210001], [-0.622635346999914, 10.1646292500001], [-0.622885586999928, 10.1646683840001], [-0.623019139999883, 10.1646756710001], [-0.623477406999939, 10.1647904700001], [-0.623562688999925, 10.1648150710001], [-0.624177982999925, 10.1649507350001], [-0.624480511999934, 10.1649817800001], [-0.624560130999839, 10.1649899500001], [-0.624639750999961, 10.1649981210001], [-0.624777409999979, 10.1650437570001], [-0.624915067999893, 10.1650893930002], [-0.625223700999925, 10.1652413420001], [-0.625621234999869, 10.1655008860001], [-0.626265848999935, 10.1662127420001], [-0.626757481999903, 10.1668968590002], [-0.626879378999888, 10.167340758], [-0.62683442499997, 10.1677210740001], [-0.626650400999949, 10.1680709120001], [-0.626249247999965, 10.1685279970001], [-0.625463759999889, 10.169331933], [-0.62523234799994, 10.1697588910002], [-0.625139917999945, 10.1702907470001], [-0.625062441999944, 10.1705416270001], [-0.625031004999812, 10.1706434260001], [-0.624785361999898, 10.1713432400001], [-0.624539968999954, 10.1718280640001], [-0.624383599999874, 10.172315745], [-0.624369315999957, 10.1726354570002], [-0.624521994999952, 10.1729250410002], [-0.624997208999957, 10.1733803710002], [-0.625241715999834, 10.1736562790001], [-0.625672307999935, 10.174205271], [-0.626055890999965, 10.1745089], [-0.626639734999969, 10.174859613], [-0.627992088999918, 10.1746627000001], [-0.630973937999897, 10.1752007910002], [-0.631988571999955, 10.1759461290002], [-0.632161434999944, 10.1761922570001], [-0.633251634999908, 10.1781132930001], [-0.633239648999961, 10.1782798680001], [-0.632897707999916, 10.1819669400002], [-0.633118747999902, 10.1827140620002], [-0.633209821999912, 10.1828559740002], [-0.633440911999912, 10.1832160650001], [-0.633636065999895, 10.1837466790001], [-0.63367100399995, 10.1838416750001], [-0.63545275599995, 10.1847480470001], [-0.63611291199993, 10.1847487820001], [-0.636878294999974, 10.1844988110001], [-0.637432012999852, 10.184452569], [-0.637635763999924, 10.18498985], [-0.637592377999965, 10.1853430250002], [-0.639709540999888, 10.185455614], [-0.639969755999857, 10.1853001220001], [-0.640193573999966, 10.1855250550001], [-0.640401655999881, 10.1860489760001], [-0.640810431999967, 10.1862533780001], [-0.641002024999977, 10.1862497740001], [-0.641439228999957, 10.1862347860002], [-0.641828574999977, 10.1863868080001], [-0.642106333999891, 10.186806066], [-0.642037951999896, 10.1870003100001], [-0.641969569999958, 10.1871945520002], [-0.641668703999926, 10.1875360010001], [-0.641396718999886, 10.1883827730002], [-0.641414368999904, 10.188563815], [-0.641828265999891, 10.1891568690001], [-0.64259, 10.1897062020001], [-0.643510451999873, 10.1901426990001], [-0.644347011999912, 10.1902282890001], [-0.645412873999931, 10.1898887090001], [-0.64641616699987, 10.1892307690002], [-0.647213224999916, 10.1885492190001], [-0.648861096999951, 10.18481213], [-0.648997172999941, 10.1840140900001], [-0.65001932999985, 10.1814867230001], [-0.65031175099989, 10.1811976520001], [-0.652749503999871, 10.180662737], [-0.65297379999987, 10.1808478340001], [-0.653070100999855, 10.180972329], [-0.653317425999887, 10.1813004080001], [-0.653631716999939, 10.1816243820001], [-0.653482156999928, 10.1822712330001], [-0.653230476999966, 10.1833889470001], [-0.653203078999923, 10.1834891330001], [-0.653099883999914, 10.1838581880002], [-0.652850661999878, 10.1850401310002], [-0.653954510999938, 10.1881776620002], [-0.653799433999893, 10.1884387930002], [-0.653617226999927, 10.18866523], [-0.651846643999875, 10.1899142060001], [-0.651754013999948, 10.1904795790001], [-0.651901251999959, 10.1910881270002], [-0.652044838999927, 10.1916815820002], [-0.653036715999917, 10.1924745870002], [-0.65405390899997, 10.1927801420001], [-0.657856270999901, 10.1919610040002], [-0.659893742999827, 10.1890521230001], [-0.659777229999975, 10.1886411720001], [-0.659607878999964, 10.188382048], [-0.65954692899993, 10.1881366750001], [-0.659669669999914, 10.1878336120001], [-0.660686142999907, 10.1873276810001], [-0.662411958999883, 10.1861716570002], [-0.662687648999963, 10.1859376570002], [-0.662835431999952, 10.1856291060001], [-0.662874464999959, 10.1855519700001], [-0.663305048999973, 10.1834958170001], [-0.6635446599999, 10.1832098160002], [-0.663773238999909, 10.1826209960001], [-0.663879430999827, 10.182347442], [-0.664672907999943, 10.1813794370001], [-0.665450603999886, 10.1804306770002], [-0.665618881999933, 10.1803475360001], [-0.666731263999964, 10.179618878], [-0.667332719999933, 10.179519296], [-0.667713443999958, 10.1795592390002], [-0.668144727999959, 10.1795183320001], [-0.6685952549999, 10.179670322], [-0.668792569999823, 10.1799186500002], [-0.668861204999814, 10.1800076660001], [-0.669473877999962, 10.1802418250002], [-0.669668034999972, 10.1803350870001], [-0.670152401999871, 10.1805677510001], [-0.671170432999929, 10.1808223540002], [-0.671370700999887, 10.1808721690001], [-0.671523151999963, 10.1809687770001], [-0.67244672399994, 10.1815540500001], [-0.672783113999969, 10.1818079660002], [-0.673483904999955, 10.1821940350001], [-0.67357004299987, 10.182241489], [-0.674234811999895, 10.1824240660002], [-0.675252333999879, 10.1825253490001], [-0.676034884999979, 10.1824534160001], [-0.676423505999878, 10.1824121700001], [-0.677381424999908, 10.1821803350002], [-0.677836131999868, 10.181937098], [-0.678609429999938, 10.1815234370002], [-0.678739076999875, 10.1814540850001], [-0.679171950999944, 10.1811952760001], [-0.679415856999924, 10.1810395710001], [-0.679575396999894, 10.1809381860002], [-0.679954178999878, 10.1805361380001], [-0.680274147999967, 10.18052267], [-0.680488336999929, 10.180564223], [-0.680875869999966, 10.1806523740001], [-0.681072469999947, 10.180697095], [-0.681400591999932, 10.1808793290002], [-0.681633986999884, 10.1811937740001], [-0.681870272999959, 10.18139797], [-0.682114706999869, 10.1818033810001], [-0.682247681999968, 10.1823823320001], [-0.682246775999943, 10.1832974200001], [-0.682185187999949, 10.1836804850001], [-0.681928656999844, 10.1842507870001], [-0.681813868999939, 10.184972824], [-0.681855058999872, 10.185521367], [-0.681957409999825, 10.1861195810001], [-0.681940002999966, 10.1866406880002], [-0.681937338999944, 10.1867204330001], [-0.682027253999934, 10.1886388980001], [-0.68219933499995, 10.1890635350002], [-0.682454906999965, 10.1894662010001], [-0.682808012999942, 10.1896923680001], [-0.682885889999909, 10.189742249], [-0.683141860999967, 10.1897424960001], [-0.683551068999975, 10.18952928], [-0.683715393999876, 10.1893571710002], [-0.684147427999903, 10.1885665330001], [-0.684300854999833, 10.1881587500002], [-0.684485072999962, 10.1875608120001], [-0.685251253999866, 10.185811587], [-0.685339023999916, 10.1849348890001], [-0.685511968999947, 10.1844802680001], [-0.685901961999946, 10.1839927780001], [-0.686291795999978, 10.183665154], [-0.686670535999951, 10.1833016860001], [-0.686969088999888, 10.1830963580002], [-0.687433647999967, 10.182776858], [-0.688949996999895, 10.1821652170001], [-0.689203505999956, 10.1821354330002], [-0.689459498999952, 10.1821053570002], [-0.68995188599996, 10.182177488], [-0.690555405999874, 10.182409588], [-0.69123100999991, 10.182909115], [-0.691898026999922, 10.183659456], [-0.692634590999944, 10.1844236420001], [-0.692798400999948, 10.184782114], [-0.692836876999934, 10.1850722270001], [-0.692848122999976, 10.1851570160002], [-0.69278670999995, 10.185369193], [-0.692354796999894, 10.1860606170001], [-0.692212493999932, 10.1864849530002], [-0.692212007999899, 10.1869921100001], [-0.692077882999911, 10.1875928560001], [-0.692147061999947, 10.1879870710001], [-0.692238776999886, 10.188343902], [-0.692700152999976, 10.1885967310001], [-0.693007594999926, 10.1885970210001], [-0.693315037999866, 10.1885973090002], [-0.693971715999908, 10.188537286], [-0.694223560999887, 10.188486529], [-0.694475405999924, 10.188435774], [-0.695141045999947, 10.1877280280001], [-0.695541503999948, 10.186792573], [-0.695623449999971, 10.186601153], [-0.6957575859999, 10.185981111], [-0.696053213999846, 10.1852344300002], [-0.696319649999964, 10.1842116010002], [-0.69657786099998, 10.183559089], [-0.696960063999938, 10.1824624380001], [-0.697266750999972, 10.181781917], [-0.69759554299992, 10.1812640380001], [-0.697921471999962, 10.1808288440001], [-0.698261265999918, 10.1804432760001], [-0.698572761999969, 10.180239322], [-0.698681638999972, 10.1801680330001], [-0.699380307999888, 10.1798131140001], [-0.70020966199985, 10.1795410010001], [-0.700627149999946, 10.179373249], [-0.701180896999915, 10.179280041], [-0.701765423999973, 10.1789966750002], [-0.702895300999842, 10.1786724600001], [-0.70384700999989, 10.1784610880002], [-0.704658096999935, 10.178238074], [-0.705853616999832, 10.1777655530001], [-0.706766425999945, 10.1774934990001], [-0.707257712999933, 10.17739893], [-0.707350789999964, 10.1773810130001], [-0.708160600999918, 10.1771695010002], [-0.708814460999918, 10.1771204700001], [-0.709223425999937, 10.1771401280001], [-0.709519101999888, 10.1772496520001], [-0.71024924999989, 10.1773499900001], [-0.710341665999977, 10.1773643790001], [-0.710591073999922, 10.1774925220001], [-0.710739335999961, 10.1775686970001], [-0.710913981999909, 10.1778154630001], [-0.710975522999945, 10.1779024180001], [-0.711363752999944, 10.1793250110002], [-0.711619099999893, 10.180011554], [-0.711618817999977, 10.1803257720001], [-0.711732559999973, 10.18069246], [-0.711854331999916, 10.1814119620001], [-0.711842632999947, 10.1820486560002], [-0.71177145799993, 10.1823021730001], [-0.711700282999971, 10.1825556890001], [-0.711443878999887, 10.1830433280001], [-0.711318367999979, 10.1833877550001], [-0.710928419999959, 10.1838697630001], [-0.71079753499987, 10.1840019500002], [-0.710719482999821, 10.18416588], [-0.711058691999824, 10.1844183810001], [-0.71151924399993, 10.184185256], [-0.711634880999952, 10.184126722], [-0.712138537999977, 10.1840499890001], [-0.712369548999902, 10.1839564780001], [-0.712603430999934, 10.183763743], [-0.712893075999887, 10.1834387540001], [-0.713124119999918, 10.183306654], [-0.71372245799995, 10.1831335310001], [-0.714187364999873, 10.1828279890001], [-0.714343373999895, 10.1825993520001], [-0.714393586999961, 10.182450556], [-0.71478910299993, 10.181957523], [-0.714922726999873, 10.1818721940002], [-0.715476910999882, 10.1812855850002], [-0.715947723999932, 10.1805886500002], [-0.716178816999957, 10.180398665], [-0.716412642999956, 10.1802638100001], [-0.717033252999954, 10.1800658930002], [-0.717436936999889, 10.1797685610001], [-0.717746047999867, 10.179443585], [-0.717977123999901, 10.1792701370001], [-0.718242695999948, 10.178920648], [-0.718604580999965, 10.1782688830002], [-0.718757671999924, 10.1779284300002], [-0.718834730999902, 10.17717164], [-0.718618153999842, 10.1765895090001], [-0.71829886099988, 10.1763585260001], [-0.717957100999854, 10.1761112880001], [-0.717155138999942, 10.1758835390002], [-0.716811656999937, 10.175542657], [-0.715895035999949, 10.1753904920001], [-0.715513021999868, 10.175428004], [-0.71524526699983, 10.1758440410001], [-0.714557431999935, 10.1761461840001], [-0.71375510199988, 10.1763346980001], [-0.713029675999906, 10.1759556350001], [-0.712343023999949, 10.1749332780001], [-0.712688970999977, 10.172511645], [-0.712842200999944, 10.172019823], [-0.713492133999978, 10.1713770650002], [-0.713912239999956, 10.1714531180002], [-0.714141121999944, 10.1717939020001], [-0.714804423999965, 10.1721381860002], [-0.715248618999908, 10.1720597660001], [-0.715354292999962, 10.1713889700002], [-0.71521169499988, 10.170621709], [-0.714563009999949, 10.1698642880001], [-0.713799835999964, 10.1689932390001], [-0.713266119999957, 10.1678196460001], [-0.713114478999898, 10.1665328590001], [-0.712801512999874, 10.1654319900001], [-0.712619472999904, 10.164791656], [-0.711970669999971, 10.164185603], [-0.711512478999964, 10.163995986], [-0.711283604999949, 10.1636552000001], [-0.711609383999928, 10.1629279950001], [-0.711954104999904, 10.1632149540001], [-0.712137841999947, 10.1630800560001], [-0.712460426999883, 10.1632319360001], [-0.712568859999976, 10.1633078300001], [-0.712677291999967, 10.1633837230001], [-0.712843986999928, 10.1636429610001], [-0.713183086999891, 10.1639933090001], [-0.713552872999969, 10.1642527240002], [-0.714011808999828, 10.1643744020001], [-0.714488146999884, 10.164444626], [-0.715271928999925, 10.1645601710001], [-0.715616760999922, 10.1647272270001], [-0.715961591999928, 10.1648942820001], [-0.716179972999896, 10.1650881350001], [-0.716409157999919, 10.1652915770001], [-0.716762068999913, 10.1657632110002], [-0.717067829999905, 10.166069424], [-0.71742100199998, 10.1662461320001], [-0.71782704199984, 10.166413238], [-0.718233081999927, 10.1665803440002], [-0.718395701999896, 10.1667334590002], [-0.718558320999932, 10.1668865730001], [-0.719094775999906, 10.1674493190001], [-0.719256024999936, 10.1675790040001], [-0.719417274999955, 10.1677086880001], [-0.719953996999948, 10.1679682400001], [-0.720062399999961, 10.168082719], [-0.720170802999974, 10.168197198], [-0.720451701999934, 10.1684141570001], [-0.720860305999906, 10.168729752], [-0.721214498999814, 10.1688375500001], [-0.721584837999899, 10.1688257890001], [-0.722165887999836, 10.1689028070001], [-0.722367175999977, 10.1689294870001], [-0.722934676999955, 10.1689906060001], [-0.723396378999951, 10.1691425920001], [-0.723841530999835, 10.1691291860001], [-0.724072525999929, 10.1690384230001], [-0.724303520999968, 10.168947659], [-0.724565307999967, 10.1686350390001], [-0.72482709499991, 10.1683224180001], [-0.725211208999895, 10.1681105060001], [-0.725472727999886, 10.168110724], [-0.725825952999969, 10.1682322980001], [-0.726725274999978, 10.1686020810001], [-0.726974568999879, 10.1687045850002], [-0.727120586999888, 10.1687408080001], [-0.72787769699994, 10.168928629], [-0.728390373999957, 10.169055812], [-0.728750542999933, 10.1691939260001], [-0.729110711999965, 10.169332039], [-0.729324303999874, 10.1694645180001], [-0.730061728999885, 10.1698951110001], [-0.730954423999947, 10.1703368540001], [-0.731499610999947, 10.1704723590001], [-0.731875121999906, 10.1705663820001], [-0.73255110599996, 10.1706578930002], [-0.73284324399998, 10.1706429710002], [-0.733135380999897, 10.1706280490002], [-0.73342764399996, 10.1704615300002], [-0.733719906999966, 10.1702950120001], [-0.734195916999909, 10.1699756680001], [-0.734780453999974, 10.1696260900001], [-0.735349849999977, 10.1690780450002], [-0.735919247999959, 10.16853], [-0.736315742999977, 10.1683718310002], [-0.736712237999939, 10.1682136630001], [-0.73685725799993, 10.167998787], [-0.73718060799996, 10.16723555], [-0.737058742999977, 10.1665656700001], [-0.736844757999961, 10.166276086], [-0.736444497999969, 10.165831999], [-0.736046869999939, 10.1655725860001], [-0.735654888999932, 10.1652139500001], [-0.735262907999925, 10.1648553140001], [-0.734899072999895, 10.1644242670001], [-0.734631989999912, 10.1641078450002], [-0.734265042999937, 10.1637574970001], [-0.734017573999893, 10.1635919170001], [-0.733586440999943, 10.1634840710001], [-0.733172024999931, 10.163345919], [-0.732743800999913, 10.1630864780001], [-0.73243506599988, 10.162995268], [-0.73216677299996, 10.1627814340001], [-0.731898480999973, 10.162567602], [-0.731667897999898, 10.1621732610001], [-0.731637409999962, 10.1620354210001], [-0.731776855999954, 10.1616248450001], [-0.73216145299989, 10.160817561], [-0.732515215999854, 10.1602858830001], [-0.732807534999949, 10.16004081], [-0.73311500199992, 10.1599804210001], [-0.733422467999958, 10.159920033], [-0.733928736999928, 10.1599976200002], [-0.734543355999961, 10.160257211], [-0.734916727999973, 10.1604787670001], [-0.735310828999957, 10.1607126230001], [-0.735595801999921, 10.1609416260001], [-0.735880774999941, 10.1611706290001], [-0.736233809999931, 10.1615209640001], [-0.736447590999944, 10.162055861], [-0.736817332999919, 10.1623896710001], [-0.737092408999956, 10.1628171190001], [-0.737445520999927, 10.1630764950001], [-0.737751069999888, 10.1632132610001], [-0.738399501999822, 10.163410771], [-0.738971930999924, 10.163521723], [-0.739470435999976, 10.1636183460001], [-0.739918141999965, 10.1638777950001], [-0.740424282999925, 10.1641235080001], [-0.741008214999908, 10.16450434], [-0.741397390999964, 10.1649385280001], [-0.741500204999966, 10.1650532340001], [-0.741958944999965, 10.165433966], [-0.74222034099995, 10.1655857690001], [-0.742357384999934, 10.1657029670002], [-0.742956082999967, 10.1662149650001], [-0.743326861999947, 10.166532051], [-0.743727351999951, 10.1667004990001], [-0.744180599999936, 10.166997156], [-0.744633848999968, 10.1672938130002], [-0.744956550999916, 10.1673243840001], [-0.745366510999929, 10.1671970150002], [-0.746307520999892, 10.166904658], [-0.746556685999906, 10.166793657], [-0.746697683999855, 10.1666306810002], [-0.747052352999958, 10.1662207280001], [-0.747317727999928, 10.1660064600001], [-0.747753780999915, 10.1656543860001], [-0.747976596999877, 10.1654744810001], [-0.74809942599984, 10.1649426070001], [-0.748099784999965, 10.16448506], [-0.748054058999969, 10.164256251], [-0.748008333999849, 10.1640274420002], [-0.747733383999901, 10.1634180870001], [-0.747302771999898, 10.162640476], [-0.747211416999903, 10.1620643360001], [-0.747264478999853, 10.161805284], [-0.747317541999962, 10.161546232], [-0.747603019999872, 10.161142652], [-0.747888497999952, 10.1607390730001], [-0.748333866999872, 10.1604334650001], [-0.748610798999948, 10.1602820790002], [-0.748887731999957, 10.160130694], [-0.749458337999897, 10.1597645420001], [-0.749747908999893, 10.1595237340001], [-0.75007975099993, 10.1593219230001], [-0.752890270999842, 10.1604199300001], [-0.753329888999872, 10.1604878910001], [-0.753845923999961, 10.1605258500002], [-0.754541349999954, 10.1606421370001], [-0.755209549999961, 10.1606426360001], [-0.756171889999848, 10.1603098400001], [-0.756647105999889, 10.1602793210001], [-0.757020458999875, 10.1602553430001], [-0.757902281999918, 10.160374517], [-0.758133134999923, 10.1604518640001], [-0.758597493999901, 10.1607774510001], [-0.759022819999927, 10.1612187740001], [-0.759487137999884, 10.1616022420001], [-0.759717962999957, 10.1617181770001], [-0.759950209999829, 10.161794145], [-0.760182455999939, 10.161870114], [-0.760413338999967, 10.1619088710001], [-0.760761097999932, 10.1619091250001], [-0.760934948999932, 10.16194784], [-0.761108799999931, 10.1619865540001], [-0.76123008199994, 10.162026065], [-0.761456474999932, 10.1620998170001], [-0.761573250999902, 10.1621963730001], [-0.761804077999898, 10.162312306], [-0.762218186999974, 10.1628804060001], [-0.762267976999908, 10.1632690820001], [-0.762343461999933, 10.16371187], [-0.762512137999977, 10.1641678180001], [-0.762645559999896, 10.1643277800002], [-0.762778982999919, 10.1644877430002], [-0.763346443999978, 10.1649261640001], [-0.763752259999819, 10.1651086160001], [-0.763869100999955, 10.1651183470001], [-0.763985942999966, 10.165128079], [-0.764269861999935, 10.164929828], [-0.76455378199995, 10.1647315780002], [-0.764748739999845, 10.1644423050001], [-0.765045267999938, 10.16412003], [-0.765341796999962, 10.1637977530001], [-0.765709375999904, 10.163211185], [-0.765837572999942, 10.1630066110002], [-0.766054838999821, 10.162659906], [-0.766107856999952, 10.162442539], [-0.766270175999978, 10.161122037], [-0.766323149999891, 10.1609649640001], [-0.766334579999977, 10.160548769], [-0.76634600999995, 10.1601325730001], [-0.766424059999906, 10.1599231490001], [-0.766460393999978, 10.1596916440001], [-0.766616439999837, 10.1593472160002], [-0.766914389999954, 10.1589725700001], [-0.76731246199995, 10.1586420950002], [-0.76847312599989, 10.1578766610001], [-0.769052050999903, 10.1575132360001], [-0.769493179999927, 10.157266856], [-0.769934308999893, 10.1570204750001], [-0.770193570999936, 10.156825178], [-0.77099605799998, 10.156220681], [-0.77135510099987, 10.1559502200001], [-0.771579368999937, 10.1557812830001], [-0.772446281999919, 10.1553367400002], [-0.773313194999957, 10.1548921960002], [-0.773569258999942, 10.154724237], [-0.77382532199988, 10.1545562790002], [-0.774083371999836, 10.1543099520001], [-0.774774621999939, 10.1536501030001], [-0.775005581999949, 10.1535730850002], [-0.775470162999909, 10.153592697], [-0.775701015999914, 10.1536700320001], [-0.775912366999819, 10.1537859420001], [-0.776240457999961, 10.1540535290001], [-0.776415591999978, 10.1542438340002], [-0.776464197999928, 10.1543596320001], [-0.776512801999957, 10.1544754300002], [-0.7766153849999, 10.1549826620002], [-0.776993335999975, 10.1555645020002], [-0.777187957999956, 10.1557382830001], [-0.777321335999943, 10.1559671480001], [-0.777688258999945, 10.1564084070001], [-0.777765957999975, 10.1564637890001], [-0.778172093999899, 10.1567532740002], [-0.77837517599994, 10.1567630590001], [-0.77880387599987, 10.1567385790001], [-0.779414236999912, 10.1567037250001], [-0.779735647999871, 10.1566771510002], [-0.77996944299997, 10.156525711], [-0.780114218999927, 10.1563631850001], [-0.78025899599993, 10.1562006590001], [-0.78059591199991, 10.1557736550002], [-0.780626588999951, 10.1556634230001], [-0.780791797999939, 10.1554630570001], [-0.780974678999883, 10.1551675190001], [-0.780965078999884, 10.1549663010002], [-0.780955478999886, 10.1547650840001], [-0.78083879199994, 10.1545334750001], [-0.780666697999891, 10.1539600470001], [-0.780501908999952, 10.1538622490001], [-0.780527769999935, 10.1537063720001], [-0.780085492999945, 10.1536151170001], [-0.78002716199984, 10.1534827750002], [-0.779991153999958, 10.1532512200001], [-0.779978629999903, 10.1528786290001], [-0.779952300999867, 10.1520953390001], [-0.779933895999932, 10.151547778], [-0.779889469999887, 10.1514209570001], [-0.779834113999925, 10.1510060940001], [-0.779778757999964, 10.150591231], [-0.779794327999923, 10.1493198950001], [-0.779799382999897, 10.1489071350001], [-0.779858032999869, 10.148572282], [-0.779916682999954, 10.148237428], [-0.780078415999981, 10.1476807600002], [-0.780303652999976, 10.1461718270001], [-0.780335529999945, 10.1459582340001], [-0.780387150999957, 10.1457294930001], [-0.780438772999958, 10.145500753], [-0.780614334999939, 10.14505986], [-0.780672911999886, 10.144831125], [-0.780826151999975, 10.1444866870001], [-0.780982083999959, 10.1442745550002], [-0.781096297999909, 10.1440458560002], [-0.781160410999973, 10.1438557130001], [-0.781224523999867, 10.1436655700001], [-0.781697866999878, 10.143051225], [-0.781812080999885, 10.1428197710001], [-0.782285459999912, 10.1421475420001], [-0.7825998859999, 10.142044389], [-0.782914310999956, 10.141941235], [-0.783378939999977, 10.1418643640001], [-0.783609837999961, 10.141864517], [-0.783783687999971, 10.1418935720001], [-0.783957537999868, 10.1419226290001], [-0.784191164999925, 10.1419999590001], [-0.784383015999822, 10.1421516820001], [-0.784480239999937, 10.1423639820001], [-0.78451903399997, 10.1425927830001], [-0.784691129999828, 10.14316621], [-0.785077201999968, 10.144087074], [-0.785424509999928, 10.1447377930001], [-0.785635821999904, 10.1449088220002], [-0.786316914999873, 10.1456341780001], [-0.786494879999964, 10.145752816], [-0.78675326299998, 10.146262903], [-0.786677980999968, 10.1465191920001], [-0.786572115999945, 10.1467478970002], [-0.786466249999876, 10.146976604], [-0.786274154999887, 10.147188715], [-0.786040370999899, 10.1473401600001], [-0.785692510999979, 10.147513582], [-0.78557705399993, 10.1475231530002], [-0.78546159699988, 10.1475327250001], [-0.785230642999977, 10.1476097510001], [-0.784988507999913, 10.1477667020002], [-0.784735134999892, 10.1480890250001], [-0.784481760999824, 10.1484113490001], [-0.78443071099997, 10.1486995230002], [-0.784379660999889, 10.1489876970001], [-0.784338121999838, 10.1492223010001], [-0.7842862789999, 10.1495247730001], [-0.784686550999879, 10.1500211740002], [-0.784895849999884, 10.1502179600001], [-0.785111926999889, 10.1504211180001], [-0.785459479999872, 10.1507107590001], [-0.785807075999969, 10.1509397610001], [-0.786215801999958, 10.1512804320001], [-0.786624527999834, 10.1516211030001], [-0.786927632999948, 10.1518197560001], [-0.787278296999943, 10.151907637], [-0.787853882999855, 10.1520518870001], [-0.788549380999939, 10.1520523350001], [-0.788780349999968, 10.1519560130001], [-0.789128260999973, 10.1517081680001], [-0.789323151999895, 10.1514767630001], [-0.789554180999914, 10.1512867240001], [-0.789811592999911, 10.151032018], [-0.790069002999815, 10.1507773110001], [-0.790211152999916, 10.1506366540002], [-0.790965390999929, 10.150139618], [-0.791719628999942, 10.1496425830001], [-0.791836497999952, 10.149604069], [-0.792221964999953, 10.1493493530001], [-0.792607431999954, 10.1490946370002], [-0.792812144999857, 10.148722664], [-0.79301685899992, 10.14835069], [-0.793043803999922, 10.148066058], [-0.793112091999888, 10.1473446930002], [-0.793051463999916, 10.1462904010002], [-0.793035056999827, 10.1460050720001], [-0.793054602999916, 10.1458920750001], [-0.793122834999963, 10.1457763520002], [-0.793191066999952, 10.1456606300002], [-0.793363618999933, 10.1455477300001], [-0.793652965999968, 10.1455093230002], [-0.793850757999905, 10.14552162], [-0.794100839999885, 10.1455371680001], [-0.794646996999973, 10.145647049], [-0.795193153999946, 10.1457569320002], [-0.79548884999997, 10.145816423], [-0.795719666999901, 10.14594887], [-0.796860242999969, 10.146998984], [-0.797232084999962, 10.147521545], [-0.797646382999972, 10.1478119590001], [-0.797949385999914, 10.1481801140001], [-0.798171526999909, 10.1488417680001], [-0.798249362999968, 10.148938287], [-0.798385462999931, 10.1492829110001], [-0.79840479399985, 10.1495116980001], [-0.798346299999878, 10.1496274260001], [-0.79815158699995, 10.1495887180001], [-0.798076508999941, 10.1495307900001], [-0.797959809999895, 10.1493019440002], [-0.797823577999964, 10.1491668], [-0.797709234999957, 10.149617388], [-0.79770897599991, 10.1500294570001], [-0.797756166999932, 10.150192109], [-0.797803358999829, 10.1503547610002], [-0.79820910799998, 10.151024797], [-0.798442363999925, 10.151714021], [-0.798442135999835, 10.1520778550001], [-0.798441908999905, 10.1524416890002], [-0.798566777999952, 10.1534296160001], [-0.798594164999884, 10.153646295], [-0.798671918999901, 10.1538751170001], [-0.798671845999934, 10.1539908820002], [-0.798730195999951, 10.1541066840002], [-0.79885494399997, 10.154536402], [-0.798883398999919, 10.1546342680001], [-0.798979873999826, 10.155234172], [-0.799077098999874, 10.1554657620002], [-0.799143802999879, 10.1555705430001], [-0.799534843999936, 10.156013202], [-0.799801277999848, 10.1562750030001], [-0.800178138999854, 10.156500055], [-0.800292178999939, 10.156538713], [-0.800537530999918, 10.156538069], [-0.800756731999854, 10.1566147930001], [-0.800987592999945, 10.156690733], [-0.801104456999951, 10.156661862], [-0.801221319999911, 10.1566329920001], [-0.801375787999916, 10.1565283450001], [-0.801481019999926, 10.1563875710002], [-0.801649345999977, 10.1561660550001], [-0.801739627999893, 10.1560677920001], [-0.801953429999912, 10.1559250600002], [-0.802187190999973, 10.1558121920001], [-0.802765982999915, 10.1556003040001], [-0.802881446999947, 10.1555824570002], [-0.80337163799993, 10.155529003], [-0.803476832999934, 10.1555290660001], [-0.80385116399998, 10.1552867340001], [-0.804040370999928, 10.155237233], [-0.804736153999954, 10.1547800980001], [-0.805167648999941, 10.1543145370001], [-0.805251561999967, 10.153965977], [-0.805366467999875, 10.1534886750001], [-0.805468861999827, 10.1530633460002], [-0.805836524999961, 10.1523358950001], [-0.806104188999882, 10.1513520460002], [-0.806250739999939, 10.1511120910001], [-0.806652779999979, 10.1504538080001], [-0.806701532999853, 10.15033945], [-0.806750286999886, 10.1502250910001], [-0.806939916999966, 10.1494644580001], [-0.807080718999941, 10.1489422170002], [-0.807221520999974, 10.1484199770001], [-0.807310665999978, 10.148216062], [-0.807349749999844, 10.147987309], [-0.807522437999921, 10.1476428710001], [-0.807678353999961, 10.1474307250002], [-0.807973597999933, 10.1468327760002], [-0.808065455999895, 10.1467418710002], [-0.808365106999929, 10.1457470130001], [-0.808413848999976, 10.1456505710001], [-0.808703783999874, 10.1446171180002], [-0.808840221999958, 10.1444077170001], [-0.809032514999899, 10.1438345130002], [-0.809091003999924, 10.1437187820001], [-0.809177304999878, 10.1436140920001], [-0.809263606999934, 10.1435094020002], [-0.809439071999975, 10.1431649630002], [-0.809583861999954, 10.1429445410001], [-0.809728651999933, 10.1427241190001], [-0.809845695999854, 10.142379647], [-0.809979306999878, 10.1422446640001], [-0.810018353999908, 10.1420737940001], [-0.810096315999886, 10.1419580740001], [-0.81017427699993, 10.1418423530002], [-0.810338464999859, 10.141748733], [-0.810981667999954, 10.1407568270001], [-0.811322546999918, 10.1404194720001], [-0.811651099999949, 10.1400943150001], [-0.812011563999931, 10.139737578], [-0.812203680999914, 10.1394510300001], [-0.812395797999898, 10.1391644810001], [-0.812597849999918, 10.1386700350001], [-0.812812738999924, 10.1381441730001], [-0.813036540999974, 10.1375964980002], [-0.813092377999965, 10.1372519890002], [-0.813430272999881, 10.1362771770001], [-0.813596736999955, 10.1357969360001], [-0.813788872999964, 10.135471798], [-0.813866896999969, 10.1352430680001], [-0.813983834999931, 10.135069485], [-0.814061703999812, 10.1351081180001], [-0.814031185999966, 10.1349647710001], [-0.814466954999943, 10.1342511290002], [-0.814902723999921, 10.133537486], [-0.815512550999927, 10.1324794000001], [-0.815806834999876, 10.1320210970001], [-0.815994595999939, 10.131728689], [-0.816381250999882, 10.13112653], [-0.816517744999885, 10.130801359], [-0.81667106999987, 10.130228129], [-0.81678802499988, 10.1300187130001], [-0.816999274999944, 10.129508002], [-0.817213930999969, 10.1289890560001], [-0.817283864999979, 10.128819987], [-0.817309017999889, 10.1286967080001], [-0.817426130999934, 10.1281227150001], [-0.817529583999942, 10.1278559140001], [-0.817571076999911, 10.1276046060001], [-0.817531592999956, 10.12732895], [-0.817492107999954, 10.1270532960002], [-0.817413137999893, 10.126501986], [-0.817442667999956, 10.126243597], [-0.817457430999923, 10.1261144020001], [-0.817472195999926, 10.1259852080001], [-0.817537455999968, 10.1258673780001], [-0.81774202999992, 10.1254980090002], [-0.81782549299993, 10.1253473140001], [-0.818037004999837, 10.125173783], [-0.818301298999927, 10.125127071], [-0.818572413999902, 10.1253187850001], [-0.818810152999959, 10.1254994550001], [-0.819001966999906, 10.1257283360001], [-0.819349558999818, 10.125960059], [-0.819466371999965, 10.1259987120001], [-0.820161814999949, 10.1259990930001], [-0.820509505999951, 10.126054409], [-0.820740412999953, 10.1260187030001], [-0.820974177999858, 10.125845182], [-0.821283122999944, 10.1255393970001], [-0.821514085999922, 10.1254044620002], [-0.821710341999903, 10.1251482300001], [-0.821906596999895, 10.124891998], [-0.821947971999975, 10.1246573300002], [-0.822018120999815, 10.1241685000001], [-0.822095893999915, 10.1236265360001], [-0.822171154999864, 10.1231020780001], [-0.822152478999897, 10.1229185990001], [-0.822211011999968, 10.1227063930001], [-0.822115283999949, 10.122266708], [-0.82201955599993, 10.121827021], [-0.821941794999873, 10.1215954470001], [-0.821873699999855, 10.1214906700002], [-0.821805605999884, 10.121385892], [-0.821708371999932, 10.1211570640001], [-0.821497113999953, 10.120878561], [-0.821285855999975, 10.1206000570001], [-0.821052264999935, 10.120467626], [-0.820473718999835, 10.1203708400001], [-0.820242910999923, 10.1202356540001], [-0.820067789999825, 10.1200067820001], [-0.820009436999953, 10.1198923630002], [-0.819951084999957, 10.1197779440002], [-0.819934523999962, 10.1195464030001], [-0.820048828999916, 10.1190889150001], [-0.820224183999869, 10.1188960670002], [-0.820906001999901, 10.118358954], [-0.821077123999942, 10.1182736010002], [-0.821248244999879, 10.1181882480001], [-0.822174721999886, 10.1178827970002], [-0.822425096999893, 10.1178443440001], [-0.82265874899997, 10.1178637640001], [-0.823139866999895, 10.1180762600001], [-0.823430503999873, 10.11817151], [-0.823721139999918, 10.1182667590001], [-0.824802594999881, 10.1183873600001], [-0.825111909999976, 10.1184218550002], [-0.825901843999873, 10.1185545770002], [-0.826135506999947, 10.1185547010002], [-0.826850272999934, 10.1188059040001], [-0.827292411999849, 10.119092794], [-0.827506512999889, 10.119263799], [-0.82800694499997, 10.1197822510001], [-0.82818207199989, 10.1200111180001], [-0.828336370999978, 10.1201738220001], [-0.82849067099994, 10.1203365260001], [-0.828721451999968, 10.1205295890001], [-0.829049512999916, 10.1208743010001], [-0.829146853999873, 10.1209101840001], [-0.829377646999887, 10.121083953], [-0.829725271999962, 10.1212564030001], [-0.830072897999969, 10.1214288530001], [-0.830306523999923, 10.1215061510001], [-0.830537327999934, 10.121657869], [-0.831627253999955, 10.1221471600001], [-0.831947358999969, 10.122253959], [-0.832642705999945, 10.1224252060001], [-0.833221257999924, 10.1225219710001], [-0.833802643999888, 10.1225222650002], [-0.834130948999814, 10.122406665], [-0.834365513999956, 10.1222985770002], [-0.835630986999945, 10.1217154500001], [-0.835792038999955, 10.121641238], [-0.836024333999887, 10.1216041430001], [-0.836256626999898, 10.1215670480001], [-0.836506964999955, 10.1216030050001], [-0.836951964999969, 10.1217575800001], [-0.837030871999957, 10.1218075780001], [-0.83742743199997, 10.1221771220001], [-0.837666525999964, 10.1224470160001], [-0.838077916999964, 10.1230591250002], [-0.838461226999812, 10.1242031900001], [-0.838484291999919, 10.12509622], [-0.83849397399996, 10.1254711190001], [-0.838435450999896, 10.1256833280002], [-0.838435384999968, 10.125815631], [-0.838321177999944, 10.1261215280002], [-0.838184755999919, 10.1263529920001], [-0.837992716999963, 10.1265430850002], [-0.837664389999873, 10.1266972770001], [-0.83725811599993, 10.126964441], [-0.83713937999994, 10.127103705], [-0.836851733999936, 10.127441085], [-0.83671531899995, 10.1276532550002], [-0.836628965999978, 10.127884744], [-0.836473070999887, 10.128113441], [-0.836396453999953, 10.1283435570001], [-0.836319838999884, 10.1285736720002], [-0.836300025999947, 10.12924345], [-0.836319381999942, 10.1294736140001], [-0.836338737999938, 10.129703777], [-0.83632879399994, 10.130114465], [-0.836318848999895, 10.1305251530001], [-0.836377607999964, 10.1309624020001], [-0.836393675999886, 10.1310819690001], [-0.836490923999918, 10.1313107930001], [-0.836674397999957, 10.1315603310001], [-0.836857871999939, 10.131809871], [-0.83708867699994, 10.131980878], [-0.837183243999959, 10.1320112440001], [-0.837842610999871, 10.1318654850002], [-0.838131910999891, 10.1318849220001], [-0.83836553499998, 10.1319815080001], [-0.838713235999876, 10.1320395610002], [-0.838828685999943, 10.1320299710001], [-0.838944136999885, 10.1320203810002], [-0.839253902999928, 10.131968903], [-0.839612999999872, 10.131909229], [-0.839837176999879, 10.131871975], [-0.84003914699997, 10.131905348], [-0.840991540999823, 10.1320627220001], [-0.841427495999937, 10.1320629320001], [-0.842368723999925, 10.1320633840001], [-0.842801820999966, 10.132051878], [-0.842891551999912, 10.1320167780001], [-0.843011193999928, 10.1319699770001], [-0.843347787999903, 10.1319839200001], [-0.843879144999903, 10.131926289], [-0.844410501999903, 10.1318686580001], [-0.844644174999871, 10.1318687690001], [-0.844875102999879, 10.1317944570001], [-0.845218686999885, 10.1317339790001], [-0.845562271999825, 10.1316735020002], [-0.846020045999865, 10.131341574], [-0.846477807999975, 10.1310096540001], [-0.846711526999968, 10.1309132920002], [-0.847522498999922, 10.1307606920001], [-0.848333470999876, 10.1306080910001], [-0.84891212499997, 10.130531181], [-0.849144441999897, 10.1304554880001], [-0.849376758999938, 10.1303797960001], [-0.849607711999965, 10.130244841], [-0.850066802999947, 10.130049351], [-0.850525891999894, 10.1298538600001], [-0.850614950999898, 10.129765698], [-0.851076836999937, 10.1295371320002], [-0.851232617999926, 10.1295372020002], [-0.851638866999963, 10.1293086110002], [-0.851957444999869, 10.129175072], [-0.852276022999945, 10.1290415330001], [-0.852555659999894, 10.128896951], [-0.852835296999956, 10.1287523690002], [-0.853308639999852, 10.1285561920002], [-0.853433496999969, 10.1285045660002], [-0.853781255999877, 10.128427544], [-0.854373911999971, 10.128135636], [-0.854599150999945, 10.1279400350001], [-0.854913801999942, 10.1276424910001], [-0.855300711999917, 10.127105176], [-0.855386988999953, 10.1270101210001], [-0.855473266999979, 10.126915065], [-0.855560970999932, 10.1267428330002], [-0.855648673999951, 10.1265706010001], [-0.855782404999957, 10.1261103520001], [-0.855879860999949, 10.1259009130001], [-0.855909119999978, 10.1257865380002], [-0.856036125999935, 10.124809473], [-0.855899998999917, 10.1244069900001], [-0.855630406999921, 10.1238721430001], [-0.855563734999919, 10.123670901], [-0.854974322999908, 10.1229567510001], [-0.854560232999916, 10.1220883230001], [-0.85431223899991, 10.1217588150001], [-0.854153881999878, 10.121548407], [-0.853831853999964, 10.1211205280001], [-0.853482425999914, 10.1210042760001], [-0.853350685999942, 10.120960446], [-0.853051653999898, 10.1209506660001], [-0.852752621999855, 10.120940885], [-0.852637170999969, 10.1209601280001], [-0.852521719999913, 10.1209793700002], [-0.852424368999948, 10.1209600320001], [-0.852251874999979, 10.1210178380001], [-0.85209611099998, 10.120988826], [-0.851940346999868, 10.120959815], [-0.851562073999844, 10.120865929], [-0.851260071999889, 10.1206917180002], [-0.850777833999871, 10.1204135360001], [-0.849971355999855, 10.1194852780001], [-0.849721342999942, 10.1191975130001], [-0.849143119999894, 10.1183951550001], [-0.848916586999962, 10.1179834810001], [-0.848795700999915, 10.1177637950001], [-0.848756865999974, 10.117532246], [-0.84865960299993, 10.1173227190002], [-0.848620766999943, 10.1170939260002], [-0.848630556999922, 10.1169781650001], [-0.848640346999957, 10.1168624030001], [-0.848737813999946, 10.1166336720001], [-0.848793259999979, 10.1162315370001], [-0.848848705999956, 10.115829402], [-0.848899700999937, 10.1154595480001], [-0.848974946999931, 10.115157764], [-0.849050193999915, 10.1148559800001], [-0.849100475999933, 10.114775208], [-0.849249249999957, 10.1144991250001], [-0.849655620999954, 10.114157526], [-0.850148001999969, 10.1139165720002], [-0.850380307999956, 10.1138395], [-0.850497173999941, 10.1137623750001], [-0.850650187999975, 10.1137128310001], [-0.851644927999928, 10.1135396790002], [-0.852119027999834, 10.1134571540002], [-0.85258362899998, 10.113322302], [-0.852814567999928, 10.113190101], [-0.853326236999976, 10.113105158], [-0.853510035999818, 10.113074645], [-0.854088707999892, 10.1128847150002], [-0.854263952999929, 10.1128847930001], [-0.854755514999908, 10.1127312790001], [-0.855365645999939, 10.112540736], [-0.855596575999868, 10.1124250720001], [-0.855779889999951, 10.1123038000001], [-0.856175331999964, 10.112042194], [-0.856523174999893, 10.1117363920001], [-0.85679515399994, 10.1114445080001], [-0.857067133999976, 10.1111526220001], [-0.857218917999887, 10.1109897280001], [-0.857605727999953, 10.1106260590001], [-0.85799253599987, 10.1102623900002], [-0.85816787199991, 10.110052984], [-0.858301490999963, 10.109824265], [-0.858634060999918, 10.10944679], [-0.85896663099993, 10.109069314], [-0.859036260999915, 10.1088653750001], [-0.85915177399994, 10.108693154], [-0.859267286999909, 10.108520933], [-0.859384313999954, 10.1080634300001], [-0.85954166099998, 10.1076362650001], [-0.859699006999961, 10.1072091000001], [-0.859539684999902, 10.106923385], [-0.859544055999891, 10.1067824850001], [-0.859475523999947, 10.1066983000001], [-0.859346804999916, 10.1065756790001], [-0.859149499999944, 10.1064917890002], [-0.858982588999822, 10.106492147], [-0.858670244999928, 10.106491583], [-0.858225005999941, 10.1066268820001], [-0.857993598999883, 10.1066030340001], [-0.857763299999931, 10.1065302120001], [-0.857685452999874, 10.1064447320001], [-0.857607605999931, 10.1063592510001], [-0.857524421999869, 10.1057583350001], [-0.85763218999989, 10.1053134050001], [-0.857764074999977, 10.1047689130001], [-0.857897631999947, 10.1046752550002], [-0.857783645999916, 10.104540145], [-0.85781295399994, 10.1043100040001], [-0.857842261999963, 10.104079862], [-0.857917464999957, 10.103851119], [-0.858396856999946, 10.103249066], [-0.858440704999907, 10.1031622600001], [-0.858671642999923, 10.1030080040002], [-0.859068067999942, 10.1028937860002], [-0.859464492999905, 10.102779567], [-0.860312934999854, 10.1026393550001], [-0.860808322999958, 10.102400131], [-0.861144129999957, 10.1022379690002], [-0.861801385999968, 10.1019205770002], [-0.86189878599987, 10.1018144990001], [-0.861996186999932, 10.1017084210002], [-0.862324517999923, 10.101460488], [-0.862680393999881, 10.1012369930001], [-0.863328928999977, 10.1008297050001], [-0.863696248999929, 10.1004660190001], [-0.863878484999816, 10.1003599760001], [-0.863966140999935, 10.1002731870001], [-0.864197040999954, 10.1001988620001], [-0.864372351999975, 10.1000252840001], [-0.865763558999902, 10.0989922260001], [-0.86657320799992, 10.0984578260001], [-0.866787482999882, 10.098226379], [-0.866902943999946, 10.0981602740002], [-0.867018404999897, 10.0980941690001], [-0.867466390999937, 10.097708461], [-0.867842250999956, 10.0968431220001], [-0.868326529999877, 10.0961211550001], [-0.868468557999904, 10.0957022470001], [-0.868468791999931, 10.095126173], [-0.868371624999952, 10.0946685820001], [-0.868314646999977, 10.09456244], [-0.868257668999945, 10.0944562980001], [-0.86804357099993, 10.0942660250001], [-0.866769971999872, 10.0934606620002], [-0.866422402999888, 10.0931738620001], [-0.866244433999896, 10.0930580240001], [-0.865591020999943, 10.09248444], [-0.864467636999962, 10.0916736160001], [-0.864375862999907, 10.0916405030001], [-0.864097789999903, 10.0914584700001], [-0.862779467999928, 10.0909153600001], [-0.86263776699991, 10.0908569830001], [-0.861065612999937, 10.0898688670001], [-0.860914055999956, 10.089747204], [-0.86033816399987, 10.0892849050001], [-0.86006847699997, 10.0890174260001], [-0.859798790999946, 10.0887499460001], [-0.85927615099996, 10.0881185220001], [-0.859142740999914, 10.087886933], [-0.858853630999874, 10.0875174600001], [-0.858467316999906, 10.086814428], [-0.858158977999892, 10.0858964340001], [-0.857945009999924, 10.0854360330001], [-0.857925639999962, 10.0852072490002], [-0.85808160199997, 10.0847470070001], [-0.858159513999908, 10.0846726200001], [-0.858159572999853, 10.084537559], [-0.858273710999867, 10.0843088310001], [-0.858641092999903, 10.0837715020002], [-0.858767675999957, 10.0837054050001], [-0.858894258999953, 10.0836393070001], [-0.859433861999946, 10.0836202420001], [-0.859645281999917, 10.0835431540001], [-0.859742664999828, 10.0834660190002], [-0.859898514999941, 10.0832566030001], [-0.859993182999972, 10.0830251100001], [-0.86016851099987, 10.0827964080001], [-0.861462167999889, 10.0820858180001], [-0.861725379999939, 10.0819818510001], [-0.862661152999976, 10.0816122270001], [-0.862833656999953, 10.0814772390001], [-0.863067325999907, 10.0814001580001], [-0.86376281999992, 10.081055903], [-0.86491185999995, 10.0802763300001], [-0.865860391999945, 10.079799359], [-0.866138704999969, 10.0796594090002], [-0.867506035999952, 10.0789061080001], [-0.867838510999889, 10.0787229370001], [-0.868010978999962, 10.0786651230001], [-0.868174567999915, 10.0785304290002], [-0.868522922999944, 10.0782436060002], [-0.868906943999946, 10.077769668], [-0.869243703999928, 10.0772350710001], [-0.86937325699995, 10.0768991780001], [-0.869675263999909, 10.0761161650001], [-0.869685852999964, 10.0756491200001], [-0.86971207299996, 10.0744926950001], [-0.869765230999974, 10.0737126700001], [-0.869829225999865, 10.0736520560001], [-0.869809906999933, 10.0732785630001], [-0.869790586999954, 10.0729050720001], [-0.869671297999957, 10.0725797840001], [-0.869589768999958, 10.0723574620001], [-0.869404405999887, 10.071851996], [-0.869237627999951, 10.0716038590002], [-0.868044978999933, 10.070288609], [-0.867705864999948, 10.069784063], [-0.867612733999977, 10.0695829680002], [-0.867280702999949, 10.06886603], [-0.867226205999941, 10.0685311250001], [-0.867205795999951, 10.068405691], [-0.867206076999878, 10.067716605], [-0.867263998999874, 10.0672441440001], [-0.867446275999953, 10.0657572990001], [-0.867501352999966, 10.0653080230001], [-0.867498620999925, 10.0651895000001], [-0.867491529999882, 10.0648846320001], [-0.86747726699997, 10.0642712840001], [-0.867516258999956, 10.0641362380002], [-0.867535867999891, 10.0637917030002], [-0.867594312999927, 10.0636980100002], [-0.867611195999928, 10.0632184130002], [-0.867594647999965, 10.0628738630001], [-0.867630951999956, 10.0625100410002], [-0.86753775699998, 10.0624663470001], [-0.867269808999936, 10.062340725], [-0.867037754999899, 10.0621142670001], [-0.866785664999838, 10.0620559810001], [-0.866599519999966, 10.0620866630001], [-0.866073962999906, 10.0621877780001], [-0.865872681999974, 10.062213893], [-0.865623043999904, 10.062164689], [-0.865456279999876, 10.0618986330001], [-0.865368688999922, 10.0618558740001], [-0.865015372999892, 10.061890956], [-0.864618538999935, 10.0619132880001], [-0.863934925999956, 10.0619517600001], [-0.863770855999974, 10.061896565], [-0.86369301499991, 10.0618193560001], [-0.863634680999894, 10.0616470600001], [-0.863576347999924, 10.0614747650001], [-0.863454278999882, 10.0607470390001], [-0.863423846999922, 10.0603638950001], [-0.863424288999965, 10.0593109710002], [-0.863699126999961, 10.058202644], [-0.863789242999871, 10.0578392330001], [-0.86401746699994, 10.0574424130001], [-0.864120622999963, 10.0568415720001], [-0.864234794999959, 10.0564970760001], [-0.864351699999872, 10.0562683480001], [-0.86468270599994, 10.055741676], [-0.865038855999899, 10.0555655880001], [-0.865395005999972, 10.0553894980001], [-0.865954116999944, 10.0551581930001], [-0.866222514999947, 10.055122469], [-0.866463073999967, 10.0551515080002], [-0.866668862999916, 10.05519707], [-0.867549054999927, 10.0553159460001], [-0.867809102999956, 10.0552939990001], [-0.868041346999973, 10.0552555030002], [-0.868273590999934, 10.0552170060001], [-0.869343383999876, 10.0550058810001], [-0.869521921999933, 10.0549504800001], [-0.869903938999926, 10.054884101], [-0.870726772999944, 10.0547411250001], [-0.870821332999981, 10.0547411620001], [-0.871054920999939, 10.0548156740001], [-0.871346929999959, 10.0548529990001], [-0.871638937999933, 10.0548903230002], [-0.872445294999977, 10.0553537], [-0.872676102999947, 10.0554309670001], [-0.873140454999941, 10.0556985100001], [-0.873371217999932, 10.0558887870002], [-0.873507479999887, 10.055927427], [-0.874052451999887, 10.056288717], [-0.874561234999874, 10.056738194], [-0.874892091999811, 10.0570084420002], [-0.875523244999897, 10.057468989], [-0.87581253299993, 10.057786865], [-0.876193232999924, 10.0582051850001], [-0.876585157999898, 10.05879519], [-0.877077296999971, 10.059148185], [-0.877221837999912, 10.0593659900002], [-0.877499273999945, 10.0596144570001], [-0.877966950999962, 10.0600333010001], [-0.878197755999963, 10.0601298580002], [-0.878429994999976, 10.0601106490001], [-0.878662231999897, 10.0600914410001], [-0.87931859899993, 10.06009168], [-0.879983369999877, 10.0599265410001], [-0.88051733199984, 10.0600149370001], [-0.880979012999944, 10.0600151030002], [-0.881212648999906, 10.0599765980001], [-0.881506379999962, 10.059822381], [-0.881810723999934, 10.0596625890001], [-0.882052821999878, 10.0592960810002], [-0.882041068999968, 10.0586943790001], [-0.88203370899987, 10.058317571], [-0.881811386999971, 10.0578378880001], [-0.881716939999876, 10.0575263870001], [-0.881406128999913, 10.0556519590001], [-0.881484127999897, 10.0553074440001], [-0.881603859999927, 10.0550289350001], [-0.881715160999931, 10.0547700390001], [-0.881909939999957, 10.0545027430001], [-0.882121495999968, 10.0539873810001], [-0.882332980999877, 10.0536622070001], [-0.882552969999949, 10.05289602], [-0.882614488999877, 10.0519699090001], [-0.882508940999969, 10.0515950090002], [-0.882509023999944, 10.0513634760001], [-0.882460457999855, 10.0510767970001], [-0.882411890999833, 10.0507901200001], [-0.882322991999956, 10.0505227230001], [-0.881911605999903, 10.0499106670001], [-0.881600231999926, 10.0496018450001], [-0.881455732999939, 10.0492765440001], [-0.881311231999973, 10.048951244], [-0.881350250999901, 10.0487224800001], [-0.88140869699987, 10.0486067340001], [-0.881639577999977, 10.0484745120002], [-0.881987238999955, 10.0484167530001], [-0.882682516999921, 10.048417], [-0.883030114999826, 10.048531511], [-0.883377713999892, 10.0486460230001], [-0.883669661999875, 10.0488390700002], [-0.884306435999918, 10.0491259520001], [-0.88461506799996, 10.0493341650002], [-0.884923697999909, 10.049542376], [-0.885735616999966, 10.050025018], [-0.885888497999872, 10.050256604], [-0.886225142999933, 10.050887924], [-0.887122806999969, 10.0517399430001], [-0.887742892999938, 10.0520543770002], [-0.888101617999951, 10.0521785340001], [-0.888454861999946, 10.0520683990001], [-0.888724711999885, 10.0518383350001], [-0.888994560999947, 10.0516082700001], [-0.889401527999951, 10.0511140830002], [-0.889634487999956, 10.0508311940001], [-0.889943375999849, 10.050293808], [-0.890156302999969, 10.0497867110001], [-0.890369230999909, 10.0492796130001], [-0.890561133999881, 10.0486063270001], [-0.890608660999931, 10.0484395840001], [-0.890652336999949, 10.0482863460001], [-0.890715549999868, 10.0480645650001], [-0.890901050999958, 10.0474137400001], [-0.890955451999901, 10.046744366], [-0.890984827999944, 10.046382893], [-0.891068605999976, 10.0453520450002], [-0.891010362999907, 10.0448765550001], [-0.890952118999905, 10.0444010660001], [-0.890835391999929, 10.0441694940001], [-0.890777064999895, 10.043940698], [-0.890718688999868, 10.0438635010001], [-0.890565883999841, 10.0434031400001], [-0.89041025999984, 10.0430585450001], [-0.890229393999959, 10.0425201700001], [-0.890101870999899, 10.0421405780001], [-0.890024156999971, 10.041680242], [-0.889929671999937, 10.0414707280001], [-0.889871346999939, 10.041241932], [-0.889393319999897, 10.0403156380001], [-0.888829051999949, 10.0394802760001], [-0.888442637999844, 10.0390391290001], [-0.888209102999951, 10.038829569], [-0.887997791999965, 10.0386944360001], [-0.887159640999926, 10.037808143], [-0.886863546999905, 10.0374950380001], [-0.886605060999955, 10.0370663370001], [-0.886346574999948, 10.0366376360001], [-0.886143771999969, 10.0360339260001], [-0.886110504999976, 10.0357320940001], [-0.886077238999974, 10.035430262], [-0.886124565999978, 10.0352869480001], [-0.886516870999912, 10.0347578630001], [-0.887017565999884, 10.0344272720002], [-0.887596025999869, 10.0343888790001], [-0.888160592999952, 10.0343201610001], [-0.888725157999943, 10.0342514430001], [-0.889061417999869, 10.0341404740001], [-0.889451078999969, 10.0340118820001], [-0.889663827999811, 10.0340036840001], [-0.889876575999892, 10.033995485], [-0.890249173999905, 10.0341609900001], [-0.890824776999921, 10.0343458560002], [-0.891147288999889, 10.0345995450001], [-0.891262661999917, 10.0347139720001], [-0.891378034999889, 10.034828399], [-0.891622411999947, 10.0353611440001], [-0.891665659999887, 10.0354555630001], [-0.891812277999918, 10.035697481], [-0.891958895999892, 10.035939398], [-0.892067389999909, 10.0359793790001], [-0.892202204999933, 10.0360290580002], [-0.892350983999904, 10.0360415100001], [-0.892648504999954, 10.036187693], [-0.892890457999954, 10.0361712330001], [-0.893335480999951, 10.0359867010001], [-0.893839040999922, 10.035377709], [-0.89432927099989, 10.034726322], [-0.894399175999922, 10.0346334370001], [-0.894656248999979, 10.034291851], [-0.894971394999914, 10.033873101], [-0.895288636999965, 10.0332227020002], [-0.895363888999896, 10.0327072880002], [-0.895628242999919, 10.0322084720001], [-0.895715293999842, 10.0319323680001], [-0.89599577499996, 10.0310427700001], [-0.896093134999944, 10.030733969], [-0.896265883999945, 10.02970039], [-0.896342584999957, 10.0289934100002], [-0.896419285999912, 10.028286429], [-0.896508447999906, 10.027743455], [-0.896528066999963, 10.0272638550001], [-0.896453325999971, 10.0261778290002], [-0.896491611999863, 10.025653074], [-0.896502175999956, 10.025508301], [-0.896528738999905, 10.0251442200002], [-0.896620748999965, 10.0243890070001], [-0.896671345999891, 10.0226828400001], [-0.896649657999944, 10.0224252950002], [-0.896618797999906, 10.0220588370001], [-0.896585459999812, 10.0216629620001], [-0.896514662999891, 10.0212991010001], [-0.89644386599997, 10.0209352410002], [-0.896327142999951, 10.0207036700001], [-0.896133955999915, 10.020436244], [-0.895940770999914, 10.0201688160001], [-0.895826778999833, 10.020091603], [-0.895498740999869, 10.01976625], [-0.895415404999881, 10.019482319], [-0.895508605999964, 10.0193528000001], [-0.895601805999945, 10.0192232810001], [-0.896291471999973, 10.019187663], [-0.89669463599995, 10.019383491], [-0.897389804999932, 10.0195380620002], [-0.897980630999939, 10.019702726], [-0.899525263999976, 10.0201332130001], [-0.899756122999975, 10.0201975530001], [-0.900089927999943, 10.020376684], [-0.901179700999876, 10.0209614900001], [-0.901771880999945, 10.0214522960001], [-0.902197223999963, 10.0218934390001], [-0.902333430999931, 10.0220836670002], [-0.902525255999933, 10.0222766690001], [-0.902680916999941, 10.0225054920002], [-0.902892207999912, 10.0226984980001], [-0.903145166999877, 10.0230431160001], [-0.903239695999957, 10.0231175650001], [-0.903726162999817, 10.0237626940001], [-0.903948441999887, 10.0244215270001], [-0.904051290999973, 10.0245731570001], [-0.904340448999903, 10.0247661840002], [-0.904571220999912, 10.0249178500001], [-0.904938256999912, 10.0250723120001], [-0.905383203999975, 10.0250724380001], [-0.905730845999926, 10.024976065], [-0.905961667999975, 10.0249568360001], [-0.906656962999932, 10.024728254], [-0.906890559999965, 10.0247283200001], [-0.907605319999959, 10.0244969860001], [-0.907693459999962, 10.0244757620001], [-0.907914022999933, 10.0244226500001], [-0.908144859999936, 10.0243455360002], [-0.908261658999834, 10.0243455680002], [-0.908723332999841, 10.02419134], [-0.909187803999885, 10.0239806050001], [-0.909652274999871, 10.0237698720002], [-0.909883109999953, 10.023695512], [-0.910113967999962, 10.0235412190002], [-0.910539567999933, 10.0230975600001], [-0.910728283999902, 10.0226014670002], [-0.910792811999897, 10.0224305900002], [-0.910945818999949, 10.0222211490002], [-0.911023745999842, 10.0219923920002], [-0.91131310999998, 10.0214356860001], [-0.911428609999916, 10.021091172], [-0.911544109999909, 10.0207466580001], [-0.91150520899987, 10.0206336370001], [-0.911578406999979, 10.0203091820002], [-0.911691750999864, 10.0198067810001], [-0.911719766999965, 10.0190432770002], [-0.911806732999878, 10.0180909780001], [-0.911892691999981, 10.0171497060001], [-0.911990082999921, 10.0169181980001], [-0.912029076999886, 10.0166894300002], [-0.912087495999913, 10.0166122680002], [-0.912115538999956, 10.0164860790001], [-0.91224062699996, 10.0159232190001], [-0.912196170999948, 10.0157853900001], [-0.912240811999823, 10.0152341300002], [-0.912251472999969, 10.0140650200001], [-0.912256670999966, 10.0134949340002], [-0.912260868999965, 10.0130345620001], [-0.912108089999947, 10.0124198550001], [-0.911914936999949, 10.0119994600001], [-0.911721783999951, 10.0115790640001], [-0.911507708999977, 10.0114053560001], [-0.910929380999846, 10.01111854], [-0.910813987999973, 10.0110799210001], [-0.910695716999953, 10.0110668110001], [-0.91046500799996, 10.0110412380002], [-0.910291189999953, 10.0111087220001], [-0.910117370999899, 10.0111762050001], [-0.909847583999976, 10.011355296], [-0.909525301999849, 10.0116213550001], [-0.909230104999949, 10.0118650540001], [-0.908978873999843, 10.0120238320001], [-0.908665354999926, 10.0122219780002], [-0.908561251999913, 10.0122877720001], [-0.908457148999844, 10.0123535650001], [-0.908222458999944, 10.012501889], [-0.907989241999928, 10.0126492830001], [-0.907839453999884, 10.0127439490001], [-0.907520983999916, 10.012990029], [-0.9071440969999, 10.0132812460001], [-0.906892403999962, 10.0133859170001], [-0.90664070999992, 10.0134905870001], [-0.906409906999897, 10.0134712280001], [-0.90633205499995, 10.013432618], [-0.90623753999995, 10.01331958], [-0.906120806999979, 10.0131073070002], [-0.906081940999968, 10.012878519], [-0.906140365999818, 10.0127820630001], [-0.906418525999925, 10.012506505], [-0.906851107999898, 10.0119250360001], [-0.907283687999893, 10.0113435660002], [-0.907609133999927, 10.0110211620001], [-0.907839959999933, 10.0109468050001], [-0.908613139999943, 10.0105252960001], [-0.909608752999929, 10.0102058300001], [-0.909791697999935, 10.0101276680001], [-0.909974643999874, 10.0100495050001], [-0.910080847999893, 10.0100040540001], [-0.910489223999946, 10.0099236100001], [-0.910929729999964, 10.0098368340002], [-0.911702855999977, 10.0095889680001], [-0.912099133999902, 10.0095298110001], [-0.912495411999942, 10.009470655], [-0.913905213999954, 10.009683261], [-0.914366814999937, 10.0097219700001], [-0.914947998999878, 10.009722119], [-0.915526368999963, 10.0098573280001], [-0.915757149999877, 10.0099538590002], [-0.916209765999952, 10.010276075], [-0.916318766999893, 10.0103536730001], [-0.916452184999912, 10.010585241], [-0.916721843999937, 10.010891264], [-0.916799648999813, 10.011120061], [-0.916799590999972, 10.0113488380001], [-0.916735826999968, 10.0114411640001], [-0.916672062999908, 10.0115334890002], [-0.916559273999894, 10.0116967980001], [-0.916173155999843, 10.012255867], [-0.916607318999979, 10.0129006190001], [-0.916838067999947, 10.013129455], [-0.917282921999913, 10.0134355220001], [-0.917683328999829, 10.0135569010001], [-0.917955854999889, 10.0135349170002], [-0.918228380999892, 10.0135129330001], [-0.918575997999881, 10.0134551350001], [-0.91915445099994, 10.0132843820002], [-0.91944648499998, 10.0130915080002], [-0.919735829999922, 10.012518256], [-0.919831838999869, 10.0122316180001], [-0.919927846999826, 10.0119449790001], [-0.920591072999969, 10.010660477], [-0.920690977999925, 10.0104669860001], [-0.920857071999876, 10.0101453000001], [-0.92089329199996, 10.009858648], [-0.921247986999958, 10.0092606020001], [-0.921360639999875, 10.0091283240002], [-0.921435803999884, 10.008786553], [-0.921455323999908, 10.00855778], [-0.921533241999953, 10.0083262640001], [-0.921557720999942, 10.0076103480002], [-0.921572447999893, 10.0071796280001], [-0.921745024999893, 10.006471284], [-0.921745129999977, 10.0060302670001], [-0.921745235999936, 10.005589249], [-0.92180390599998, 10.0044426180001], [-0.921796389999884, 10.004128732], [-0.921784632999959, 10.0036377560001], [-0.921745757999872, 10.0034089700002], [-0.921676291999972, 10.0031898230001], [-0.92157382299996, 10.0025305120001], [-0.921540233999906, 10.002364261], [-0.921379040999966, 10.0019921140002], [-0.921338196999898, 10.0015062240001], [-0.921295856999961, 10.001002562], [-0.921460059999959, 10.0004154960001], [-0.921500403999971, 10.0003217890001], [-0.921540745999948, 10.0002280820001], [-0.92191611599992, 10.000335669], [-0.922334567999826, 10.000523199], [-0.922753020999892, 10.0007107280001], [-0.923047737999923, 10.000870665], [-0.923425852999969, 10.0011381200001], [-0.924287818999971, 10.0013781210001], [-0.924489393999863, 10.0014980680002], [-0.924690967999936, 10.0016180150001], [-0.924988455999937, 10.0018330780002], [-0.925205332999951, 10.001913062], [-0.925636235999889, 10.002392765], [-0.926132179999968, 10.0026960750001], [-0.926225663999901, 10.00277603], [-0.926456382999959, 10.0031399200001], [-0.926553690999867, 10.0032171200001], [-0.926612060999901, 10.0033315220002], [-0.926682705999951, 10.0034379150002], [-0.927209717999972, 10.0042316050001], [-0.927423788999931, 10.0044438910001], [-0.927609074999964, 10.0047955300001], [-0.927682080999944, 10.0049340820001], [-0.928121684999837, 10.0057132960001], [-0.928263239999978, 10.0059642050001], [-0.928427252999882, 10.006202666], [-0.928521783999884, 10.0062660820001], [-0.92951699199989, 10.00767755], [-0.929589281999938, 10.0077258020002], [-0.929661570999883, 10.007774054], [-0.929739407999932, 10.0078898370001], [-0.930069208999953, 10.0084276340001], [-0.930278689999966, 10.0087692290001], [-0.930348188999915, 10.0088684730001], [-0.931012549999934, 10.0100317940002], [-0.93155469199985, 10.0105693970002], [-0.932249795999894, 10.011027095], [-0.932480581999869, 10.011123614], [-0.932726654999897, 10.011264238], [-0.932972726999935, 10.0114048620001], [-0.933628960999954, 10.0115786440001], [-0.934090565999952, 10.0116442220001], [-0.935144456999922, 10.011793939], [-0.93577339299992, 10.011738037], [-0.936252002999936, 10.011695495], [-0.936846340999978, 10.0116426670001], [-0.937777934999872, 10.011510537], [-0.938227383999958, 10.0113018580001], [-0.93862059199995, 10.0111192910002], [-0.93927972299997, 10.010683907], [-0.939741419999962, 10.0102264350002], [-0.940147521999904, 10.00965043], [-0.940244890999963, 10.009421669], [-0.940244932999974, 10.009192892], [-0.94040637899991, 10.0083108850001], [-0.940284178999946, 10.0074701740001], [-0.940303686999869, 10.0072386430001], [-0.940196706999927, 10.0067989850001], [-0.940089728999851, 10.0063593260001], [-0.939966329999947, 10.005992156], [-0.939742322999962, 10.0053256280002], [-0.939472688999956, 10.004790845], [-0.938969584999882, 10.003660646], [-0.93883614899994, 10.0034483810002], [-0.939145165999946, 10.0015382800001], [-0.939818257999946, 10.000683931], [-0.940263241999901, 10.000296742], [-0.940708226999959, 9.99990955300007], [-0.941139317999898, 9.99945483000005], [-0.941517521999856, 9.99929502800012], [-0.941892925999923, 9.999239966], [-0.94212235699996, 9.99910632300009], [-0.942351788999872, 9.99897267900019], [-0.942730019999885, 9.99865300600015], [-0.942891360999909, 9.99830573200018], [-0.942972056999963, 9.997986008], [-0.942958201999943, 9.99770623500007], [-0.94294434699998, 9.99742646200008], [-0.942702506999922, 9.996971621], [-0.942380032999893, 9.99648920199996], [-0.942135408999889, 9.99606468000019], [-0.941679501999943, 9.99536724100011], [-0.941354192999938, 9.99520731500007], [-0.94100668699997, 9.99478001700004], [-0.940467329999933, 9.99427275099998], [-0.940225470999962, 9.99395296900019], [-0.939900237999893, 9.99339061300003], [-0.939766791999944, 9.99325828399998], [-0.939658429999952, 9.99280346400019], [-0.939524997999911, 9.99259120000005], [-0.939416646999916, 9.99208400999999], [-0.939430638999852, 9.99160302700005], [-0.939444630999958, 9.99112204400018], [-0.939956394999911, 9.99042202100009], [-0.940144128999975, 9.99019603300019], [-0.94033186199988, 9.98997004500012], [-0.940790713999945, 9.98970276000017], [-0.941274564999901, 9.98956778399997], [-0.941975280999884, 9.98956790700009], [-0.943159763999915, 9.98991541200013], [-0.944455451999943, 9.99039799400009], [-0.94491144299991, 9.99058550199999], [-0.945425805999946, 9.99090532500009], [-0.946043047999922, 9.99125272700007], [-0.946365558999958, 9.99151739000018], [-0.946608841999932, 9.99165249100008], [-0.946852125999897, 9.99178759200015], [-0.947499962999927, 9.99210743200018], [-0.947903129999929, 9.99226736500015], [-0.948442544999978, 9.99245488100001], [-0.950191525999969, 9.99274732200018], [-0.950839415999951, 9.99274741900007], [-0.951403901999925, 9.99264275900015], [-0.952132415999927, 9.99274760600002], [-0.952699647999964, 9.9928827490001], [-0.953389241999957, 9.99293521699997], [-0.954305473999852, 9.99286919000014], [-0.955221705999975, 9.99280316300008], [-0.956300614999975, 9.99266824400019], [-0.957094646999963, 9.9924902410001], [-0.957971830999895, 9.9922935940001], [-0.958858887999838, 9.99202909400009], [-0.959910015999924, 9.99165435700007], [-0.960824880999951, 9.99136229100003], [-0.961375486999941, 9.991015054], [-0.961995592999926, 9.99080012900009], [-0.962291753999921, 9.99058654400011], [-0.963450017999833, 9.98941108399998], [-0.963800427999956, 9.98893151499999], [-0.963961756999879, 9.98844916900009], [-0.964163400999951, 9.98799576800013], [-0.964365044999965, 9.98754236899998], [-0.964392971999871, 9.98642053100008], [-0.964526527999908, 9.98561844400007], [-0.964728234999882, 9.98454623900011], [-0.964824236999959, 9.9838736960001], [-0.965013401999954, 9.98307161500009], [-0.965108000999976, 9.98251070400016], [-0.965202599999884, 9.98194979400012], [-0.965444589999947, 9.98117528000017], [-0.965847865999876, 9.98024367000016], [-0.966226200999927, 9.97847963500016], [-0.966028878999964, 9.97755898900016], [-0.96621799899998, 9.97712625900004], [-0.966629558999898, 9.97669079399998], [-0.966952181999943, 9.97586391700008], [-0.967221932999905, 9.97543395000008], [-0.967842030999975, 9.97495440200004], [-0.969054470999936, 9.97342749000018], [-0.969674583999961, 9.97273294299998], [-0.970158449999872, 9.97203838200016], [-0.970564455999977, 9.97139894100013], [-0.971129035999979, 9.96974241400011], [-0.971156889999975, 9.96917736000006], [-0.971265378999874, 9.96859026400017], [-0.971291817999941, 9.9683091170001], [-0.970985276999954, 9.96795137400005], [-0.971560198999953, 9.96752081900007], [-0.971857775999979, 9.96669393400009], [-0.972180372999901, 9.96589185800019], [-0.972341662999952, 9.96558453600016], [-0.972502952999946, 9.96527721500001], [-0.972610798999938, 9.96485407200009], [-0.972639237999942, 9.96474249000011], [-0.972800571999812, 9.96388802900003], [-0.972913711999922, 9.96297966000009], [-0.972934119999934, 9.96281581300013], [-0.972828497999899, 9.96241613100011], [-0.972747905999881, 9.96193376000008], [-0.972376225999938, 9.96135079900006], [-0.972289203999935, 9.96121431000006], [-0.971399589999976, 9.95998489500005], [-0.970940875999929, 9.9594501200001], [-0.970457125999872, 9.95907796800003], [-0.970023241999968, 9.95828531000018], [-0.969945624999923, 9.95814351200016], [-0.970134776999942, 9.95717604400005], [-0.970257616999902, 9.95677678500016], [-0.97039342599993, 9.95633537500004], [-0.970887125999923, 9.95653308600015], [-0.971345467999924, 9.95612807600003], [-0.97200326299992, 9.95607090100003], [-0.972432219999973, 9.95630868100017], [-0.973093398999879, 9.95667518500011], [-0.973421181999925, 9.95672152100019], [-0.973796514999947, 9.95688141900013], [-0.974388704999853, 9.95717639700018], [-0.974741787999847, 9.95744379199999], [-0.975169942999912, 9.95768362800015], [-0.975439628999936, 9.95779114600015], [-0.975953962999938, 9.95821842000015], [-0.976304274999961, 9.95837831500012], [-0.976598978999959, 9.95859333300018], [-0.976747714999817, 9.95876561600011], [-0.976896451999949, 9.95893789999997], [-0.977246745999878, 9.95939272400017], [-0.977741649999871, 9.9594092960001], [-0.977837129999955, 9.95951817800005], [-0.977932610999972, 9.95962706199998], [-0.978116970999963, 9.95983655800012], [-0.978547890999891, 9.96039612900012], [-0.978556192999974, 9.960997018], [-0.979220681999948, 9.96133058099997], [-0.979337415999964, 9.96198384700006], [-0.980093647999979, 9.96254343600009], [-0.980658046999963, 9.9628907710001], [-0.981467128999952, 9.96310581300014], [-0.982192805999944, 9.96321335200008], [-0.982623773999876, 9.96307831200011], [-0.983352264999951, 9.96254361400008], [-0.98361995199997, 9.96223286700001], [-0.984294869999871, 9.96144938100002], [-0.984778691999963, 9.96067486400017], [-0.984995592999951, 9.95998026800009], [-0.984995628999968, 9.9591809210001], [-0.98502476699997, 9.95902986000016], [-0.985104088999947, 9.95861862700013], [-0.985023487999968, 9.95797914600007], [-0.985023522999938, 9.95720460600012], [-0.984834496999952, 9.95640249399997], [-0.984726090999857, 9.95581538200008], [-0.984673292999901, 9.95520070900011], [-0.984699726999963, 9.95475969200015], [-0.984726159999923, 9.95431867400009], [-0.984859650999965, 9.95357170299997], [-0.984968107999975, 9.95301216500008], [-0.985237830999893, 9.9522624440001], [-0.985176692999914, 9.95164501500011], [-0.984798578999971, 9.95149339800008], [-0.984690172999876, 9.95095865600007], [-0.984637369999973, 9.95047904600017], [-0.984448333999978, 9.94997186400013], [-0.984826467999881, 9.9496411180001], [-0.984501196999872, 9.94918630100005], [-0.984306530999959, 9.9490356280001], [-0.983735228999933, 9.94921107200008], [-0.98345304399993, 9.94892990900013], [-0.983155566999926, 9.94869009000013], [-0.982913709999821, 9.94818290500018], [-0.982752476999963, 9.9477556600001], [-0.98240218899997, 9.94727603199999], [-0.982214813999974, 9.94691811500013], [-0.982106212999952, 9.94671066800009], [-0.982024112999909, 9.94655384400011], [-0.981903188999979, 9.94624650200006], [-0.981783748999931, 9.9459429310001], [-0.981661343999917, 9.94557669000011], [-0.981540423999945, 9.94521422100001], [-0.981459636999944, 9.94510854600009], [-0.980948275999936, 9.94443964700008], [-0.981846004999852, 9.94463641099998], [-0.982913881999934, 9.94488352900004], [-0.983241118999899, 9.94499907300019], [-0.984420746999888, 9.94541558200007], [-0.985338227999875, 9.94541562299997], [-0.985880150999947, 9.94536210500019], [-0.986147282999923, 9.94533572400002], [-0.986631046999889, 9.94531093600011], [-0.987009161999936, 9.94525582300008], [-0.987573552999891, 9.94522828000004], [-0.988112918999946, 9.94525586399999], [-0.988838566999959, 9.9451235840001], [-0.989244491999955, 9.9448286650001], [-0.990239825999879, 9.94456132700003], [-0.99026763199987, 9.94445658600011], [-0.990617950999933, 9.94410929300011], [-0.991210153999873, 9.94365450800001], [-0.991802348999954, 9.94338715500004], [-0.992124853999883, 9.94346709700005], [-0.99239452899991, 9.94378684300005], [-0.992502950999892, 9.94410934000018], [-0.992422309999881, 9.94469644600008], [-0.992096505999939, 9.94573188300006], [-0.992044168999882, 9.94589821500011], [-0.991882865999969, 9.94617579200008], [-0.99174944899994, 9.94640538099998], [-0.991507554999885, 9.94688498300007], [-0.991237861999934, 9.94717990700013], [-0.990859721999925, 9.94806193700009], [-0.990537151999888, 9.95011818000017], [-0.99064555699988, 9.95102502900011], [-0.990831811999954, 9.95190707300009], [-0.990995840999915, 9.95222681600018], [-0.991182114999958, 9.95249418899999], [-0.991479586999958, 9.95326873700014], [-0.992001676999905, 9.95437906600012], [-0.992207991999919, 9.95481783500009], [-0.992325833999928, 9.95498945700007], [-0.992611125999872, 9.95540495000006], [-0.992905832999952, 9.95577982300006], [-0.993303411999875, 9.95620982500014], [-0.993734359999905, 9.95644963799998], [-0.994165304999967, 9.95687963900014], [-0.995240468999953, 9.95745931500011], [-0.995402546999912, 9.95754669999997], [-0.995836279999935, 9.95767901100004], [-0.996630902999868, 9.95828054300006], [-0.997423849999848, 9.95888080400005], [-0.99769256999997, 9.95904147100015], [-0.997963237999954, 9.95920330400008], [-0.998580532999881, 9.959516941], [-0.998852951999936, 9.95965535200003], [-0.999417365999932, 9.96008259100012], [-0.999739887999965, 9.96064971400006], [-1.00015451199994, 9.96087642500009], [-1.00052777899987, 9.96167577200004], [-1.00102824999993, 9.96243652800013], [-1.00115041599997, 9.96265155800012], [-1.00143540599993, 9.96315318300014], [-1.0018213649999, 9.96398560400019], [-1.00217604699992, 9.96503577800007], [-1.00231455499994, 9.96628441200016], [-1.00234220499993, 9.96694030200007], [-1.00235522599991, 9.96724914100014], [-1.00221117199993, 9.96828553600017], [-1.00190359099997, 9.96923372800012], [-1.00172303899996, 9.96983461700017], [-1.00154248599989, 9.97043550700016], [-1.00103887899991, 9.9714663900001], [-1.00050920099994, 9.97231259600011], [-1.00004486299997, 9.97293002300012], [-0.999749261999966, 9.97361291200008], [-0.999472950999916, 9.9737762260001], [-0.999228267999911, 9.97407115800013], [-0.998986363999961, 9.97465826200005], [-0.998769482999876, 9.97508549900016], [-0.998446942999919, 9.97562023300014], [-0.997693419999962, 9.97663457100003], [-0.997128971999871, 9.97719686600016], [-0.996831454999949, 9.97740910300018], [-0.996183590999976, 9.97770402700007], [-0.995093618999931, 9.97813124800018], [-0.994917118999979, 9.97820042800004], [-0.994003648999922, 9.97855846800019], [-0.993383584999947, 9.97885063199999], [-0.992735716999903, 9.97909042200013], [-0.992463416999954, 9.97922072800009], [-0.992009989999872, 9.97943770800009], [-0.991228650999972, 9.97976293900007], [-0.990689214999861, 9.98019016100011], [-0.990230415999918, 9.98051264300011], [-0.989988498999878, 9.98083237400004], [-0.989557502999901, 9.98117966300009], [-0.989151527999979, 9.98165925800004], [-0.988748335999958, 9.98198173900016], [-0.988453583999956, 9.9823814020001], [-0.98830315399988, 9.98252949100004], [-0.988047606999942, 9.98278106000015], [-0.987914126999954, 9.983128357], [-0.987627300999918, 9.98374086400014], [-0.987535939999816, 9.98393595900006], [-0.987079879999897, 9.98511015300005], [-0.987052056999914, 9.985537389], [-0.987052045999917, 9.98583094100013], [-0.98705203399993, 9.98612449400002], [-0.987095205999935, 9.98633851700004], [-0.987132654999925, 9.98652417000005], [-0.987293915999942, 9.98687423400008], [-0.987455180999973, 9.9871388520001], [-0.987672056999884, 9.98740622700012], [-0.987913964999905, 9.98754129700012], [-0.988317146999975, 9.98770118200008], [-0.989179112999977, 9.98831587900008], [-0.98936818999988, 9.98845370399999], [-0.989907610999921, 9.989013263], [-0.990184407999948, 9.98937991700018], [-0.990552689999845, 9.98986775500003], [-0.990903036999953, 9.990270194], [-0.990958641999953, 9.9905375620001], [-0.991039273999945, 9.99077736800007], [-0.991172734999964, 9.99106954600006], [-0.99141742199987, 9.99141685500012], [-0.991523075999908, 9.99184409400004], [-0.991510559999938, 9.99192402699998], [-0.991498044999901, 9.99200396200013], [-0.991333981999901, 9.99221895400012], [-0.99103923399997, 9.99221894600015], [-0.990983614999948, 9.9924587480001], [-0.990902969999979, 9.99267374300001], [-0.990741683999943, 9.99296591200016], [-0.990419119999899, 9.99326083400001], [-0.990068742999938, 9.99376799500016], [-0.989940517999912, 9.99390034300006], [-0.989395800999944, 9.99446257799997], [-0.988803485999881, 9.99547690000009], [-0.988505945999975, 9.99574425700007], [-0.988236208999922, 9.99603642199997], [-0.988211176999926, 9.99622385400005], [-0.987994261999972, 9.99681095200015], [-0.987805152999954, 9.99742561400018], [-0.987752303999969, 9.99785284799998], [-0.987724475999869, 9.99841514500008], [-0.987643809999952, 9.9991097460001], [-0.987615984999934, 9.99956178799999], [-0.987994115999868, 10.000791139], [-0.987994105999974, 10.001058506], [-0.988046922999899, 10.001513308], [-0.988263795999899, 10.0021803550001], [-0.98842480899998, 10.0024305000001], [-0.98865863799989, 10.0028033070001], [-0.988811565999924, 10.0031478570002], [-0.98896728099993, 10.003340808], [-0.989178600999935, 10.0037983700001], [-0.989266191999889, 10.0039044930001], [-0.98935378099992, 10.004010616], [-0.989389926999934, 10.0041236280002], [-0.989545640999836, 10.004355167], [-0.989728992999972, 10.0045369220001], [-0.98995161799985, 10.004757608], [-0.990413217999958, 10.0049092220002], [-0.990226906999965, 10.004909217], [-0.991091705999963, 10.0054467320001], [-0.992053836999958, 10.0058602100002], [-0.992226240999912, 10.0060090570001], [-0.992398643999877, 10.0061579050002], [-0.993349651999893, 10.006786376], [-0.994431360999954, 10.00732113], [-0.994778954999958, 10.0074369030001], [-0.995585633999895, 10.0079051690001], [-0.995899597999937, 10.0080874190001], [-0.996941140999979, 10.0085220000001], [-0.99709532699984, 10.008586333], [-0.997231584999838, 10.00871864], [-0.997251050999921, 10.008622168], [-0.997365062999961, 10.008660758], [-0.997481854999933, 10.0086414630001], [-0.997712659999934, 10.0087186430001], [-0.998186782999824, 10.008748966], [-0.998423844999877, 10.0087641270002], [-0.998660906999874, 10.0087792880001], [-0.999336635999839, 10.008892302], [-0.999739849999969, 10.009082491], [-0.999739850999958, 10.0088233930001], [-1.00038067599996, 10.0091948240002], [-1.00096978199997, 10.00961856], [-1.00130821599987, 10.009766066], [-1.00230652399989, 10.010416562], [-1.00276814299997, 10.0112296840001], [-1.00301286099989, 10.0120097330001], [-1.00302728999992, 10.012381841], [-1.0030462389999, 10.0128559350001], [-1.00292945599983, 10.0140080940002], [-1.00249468499993, 10.014997377], [-1.00236495699994, 10.0152925630001], [-1.00223784799988, 10.0156449630002], [-1.00199511199997, 10.0163179300001], [-1.00231491699998, 10.0175638030001], [-1.0026597509999, 10.01846513], [-1.00344674999991, 10.0197109970001], [-1.00418647099991, 10.0203918100001], [-1.00446160599995, 10.0206894050001], [-1.00485667399994, 10.0211167230001], [-1.00530162199982, 10.02140889], [-1.00557137299995, 10.021750674], [-1.00805751199994, 10.0225554800001], [-1.00832726799996, 10.0228972620001], [-1.00884452099996, 10.0230929500001], [-1.00907812399993, 10.0233010480001], [-1.00931172499998, 10.023509147], [-1.0097437309999, 10.0238219810001], [-1.01017573799987, 10.0241348150001], [-1.01032121799983, 10.0242395520001], [-1.01038240599991, 10.024483488], [-1.01044359299993, 10.0247274240002], [-1.01078844199992, 10.0251656740002], [-1.01113330399994, 10.0259484680001], [-1.01120561499982, 10.0261910260001], [-1.01022115199981, 10.0257279890001], [-1.00965660399993, 10.025069236], [-1.00929545199995, 10.02467858], [-1.00913933699991, 10.0245097100001], [-1.00827723999993, 10.0239942940001], [-1.00783506199991, 10.0234595700001], [-1.00746519299997, 10.0231425980001], [-1.00734283499997, 10.0231646510001], [-1.00734284299995, 10.0235312470001], [-1.00781004699996, 10.0240191120002], [-1.00854978199987, 10.024509725], [-1.00909206999989, 10.0248239360001], [-1.0093368009999, 10.0251657170001], [-1.00960656399985, 10.0256315350001], [-1.01007377399998, 10.026094589], [-1.01101096499997, 10.0266072420001], [-1.01157550699998, 10.026949011], [-1.01206774699983, 10.0273376400001], [-1.01214144899996, 10.0275333390001], [-1.01221515099996, 10.0277290370001], [-1.01268236399989, 10.0280873460002], [-1.0129048689999, 10.0288177730001], [-1.01314961999998, 10.029501339], [-1.01320437399988, 10.0296005660001], [-1.01344720499992, 10.030038817], [-1.01339721199997, 10.0315989180001], [-1.01344731499995, 10.0326987020001], [-1.01369208999995, 10.0338673870001], [-1.01381727799998, 10.0348679390001], [-1.01387847399991, 10.0351862960001], [-1.01393966899991, 10.0355046520002], [-1.01408710399994, 10.036455589], [-1.01408713699993, 10.0372108300001], [-1.01411217699996, 10.0374809530001], [-1.01420952599995, 10.0377731220001], [-1.01424708699994, 10.0381631450001], [-1.01428464899993, 10.0385531680001], [-1.01430695099992, 10.039796283], [-1.01437831499987, 10.0400437960002], [-1.01465185499995, 10.0409925270001], [-1.01476589099997, 10.0412819380001], [-1.01487992799997, 10.0415713500001], [-1.01554390099994, 10.0420355460001], [-1.01564474599996, 10.0421060480001], [-1.01623438199988, 10.043106577], [-1.01644251699997, 10.0433861640001], [-1.01707154399998, 10.0442311270002], [-1.01810617899986, 10.0454989960002], [-1.0190257349999, 10.0478551410002], [-1.01941070299995, 10.0486935370001], [-1.02000036599998, 10.049735404], [-1.02027156199995, 10.0503211120002], [-1.02054275999984, 10.0509068210001], [-1.02108513199994, 10.0516620270002], [-1.0216276349999, 10.0525548380001], [-1.02187228399987, 10.0529574630001], [-1.02253704299983, 10.0538587460002], [-1.02315177299988, 10.0551514330001], [-1.02322113399993, 10.0552617340001], [-1.02384158599995, 10.0562484120002], [-1.02502203299991, 10.0576213490002], [-1.02551793799989, 10.0582689770001], [-1.02617809099991, 10.0600795660001], [-1.02667059499987, 10.0628524160002], [-1.02657329699991, 10.06341472], [-1.02677084199991, 10.064340838], [-1.02672092599988, 10.0661214440001], [-1.02662370499991, 10.067634689], [-1.02635123599993, 10.0688309670001], [-1.0260967019999, 10.070237305], [-1.0260065089999, 10.0707356330001], [-1.02556440299992, 10.0722957620001], [-1.02535017499997, 10.072721786], [-1.02512223999992, 10.0731750710001], [-1.02464701699995, 10.0736657370001], [-1.02416275399997, 10.0741674280001], [-1.02406265299993, 10.0745312740002], [-1.02389021699997, 10.074630514], [-1.02376783799997, 10.0746305230001], [-1.02376782299996, 10.074434823], [-1.02399029299988, 10.0739221260002], [-1.02389016299998, 10.0738973260001], [-1.02357030899998, 10.073897349], [-1.02337566099993, 10.0745313230001], [-1.02298073799994, 10.0749227530001], [-1.02278327899995, 10.0751653250001], [-1.02226597899994, 10.0756063760001], [-1.02123412299994, 10.076019896], [-1.02088836999991, 10.0760833150001], [-1.02029681699992, 10.0761908490001], [-1.01921486899994, 10.0761909140002], [-1.01800775199996, 10.0760697020001], [-1.01658090299986, 10.075824462], [-1.01579378499991, 10.0759237290002], [-1.01436696099989, 10.0761911600002], [-1.01367719099994, 10.0763620820001], [-1.01298743399997, 10.0768499840001], [-1.01279065599994, 10.0769602460001], [-1.01259387799985, 10.0770705080001], [-1.01220032399988, 10.07729103], [-1.01156062399997, 10.077704505], [-1.01084583099987, 10.0782916320001], [-1.01035356799991, 10.079559568], [-1.01023120699995, 10.0801935330001], [-1.01013387499995, 10.0807310240001], [-1.01034806199993, 10.0813319010002], [-1.0106679459999, 10.0820402720001], [-1.01071805099997, 10.0832365260001], [-1.01064299599989, 10.0845513070001], [-1.01061801799995, 10.086210629], [-1.01071817999997, 10.0871147080002], [-1.01059303799985, 10.087845144], [-1.01079054799993, 10.088652747], [-1.01096301299998, 10.0890661940002], [-1.0109630419999, 10.0898958540001], [-1.0110909519999, 10.090239795], [-1.01165291399997, 10.0917508520001], [-1.01204514599993, 10.0928726710001], [-1.01245352899997, 10.0934246310001], [-1.01270995999994, 10.0937712150002], [-1.01357228899997, 10.0952348010001], [-1.01445963599986, 10.096163652], [-1.01474526299995, 10.0964940580001], [-1.0156390709999, 10.0975279900001], [-1.01587037499996, 10.0977851810001], [-1.01675453299993, 10.09876829], [-1.01777922299988, 10.0994132210002], [-1.01814608899997, 10.099643253], [-1.01830669399993, 10.0997439540001], [-1.01887583599995, 10.099982063], [-1.01937846599998, 10.1001923470002], [-1.01990035199998, 10.1004072800001], [-1.0203010969999, 10.1004979880001], [-1.0210632809999, 10.1006699210001], [-1.02211002599995, 10.1005377020001], [-1.02222040399994, 10.1005237600002], [-1.02320507899992, 10.1005484990001], [-1.02440946299993, 10.100085345], [-1.02504919099994, 10.099671846], [-1.02561660899988, 10.0994264880001], [-1.02640377099993, 10.099183867], [-1.02647055899996, 10.0991314630002], [-1.02693740899991, 10.0987885660001], [-1.02726026599993, 10.098649093], [-1.02779639499994, 10.098417489], [-1.0280030909999, 10.0983292680001], [-1.02950446599988, 10.097989068], [-1.03022915699989, 10.0978797870001], [-1.03062605199995, 10.097912827], [-1.03185827799996, 10.097937518], [-1.03235417899992, 10.0980468650001], [-1.03340763399996, 10.0982791500001], [-1.03511401699996, 10.0984883730001], [-1.03520453799996, 10.0984994720002], [-1.03594443199989, 10.0985241990002], [-1.03635869999988, 10.098708528], [-1.03692915099992, 10.098962349], [-1.03838115899993, 10.0992791630001], [-1.03922401299991, 10.0993452000001], [-1.03961061899992, 10.0993754890001], [-1.04121479499997, 10.0994234500001], [-1.04157996999982, 10.099449669], [-1.04335186499998, 10.09976642], [-1.0437077819999, 10.0998503430001], [-1.04469540199995, 10.1000832200001], [-1.04578026299987, 10.1004496650002], [-1.04663984099994, 10.1009622250001], [-1.04745214099995, 10.101521647], [-1.04900435999991, 10.1021801860001], [-1.05028400799995, 10.1029627950001], [-1.05163872699995, 10.1034973170001], [-1.05301565799994, 10.1037672200001], [-1.05342669699991, 10.1037889360001], [-1.05459563099993, 10.1038506920001], [-1.05484751099988, 10.1038625100002], [-1.05505750399993, 10.103843752], [-1.05573217299997, 10.103783486], [-1.05591964299992, 10.1037667400001], [-1.05647454699994, 10.1036315840001], [-1.05700792299984, 10.1035016720002], [-1.05710072099987, 10.1034974570001], [-1.05872622599998, 10.1035209380001], [-1.05892545699987, 10.1035170390001], [-1.0600198869999, 10.103497095], [-1.06042025599993, 10.103530935], [-1.06174948299991, 10.1036472760001], [-1.06264565499993, 10.1039102140001], [-1.06322571599998, 10.1040804030002], [-1.06463697899994, 10.1043003020001], [-1.06509018199995, 10.1043756090001], [-1.06596972199998, 10.1046579380001], [-1.06807369699987, 10.1051686770002], [-1.06828413299996, 10.10521976], [-1.06902195099991, 10.1056098580002], [-1.06954152899993, 10.1057321760001], [-1.06998304599995, 10.105835574], [-1.07006499299996, 10.1058578150001], [-1.07018221499993, 10.1059442800001], [-1.0706103899999, 10.1062569640001], [-1.07067186599994, 10.1068324530002], [-1.07056837999988, 10.1070182870001], [-1.0705279259999, 10.1071824930002], [-1.07046316199995, 10.1072429130002], [-1.07039839899994, 10.107303333], [-1.07002112499993, 10.1076553070002], [-1.06980502299996, 10.1078569170002], [-1.06929952699988, 10.1082320110001], [-1.06867060299987, 10.1085718200001], [-1.06823345399988, 10.1088070290001], [-1.06767855199996, 10.1089752800001], [-1.06712779799994, 10.1091422730001], [-1.06703044799997, 10.1091726120001], [-1.06627473999993, 10.1093422170001], [-1.06597698599995, 10.1095419350002], [-1.0657993829999, 10.1096611230001], [-1.06561935599996, 10.109719684], [-1.0645939069999, 10.1100523730001], [-1.06443397599992, 10.1101254470001], [-1.06427404599992, 10.1101985210001], [-1.06351853699994, 10.1104076620001], [-1.06260794799994, 10.110731977], [-1.06190990999988, 10.1115881710002], [-1.06144266599995, 10.1119796580002], [-1.06107559199995, 10.1125392640001], [-1.06092685499982, 10.112978928], [-1.06077811899996, 10.1134185920002], [-1.06062726099998, 10.11444461], [-1.06060587399998, 10.114590069], [-1.06087874399992, 10.1159957530002], [-1.06099400099987, 10.1167086830002], [-1.06156615799995, 10.1177541710002], [-1.06198645399991, 10.1190936730002], [-1.06213407399997, 10.1200721470001], [-1.06213695199995, 10.1210946950002], [-1.06307167599994, 10.120879576], [-1.06525901099997, 10.1218317960002], [-1.06767032799991, 10.1218313090002], [-1.07116658099983, 10.121113784], [-1.07297519999997, 10.1217107100001], [-1.07502492899994, 10.1221881080002], [-1.07791848399989, 10.122067971], [-1.08153525099993, 10.1212308430001], [-1.08518711399995, 10.1214022260001], [-1.08659906899987, 10.121468479], [-1.08889001499989, 10.122184656], [-1.0906991409999, 10.124453988], [-1.09274953099992, 10.1270816360002], [-1.09323280299992, 10.1305459700001], [-1.09359540999992, 10.1336519430002], [-1.09371684699994, 10.1366385200001], [-1.09335568699987, 10.1385500530001], [-1.09142744799993, 10.141776135], [-1.09046383499998, 10.1452408690002], [-1.08865636699983, 10.149422616], [-1.08810412699995, 10.1500795540001], [-1.08624561099992, 10.1522904020002], [-1.08250842199988, 10.155039044], [-1.07949437899993, 10.1567122880001], [-1.0735859859999, 10.1565942020001], [-1.06996836099989, 10.1554003500001], [-1.06808918899992, 10.1554007450001], [-1.06719505799992, 10.1554009300002], [-1.06357768099997, 10.1552821860001], [-1.05923716699988, 10.1569555010001], [-1.05793149199997, 10.1575861270001], [-1.05605414299987, 10.15906411], [-1.05382264699989, 10.1629567190001], [-1.05194822199996, 10.166672336], [-1.05105574899994, 10.1692378120002], [-1.05060954299995, 10.1707416990001], [-1.05087764799993, 10.1722454740001], [-1.05203885599991, 10.1749875470001], [-1.05212843299995, 10.176756728], [-1.05161030799991, 10.1780120400002], [-1.05132512699993, 10.178702971], [-1.05016451899991, 10.179853128], [-1.04927184699994, 10.1814455410001], [-1.04793288799993, 10.1842764520001], [-1.04641517799985, 10.186134326], [-1.04471876399992, 10.1872845390001], [-1.0432901129999, 10.1876385700001], [-1.04052193699994, 10.187108167], [-1.03828953299995, 10.186577677], [-1.03749649299988, 10.1862635290001], [-1.03471763899984, 10.1851627190002], [-1.03248516799994, 10.1837475920001], [-1.03114576799987, 10.183659262], [-1.02935992999983, 10.183836347], [-1.02766344299988, 10.1847210930001], [-1.02552050199995, 10.1858712440001], [-1.02337754599989, 10.1870213820001], [-1.01864513099997, 10.1895870190002], [-1.01614492899995, 10.1903832900001], [-1.01176955599993, 10.192064212], [-1.00944791099994, 10.1929488850001], [-1.00641192699993, 10.1957796700001], [-1.00453673099986, 10.1973719770002], [-1.00417956299998, 10.1987873370001], [-1.00444746799991, 10.19984885], [-1.00569762899988, 10.1998488310001], [-1.00775146699993, 10.1998487890001], [-1.0090016289999, 10.199937216], [-1.00998392199989, 10.2006448650001], [-1.01087694199987, 10.2019717320002], [-1.0114127999999, 10.204006287], [-1.01150215299992, 10.2055100990001], [-1.01105578399995, 10.2091369610002], [-1.0113237519999, 10.2110830650001], [-1.01212751599996, 10.2126753090002], [-1.01319917599994, 10.2139137030002], [-1.01427081399993, 10.2144444150002], [-1.01543173499988, 10.2145328220001], [-1.01757494299994, 10.214090415], [-1.01864644899996, 10.2122327040001], [-1.01989653699991, 10.2102865180001], [-1.01962855599987, 10.2089596380001], [-1.02100504899988, 10.206585702], [-1.02248585699994, 10.20480185], [-1.02400390599996, 10.2044479030001], [-1.02650424899997, 10.2042707910001], [-1.02864755499996, 10.2058628840001], [-1.02864771299994, 10.207632077], [-1.02864801399988, 10.210993544], [-1.02882685299994, 10.2136473170002], [-1.02864846499995, 10.2160357420001], [-1.02829138299995, 10.217451128], [-1.02704139199994, 10.220281941], [-1.02605919699994, 10.2219627530002], [-1.02507692199993, 10.2227589660001], [-1.02284432599993, 10.2226706710001], [-1.01775402099992, 10.2226709880001], [-1.01436046499992, 10.2222288570002], [-1.01293162299982, 10.2225827560001], [-1.01159212099998, 10.2239981590002], [-1.01096703599995, 10.225236615], [-1.00944894399987, 10.2279789090001], [-1.00953829899987, 10.2296596380001], [-1.00944904799996, 10.231517291], [-1.00935980699995, 10.2337287820002], [-1.00998506699989, 10.2373556040001], [-1.01114615099988, 10.239743973], [-1.01355754399998, 10.2413361520001], [-1.01525451299989, 10.243459104], [-1.01525458499998, 10.244962915], [-1.01561195799997, 10.247705142], [-1.01507631199996, 10.2523050580001], [-1.01402362099992, 10.2542602210002], [-1.01364743599987, 10.254958903], [-1.01212918899995, 10.2567281520001], [-1.00998575899996, 10.259470466], [-1.00909268399988, 10.2616819770001], [-1.00944998599994, 10.2631857760001], [-1.01043247299998, 10.26389342], [-1.01302268099988, 10.2655740550001], [-1.01380832799987, 10.265671286], [-1.01516626799997, 10.265839339], [-1.01722053299994, 10.2659276970001], [-1.02159696599995, 10.2653966790002], [-1.02447959699987, 10.2656750090001], [-1.02525893199987, 10.265750252], [-1.02883168499989, 10.2671653040001], [-1.03213652999995, 10.2686688020001], [-1.03436961299991, 10.2702608410001], [-1.03535227599986, 10.271853003], [-1.03633499899996, 10.2738874590002], [-1.03704972799989, 10.2754796450001], [-1.04017614999992, 10.277690755], [-1.04397839999984, 10.2801344150001], [-1.04526779699995, 10.280963076], [-1.04723324199995, 10.2837050320001], [-1.04750153399993, 10.285916474], [-1.04785948499989, 10.290339381], [-1.04838913299994, 10.2936724480002], [-1.04775002799988, 10.2956513400001], [-1.04669926799988, 10.2969739880001], [-1.04437692099987, 10.2975935290002], [-1.04252984699997, 10.297003745], [-1.04160774299987, 10.296709305], [-1.03901710899993, 10.2948519850002], [-1.03580123299997, 10.2929062550001], [-1.03231755399992, 10.2921989480001], [-1.0300845029999, 10.29246454], [-1.02722617699993, 10.292641711], [-1.02587274099994, 10.2937841550001], [-1.02500316199996, 10.2953124180002], [-1.02433916199988, 10.2964793740001], [-1.02365362499995, 10.2976841660001], [-1.0248149759999, 10.2993648020001], [-1.02628313999998, 10.3007407310001], [-1.02794161899988, 10.3023721590001], [-1.03008555899993, 10.3036103950001], [-1.03169343199988, 10.3036102410001], [-1.03464134299992, 10.3049368260001], [-1.03678544899986, 10.307236527], [-1.04009081699996, 10.3092706930001], [-1.04277262299991, 10.3105392350001], [-1.04482535499994, 10.3104200390001], [-1.04634384399998, 10.3098006120001], [-1.04903032599987, 10.3088841650002], [-1.05179264999987, 10.3085613570001], [-1.05581237799993, 10.3084722300001], [-1.06018954799993, 10.309090659], [-1.06269114599996, 10.3112132000001], [-1.06358490799994, 10.3136014200001], [-1.06331755699983, 10.3167859970001], [-1.06215687499997, 10.3198822890001], [-1.06233586799988, 10.3215629750001], [-1.06314059099992, 10.3252780960001], [-1.06457032199984, 10.3273123690001], [-1.06662604699994, 10.3282776160001], [-1.06823321999997, 10.3284615830001], [-1.07082378399997, 10.3280187300002], [-1.07323577799997, 10.3280181920001], [-1.07582673399992, 10.329256018], [-1.08047245499984, 10.330758696], [-1.08315272599998, 10.331731064], [-1.08565465599997, 10.3338534230001], [-1.08699547999987, 10.3367722070001], [-1.08726419499993, 10.339337442], [-1.08574595699997, 10.3411070250002], [-1.08494263999995, 10.3437610040001], [-1.08485363499994, 10.3449994510001], [-1.08476455799996, 10.345972521], [-1.08387166999989, 10.3478303900002], [-1.08208524199995, 10.349157732], [-1.08029845999994, 10.3491581820001], [-1.07877947599991, 10.348273969], [-1.07609916199993, 10.3476554010002], [-1.07413379599984, 10.348009695], [-1.06977918599995, 10.3485135990001], [-1.06779100999995, 10.3492495150001], [-1.06698722099998, 10.3504881080001], [-1.06596742499988, 10.3534882660001], [-1.06463044899994, 10.354326439], [-1.06341456599995, 10.3550886890001], [-1.06109182599988, 10.3557083500001], [-1.05814401599997, 10.3580972840001], [-1.05546410799991, 10.3600438500001], [-1.05412438499991, 10.3624324660001], [-1.05403567899992, 10.3661477480002], [-1.05421479299991, 10.3686245640001], [-1.05403645299998, 10.3706591450002], [-1.05297926599991, 10.3738420870001], [-1.05314376199993, 10.3751706880001], [-1.05359083999997, 10.3772051640001], [-1.05466326599998, 10.3787087820001], [-1.0568079869999, 10.3808314180001], [-1.05895258899989, 10.3821579110001], [-1.06100779299993, 10.3831305730001], [-1.06243731899991, 10.3828649220001], [-1.06395604799997, 10.3818915790001], [-1.06484911299998, 10.3798568500001], [-1.06627856499995, 10.379325806], [-1.06735086999993, 10.3799447940001], [-1.06806649299983, 10.3838368230001], [-1.06819620099998, 10.3880869460002], [-1.06869315199998, 10.3894095840002], [-1.06833646099994, 10.3926826280001], [-1.06726469799992, 10.3948058610002], [-1.06699705599988, 10.3967520050001], [-1.06646166999991, 10.400202], [-1.06658667099987, 10.4019293750002], [-1.06673051999996, 10.4039172030002], [-1.06735672299988, 10.407278496], [-1.06798255699988, 10.408870617], [-1.06887656399988, 10.410904972], [-1.07011541999998, 10.4131092650001], [-1.07102178199995, 10.413823633], [-1.07307733199991, 10.4152385060002], [-1.07504356399988, 10.4167418450001], [-1.0761775709999, 10.4174558420001], [-1.0779928469999, 10.4185987670001], [-1.08013763799994, 10.4193059050002], [-1.08085298899988, 10.4211633520001], [-1.08058534299994, 10.4228441290002], [-1.08013883699994, 10.4239942010001], [-1.07862004399993, 10.4253214530002], [-1.07719068699993, 10.4270025100001], [-1.07718122999984, 10.42889787], [-1.07790632399997, 10.430009922], [-1.08016814999996, 10.4319369080001], [-1.08085602399996, 10.432928315], [-1.08166056599993, 10.4339896110001], [-1.08237572699994, 10.4349624690001], [-1.08291214199988, 10.4358469130001], [-1.08309157299993, 10.4385006160002], [-1.08282408799988, 10.4408006010001], [-1.08264619899984, 10.4439851460001], [-1.08148490199994, 10.4457546100002], [-1.0803232959999, 10.4463741120001], [-1.07808884199994, 10.4452247080002], [-1.07433509799989, 10.4437218140002], [-1.07201200999998, 10.4455799700001], [-1.06864058799988, 10.4483874730001], [-1.06808059799994, 10.4488537890002], [-1.0642383259999, 10.451419875], [-1.06271954599993, 10.45380855], [-1.06272009699995, 10.4565507560001], [-1.06173758899985, 10.4593816110001], [-1.06030814099995, 10.4618587150001], [-1.06008945199989, 10.4630093750001], [-1.06013007899998, 10.4653970770001], [-1.06102428599996, 10.467873737], [-1.06191815399995, 10.4685812290001], [-1.06352690599994, 10.468757829], [-1.06674427999985, 10.4684917970002], [-1.06978304299992, 10.4688449780002], [-1.07249381399993, 10.4706471140001], [-1.07317992699996, 10.4718517940001], [-1.07398490099996, 10.4744168940001], [-1.07351719099989, 10.4768511650001], [-1.07216796899991, 10.480711774], [-1.0720187099999, 10.4839782140002], [-1.07193905299988, 10.4859208120001], [-1.07175421799997, 10.4904283170001], [-1.07035221599995, 10.4909422050002], [-1.06963078699994, 10.4920583600001], [-1.06854895399994, 10.4951833860002], [-1.06760196199986, 10.4962103050001], [-1.06602352599998, 10.4972583740001]]]]}, "properties": {"REGION": "North East", "DISTRICT": "West Mamprusi"}}, {"type": "Feature", "geometry": {"type": "MultiPolygon", "coordinates": [[[[0.048399211000117, 10.3398432400001], [0.048967770000161, 10.342689519], [0.045179640000072, 10.340246058], [0.044762412000182, 10.340065352], [0.044432412000049, 10.3395868990002], [0.044026925000026, 10.3392693500001], [0.04369295000015, 10.3390078040001], [0.042828291000149, 10.3392861890001], [0.042460974, 10.3393066680001], [0.041589393000095, 10.3391744470001], [0.04081676800007, 10.3395104020001], [0.040226733000168, 10.3395123070002], [0.039521182000158, 10.339087421], [0.03882374799997, 10.3385908550001], [0.038505950000172, 10.338434793], [0.037522892000027, 10.3382560690002], [0.03711884300003, 10.338108551], [0.036920379000151, 10.3378473810001], [0.035962164000182, 10.3376051880001], [0.035109639000098, 10.3373406040002], [0.034567450000054, 10.3366533740002], [0.034366494000153, 10.3364803970001], [0.033429622000085, 10.3359542710001], [0.032477575000087, 10.3358939350001], [0.032110387000102, 10.3359529840001], [0.031768490000104, 10.3360863600001], [0.03113622900014, 10.3367938890001], [0.031050526000058, 10.3369705380001], [0.031090425000059, 10.3372570230001], [0.031185736000054, 10.3374661660001], [0.03117649800015, 10.3376205250001], [0.031167260000132, 10.3377748840001], [0.031073126000138, 10.3379267590001], [0.030781764000039, 10.3381950110001], [0.030320753000126, 10.3385023870001], [0.029470103000108, 10.3388137630001], [0.029160919000105, 10.3387375860001], [0.028851357000065, 10.3385456610001], [0.028733970000019, 10.3383944620002], [0.028630822000025, 10.338342429], [0.028319899000167, 10.337731614], [0.028171808000081, 10.3375529530001], [0.027716847000022, 10.337153421], [0.027261886000076, 10.3367538900001], [0.027105277000032, 10.336522894], [0.026937088000068, 10.3359269700001], [0.02576285400005, 10.335380716], [0.025437774000181, 10.334692777], [0.02535822800013, 10.3341942140001], [0.025356370000168, 10.3336209950002], [0.025104645000056, 10.333238726], [0.024907406000182, 10.332492507], [0.024336301000062, 10.332320699], [0.024117120000142, 10.3325335980002], [0.023498897000081, 10.3332824060001], [0.02311141500013, 10.3330907230002], [0.022995016000039, 10.3323828280001], [0.022647125000105, 10.3323839310002], [0.022222604000035, 10.3327876370001], [0.02123743500016, 10.3328100480001], [0.021485693000102, 10.3321202890002], [0.021339992000037, 10.3318176010002], [0.020866850000175, 10.3318163420001], [0.020638811000026, 10.3327347760001], [0.0201171920001, 10.333236621], [0.018842407000079, 10.333640254], [0.018225009000162, 10.33378551], [0.017510301000186, 10.333530088], [0.016736585000103, 10.3335325270001], [0.016368350000107, 10.3332663650002], [0.015652461000116, 10.333075707], [0.015428252000106, 10.332591375], [0.01492986500017, 10.332529558], [0.014549723000187, 10.3328890200001], [0.01391311600014, 10.3331197610001], [0.013077235000026, 10.3328302620002], [0.012003686000071, 10.3321970170001], [0.011053321000077, 10.3317893670001], [0.010122130000184, 10.3321560630001], [0.009387195000045, 10.332100488], [0.009037105000061, 10.3314126070001], [0.008948199000145, 10.33058887], [0.008048826000049, 10.3304593980001], [0.007421533000127, 10.3301196240001], [0.00704283500005, 10.3300601770001], [0.006541095000102, 10.3306928440001], [0.005893948000107, 10.3311110030002], [0.004686756000069, 10.3313324810002], [0.004049469000165, 10.331351], [0.003148743000111, 10.3316734870002], [0.002524489000109, 10.331413616], [0.00142097600002, 10.3309788520002], [0.000294660000122, 10.3312608670001], [-0.000211344999911, 10.3314221030001], [-0.000654247999876, 10.3313022150002], [-0.000938485999882, 10.3311901030001], [-0.001554291999923, 10.3309605130002], [-0.002201110999977, 10.3306042450001], [-0.002838285999928, 10.3306585760001], [-0.003629062999835, 10.3305452700001], [-0.004107555999894, 10.3306128900001], [-0.004650893999894, 10.3304161400001], [-0.00592520899994, 10.3305358160001], [-0.006751837999843, 10.3305273380001], [-0.007026556999904, 10.3307872390002], [-0.007103818999894, 10.3309996830002], [-0.007160768999938, 10.3314766320001], [-0.006771625999875, 10.3322029950001], [-0.006423367999844, 10.332317672], [-0.00628633499997, 10.3325267000001], [-0.00606983299997, 10.3326073030001], [-0.00568749599995, 10.3326709170001], [-0.005492266999966, 10.332799844], [-0.005200790999936, 10.33344383], [-0.005027574999815, 10.3336527450001], [-0.00469850199994, 10.33386118], [-0.004464411999948, 10.3339569140002], [-0.004115855999942, 10.3341652870001], [-0.003852823999978, 10.3343955950001], [-0.003786529999957, 10.334453642], [-0.003613251999923, 10.3346818470002], [-0.003622632999907, 10.3347962460002], [-0.003632013999891, 10.334910646], [-0.003861264999955, 10.3354680480001], [-0.003938047999895, 10.3358320660001], [-0.004015742999854, 10.3359067160002], [-0.004160312999886, 10.3359567690002], [-0.004586895999921, 10.3357183200001], [-0.004751103999922, 10.3357188280001], [-0.00486497199995, 10.335796345], [-0.004884098999923, 10.335909396], [-0.004844405999847, 10.33614077], [-0.004768539999873, 10.3363692770002], [-0.004650985999831, 10.3365783640002], [-0.00465025799997, 10.3368098580002], [-0.004747252999891, 10.3369424410002], [-0.004861242999823, 10.3369813760001], [-0.005045124999924, 10.336921313], [-0.005229586999917, 10.336676605], [-0.005444197999907, 10.33658081], [-0.005558247999943, 10.3366004540001], [-0.005616391999865, 10.3366970890002], [-0.005557224999961, 10.3369256480001], [-0.005286231999889, 10.337250011], [-0.005187908999915, 10.3375390780001], [-0.005226396999944, 10.337690772], [-0.005284419999839, 10.3378259910001], [-0.00538171099987, 10.337864874], [-0.005863205999958, 10.3378663580002], [-0.005960496999933, 10.3379052410001], [-0.006115758999954, 10.3380958780002], [-0.006134877999955, 10.338211685], [-0.005997841999886, 10.3384207120002], [-0.005786256999954, 10.338439351], [-0.005399632999968, 10.338360994], [-0.005126877999942, 10.3383601520002], [-0.0049342289999, 10.3385524720001], [-0.004894907999926, 10.3386653430001], [-0.004933204999929, 10.338877666], [-0.005010718999927, 10.339010189], [-0.005124466999916, 10.3391262880001], [-0.005241361999936, 10.3391266490001], [-0.005358378999915, 10.3390884270001], [-0.005687517999888, 10.338860702], [-0.005918645999827, 10.3388228310001], [-0.006015695999963, 10.3389388790002], [-0.006015339999919, 10.33905187], [-0.005858093999962, 10.339492332], [-0.005993933999946, 10.3396636170001], [-0.006129228999839, 10.3400085230001], [-0.006243341999948, 10.3400088750001], [-0.006553240999949, 10.3397039240002], [-0.006709162999925, 10.3396851130001], [-0.006844933999901, 10.3398784450001], [-0.006938845999969, 10.340107475], [-0.006918635999966, 10.3403389100001], [-0.006726116999914, 10.3404898910001], [-0.006377787999952, 10.3406238580001], [-0.006201967999971, 10.3407748920001], [-0.006145938999964, 10.3408904670002], [-0.00612573799998, 10.341119146], [-0.006277376999947, 10.3415770950002], [-0.006742827999972, 10.3413718360001], [-0.006934932999968, 10.3413531360002], [-0.007138637999958, 10.3414610350001], [-0.007049127999835, 10.3422133330002], [-0.007201902999952, 10.342310261], [-0.007502190999844, 10.3424076430001], [-0.007588056999907, 10.3425401910001], [-0.007586610999965, 10.343000424], [-0.007721727999979, 10.3434032040001], [-0.007662742999969, 10.3435738890001], [-0.007545602999869, 10.3436506940002], [-0.007412006999914, 10.3436502820002], [-0.007248066999864, 10.343562966], [-0.007084127999974, 10.3434756500001], [-0.006908478999833, 10.343571566], [-0.007062176999852, 10.3442610180001], [-0.007195053999908, 10.344490168], [-0.007311830999811, 10.3445291100001], [-0.007542963999924, 10.344491239], [-0.007659800999932, 10.344510891], [-0.007854023999926, 10.3447044030001], [-0.007889487999932, 10.344933253], [-0.007755163999889, 10.345164336], [-0.007425957999942, 10.345411354], [-0.007270093999978, 10.345410874], [-0.007018879999976, 10.345638842], [-0.006920746999867, 10.3458672800001], [-0.006939502999899, 10.3460988340001], [-0.007036561999939, 10.3462121250001], [-0.007151946999898, 10.3462510640001], [-0.007267331999969, 10.3462900020001], [-0.007500581999977, 10.346464343], [-0.007625637999922, 10.3466453230001], [-0.007671743999936, 10.346745689], [-0.007843545999947, 10.347154378], [-0.008546025999976, 10.3468092950001], [-0.008620780999934, 10.3469349190001], [-0.008695373999956, 10.347062985], [-0.008686011999828, 10.3472539410002], [-0.008656910999889, 10.347677321], [-0.008692890999953, 10.3479038450001], [-0.009010349999926, 10.3487398640001], [-0.009334734999925, 10.349143225], [-0.009790523999925, 10.3493595870002], [-0.010021539999912, 10.3493602980001], [-0.010255509999922, 10.3493058980001], [-0.010948094999947, 10.3490395310001], [-0.011183199999948, 10.3490386670001], [-0.011704817999941, 10.3486764870001], [-0.011938847999943, 10.348602795], [-0.01224747699996, 10.3487057100001], [-0.012748731999977, 10.3486245690001], [-0.012985773999958, 10.3487421200001], [-0.013251262999972, 10.3490257160001], [-0.013348496999868, 10.349083889], [-0.013579331999949, 10.34914247], [-0.013810828999908, 10.348988847], [-0.013986891999934, 10.3487606450001], [-0.014046054999937, 10.348532085], [-0.013968844999965, 10.3483003510001], [-0.013813693999964, 10.348071136], [-0.013777983999944, 10.3479194500001], [-0.013778706999915, 10.347687955], [-0.013932502999978, 10.3474596850002], [-0.01414433399998, 10.3473638760001], [-0.014378071999943, 10.3473838830001], [-0.015184626999883, 10.3478155870001], [-0.015517335999903, 10.3479936670001], [-0.016034497999954, 10.348166114], [-0.016194614999961, 10.3476953410001], [-0.016309322999973, 10.347505533], [-0.016697213999919, 10.3471815180001], [-0.016928287999917, 10.3471629310001], [-0.017045065999923, 10.3472018710002], [-0.017161673999965, 10.347295928], [-0.017313742999931, 10.3476215910001], [-0.017140218999884, 10.347929724], [-0.016694056999938, 10.3481956870001], [-0.016448043999901, 10.3485421820001], [-0.016828774999965, 10.3487307470002], [-0.017368737999959, 10.3487323950001], [-0.017636484999912, 10.348556832], [-0.017737326999907, 10.3483504450001], [-0.017718194999929, 10.3482373950002], [-0.017738398999825, 10.348005959], [-0.017797558999916, 10.3477773980001], [-0.017970654999942, 10.3476070580002], [-0.018204692999859, 10.3475306050001], [-0.018494874999874, 10.3472999920002], [-0.018667610999955, 10.3472454000001], [-0.018796726999881, 10.3473450060002], [-0.018709969999918, 10.347945533], [-0.018977030999963, 10.347990441], [-0.019090846999973, 10.348087245], [-0.019207625999968, 10.348126183], [-0.019330219999972, 10.348085217], [-0.019674217999921, 10.3475543710002], [-0.01988610899997, 10.347439267], [-0.020361807999905, 10.3475042800002], [-0.020581456999935, 10.347595713], [-0.020639554999946, 10.3477088820001], [-0.020649814999842, 10.347990707], [-0.020677270999954, 10.348124071], [-0.021119641999974, 10.3481705800001], [-0.021236420999969, 10.3482095180001], [-0.021411120999858, 10.3484194990002], [-0.021358766999867, 10.349146904], [-0.021478505999937, 10.3495785700001], [-0.02159824499995, 10.3500102360001], [-0.021636501999922, 10.3502390940002], [-0.02165314299998, 10.3511568680001], [-0.021824992999882, 10.351388887], [-0.021941781999885, 10.3514250680001], [-0.022153606999893, 10.35133201], [-0.022368580999853, 10.351120457], [-0.022798067999929, 10.350846167], [-0.023218325999892, 10.3508557090001], [-0.023806487999877, 10.3505736330001], [-0.024321115999953, 10.3506688930001], [-0.02453590999994, 10.3505152110002], [-0.024622486999931, 10.3504203940001], [-0.024722657999916, 10.3503001370001], [-0.025117794999971, 10.349560667], [-0.025214173999927, 10.3494465880001], [-0.025314225999864, 10.3493311250001], [-0.025513971999942, 10.3492559580002], [-0.025697570999967, 10.3491868660001], [-0.02595119199998, 10.3491801140001], [-0.026299345999917, 10.349104], [-0.026588752999885, 10.3491241660001], [-0.026702689999979, 10.3491823850001], [-0.026973808999969, 10.349717854], [-0.027120880999973, 10.349812372], [-0.027221618999931, 10.349858871], [-0.02759111499995, 10.3499126330001], [-0.027721727999904, 10.3499791690001], [-0.027835607999918, 10.3500535820001], [-0.027797620999877, 10.3501902270001], [-0.027742900999897, 10.3503347480001], [-0.027569272999926, 10.3506787160001], [-0.027422883999975, 10.3512156790001], [-0.028079354999932, 10.3513471900002], [-0.028203655999903, 10.351656228], [-0.02814456099992, 10.3518655010002], [-0.028238142999953, 10.352207519], [-0.029211828999962, 10.352142935], [-0.029283698999848, 10.352232803], [-0.029460971999924, 10.3528119990002], [-0.029591391999816, 10.3529419210001], [-0.029758224999853, 10.3529975420001], [-0.030724380999857, 10.3537996710002], [-0.031505873999947, 10.3540087170001], [-0.031607022999879, 10.3540846070001], [-0.032202903999973, 10.3545316840001], [-0.032948419999911, 10.3546744760001], [-0.033181809999974, 10.3548102170001], [-0.033353796999904, 10.3550008930001], [-0.033489886999973, 10.3550977590001], [-0.033701483999891, 10.3550791030002], [-0.033935110999948, 10.355137679], [-0.03404893499993, 10.3552344780001], [-0.034116777999884, 10.3553490530001], [-0.034184620999895, 10.3554636270002], [-0.034279930999958, 10.3561528970002], [-0.034373925999944, 10.35636263], [-0.03449047499987, 10.3564787280001], [-0.034721259999969, 10.3565565860001], [-0.034935117999908, 10.356708804], [-0.035021079999922, 10.3568151650001], [-0.035107040999947, 10.3569215260001], [-0.035242374999939, 10.3572664230001], [-0.035472933999927, 10.3574186910001], [-0.035589953999931, 10.357380458], [-0.035782472999927, 10.3572294580002], [-0.036151463999943, 10.356712448], [-0.03638787999995, 10.3565993300001], [-0.036616755999944, 10.356562264], [-0.037078681999901, 10.356602229], [-0.037195672999815, 10.3565736420001], [-0.037312663999899, 10.356545054], [-0.037426959999948, 10.3564875210001], [-0.037432971999976, 10.356341474], [-0.037523921999878, 10.356114729], [-0.037578084999836, 10.3560020520001], [-0.037860780999949, 10.3557033770001], [-0.037999875999901, 10.3557285950001], [-0.038116668999976, 10.3557647710001], [-0.038183251999897, 10.3558366250001], [-0.03829956699991, 10.3560298870001], [-0.038357723999923, 10.3561265190001], [-0.038415881999867, 10.3562231500001], [-0.03843326599997, 10.3569121870001], [-0.038573926999959, 10.3573370210001], [-0.038721111999905, 10.3574476980001], [-0.038952017999918, 10.3574869710001], [-0.039183451999975, 10.3573526210001], [-0.039281507999931, 10.3571434620002], [-0.039253105999933, 10.3564158090001], [-0.03972542799994, 10.3564224950001], [-0.040057156999978, 10.3565339580002], [-0.04017405999997, 10.3565343070001], [-0.040483720999816, 10.356303731], [-0.040600278999932, 10.3559595850002], [-0.040716836999934, 10.3556154410001], [-0.040988124999899, 10.3551890780001], [-0.040989028999945, 10.3548914390001], [-0.04112594299994, 10.3547182230001], [-0.041493809999906, 10.354567742], [-0.041664931999946, 10.3550450290002], [-0.041839699999912, 10.3552384650002], [-0.041953710999962, 10.3552746310002], [-0.042477506999944, 10.355105321], [-0.042737553999871, 10.3551939920001], [-0.04315357899992, 10.3552037880001], [-0.043155491999812, 10.3545726850002], [-0.043443407999916, 10.3541684170001], [-0.043679293999901, 10.3544006160001], [-0.043753919999858, 10.3545744620001], [-0.043694950999964, 10.354745155], [-0.043694141999879, 10.3550124790002], [-0.043693330999815, 10.355279803], [-0.043738162999887, 10.355408285], [-0.044078244999866, 10.355934103], [-0.044512616999839, 10.355660958], [-0.044626799999946, 10.3556318890001], [-0.044822021999948, 10.3557351270001], [-0.044905165999978, 10.3558538790001], [-0.044977483999844, 10.3559712590001], [-0.045158598999819, 10.356082493], [-0.045277023999915, 10.3562242790001], [-0.045295815999964, 10.3564530770001], [-0.045236263999925, 10.356816685], [-0.045294427999863, 10.3569119370001], [-0.045352591999972, 10.35700719], [-0.04546647899997, 10.3570846940001], [-0.045853372999943, 10.3570858410001], [-0.046279867999942, 10.3568776530001], [-0.04651106599988, 10.3568204630002], [-0.046858875999874, 10.3568600760001], [-0.047144675999903, 10.3569760140002], [-0.047293813999829, 10.3570818390001], [-0.047381233999943, 10.357167532], [-0.047591042999898, 10.3577413890002], [-0.047824384999956, 10.3578964120001], [-0.048035691999928, 10.3579742030001], [-0.048227232999977, 10.3581456380001], [-0.048285335999878, 10.3582615600001], [-0.048304129999906, 10.3584903590001], [-0.048170625999887, 10.359074226], [-0.048167806999913, 10.359391149], [-0.047951984999941, 10.3598865800001], [-0.047912210999925, 10.3601537890001], [-0.047950480999873, 10.3603854010001], [-0.048066694999932, 10.360614489], [-0.048550873999829, 10.361141614], [-0.048604804999854, 10.361238923], [-0.048662941999964, 10.3613438200001], [-0.048932072999946, 10.361631234], [-0.049279712999919, 10.3617287200001], [-0.049745015999974, 10.3615757610002], [-0.049975867999876, 10.3616343180001], [-0.050439842999879, 10.3619223050001], [-0.050671100999921, 10.3618458210001], [-0.050904911999908, 10.3618465100001], [-0.050979890999884, 10.361904607], [-0.05109615799995, 10.362117157], [-0.051095121999936, 10.362461648], [-0.051210650999963, 10.3629194750001], [-0.051382761999946, 10.3630743160001], [-0.051557656999933, 10.3631134140001], [-0.052026355999885, 10.3628722720001], [-0.052909304999957, 10.3631421990001], [-0.053063713999904, 10.363167457], [-0.053219736999949, 10.3631183100002], [-0.053628008999965, 10.3628499080002], [-0.053799847999812, 10.36273694], [-0.05403377499988, 10.3626990440001], [-0.054326868999965, 10.3627967330001], [-0.054592698999954, 10.3628853350002], [-0.055134546999909, 10.3631402750001], [-0.055423792999875, 10.363276365], [-0.055539219999844, 10.36330564], [-0.055654647999972, 10.363334917], [-0.055771264999862, 10.3634317180001], [-0.056002293999882, 10.3634323950001], [-0.056233321999969, 10.3634330730002], [-0.056350343999895, 10.3633948340001], [-0.056626665999943, 10.3631420960002], [-0.05673930699993, 10.3627069870001], [-0.056720226999971, 10.3625718890002], [-0.056837758999905, 10.3623627820002], [-0.056971595999869, 10.3622860070001], [-0.057069074999959, 10.362267001], [-0.057185922999849, 10.362286635], [-0.057553793999887, 10.3621361360001], [-0.057668944999932, 10.3617919790001], [-0.058017905999918, 10.3614485070001], [-0.058948954999948, 10.360990988], [-0.059161976999917, 10.360845114], [-0.059646247999922, 10.3605134900001], [-0.059886849999941, 10.3604553640001], [-0.060511203999909, 10.3604001140001], [-0.060690437999824, 10.3603842540001], [-0.061039164999897, 10.3601179450001], [-0.061153974999968, 10.359886779], [-0.061350521999884, 10.359314114], [-0.061445445999937, 10.359217932], [-0.06164057399991, 10.3591220430002], [-0.062007987999948, 10.3591231140002], [-0.062122445999933, 10.3590104540001], [-0.062122961999933, 10.3588368300001], [-0.061970552999867, 10.3586076420002], [-0.061971068999981, 10.3584340190001], [-0.062010372999964, 10.3583211390002], [-0.062110871999948, 10.358222218], [-0.062419039999952, 10.358170983], [-0.062712526999974, 10.358077904], [-0.062861423999948, 10.357615337], [-0.063049845999899, 10.357433992], [-0.063154321999946, 10.357401226], [-0.063318462999916, 10.3574292630001], [-0.06348260399983, 10.3574572990001], [-0.063693726999873, 10.3575984680002], [-0.064088973999901, 10.3575996160001], [-0.06438825399988, 10.357332051], [-0.064728078999963, 10.357028236], [-0.064856172999953, 10.3570093160001], [-0.064970236999898, 10.357028939], [-0.065337200999977, 10.3571815820001], [-0.065434734999883, 10.3571432820002], [-0.065627240999902, 10.3569922630002], [-0.065783796999881, 10.356761217], [-0.066015155999935, 10.3566488940001], [-0.066151323999918, 10.3567237000001], [-0.06618994899992, 10.3568395620001], [-0.066287140999975, 10.3569170110002], [-0.066517936999958, 10.356994847], [-0.066748904999884, 10.357014808], [-0.066885129999889, 10.3570703230001], [-0.066962723999893, 10.3571862970001], [-0.067036857999938, 10.3575310070001], [-0.067412026999875, 10.357733279], [-0.068199521999929, 10.3566474570001], [-0.068331526999941, 10.3564654450001], [-0.068627310999887, 10.3562155080001], [-0.068666838999945, 10.3560254610001], [-0.068628177999869, 10.3559215060001], [-0.068629335999958, 10.3555292810001], [-0.069117546999962, 10.3551531260001], [-0.069366814999967, 10.3546302140001], [-0.069559438999931, 10.354437853], [-0.069790631999865, 10.354380646], [-0.07003951899992, 10.354458532], [-0.070317689999968, 10.3545172100001], [-0.070405877999974, 10.3543438400001], [-0.070203647999847, 10.3540180530001], [-0.070262317999891, 10.353943811], [-0.070377776999862, 10.353962058], [-0.070493234999901, 10.353980305], [-0.070951482999817, 10.354326123], [-0.071299068999963, 10.3544428750001], [-0.071376720999979, 10.3545395580002], [-0.071434498999963, 10.354768469], [-0.071277614999872, 10.3551125130001], [-0.071104360999925, 10.355343513], [-0.071103225999934, 10.3557293450001], [-0.071509507999963, 10.355763588], [-0.072166897999921, 10.3555946130002], [-0.072553849999963, 10.3555764370001], [-0.072785157999931, 10.3554806440001], [-0.073114385999872, 10.3552142630002], [-0.073780131999911, 10.3550425540001], [-0.073927984999955, 10.3549299850001], [-0.074081694999904, 10.354718218], [-0.074277090999885, 10.3545286180002], [-0.074391380999941, 10.3544710710001], [-0.074625300999855, 10.3544331600001], [-0.074863197999889, 10.3544373290002], [-0.075029663999828, 10.3544402470001], [-0.075515853999889, 10.3544487670001], [-0.075941797999974, 10.354456232], [-0.076033812999867, 10.354401377], [-0.07607020699993, 10.3543298260001], [-0.075633920999906, 10.3531352420002], [-0.075648725999883, 10.3528321280001], [-0.075778956999898, 10.3520828800001], [-0.076016577999951, 10.3517307980001], [-0.076091872999939, 10.3516814070001], [-0.076548023999976, 10.3508421450001], [-0.076760068999931, 10.3506691270001], [-0.077224949999902, 10.3506511670001], [-0.077462883999885, 10.3505705550002], [-0.077960895999979, 10.350264683], [-0.078270004999979, 10.3502132040002], [-0.078541773999973, 10.350080318], [-0.07881354299991, 10.34994743], [-0.078966628999979, 10.3499478690001], [-0.079431002999911, 10.3501035300001], [-0.079800983999974, 10.3500972260002], [-0.08001016999998, 10.350028017], [-0.080127296999876, 10.3499511850001], [-0.080230722999943, 10.3497999020001], [-0.080282107999892, 10.3493590930001], [-0.08038013599986, 10.3491499200001], [-0.080621415999929, 10.3489721600001], [-0.080727456999909, 10.348945995], [-0.080940595999948, 10.3488070230001], [-0.081188980999968, 10.3487392500001], [-0.081727518999969, 10.3483559100001], [-0.081813190999924, 10.3483272160001], [-0.081891069999926, 10.3483467300001], [-0.081828184999949, 10.3489142810001], [-0.082527787999936, 10.3485800450001], [-0.082615379999879, 10.3486092320001], [-0.082758806999948, 10.3485807040001], [-0.082915114999878, 10.3484295700002], [-0.082935271999872, 10.3481981260001], [-0.082800213999974, 10.3477402500002], [-0.08270341399998, 10.3475277650001], [-0.082680238999899, 10.3473609630001], [-0.082657064999978, 10.347194161], [-0.082957810999972, 10.3471454090001], [-0.083072088999927, 10.3470906150002], [-0.083130762999872, 10.3470136140001], [-0.083170401999951, 10.3467822260001], [-0.083143620999977, 10.3465292600002], [-0.082999832999974, 10.3460927480001], [-0.083002496999939, 10.3451750170001], [-0.083020892999969, 10.345070342], [-0.083039287999952, 10.3449656680001], [-0.083274479999886, 10.3444867980001], [-0.083545181999966, 10.3442395300001], [-0.083660886999951, 10.344172338], [-0.083776590999946, 10.3441051450001], [-0.084241844999895, 10.343954889], [-0.084590207999952, 10.3438015440001], [-0.084794653999893, 10.343634235], [-0.084938785999896, 10.3435737880001], [-0.085151371999928, 10.343210604], [-0.085173245999954, 10.3423183470002], [-0.085232295999958, 10.3421773430001], [-0.085446495999918, 10.3419774540001], [-0.085610134999968, 10.3419560000002], [-0.085725580999906, 10.3419582650001], [-0.085864649999962, 10.3419917300001], [-0.085987131999957, 10.3419865660002], [-0.086102746999927, 10.3419496880002], [-0.086218361999897, 10.3419128100001], [-0.086293685999919, 10.3418523920001], [-0.086547867999911, 10.3415416870001], [-0.086634261999961, 10.341503349], [-0.086973329999864, 10.3413925030001], [-0.087044035999952, 10.3412867870001], [-0.087089643999889, 10.3409148600002], [-0.087226287999897, 10.3408242990002], [-0.087460140999895, 10.3408056690001], [-0.088073928999961, 10.340858471], [-0.088155799999925, 10.340865513], [-0.088504101999945, 10.340731455], [-0.088596188999929, 10.3406490360002], [-0.088953690999915, 10.3402201150001], [-0.089045674999909, 10.340173523], [-0.089324075999855, 10.340149506], [-0.089549324999837, 10.340219041], [-0.089879524999958, 10.3401972720001], [-0.089985005999893, 10.3401871990001], [-0.090078000999881, 10.340272897], [-0.090088237999908, 10.3405843510001], [-0.090146400999856, 10.34068373], [-0.090282576999925, 10.340755771], [-0.090396692999946, 10.3407560920002], [-0.090725442999883, 10.3405049710001], [-0.090979559999937, 10.3403553640001], [-0.091093619999867, 10.3403749770001], [-0.091326918999926, 10.340549261], [-0.091412421999962, 10.34057844], [-0.091674941999941, 10.340511658], [-0.092082024999968, 10.3402620100001], [-0.092255570999953, 10.340254254], [-0.092465898999933, 10.340340258], [-0.092793424999911, 10.340559312], [-0.093093733999979, 10.3407601640001], [-0.093767305999961, 10.3407545600001], [-0.09397792999988, 10.3410720890001], [-0.094335170999955, 10.3408666370001], [-0.09453296099997, 10.3406712760001], [-0.094700211999964, 10.3405835540001], [-0.094964688999823, 10.3405622480001], [-0.095229165999854, 10.340540943], [-0.095811972999911, 10.3401594960002], [-0.095986094999944, 10.3401021090002], [-0.096160215999873, 10.3400447220001], [-0.096391119999964, 10.340083953], [-0.096816311999817, 10.3403138900002], [-0.097102085999836, 10.340310925], [-0.09731746499989, 10.3402601740002], [-0.097551261999968, 10.3402608290001], [-0.097973954999929, 10.3404166080001], [-0.0980711979999, 10.3404524460001], [-0.098360936999882, 10.3403567970001], [-0.098556199999962, 10.3402057640001], [-0.098709776999897, 10.340032567], [-0.098826785999961, 10.3399943100002], [-0.099057579999965, 10.340072122], [-0.099290936999921, 10.3402271090002], [-0.099521739999943, 10.3403021660001], [-0.100178545999938, 10.3403232910001], [-0.100660065999875, 10.3402065930001], [-0.100796870999829, 10.340173437], [-0.10091371499982, 10.340193055], [-0.101039283999967, 10.3402600530001], [-0.101144243999954, 10.340364569], [-0.101143914999966, 10.3404803190002], [-0.101068114999975, 10.3407088550001], [-0.100872733999893, 10.3409012280001], [-0.100293098999884, 10.34114765], [-0.100081080999928, 10.3413179290002], [-0.100022356999943, 10.3414142250002], [-0.099982730999955, 10.3416456170001], [-0.100015316999929, 10.341720546], [-0.100173531999928, 10.342084351], [-0.100482191999902, 10.3421871840001], [-0.100481171999888, 10.3425454590001], [-0.100441874999945, 10.3426611], [-0.100480520999952, 10.342774204], [-0.100558233999891, 10.342851588], [-0.100673659999927, 10.3428808480001], [-0.100781045999952, 10.34290807], [-0.100917605999939, 10.3428835760001], [-0.101405188999877, 10.342564572], [-0.101606539999921, 10.3428054520001], [-0.101832372999979, 10.3430756190002], [-0.102052255999979, 10.343076233], [-0.102236370999833, 10.3429306780001], [-0.103839750999953, 10.3431179470001], [-0.103962324999884, 10.343132263], [-0.108424516999889, 10.3436533860001], [-0.10881935499998, 10.343795034], [-0.109222776999957, 10.3438540240002], [-0.109639800999901, 10.3440246700001], [-0.110031977999938, 10.3441851470001], [-0.111074445999861, 10.3445839620002], [-0.111438771999872, 10.3446896940002], [-0.111788755999896, 10.344791265], [-0.111892363999857, 10.344794075], [-0.112265155999978, 10.3447884310001], [-0.112821349999876, 10.3446629540001], [-0.113195299999916, 10.3446118520001], [-0.114216450999947, 10.3447359240001], [-0.114925056999937, 10.3448645460001], [-0.115068370999893, 10.34486431], [-0.115572125999961, 10.3448360130001], [-0.116130713999951, 10.3447674950002], [-0.116303838999897, 10.3447885070001], [-0.116358858999945, 10.34502016], [-0.116497355999911, 10.3452603120002], [-0.116722723999942, 10.3452912450001], [-0.11693068999989, 10.3453197910002], [-0.117325037999933, 10.3453948680001], [-0.11770198399995, 10.345467555], [-0.118500186999825, 10.3456929760001], [-0.119946655999968, 10.346013869], [-0.120847463999951, 10.3463773630001], [-0.121194802999923, 10.346587766], [-0.121733077999977, 10.3472010660001], [-0.122168529999954, 10.3477562080001], [-0.122746510999889, 10.348105038], [-0.123336291999919, 10.3482141270001], [-0.123649304999958, 10.3482576970001], [-0.123962318999929, 10.3483012660001], [-0.124390731999938, 10.34838511], [-0.124785523999947, 10.348548787], [-0.125166467999918, 10.3487195090001], [-0.125703056999896, 10.3489599850001], [-0.12580021399998, 10.349003526], [-0.12675920099997, 10.3494718910002], [-0.127092158999915, 10.349853122], [-0.129884668999978, 10.350313779], [-0.130255539999894, 10.3503550020002], [-0.130361071999914, 10.3504421010002], [-0.130466601999956, 10.3505292], [-0.130814112999929, 10.3506817190001], [-0.131567047999965, 10.351182586], [-0.131742403999908, 10.351183059], [-0.132090968999876, 10.350952494], [-0.132322302999853, 10.3508401210001], [-0.132553379999877, 10.3508214510001], [-0.132900998999958, 10.350935384], [-0.133056446999944, 10.3510901380001], [-0.133192258999884, 10.3512999600002], [-0.133403217999955, 10.35151274], [-0.133461359999956, 10.3516258930001], [-0.13348020799998, 10.3518574480001], [-0.133362358999932, 10.3522016310001], [-0.133342246999973, 10.3524303260001], [-0.133439038999882, 10.3526593350001], [-0.133554366999931, 10.3527271670001], [-0.133662299999969, 10.352790651], [-0.134017677999964, 10.3527766430001], [-0.134154543999841, 10.352793956], [-0.134559874999979, 10.3529875570001], [-0.134712963999959, 10.3529879690001], [-0.13482996699986, 10.352952455], [-0.135276208999926, 10.3526284450001], [-0.135668854999892, 10.352563355], [-0.13568365499998, 10.3527494250001], [-0.135698454999954, 10.3529354950001], [-0.135627668999973, 10.3533735100002], [-0.135677348999877, 10.3535279800001], [-0.135988469999972, 10.353757563], [-0.136566898999945, 10.3539520350001], [-0.136953368999968, 10.3539551310001], [-0.137462324999944, 10.3538762850001], [-0.137789845999976, 10.353823953], [-0.137895612999955, 10.3538053310001], [-0.138427951999915, 10.353806675], [-0.13859771999995, 10.3538513670002], [-0.138771554999948, 10.3539000630001], [-0.139002219999838, 10.3540329680002], [-0.139233141999853, 10.3540721690001], [-0.139443417999928, 10.354055385], [-0.1398307259999, 10.353962086], [-0.140012459999923, 10.3539557870001], [-0.140511109999977, 10.353943294], [-0.140741926999965, 10.3540210790002], [-0.140972593999891, 10.3541539830002], [-0.141319274999887, 10.3546151610001], [-0.141551487999891, 10.3546915700002], [-0.141783700999952, 10.3547679800001], [-0.142362811999874, 10.3547144020001], [-0.142944510999882, 10.354732488], [-0.143292182999971, 10.3548298730001], [-0.143483718999903, 10.3550233030002], [-0.143619539999975, 10.3552331210001], [-0.143850149999935, 10.355388072], [-0.144024042999945, 10.3554160940001], [-0.144197934999966, 10.3554441160001], [-0.144428648999849, 10.3555604820001], [-0.144545293999897, 10.3556572520001], [-0.144717248999939, 10.355886458], [-0.144864512999959, 10.3559833100001], [-0.145027856999945, 10.3563089530001], [-0.145499518999884, 10.3568751880002], [-0.145624648999956, 10.3569223720002], [-0.145855156999914, 10.3571159040002], [-0.146202630999881, 10.3572876990001], [-0.146433555999977, 10.3573268960001], [-0.146898398999895, 10.3573281280002], [-0.147129532999941, 10.357290156], [-0.147477000999913, 10.357464705], [-0.147651795999877, 10.3576746260001], [-0.14772911499989, 10.3579035790001], [-0.147821267999973, 10.3588243320002], [-0.14783915299995, 10.3594169220002], [-0.147988005999935, 10.3598626990002], [-0.148033615999964, 10.3599574260001], [-0.148098926999864, 10.360048954], [-0.148156608999841, 10.3601142760001], [-0.148264909999909, 10.3602328630001], [-0.148596058999942, 10.360373038], [-0.148742803999937, 10.3604297840001], [-0.149453571999857, 10.3606698450002], [-0.15047855499995, 10.3612566500001], [-0.150977975999865, 10.3613406480002], [-0.151477396999951, 10.361424646], [-0.152125574999957, 10.3619408660001], [-0.152354956999943, 10.362184864], [-0.153049605999854, 10.3626469470001], [-0.153630907999968, 10.3628193500001], [-0.153888348999885, 10.3628338070001], [-0.154144047999978, 10.362846742], [-0.154275338999923, 10.362805886], [-0.154404888999977, 10.362763509], [-0.154519264999863, 10.3626701050001], [-0.154695655999888, 10.3622874820002], [-0.154560339999875, 10.3618847470001], [-0.154310848999955, 10.361501005], [-0.154214140999841, 10.3612334180002], [-0.154195277999975, 10.361001862], [-0.154312798999911, 10.3607734220001], [-0.154485938999926, 10.3605644190001], [-0.154720220999877, 10.3603914060001], [-0.154951407999931, 10.3603341360002], [-0.155182337999918, 10.3603733270002], [-0.155646565999973, 10.360606051], [-0.155907679999814, 10.360807925], [-0.156168793999939, 10.3610098000001], [-0.156765035999967, 10.3616913330001], [-0.157119873999932, 10.36209693], [-0.157388059999903, 10.3624034800002], [-0.157459153999923, 10.3625041870001], [-0.157458233999932, 10.3628486870002], [-0.157239408999942, 10.3634875100001], [-0.157617650999896, 10.363608388], [-0.157995894999942, 10.3637292650002], [-0.158209868999961, 10.3638648700001], [-0.158342919999939, 10.3640746750002], [-0.158399837999866, 10.364650833], [-0.158446764999951, 10.3647984030002], [-0.158493691999979, 10.364945972], [-0.158696892999842, 10.3649465030002], [-0.158925144999898, 10.364947101], [-0.15910762999988, 10.364886945], [-0.159304265999936, 10.3648132680001], [-0.159622955999907, 10.36455356], [-0.159753075999902, 10.3644945210001], [-0.160184133999962, 10.364855618], [-0.161663927999939, 10.3660952420001], [-0.161875127999906, 10.3662280820001], [-0.162053905999869, 10.3664219950001], [-0.162397218999956, 10.3666896980001], [-0.162627897999926, 10.3668253440001], [-0.162858737999954, 10.3669003570002], [-0.163245579999966, 10.366930301], [-0.163632421999978, 10.3669602460001], [-0.164406595999935, 10.3668354810001], [-0.165092598999934, 10.366563199], [-0.165487464999899, 10.3664064720001], [-0.165682827999944, 10.3663289300001], [-0.165878022999891, 10.3661999030001], [-0.16610925699996, 10.36612609], [-0.166341082999963, 10.366139898], [-0.166763477999893, 10.3661980410001], [-0.166895232999877, 10.3662741950001], [-0.166996614999903, 10.3663571390002], [-0.166996010999867, 10.366585888], [-0.166805241999953, 10.3671476230001], [-0.167189042999951, 10.367275394], [-0.167631634999964, 10.367276539], [-0.167806388999963, 10.3675084980001], [-0.167903262999971, 10.3677182070002], [-0.167977612999891, 10.368024318], [-0.1679102679999, 10.3682280900002], [-0.167629611999871, 10.368574246], [-0.167572170999904, 10.3687122750002], [-0.167666260999965, 10.3689219770001], [-0.167839998999966, 10.3690765590001], [-0.167914711999913, 10.3691140660001], [-0.168447327999957, 10.3693511810001], [-0.168587351999975, 10.3695596230001], [-0.168727374999946, 10.3697680660001], [-0.169567065999956, 10.37058626], [-0.170481631999962, 10.371668743], [-0.17059799399982, 10.3718785], [-0.170655847999967, 10.3721074000002], [-0.170749932999968, 10.372319857], [-0.170885729999895, 10.372548957], [-0.171203902999935, 10.3727606130001], [-0.171522074999871, 10.3729722700001], [-0.17162978999994, 10.3732950030001], [-0.172259875999941, 10.3739828770002], [-0.172503390999907, 10.374534709], [-0.172511082999904, 10.3747855280001], [-0.172605372999897, 10.374920816], [-0.172696875999918, 10.37513683], [-0.172762757999976, 10.3752157240001], [-0.172859059999951, 10.3753310440001], [-0.172914776999846, 10.3754167500001], [-0.172968501999947, 10.3755046510001], [-0.173065514999962, 10.375663372], [-0.173064776999979, 10.375944484], [-0.173100407999925, 10.37615679], [-0.173258339999848, 10.376438312], [-0.173623856999882, 10.3767067550001], [-0.174072007999939, 10.3768568990001], [-0.174423460999947, 10.3769299310001], [-0.174629437999954, 10.37705447], [-0.174954742999944, 10.3772511580001], [-0.175151747999905, 10.3774756950002], [-0.175448293999921, 10.377813685], [-0.175577562999877, 10.3778801610001], [-0.175706830999843, 10.3779466380001], [-0.175891016999969, 10.3777764030002], [-0.176000121999948, 10.377564301], [-0.176017421999973, 10.377335596], [-0.175865826999939, 10.3767591960001], [-0.175768692999895, 10.3766459500002], [-0.175691305999976, 10.3764335380002], [-0.175692524999818, 10.3759677710001], [-0.176196153999911, 10.376051744], [-0.176680059999967, 10.3762266140001], [-0.176998395999931, 10.3761526890001], [-0.177350085999933, 10.375964873], [-0.177549769999928, 10.375768584], [-0.177598782999951, 10.375654334], [-0.17764779599986, 10.3755400840001], [-0.177646896999875, 10.3748180010002], [-0.177742519999867, 10.374443426], [-0.177840249999974, 10.374327922], [-0.178071645999921, 10.374193469], [-0.178305674999933, 10.3741168980002], [-0.179065255999888, 10.3739939960001], [-0.179580786999907, 10.3740457430001], [-0.180045264999876, 10.3741985090001], [-0.180275957999868, 10.374334144], [-0.180392570999857, 10.3744501940002], [-0.18051180599997, 10.3746282630001], [-0.180770881999877, 10.375089181], [-0.180819298999893, 10.3752036790001], [-0.180857334999928, 10.3755636120001], [-0.180855883999925, 10.3761215320001], [-0.180736875999912, 10.3769259900001], [-0.180736280999952, 10.377154739], [-0.180677271999969, 10.377366803], [-0.180647620999821, 10.3780640040001], [-0.180697559999942, 10.3781282090001], [-0.180723648999958, 10.378265388], [-0.180733090999979, 10.3783811650001], [-0.180810439999959, 10.378610113], [-0.181086064999931, 10.3789843890001], [-0.181290329999968, 10.3792617600001], [-0.181523659999925, 10.379455277], [-0.181773298999872, 10.3798004180001], [-0.181753365999896, 10.3799726180001], [-0.18173343199993, 10.380144819], [-0.181576353999901, 10.380601921], [-0.181559049999976, 10.3808333840001], [-0.181633616999932, 10.381062324], [-0.181730745999971, 10.3811783260002], [-0.181996568999978, 10.381353909], [-0.18221740499996, 10.3813697310001], [-0.182522547999952, 10.381245108], [-0.182827691999876, 10.3811204850001], [-0.18300569299987, 10.3811815700001], [-0.183122165999919, 10.3813527400001], [-0.183121422999932, 10.381639367], [-0.182984518999888, 10.3818319400001], [-0.182753268999932, 10.3819085210001], [-0.182502732999922, 10.3819078840002], [-0.182106890999933, 10.3821190900001], [-0.182265020999978, 10.3823289510001], [-0.182423148999931, 10.3825388120001], [-0.18277057399996, 10.3827491560001], [-0.183302322999907, 10.3827424620001], [-0.184045577999939, 10.3827331050001], [-0.184142929999894, 10.3827636690002], [-0.184240281999962, 10.3827942320001], [-0.184301316999949, 10.3828743120002], [-0.184351946999868, 10.3829491440001], [-0.18435829699996, 10.3830588540002], [-0.184320028999934, 10.38317339], [-0.184278068999902, 10.3832518300001], [-0.183920841999907, 10.3836009380001], [-0.183624332999898, 10.3841477170001], [-0.183481919999849, 10.3843219030001], [-0.183249204999868, 10.384426041], [-0.183038803999978, 10.3845201920001], [-0.182785286999945, 10.3845874670001], [-0.182436823999979, 10.384776746], [-0.181836724999869, 10.3853870570002], [-0.181421226999873, 10.3856616010002], [-0.181292692999875, 10.385845928], [-0.181100361999881, 10.3859418980002], [-0.181021569999928, 10.3862669090001], [-0.180923642999915, 10.386456825], [-0.180789756999957, 10.386558456], [-0.180492326999911, 10.3866080790001], [-0.180246583999917, 10.3866866040001], [-0.180150269999956, 10.3867910870002], [-0.180078034999951, 10.3868694490001], [-0.180014337999978, 10.3871435120001], [-0.180091680999908, 10.3873752160001], [-0.180090286999871, 10.3879098820001], [-0.17995357999996, 10.3880252870001], [-0.179914010999937, 10.3882539360001], [-0.179972046999978, 10.3884166900001], [-0.180030081999973, 10.3885794440001], [-0.180068458999926, 10.388808292], [-0.179931600999907, 10.388981573], [-0.179700243999946, 10.3890967350001], [-0.179485395999848, 10.389286351], [-0.17943757199987, 10.3894777740001], [-0.179389746999902, 10.3896691960002], [-0.179392062999852, 10.3899247950001], [-0.179434004999962, 10.3903114630001], [-0.179478859999904, 10.3907249820001], [-0.179559759999961, 10.3909758190002], [-0.179676362999942, 10.3913373550001], [-0.179743963999897, 10.391546957], [-0.180154373999926, 10.3921598450001], [-0.18053463699988, 10.3925907560001], [-0.180811297999924, 10.3932529100001], [-0.18100283699988, 10.3934628570001], [-0.181217647999972, 10.393587516], [-0.181815120999943, 10.3936936800001], [-0.182118136999975, 10.393857059], [-0.182478910999976, 10.394290675], [-0.182740148999926, 10.3944622140001], [-0.182914434999873, 10.3948843310001], [-0.182894352999881, 10.395113031], [-0.18292994199993, 10.3953446280001], [-0.183007595999925, 10.3954578230001], [-0.182968421999817, 10.395534892], [-0.183007094999823, 10.395650744], [-0.182715334999841, 10.3965112600002], [-0.18242117199992, 10.3973859150001], [-0.182355720999908, 10.3977712280001], [-0.181955582999933, 10.398555676], [-0.181935399999873, 10.398822959], [-0.181964181999945, 10.3989952850001], [-0.181992964999949, 10.3991676110001], [-0.18210899099995, 10.3995124100001], [-0.182242065999958, 10.3997249640001], [-0.182480089999899, 10.4002602410001], [-0.182627062999927, 10.4004810970001], [-0.182741174999933, 10.4007913500001], [-0.183084955999959, 10.4017260500001], [-0.183376747999944, 10.4023116340001], [-0.18366478199988, 10.4028870000001], [-0.184358379999878, 10.4038065230001], [-0.184938632999945, 10.4044198380001], [-0.185101660999919, 10.4046800670001], [-0.185170014999812, 10.404864309], [-0.185293056999967, 10.405219868], [-0.185303725999972, 10.4053412800001], [-0.185339723999903, 10.4054157850002], [-0.185392106999871, 10.4061097280001], [-0.185421171999963, 10.40649476], [-0.185451644999944, 10.4069099220001], [-0.18547977299994, 10.4072931420002], [-0.185491531999958, 10.4073703120002], [-0.185700358999895, 10.4078800880001], [-0.18574683199995, 10.4080787180001], [-0.185817721999911, 10.4084438560002], [-0.18657300599989, 10.408912979], [-0.187092819999918, 10.4091288720002], [-0.18781702299998, 10.4093003320002], [-0.188269276999904, 10.4094056850001], [-0.188491824999858, 10.4094723930001], [-0.188714372999868, 10.409539102], [-0.188919040999963, 10.4097535460002], [-0.189310751999926, 10.410383957], [-0.189502305999952, 10.4105939000001], [-0.189890923999883, 10.4108063960001], [-0.190452121999954, 10.4108327160001], [-0.190662492999934, 10.4108834610001], [-0.190893705999883, 10.4108289250001], [-0.191127512999969, 10.410848808], [-0.191213620999974, 10.4109248160001], [-0.191299729999912, 10.4110008240002], [-0.191357895999943, 10.4111167250001], [-0.191377092999915, 10.4112297700001], [-0.191425539999955, 10.4113360000002], [-0.191473985999949, 10.411442229], [-0.191531561999909, 10.4117868790001], [-0.19158694399988, 10.4119027720002], [-0.191742409999961, 10.4120740380001], [-0.192359472999954, 10.4124586830001], [-0.192593230999933, 10.4124978580001], [-0.193055674999925, 10.41238327], [-0.193289431999972, 10.4124224430001], [-0.193385307999904, 10.412490207], [-0.193481181999857, 10.4125579720001], [-0.193635107999967, 10.4127871100002], [-0.19376878199995, 10.412986101], [-0.193876555999964, 10.4130839910001], [-0.193964078999841, 10.413151735], [-0.19407959199998, 10.4131616710002], [-0.19419510299997, 10.413171608], [-0.194543401999965, 10.413056731], [-0.194658963999871, 10.4130473750001], [-0.194774525999946, 10.4130380200002], [-0.19492752899987, 10.4130638020001], [-0.195248833999926, 10.413182526], [-0.195418708999853, 10.413245295], [-0.195586773999878, 10.4133073960001], [-0.195906322999974, 10.413547974], [-0.196183376999954, 10.4140750720002], [-0.19631934899985, 10.414249044], [-0.196416641999974, 10.4143071650001], [-0.196530300999882, 10.4144976170001], [-0.196375414999977, 10.4151862370002], [-0.196404377999954, 10.4152910390001], [-0.196433342999967, 10.4153958410001], [-0.196711862999905, 10.4158953820001], [-0.196990381999967, 10.4163949240001], [-0.197181310999952, 10.416852905], [-0.197327256999927, 10.417052621], [-0.197644288999868, 10.4176202430001], [-0.197819197999934, 10.4178108490001], [-0.19785479899997, 10.4180424450001], [-0.197739771999977, 10.4183866610001], [-0.197719993999897, 10.418499609], [-0.197739186999911, 10.4186154100001], [-0.197930941999971, 10.4187509360002], [-0.198047823999957, 10.4187705220002], [-0.198164704999954, 10.4187901070001], [-0.198345352999979, 10.4189145810001], [-0.198606056999949, 10.419306591], [-0.198839721999946, 10.4193843460001], [-0.199379607999902, 10.4194738890002], [-0.199378468999896, 10.4199203640001], [-0.199456225999938, 10.4199977280001], [-0.199803939999867, 10.4201143510001], [-0.19991779999998, 10.420227633], [-0.199956284999928, 10.4204206520001], [-0.199724326999956, 10.4207645760001], [-0.199665522999965, 10.4208967190002], [-0.199723397999946, 10.4211283720001], [-0.199877500999889, 10.4212913630001], [-0.200031602999957, 10.4214543550001], [-0.200208197999928, 10.4220776600001], [-0.20052377899998, 10.4227867500001], [-0.201301356999863, 10.4235631390001], [-0.201310686999932, 10.423725768], [-0.201320016999887, 10.4238883980001], [-0.201283240999942, 10.424117058], [-0.201298821999899, 10.4245580620001], [-0.201539833999959, 10.4250327030001], [-0.201702336999972, 10.425724874], [-0.201879911999924, 10.4258662280002], [-0.202127705999942, 10.425962954], [-0.202358578999849, 10.4260462110001], [-0.202947477999885, 10.4265740820001], [-0.203111602999968, 10.4266296120001], [-0.203345666999894, 10.426553026], [-0.20346011099997, 10.4264375570001], [-0.20367467899996, 10.4263636780001], [-0.203905573999862, 10.4264386660001], [-0.204664316999924, 10.426964201], [-0.205161715999964, 10.427527808], [-0.205642171999841, 10.4278210030002], [-0.205822698999953, 10.4279849910001], [-0.205986422999899, 10.4282104600002], [-0.20657259699982, 10.4287190260001], [-0.206688987999939, 10.4289342850001], [-0.206604248999952, 10.429413626], [-0.206506223999838, 10.4296421350001], [-0.206449667999948, 10.4299864990001], [-0.206449038999892, 10.4302345410001], [-0.206647197999928, 10.43063059], [-0.20688002199995, 10.431095924], [-0.206965288999868, 10.4316083620001], [-0.207101453999883, 10.432074439], [-0.207215075999954, 10.4322841800001], [-0.207370673999947, 10.4324099650001], [-0.207526271999939, 10.432535751], [-0.207757164999975, 10.4326134920001], [-0.208336236999969, 10.4326314630001], [-0.208570012999871, 10.4326706260001], [-0.208800857999961, 10.4327676580001], [-0.209281459999943, 10.4331905220001], [-0.209852768999951, 10.4340793800001], [-0.210536546999947, 10.4345330610001], [-0.211173508999934, 10.4347826770001], [-0.211404210999888, 10.4349375840001], [-0.211598627999933, 10.4351282310001], [-0.212122234999811, 10.4358987870001], [-0.212380888999974, 10.436279429], [-0.21255911999998, 10.4373712620002], [-0.212748973999965, 10.438270199], [-0.212803515999951, 10.438725081], [-0.212774653999872, 10.4393750780001], [-0.212729730999968, 10.4403867930002], [-0.212647134999884, 10.4411224520001], [-0.212666574999901, 10.4413448840002], [-0.21270478699995, 10.441447807], [-0.212704211999892, 10.4416765570002], [-0.212664697999912, 10.4418886750001], [-0.212662097999896, 10.4429221840001], [-0.212524661999964, 10.4433214710002], [-0.21194431999993, 10.443799592], [-0.211496803999921, 10.444603251], [-0.211417494999921, 10.445137727], [-0.211436550999906, 10.4453100270001], [-0.211455607999881, 10.4454823260002], [-0.21141633499991, 10.4455979830001], [-0.21114533899987, 10.4459611110001], [-0.211086291999891, 10.4461897160001], [-0.211105496999949, 10.4463027610001], [-0.21149682999993, 10.4468025710001], [-0.21179804999997, 10.4477045400002], [-0.211973033999811, 10.447875847], [-0.212105716999929, 10.4482592640001], [-0.212124630999938, 10.448488062], [-0.212065868999957, 10.4486036710001], [-0.211873310999977, 10.4487768260001], [-0.211641972999928, 10.44886996], [-0.211388013999965, 10.4491008400001], [-0.211292623999896, 10.449387233], [-0.21127286899997, 10.449491913], [-0.211253113999931, 10.4495965940001], [-0.211308775999896, 10.4502175640001], [-0.211320818999923, 10.4503519170001], [-0.211289196999871, 10.4507459520001], [-0.2114417599999, 10.4509750800001], [-0.211558460999868, 10.4510718300001], [-0.211538241999961, 10.4513609930001], [-0.211428641999873, 10.4517605190001], [-0.211480055999971, 10.452072657], [-0.211500150999939, 10.4521873970001], [-0.211593966999885, 10.4524499380001], [-0.211727089999954, 10.4526597250001], [-0.211795184999914, 10.4527081240001], [-0.211863279999875, 10.4527565230001], [-0.211980224999877, 10.4527568120001], [-0.212074990999895, 10.4527184610002], [-0.212269605999836, 10.452834695], [-0.212346992999926, 10.4530636370001], [-0.21253554599997, 10.4533755360001], [-0.212439057999916, 10.4540973800001], [-0.21245825699998, 10.4542131810001], [-0.212594164999871, 10.454422976], [-0.212738662999925, 10.4545390860001], [-0.21284121399998, 10.455279336], [-0.21294376599991, 10.4560195850001], [-0.213264606999928, 10.4568747490002], [-0.213417264999919, 10.4570680480001], [-0.21370842999994, 10.4575455610001], [-0.21397806799996, 10.4577253680001], [-0.214452560999973, 10.457827132], [-0.214575820999869, 10.458085126], [-0.214703502999953, 10.458245291], [-0.215059258999815, 10.4585052340001], [-0.215714221999917, 10.4593694860001], [-0.215674325999885, 10.4597331850001], [-0.215751715999886, 10.459962127], [-0.215672595999933, 10.460422191], [-0.215808508999885, 10.4606319850002], [-0.216191705999904, 10.4610546010002], [-0.216405196999972, 10.4614189230001], [-0.216403613999944, 10.4620500520002], [-0.21655159799991, 10.462728063], [-0.216574182999921, 10.462874528], [-0.216645891999974, 10.463148931], [-0.216717600999971, 10.4634233320001], [-0.216628144999959, 10.4635636710001], [-0.215972643999976, 10.4640195620001], [-0.215904132999924, 10.4641351470001], [-0.215838923999911, 10.4642451620001], [-0.215544269999953, 10.464952806], [-0.215522604999876, 10.4658181490001], [-0.215657022999892, 10.4666232430001], [-0.215636665999966, 10.4669676980001], [-0.215555063999886, 10.4673064900001], [-0.215501797999934, 10.467449674], [-0.21551824099987, 10.467554443], [-0.215643101999888, 10.4677311370001], [-0.215662018999865, 10.4679350930001], [-0.215457973999946, 10.4682681090001], [-0.215421198999934, 10.4684967690001], [-0.215362481999932, 10.468593087], [-0.215224882999905, 10.4690530070001], [-0.215166120999868, 10.4691672370001], [-0.215107356999965, 10.4692814680001], [-0.214875804999906, 10.469454528], [-0.214560798999969, 10.4695943090001], [-0.214462972999968, 10.4697401390001], [-0.213810668999884, 10.470025157], [-0.213694915999895, 10.4701020410002], [-0.213579162999906, 10.470178924], [-0.212788319999959, 10.4701907520001], [-0.212529139999901, 10.4704655440001], [-0.212449601999879, 10.470553712], [-0.212357353999892, 10.4706954190001], [-0.212357718999954, 10.4708952330001], [-0.212499334999904, 10.4710526770002], [-0.212610319999953, 10.471210045], [-0.212802023999927, 10.4713813930002], [-0.213032945999942, 10.471459133], [-0.213216750999948, 10.4714499400001], [-0.213400555999954, 10.4714407480002], [-0.214072571999964, 10.4719167810001], [-0.21432649399992, 10.4720503410001], [-0.214637468999911, 10.472322976], [-0.214701031999937, 10.4725146770002], [-0.21476459399986, 10.472706379], [-0.214845426999887, 10.4732158850001], [-0.214924219999943, 10.473453659], [-0.214903521999872, 10.4739331590001], [-0.214776480999944, 10.4743022060002], [-0.214803508999978, 10.474947134], [-0.214744504999885, 10.4751564480001], [-0.214688618999958, 10.4752334790001], [-0.214473873999964, 10.4753652390001], [-0.214261563999969, 10.4756348060001], [-0.214202559999876, 10.4758441190001], [-0.214162416999955, 10.476304279], [-0.214083871999946, 10.4765328360002], [-0.213887216999922, 10.4769016000001], [-0.213308867999956, 10.4779861100001], [-0.213035399999967, 10.4782141850001], [-0.212820169999929, 10.4785361090001], [-0.212783176999949, 10.4788502060001], [-0.212746183999911, 10.4791643020001], [-0.212589549999905, 10.4794395180002], [-0.212221010999883, 10.4798216960002], [-0.211741444999916, 10.480811503], [-0.211635352999849, 10.4812726760001], [-0.211653729999966, 10.4817136870001], [-0.211760649999917, 10.4818283270002], [-0.211867568999878, 10.4819429680002], [-0.212746966999873, 10.48216287], [-0.213298437999867, 10.4821201380001], [-0.213747887999943, 10.4821963120002], [-0.214342055999964, 10.4823707590001], [-0.214533855999946, 10.482506278], [-0.214689219999912, 10.4827354120002], [-0.214879917999895, 10.483309138], [-0.21487962599997, 10.4834248910001], [-0.215072717999931, 10.484008197], [-0.215216439999949, 10.4845832580001], [-0.214881928999887, 10.484721612], [-0.214547417999938, 10.4848599660001], [-0.214354747999948, 10.48506895], [-0.214276192999932, 10.485300263], [-0.214275907999934, 10.4854132590002], [-0.214370002999885, 10.4856449980001], [-0.214408120999963, 10.485989597], [-0.214213085999972, 10.487135627], [-0.213902344999838, 10.487785282], [-0.213882267999963, 10.48801674], [-0.213823552999884, 10.4881103000001], [-0.213821054999926, 10.4883550020001], [-0.213703937999924, 10.489162809], [-0.213590643999964, 10.4895017980001], [-0.213432756999964, 10.4895838120001], [-0.212951049999901, 10.489563328], [-0.212755778999906, 10.4896978910001], [-0.212657638999872, 10.4899649830002], [-0.212810908999927, 10.4904724730001], [-0.212964276999912, 10.4909413780001], [-0.213119685999914, 10.4911539770001], [-0.213157800999966, 10.4914985760001], [-0.213329152999904, 10.492014378], [-0.213556930999857, 10.4922409370002], [-0.213619761999894, 10.4927233970001], [-0.213694371999964, 10.4929523330001], [-0.213691579999875, 10.4934225110001], [-0.213636645999884, 10.493756953], [-0.213499614999932, 10.493985364], [-0.213189726999929, 10.494293273], [-0.213072579999903, 10.494367396], [-0.212938374999908, 10.4945792780001], [-0.212946471999885, 10.494681272], [-0.21295456799993, 10.494783265], [-0.21332943799996, 10.4952086220001], [-0.213264128999867, 10.495707302], [-0.213300037999829, 10.4958231450001], [-0.213416705999975, 10.495939186], [-0.213647555999898, 10.4960527550001], [-0.213783522999961, 10.4962460140002], [-0.213821931999917, 10.4964748600001], [-0.213994051999975, 10.4966875000001], [-0.21421838699996, 10.497175872], [-0.214960262999966, 10.4978363980001], [-0.215112890999876, 10.4980489900001], [-0.215326166999944, 10.4985070180001], [-0.215364569999963, 10.4987386190001], [-0.215327450999894, 10.4991023240001], [-0.215319150999903, 10.4991836530002], [-0.215290331999938, 10.4994660290001], [-0.21524558699997, 10.4995403310002], [-0.215229218999923, 10.49963605], [-0.215206015999968, 10.4997717410001], [-0.215165922999915, 10.500303091], [-0.215145664999966, 10.5005749370002], [-0.215132750999942, 10.5010506970001], [-0.215124181999954, 10.5013758490002], [-0.215116106999972, 10.5017446210001], [-0.215138314999876, 10.502016563], [-0.215092183999957, 10.5021523930001], [-0.215113820999875, 10.5026509050002], [-0.215193777999843, 10.5027190750001], [-0.21529651599991, 10.5028326140002], [-0.215526520999845, 10.5029860670002], [-0.215807483999924, 10.5031080270001], [-0.215933519999965, 10.503132807], [-0.216375312999901, 10.5032196690001], [-0.216993934999948, 10.5030668570001], [-0.217150080999886, 10.5029900730001], [-0.21752712499989, 10.5028971030001], [-0.21770279499998, 10.5028990060002], [-0.217924312999969, 10.5029726880001], [-0.21854168099992, 10.5033187120001], [-0.219081939999853, 10.5033200400002], [-0.219237697999972, 10.5033975910001], [-0.219624699999883, 10.5034343710001], [-0.220319949999976, 10.5038191670002], [-0.220472730999973, 10.5039738800001], [-0.220618959999911, 10.5042625050001], [-0.220716616999937, 10.5044457610002], [-0.220651266999937, 10.5049637360001], [-0.220693792999896, 10.505218773], [-0.220736319999958, 10.5054738110001], [-0.22068523199988, 10.5058567740001], [-0.220829327999922, 10.506143756], [-0.221123342999931, 10.5066157590001], [-0.221122717999947, 10.5068651790002], [-0.221121424999922, 10.507381932], [-0.22100628499993, 10.5077647390002], [-0.221128004999969, 10.5080902500002], [-0.221066281999924, 10.5082719970002], [-0.221004557999947, 10.5084537440001], [-0.221003487999951, 10.508880926], [-0.2207324069999, 10.509257839], [-0.220600239999953, 10.5097673810001], [-0.220661202999963, 10.5098887960001], [-0.220613589999914, 10.5100872240002], [-0.220570967999947, 10.5102696710001], [-0.220534396999938, 10.5104810320001], [-0.220543663999933, 10.510672599], [-0.220552930999872, 10.5108641670001], [-0.220630528999891, 10.5110159380001], [-0.220841649999954, 10.511228671], [-0.220899753999959, 10.511380396], [-0.220899172999907, 10.5116119010002], [-0.220763074999866, 10.5120222170002], [-0.220626977999871, 10.5124325320001], [-0.220665578999956, 10.512586965], [-0.220645317999868, 10.5128928350001], [-0.220664044999921, 10.5131988010002], [-0.220633939999914, 10.5135432320001], [-0.220603832999927, 10.5138876620001], [-0.220642435999935, 10.514042094], [-0.220583619999957, 10.5141742400002], [-0.220562777999874, 10.5147116150001], [-0.220750026999951, 10.5155018450001], [-0.220771412999909, 10.515916514], [-0.220849004999934, 10.5160710430001], [-0.221082271999876, 10.5163389510001], [-0.221098593999898, 10.5164933290001], [-0.220807520999813, 10.517065869], [-0.220595386999946, 10.5172555150001], [-0.220431148999921, 10.5175023620002], [-0.22036630399981, 10.5176867020002], [-0.220301492999965, 10.517771775], [-0.220210902999895, 10.5180269510001], [-0.220048858999917, 10.518632188], [-0.219875275999925, 10.5189955580001], [-0.219699241999933, 10.5192266310001], [-0.219671802999812, 10.51934025], [-0.219389006999961, 10.5196640770001], [-0.21901791099998, 10.519938767], [-0.218886357999907, 10.5202002660001], [-0.218936314999951, 10.5202692900002], [-0.218986270999949, 10.5203383140002], [-0.219465061999927, 10.5204304420001], [-0.219542653999952, 10.5205849710001], [-0.219464292999874, 10.5207363600001], [-0.219348330999935, 10.520889034], [-0.21923236899994, 10.521041709], [-0.21923166199997, 10.5213228220001], [-0.219384580999929, 10.5214251710001], [-0.21949927299994, 10.5216515400001], [-0.219539771999962, 10.521731473], [-0.219633692999935, 10.5220376240001], [-0.219655585999874, 10.5221920150001], [-0.219655197999941, 10.5223463520001], [-0.219531734999919, 10.5229681640001], [-0.219457154999816, 10.523343455], [-0.219338181999831, 10.5238783720001], [-0.219255436999902, 10.524196035], [-0.219126278999966, 10.5244671950001], [-0.219140609999897, 10.5245829840002], [-0.219123808999939, 10.5248957520001], [-0.219102230999908, 10.5251699240001], [-0.197648974999822, 10.5288059690001], [-0.16755560099989, 10.537812306], [-0.1440322119999, 10.525930645], [-0.119660955999962, 10.5230552940001], [-0.100163951999946, 10.5173045130001], [-0.075792695999894, 10.513470598], [-0.055549792999898, 10.5065603170002], [-0.028999885999895, 10.5038856040001], [-0.019250686999897, 10.5017880410002], [-0.008285293999961, 10.495527334], [0.013893525000071, 10.4875904340001], [0.024616877000028, 10.4703357880001], [0.033390529000144, 10.4636253880001], [0.043139031000067, 10.4281537250002], [0.040455162000171, 10.405978185], [0.045570258000055, 10.4053231110001], [0.052818220000063, 10.39870641], [0.069459987000073, 10.3830893], [0.067510287000061, 10.3715824470002], [0.064585737000186, 10.3610341270001], [0.055714455000157, 10.3506784840001], [0.048399211000117, 10.3398432400001]]]]}, "properties": {"REGION": "North East", "DISTRICT": "Yunyoo-Nasuan"}}]}