{"type": "FeatureCollection", "features": [{"type": "Feature", "geometry": {"type": "MultiPolygon", "coordinates": [[[[0.412285585000177, 7.69135840600001], [0.412576365000064, 7.69125319600005], [0.413277932000142, 7.69152876100003], [0.414336125000034, 7.69156110099999], [0.415167341000085, 7.69229418399999], [0.415590457000064, 7.69226151500004], [0.415868932000137, 7.692258799], [0.416305916000056, 7.69240617500014], [0.416673726000113, 7.69252070900018], [0.417044069999974, 7.69256633600014], [0.417389623000076, 7.69263409200005], [0.419148864000078, 7.69288319700019], [0.419010724000032, 7.69014949700011], [0.418974399000092, 7.68943064900014], [0.420754625000143, 7.68848564400002], [0.421058129000016, 7.68840270300018], [0.421602391000135, 7.68841192400015], [0.421830322000062, 7.68841668100009], [0.421886160000042, 7.65739901200004], [0.422311254000078, 7.63617034800006], [0.422479434000138, 7.62777365800002], [0.422485173000155, 7.62748718100005], [0.423551089000057, 7.61726767900001], [0.423902212999963, 7.61411015700008], [0.423458710000148, 7.60752832700013], [0.422266829000023, 7.60246368100013], [0.421966318000102, 7.59150814400004], [0.421559183000113, 7.57666151800015], [0.421297384000184, 7.56711239200018], [0.419817829000067, 7.53054914800003], [0.419736836000027, 7.53047352600004], [0.414102879000097, 7.52521308999997], [0.41049824300012, 7.51965203800012], [0.410463431000039, 7.51956120400007], [0.410428618000083, 7.51947037100007], [0.41025636500018, 7.51914848300009], [0.410090106000155, 7.51897263800004], [0.409821441000076, 7.51872546999999], [0.409436784000093, 7.51847591600011], [0.409129645000178, 7.51828674400014], [0.408454437000103, 7.51785347600014], [0.407877934000112, 7.51719941700014], [0.407803250000143, 7.51716107400006], [0.407755851000047, 7.51702067399998], [0.407429214999979, 7.51677920100019], [0.407379268000057, 7.51670495100007], [0.407301823000125, 7.51666661600018], [0.407243583000081, 7.5165896370001], [0.406936499000096, 7.51641699900006], [0.406784192000032, 7.51628520200006], [0.406706808000024, 7.51626615900017], [0.405782318999968, 7.51559943200016], [0.405630127000165, 7.51550346200003], [0.405474997000113, 7.51535238200017], [0.404996208000057, 7.51502596000017], [0.404611751000118, 7.51483703200017], [0.404476191000072, 7.5147602990001], [0.40438205300012, 7.51468343400006], [0.404304855000134, 7.51472226500016], [0.404240934000086, 7.51459569600007], [0.403978080000172, 7.51443669300016], [0.403689197000176, 7.51434116000013], [0.403496787000051, 7.51419019800011], [0.403380806000143, 7.51419056900005], [0.40263404000018, 7.51382917300015], [0.402240314000096, 7.51376291000008], [0.401846587000136, 7.51369664800012], [0.40154006299997, 7.51369762500013], [0.40109511300011, 7.51358880800007], [0.400339638000048, 7.51352507600012], [0.399639498000056, 7.51349423700015], [0.397962682000184, 7.51331217500018], [0.397799623000139, 7.51327135500003], [0.397183691000123, 7.51323473200011], [0.397031686000105, 7.51319663200013], [0.396576059000154, 7.51320359400017], [0.396205697000028, 7.51310280199999], [0.395976369999971, 7.51306494800008], [0.395764660000054, 7.51292231200017], [0.395552950000138, 7.51277967700003], [0.395342955000046, 7.51274176100009], [0.395207335000066, 7.51264573300011], [0.395073258000025, 7.51260068600004], [0.394670756000153, 7.51238011200007], [0.394535084000097, 7.51226754999999], [0.39416983100017, 7.51203721100006], [0.394130924000081, 7.51196016800014], [0.394053490000033, 7.51192458600002], [0.39397856000005, 7.51180907499997], [0.393707023000047, 7.51152331900016], [0.393554774000165, 7.51140805300003], [0.393496476000166, 7.51131178000014], [0.393360865000034, 7.51121850800007], [0.393305329000043, 7.51112222699999], [0.393092204000084, 7.51096857000016], [0.392862642000125, 7.510856305], [0.392649518000042, 7.51070264800001], [0.392342451000161, 7.51053275300006], [0.392154488000131, 7.51047547400003], [0.391709401000185, 7.51032255100012], [0.391441118999978, 7.51019111600016], [0.390807157000097, 7.50969429800006], [0.390106563000074, 7.50908469700016], [0.390085824000039, 7.50864105600016], [0.390769214999978, 7.50731328600006], [0.391057590000173, 7.50681630400015], [0.391632436000123, 7.50609242900003], [0.391667389000077, 7.50579467599999], [0.391548886000123, 7.50500134100002], [0.391400665000049, 7.50441479500012], [0.391051950000019, 7.50330249800004], [0.390810796000153, 7.50301664300008], [0.389413648000186, 7.50187699200006], [0.389112879000095, 7.50095780900011], [0.388736991000087, 7.50039783000005], [0.388711437000097, 7.50019567999999], [0.388696119000087, 7.49971894999999], [0.388637596000137, 7.49955102200016], [0.388609179000184, 7.49929756400013], [0.388525900000104, 7.4991600300001], [0.38834059800007, 7.49906966899999], [0.388278122000031, 7.49896100600017], [0.388102600000082, 7.49847100200014], [0.388114769000083, 7.49838966400017], [0.388114237000082, 7.49822155200008], [0.388229064000086, 7.49793864200012], [0.388267678000034, 7.49784350400006], [0.388408108000135, 7.49771628700012], [0.388912018999974, 7.49726547800003], [0.389106391000098, 7.49673296700013], [0.38920513700009, 7.49652320500019], [0.38927372600017, 7.4963824350001], [0.389636691000078, 7.49589624300017], [0.38963591400011, 7.49565096600003], [0.38962077900004, 7.49523211100012], [0.389565106000134, 7.49509173400014], [0.389354176000097, 7.49475617400009], [0.389267780000011, 7.49450565600011], [0.389303454000128, 7.49443526599998], [0.389339129000177, 7.49436487700012], [0.389661388000093, 7.49410480199998], [0.389688399000079, 7.49391455600005], [0.389660297000091, 7.49376031200012], [0.389415972000052, 7.49247130100014], [0.389360256000032, 7.49231714500013], [0.389149364000161, 7.49199260900014], [0.389090904000113, 7.49184397199997], [0.389103864000163, 7.4915766040001], [0.389075718000129, 7.49140858000004], [0.388892535000139, 7.49111427300011], [0.388765111999987, 7.49098790000005], [0.388623509000126, 7.49074375700019], [0.388581755000189, 7.49063847400009], [0.388539803000128, 7.49047049300015], [0.38853927100007, 7.49030238200015], [0.388483600000143, 7.49016200500017], [0.388438886000188, 7.48999403300013], [0.388387987000158, 7.48961662900018], [0.388367863999974, 7.48936590100004], [0.388339718000168, 7.48919787800008], [0.388379848000113, 7.48878987000006], [0.388481581000065, 7.48865175300011], [0.388583314000073, 7.48851363500006], [0.38868796600002, 7.48842511499998], [0.389487993000046, 7.48818282500002], [0.389711224000109, 7.48804432400004], [0.389837844000112, 7.48791715199997], [0.38989262500013, 7.48777642600004], [0.39012928700015, 7.48751937600014], [0.390199764000045, 7.4871030060001], [0.390312227000038, 7.48686564000019], [0.390535580000119, 7.48676572100004], [0.390844446000074, 7.48663797400019], [0.390926839000088, 7.48649716000011], [0.390955589000157, 7.48641990300018], [0.390800363000096, 7.48579754900004], [0.390404343000171, 7.48543501400013], [0.38948060000007, 7.48497493000008], [0.388938233000033, 7.48461285400015], [0.388800270000047, 7.4837727260001], [0.388782726000045, 7.48346411400013], [0.389582927000106, 7.48327970000014], [0.389667103000136, 7.48326565600007], [0.389751279000166, 7.48325161100007], [0.390059698000186, 7.48298331100005], [0.390130742, 7.48274607600007], [0.390276602000029, 7.48259128300015], [0.390480850000017, 7.48256308000003], [0.391432648000091, 7.4822927510001], [0.391718355000023, 7.4821550690001], [0.391956499000173, 7.4820403060001], [0.391684338000118, 7.48155060800008], [0.391642386000058, 7.48138262800006], [0.391641853000067, 7.48121451700007], [0.391709908000109, 7.48090563599999], [0.392057167000189, 7.47982421100016], [0.392026238000028, 7.47876172600007], [0.39185370600012, 7.47748505800013], [0.391739788000109, 7.47726218600019], [0.391738898000028, 7.47698108200018], [0.391823563, 7.47668593000009], [0.391935893000095, 7.47640722500006], [0.391956314000083, 7.47631621400006], [0.392029386000104, 7.47541203500015], [0.391364790000182, 7.47481471200018], [0.391207142000098, 7.47473391000005], [0.390132156000163, 7.47446445800017], [0.389822723, 7.47441031300002], [0.389399809000054, 7.47427109200015], [0.389261476000058, 7.47418609300013], [0.389095428000132, 7.47406810900014], [0.388878920000025, 7.47371051800013], [0.388709910000046, 7.47352915700014], [0.388626585000168, 7.47337508600009], [0.388471738000078, 7.47330667500017], [0.387374867000176, 7.4731006720001], [0.387122090000105, 7.47262468700006], [0.387146796000025, 7.47214094000009], [0.387260261000108, 7.47178368800002], [0.387696167000115, 7.47079017699997], [0.387775390000172, 7.47051984400008], [0.387802472000089, 7.47035164600004], [0.387773008000181, 7.46976472300003], [0.386983716000032, 7.46902309600006], [0.386560192000161, 7.46868819900016], [0.38587088800017, 7.46813090400013], [0.385674001000154, 7.46786419500017], [0.385590809000178, 7.46775146200002], [0.385559030000138, 7.46730509700012], [0.385690535000094, 7.46697672600004], [0.386203207000051, 7.46668574400013], [0.386511809000183, 7.46647807900007], [0.386750784000128, 7.46608047300003], [0.387001478000116, 7.46589779300018], [0.387100439000051, 7.46575692900007], [0.387215783000158, 7.46555813800006], [0.387700276000032, 7.46508810600005], [0.386437780000165, 7.46489088400011], [0.385887514000103, 7.46464181800008], [0.385243977000073, 7.46458596100018], [0.384848867000073, 7.46450452100004], [0.384483862000138, 7.46433755200013], [0.383458976999975, 7.46418642700019], [0.378769550000015, 7.44978189700009], [0.37368337800001, 7.4391615510001], [0.37127958300016, 7.43320181200005], [0.37020396700018, 7.4326939020001], [0.369991250000055, 7.4326559750001], [0.369828377000033, 7.43266474500012], [0.369190453000158, 7.43262399600019], [0.368552528000066, 7.43258324600004], [0.368323484000086, 7.43262253600005], [0.367845831000125, 7.432624008], [0.367500586000062, 7.43258648800008], [0.367287699000087, 7.43249344200007], [0.367115979000118, 7.43232034400012], [0.366654304000178, 7.43213160400012], [0.366309059000116, 7.43209408300015], [0.366079360000072, 7.43192116300003], [0.365982376000034, 7.43180846700011], [0.365753153000128, 7.43178988000011], [0.365521348000073, 7.43182917700005], [0.365406765999978, 7.43182953000019], [0.365292184000111, 7.43182988200005], [0.36506248500001, 7.43165696200009], [0.364984820000075, 7.43154145000017], [0.36477157600001, 7.43133265000012], [0.36461399500007, 7.43126699200019], [0.363544629000046, 7.43099192400018], [0.36342842900018, 7.43091511300008], [0.363199088000101, 7.4308579420001], [0.363082897000027, 7.43078388800018], [0.362853437000012, 7.43068813300016], [0.362737118000098, 7.43057273800014], [0.362642242000049, 7.43024782400005], [0.362583973000142, 7.43015429900004], [0.36246765400017, 7.43003890500006], [0.362189584000078, 7.42984821800002], [0.361911514000155, 7.42965753000004], [0.361736928000141, 7.42944861100011], [0.361678234000067, 7.42921728900012], [0.361545418000105, 7.42912399200014], [0.360913202000177, 7.42914246600009], [0.360433205000163, 7.4292789810001], [0.3599923270001, 7.42956695400005], [0.359763282000074, 7.42960623900018], [0.359534002000089, 7.42956835800015], [0.359398534999968, 7.42951089700011], [0.358515780000062, 7.42886318600006], [0.35839999600006, 7.42892141600009], [0.358285503000104, 7.42895070400004], [0.358171011000024, 7.42897999200011], [0.357480704000011, 7.42896281100002], [0.357248898000023, 7.42900210300007], [0.356904188000101, 7.42913820000007], [0.356532999000024, 7.42919307599999], [0.355179335000116, 7.42898036700007], [0.354459853000094, 7.42886730900011], [0.353142365000167, 7.42780751200013], [0.353006022000159, 7.42746342900017], [0.352795664000155, 7.42729319800003], [0.352679644000148, 7.42727426000005], [0.352566089999982, 7.42715885299998], [0.352352096000061, 7.4267020100001], [0.352218920000041, 7.42649020400017], [0.351775874000168, 7.42606988600005], [0.351546250000183, 7.42591900500008], [0.351007387000095, 7.42576630900004], [0.350758141000085, 7.42551902700001], [0.350412666000182, 7.42540432500016], [0.350246679, 7.42529734600009], [0.349950128000103, 7.42492894400016], [0.349778477000029, 7.42477513000006], [0.349643130000118, 7.42475624900015], [0.349491571000101, 7.42485316900019], [0.349434287000122, 7.42508209100009], [0.349337947000151, 7.42517884300014], [0.349222103000159, 7.42521778000008], [0.349108668000099, 7.42514095600012], [0.349030781000124, 7.42495102800001], [0.348953121000136, 7.42483551300012], [0.348875637000106, 7.42477787200011], [0.348530230000051, 7.42468521600006], [0.348416676000056, 7.42456980899999], [0.348374884000123, 7.42444591600014], [0.347954309000045, 7.42414954500003], [0.347757685000147, 7.42395446500007], [0.34745454, 7.42323331199998], [0.347298937, 7.42290857700004], [0.346836161999988, 7.42235326799999], [0.346606825000151, 7.42229608700018], [0.346377841, 7.42235465700003], [0.346146213000054, 7.42245181800018], [0.345917053000107, 7.42245251200006], [0.345802268000114, 7.42238533700009], [0.345687482000187, 7.42231816300006], [0.345629159000055, 7.42220534400002], [0.345570474999988, 7.42197401699997], [0.345569085000079, 7.42151652600006], [0.345510401000183, 7.42128519900001], [0.345338644000094, 7.42109555400003], [0.345144329999982, 7.42075164200003], [0.344934088, 7.42061723400008], [0.344702168000026, 7.42061793600016], [0.344472431000099, 7.42042846700002], [0.344452410000144, 7.42019978000019], [0.344644631000165, 7.41985469800005], [0.344643928000153, 7.41962319499999], [0.344410268000047, 7.41905065400016], [0.344428901000072, 7.41882184900015], [0.344486588000109, 7.41872521500011], [0.344602314000099, 7.4186476970001], [0.344966407000129, 7.41853084300004], [0.345171946000164, 7.41711639200014], [0.344961529000045, 7.41692410900015], [0.344729151000024, 7.41677323100009], [0.344654314000138, 7.41667699700014], [0.344556979000174, 7.41644578800009], [0.344517631000087, 7.41621715700006], [0.345682576000115, 7.41433955300016], [0.345969418000038, 7.414242226], [0.34650247400009, 7.41339727600007], [0.346501085000114, 7.41293978400006], [0.346308832999966, 7.41236436100019], [0.346554645000083, 7.41148445400012], [0.346651159000089, 7.41144557700017], [0.346764004000079, 7.41132948400008], [0.346802255000114, 7.41119708000014], [0.346801611000103, 7.41098487000016], [0.34672631300009, 7.41073705700018], [0.346494106000137, 7.41064130000012], [0.346264776000169, 7.41058411800003], [0.346245164000152, 7.41049047300004], [0.346396428000048, 7.41029709600008], [0.346454064, 7.41018392500007], [0.346424723000155, 7.41006826200015], [0.346395383000072, 7.40995259800019], [0.34642530900004, 7.40980644000018], [0.346654002000037, 7.4096541670001], [0.346758430000136, 7.40949400299996], [0.346777054000086, 7.40926244299999], [0.34689231700014, 7.40903334600017], [0.347120482000093, 7.40870744800003], [0.347177767000119, 7.40847852700017], [0.347196390000136, 7.40824696600009], [0.347098370000026, 7.407789767], [0.347116993000043, 7.40755820600015], [0.347492965000072, 7.40681019200008], [0.347579688000053, 7.40627526500015], [0.347534586000052, 7.40596948600012], [0.347428916000013, 7.40572038700003], [0.347234162000063, 7.40477429100008], [0.347086809000075, 7.40398100800007], [0.347085412000013, 7.40352075900012], [0.347049170000048, 7.40340511600004], [0.346893868000166, 7.40317683900008], [0.346354780000127, 7.40202921400009], [0.346238824000125, 7.40202956500002], [0.345507240000188, 7.40113331700013], [0.345620473000054, 7.4002345180001], [0.346019574000138, 7.39983093699999], [0.346191936000025, 7.3993122870001], [0.346248351000156, 7.39879674500003], [0.346352301000024, 7.39847949000017], [0.346264370000142, 7.39770531900018], [0.346225366999988, 7.39758968400008], [0.346244, 7.39736088000018], [0.346282301000088, 7.39724501199998], [0.346452836000083, 7.39703504100015], [0.346797411000068, 7.39686037100006], [0.346990091000066, 7.39666962600018], [0.346989740000083, 7.39655387400001], [0.346853826000029, 7.39634482900004], [0.346988579000083, 7.39617079300001], [0.347007504000146, 7.39603844800018], [0.346890906999988, 7.39582658800003], [0.346445989000131, 7.39477513899999], [0.346332513000164, 7.39468177700013], [0.346003569000118, 7.39454772500005], [0.345773956000073, 7.39439408200019], [0.345563502000061, 7.39418526100008], [0.345389222, 7.39407003400004], [0.344774650000147, 7.39351792999997], [0.344638796000083, 7.39332817500002], [0.344509883000171, 7.39269468200007], [0.34440727600014, 7.39254341200018], [0.34429097300017, 7.39242800900013], [0.344061594000152, 7.39235153300001], [0.343771571000048, 7.39230555400007], [0.343350866000094, 7.39195405200007], [0.343140756000139, 7.39185822399998], [0.343024745000037, 7.3918392810001], [0.342814576000137, 7.39172416200006], [0.342620747000183, 7.39153458000004], [0.342391194000129, 7.39140022600009], [0.342255800000089, 7.39136205000017], [0.342180976000122, 7.39126857000002], [0.341948605000027, 7.39111493300004], [0.341835239000034, 7.39105739700005], [0.341603217, 7.39101951100014], [0.341373790000148, 7.39092649600019], [0.341144122000117, 7.39075355800009], [0.340947461000098, 7.38962418400007], [0.340698069000098, 7.3893190170001], [0.340600753000047, 7.38909056000011], [0.34052310300018, 7.38897504100009], [0.340332096000111, 7.3888047420001], [0.340215969000155, 7.38874721400015], [0.339986826000143, 7.38874790200003], [0.339757508000162, 7.38869071400012], [0.339525197000057, 7.38855636700009], [0.339026360000048, 7.38792673700004], [0.338948370000026, 7.38769822200004], [0.338718191000055, 7.38735441], [0.337733213000092, 7.38659454800001], [0.337490854, 7.38640757799999], [0.337063407000073, 7.38607782200006], [0.336219402000154, 7.38576721000015], [0.336103719000107, 7.38572463600002], [0.335879098000078, 7.38564197099998], [0.335017137000079, 7.38532474700003], [0.335026037000091, 7.38426494600003], [0.335161140000025, 7.38420666600018], [0.335274272000106, 7.38418703500002], [0.335538832000168, 7.38402915200004], [0.335330925000108, 7.38374590400008], [0.335291646000144, 7.38353656300006], [0.335387867000179, 7.38340123100005], [0.335613447000014, 7.38261612500008], [0.335250765000069, 7.38187205200006], [0.33503772600011, 7.38171835100007], [0.334921660000077, 7.38168011400001], [0.334558228000049, 7.38108865600009], [0.334690115, 7.38087880400013], [0.33476672200004, 7.38064707000018], [0.334746926000037, 7.38049003600014], [0.334556048000024, 7.38036107300002], [0.334074312000155, 7.37990501200005], [0.33384471100004, 7.37975136000011], [0.333747739000046, 7.37963589800017], [0.333727729000145, 7.37940720700016], [0.333785357000124, 7.37929128200005], [0.333803997000075, 7.37906247700005], [0.333668376000105, 7.3789471290001], [0.333439468, 7.37902498100016], [0.333265890000064, 7.37914125100002], [0.333094725000024, 7.37914176200013], [0.332978660000094, 7.37910352400019], [0.332900676000179, 7.37887500699998], [0.332977571000072, 7.3787397320001], [0.333131660000106, 7.37856840000012], [0.333053782999968, 7.37837571000017], [0.332937602000072, 7.37829888800002], [0.332747287000188, 7.37835733200006], [0.332670275000055, 7.37845402300019], [0.332670621999966, 7.37856977500013], [0.332365897999978, 7.37914393500006], [0.332249948000026, 7.37914428100009], [0.332172301000071, 7.37902875900011], [0.332152292000103, 7.37880007000012], [0.331980329000146, 7.37853324800005], [0.331825267000113, 7.37837937300003], [0.331731577000028, 7.37843752800012], [0.331499850000114, 7.37849609500012], [0.331328340000141, 7.37838085300012], [0.33117420200017, 7.37853564900018], [0.331080395000129, 7.37855522000012], [0.330832664000127, 7.37880124500009], [0.33063862299997, 7.37853724400003], [0.33059901900009, 7.37821766300016], [0.330444114000159, 7.37811615200019], [0.330214745000092, 7.37803966500019], [0.329985376000025, 7.37796317900006], [0.329888981000124, 7.37804063400017], [0.329660072000138, 7.37811848400003], [0.329524798000136, 7.37811888600004], [0.329447268000081, 7.37804194900002], [0.329388553000115, 7.37779408000017], [0.329255463000152, 7.37760155500013], [0.329139349000116, 7.37754678000016], [0.3289104320001, 7.37762187300007], [0.328794483000024, 7.37762221800017], [0.328545278999968, 7.37737491600012], [0.32845823100007, 7.37734623600005], [0.328371182000069, 7.37731755700008], [0.328211226000121, 7.37737315300006], [0.32807675600003, 7.37764364200018], [0.327991346999966, 7.37770177300007], [0.327282756000045, 7.37800979600007], [0.327088996000043, 7.37783949700014], [0.326494812000078, 7.37762904700014], [0.326493975000062, 7.3773479350001], [0.326339072000167, 7.37724642200016], [0.326225882000188, 7.37724675700008], [0.326109596000151, 7.37713410500004], [0.326089927000055, 7.37701841000012], [0.326166546000081, 7.37678943200018], [0.326472238000122, 7.37653772700008], [0.326587564000079, 7.37632792700009], [0.326680115000045, 7.37588668800009], [0.326698759000124, 7.37565788199998], [0.326584946000082, 7.37544876200013], [0.326478373000043, 7.37535261700003], [0.325913603, 7.37435660900007], [0.325721976000068, 7.3739740900001], [0.325721148000184, 7.37369573300009], [0.325720476000129, 7.37346974100006], [0.325703288000113, 7.37326033400007], [0.325840651000021, 7.37303393300004], [0.326014311000165, 7.37294522400009], [0.326151936000088, 7.37280701500009], [0.326209738000102, 7.37274896700012], [0.326115654000148, 7.37267483300019], [0.326171914000156, 7.37209865600005], [0.326132584000106, 7.37187002300004], [0.326024500000074, 7.37172978600006], [0.325864062000107, 7.37162277600009], [0.325708775000123, 7.37139172999997], [0.325669790000177, 7.37127884800003], [0.325746400000128, 7.37104711500018], [0.325457242000027, 7.37035896400016], [0.325321290000147, 7.3701306160001], [0.325397966000082, 7.36992093100008], [0.325637374000166, 7.36966115500007], [0.325902005000103, 7.36859930000003], [0.325948526000161, 7.36846136100007], [0.326215515000115, 7.36819323500009], [0.326294938000046, 7.36797940800011], [0.326316388000066, 7.36776575199997], [0.326509020000174, 7.36755847899997], [0.326745992000042, 7.36740895000014], [0.326922543000023, 7.36736433100009], [0.327247905000092, 7.3672310770001], [0.327661781000074, 7.36715543700001], [0.327749950000168, 7.36709730000013], [0.327868263000084, 7.36696465900008], [0.327874898, 7.36687506800018], [0.327881533000152, 7.36678547700018], [0.327806512000052, 7.36662309500002], [0.327731803000177, 7.36656543900006], [0.327659632000177, 7.36643336400005], [0.327777413000035, 7.36612158400004], [0.327865672000144, 7.36609376200005], [0.327967504000071, 7.36598873100013], [0.328190894000045, 7.36591365600003], [0.328279234000092, 7.36591339400002], [0.328499519000104, 7.36572257400007], [0.328573572000096, 7.36555974800007], [0.328705729000092, 7.36544084799999], [0.32877978200014, 7.36527802300014], [0.328809362000072, 7.36501335600019], [0.328696225000044, 7.36479837700006], [0.328601125000148, 7.36461435000018], [0.328644811000061, 7.36445161500012], [0.329129138000042, 7.36393204500013], [0.329128613000137, 7.36375566000004], [0.329056402000106, 7.36360980600006], [0.328963586000043, 7.36303407100007], [0.33219637000002, 7.36305891699999], [0.336083418000101, 7.36308516500003], [0.340746055000182, 7.36311660600006], [0.34354824400009, 7.36310846500004], [0.350554011000042, 7.36288130000014], [0.350817844000119, 7.36248915100015], [0.351147680000054, 7.36201412500009], [0.351397158000111, 7.36144012400013], [0.352151254000148, 7.36067719200003], [0.352356183000154, 7.36046083800005], [0.353496882000115, 7.35925654500016], [0.354033655000023, 7.35874782000008], [0.354606656999977, 7.35835198000001], [0.355516403000138, 7.35885082099998], [0.355588847000092, 7.35907108200018], [0.355990024000164, 7.35936476000018], [0.356106411000098, 7.35951047600014], [0.356432785000095, 7.35971618800011], [0.356565702000182, 7.35985082900015], [0.356640682000148, 7.35999667000004], [0.356701958000087, 7.36017562400008], [0.357042337000109, 7.36044743700012], [0.357258751000074, 7.36080506100006], [0.357488330000137, 7.36095318900004], [0.357634917000098, 7.36104369300006], [0.357784206000076, 7.361114896], [0.35829720900017, 7.36186848400018], [0.358614675000126, 7.36186752100002], [0.358777683000142, 7.36191112199998], [0.358866022000086, 7.36191085500008], [0.359042833000046, 7.36195441400002], [0.359192214000075, 7.36205593200009], [0.359840505000136, 7.36190789699998], [0.360196980000069, 7.36202532300013], [0.360299432000033, 7.36212698300017], [0.360390666000114, 7.36217080300008], [0.360537380000153, 7.36230264400007], [0.360670299000049, 7.36243728400018], [0.360806012000182, 7.36258293900005], [0.36095268400004, 7.36270100100006], [0.3612042580001, 7.36281874500003], [0.361367536000103, 7.36295053600003], [0.361500648000117, 7.36314856300015], [0.361649921000094, 7.36321425300008], [0.361826692000079, 7.36324403100008], [0.362212946000056, 7.36316844500004], [0.363279261000116, 7.36340497200013], [0.36340922800008, 7.36347623199998], [0.363463240000158, 7.36353532099997], [0.364211304000037, 7.36396711200013], [0.364299710000068, 7.36398889000014], [0.364674863000118, 7.36389404300019], [0.364759230000061, 7.36440088800009], [0.364892152000039, 7.36453552600005], [0.366518634000158, 7.36469316900008], [0.36761359000019, 7.36436462000012], [0.367851312000141, 7.36446586500006], [0.368027854000161, 7.36442123], [0.368176655000127, 7.36433258400012], [0.368364237000037, 7.36338670900011], [0.368600565, 7.36303322100002], [0.368958940000084, 7.3624189200001], [0.369248890000108, 7.36199774600004], [0.369425338000156, 7.36192279600004], [0.370216168000013, 7.36189695100018], [0.370575314000064, 7.36243464700004], [0.370669310000039, 7.36247845500014], [0.370744505000118, 7.36269319200005], [0.370626367000114, 7.36287820400008], [0.370494570000176, 7.36311010900016], [0.37064942100011, 7.36319369300014], [0.370804271000111, 7.36327727600008], [0.371130289000064, 7.36336446999996], [0.371395304000089, 7.36336365900019], [0.371469924000053, 7.36339099000003], [0.371589086000142, 7.3635394480001], [0.37164950500005, 7.36433574100016], [0.371650056000021, 7.36451487800014], [0.371725091000087, 7.36467725000006], [0.371799762000137, 7.36472111800015], [0.371918916000027, 7.36486682000015], [0.371977431000175, 7.36504302300006], [0.371964449000188, 7.36531039300013], [0.37203570500003, 7.36558990600008], [0.371891227000162, 7.36573779300016], [0.371745322000095, 7.36587052800002], [0.371610418000103, 7.36598944800011], [0.371627481000189, 7.36615199900012], [0.371691593000151, 7.36635298900006], [0.371598885000139, 7.36672808600014], [0.371569383000178, 7.3670092860001], [0.371614095000155, 7.36718553200012], [0.371631481000179, 7.36745280800005], [0.371706466000035, 7.36759864600003], [0.371706830000107, 7.36771715100014], [0.371972254000184, 7.36784862500002], [0.37209087500014, 7.36782070100003], [0.372222968000187, 7.36768525400009], [0.372371591000103, 7.36753873100014], [0.37247377500006, 7.36755219800011], [0.372694895000052, 7.36763971100015], [0.372874656000079, 7.36774388700007], [0.373051427000064, 7.36777366000013], [0.373228012000027, 7.36774280300011], [0.373500938, 7.36762070300017], [0.373671331000025, 7.36737214200014], [0.373759263000181, 7.36723958500005], [0.373863614000186, 7.36706012700012], [0.373996156000146, 7.36662289800012], [0.374112875000151, 7.36642548700001], [0.374301903000116, 7.3659536350001], [0.374450559000024, 7.36581813600014], [0.374776266000026, 7.36580335600019], [0.375220261000095, 7.36565316999997], [0.375366215000099, 7.36553697100004], [0.375514963000114, 7.36543178700003], [0.375603344000069, 7.36544529500009], [0.375749884000129, 7.36551925600008], [0.376017890000071, 7.36559284400016], [0.376164064000136, 7.36554829900012], [0.376282362000154, 7.36541564800007], [0.376846429000182, 7.36570880300008], [0.376979346000041, 7.36584068200006], [0.377023786, 7.36592873600006], [0.377173181000046, 7.36603300400014], [0.377349993999985, 7.36607655500012], [0.377526671000169, 7.36607601200018], [0.377675973000066, 7.36614996400004], [0.377941167000131, 7.36620702300007], [0.378994729000112, 7.36677977700003], [0.379587487000151, 7.36742284700011], [0.379869646000088, 7.36760938400005], [0.380046767000124, 7.36775214900001], [0.380135243000154, 7.36779597100008], [0.380194800000027, 7.36786193000012], [0.381007283000031, 7.36903208900003], [0.381037986000138, 7.36914085600006], [0.381619544000102, 7.36928512600014], [0.381771556000103, 7.36934253200008], [0.381835242000022, 7.36940434500013], [0.382449380000025, 7.36981722100018], [0.383261167000171, 7.36986983200018], [0.383824361000052, 7.36898893800014], [0.384049661, 7.3686437450001], [0.384151161000091, 7.36843673499999], [0.384219209000037, 7.36812510000004], [0.384323521000113, 7.36793461600013], [0.385120526000094, 7.36767308900005], [0.385327355000072, 7.36760355000007], [0.385500784000101, 7.36744592399998], [0.385759097000062, 7.36706480099997], [0.385775344000081, 7.3669627810001], [0.386396169000022, 7.36597422400007], [0.386810254000068, 7.36597294200016], [0.386984496000139, 7.36607712800009], [0.387175352000099, 7.36619779900019], [0.387228120000032, 7.36629960599998], [0.387383303000149, 7.36648928700015], [0.387590723000073, 7.36660990600012], [0.387834296000108, 7.3668158480001], [0.388199069000166, 7.36693598000011], [0.388303867000104, 7.36690258400017], [0.38861240000017, 7.36669217300005], [0.389305629000035, 7.36679474900001], [0.389515219000145, 7.36672519900014], [0.389722424000183, 7.36677691900013], [0.389896821000093, 7.36693071200017], [0.389999615000079, 7.36713984500017], [0.390068843000165, 7.36720852900015], [0.390156017000095, 7.36727715800009], [0.390243189000159, 7.36734578600004], [0.390624904000049, 7.36758712500006], [0.390730399000176, 7.3677769570001], [0.390747607000151, 7.36798360100016], [0.39081726600017, 7.36819008200013], [0.390938997000035, 7.36827513800006], [0.391145938000022, 7.36824142300003], [0.391214737000098, 7.36817231000003], [0.391283425000097, 7.36806737100017], [0.39131899400013, 7.36796528999997], [0.391282454000077, 7.36775595100016], [0.391195965000122, 7.36746408800008], [0.39121187500001, 7.36725458600017], [0.391247496000062, 7.36716904000002], [0.391359084000044, 7.36709979500006], [0.391470672000025, 7.36703054899999], [0.391574981000076, 7.36684006400014], [0.391712468000151, 7.36666601100006], [0.392007419000151, 7.36652729600019], [0.392161529000077, 7.36637248300008], [0.392335066000157, 7.36625068200004], [0.392594529000064, 7.36624022899997], [0.392853992000084, 7.36622977600007], [0.393149484000048, 7.36626468400016], [0.393251513000052, 7.36622854000018], [0.393356198999982, 7.36615931500006], [0.393424835000189, 7.36603783900011], [0.393578945000115, 7.36588302600018], [0.393873997000014, 7.36577738200015], [0.394137504000071, 7.36529426900006], [0.394024758000171, 7.36455051200005], [0.393938638000122, 7.364377155], [0.393921808000187, 7.36429177400015], [0.393937726000047, 7.36408502699999], [0.394126362000065, 7.36349466600012], [0.394247292000102, 7.36332342000014], [0.394351917000165, 7.36323490400008], [0.394489350000072, 7.36304431600013], [0.394522210000105, 7.36295877900005], [0.394557452000186, 7.36275197200013], [0.394730986000127, 7.36263017000016], [0.395145067000044, 7.36262888100015], [0.396216969000079, 7.362002695], [0.396562613000071, 7.36218626700008], [0.396910622000178, 7.36224305600012], [0.397534502000099, 7.362241111], [0.398006182000074, 7.36212113300007], [0.398243312000147, 7.36203220200008], [0.398433348000083, 7.3618910560001], [0.398640068000134, 7.36178844000017], [0.398794114000054, 7.36161433500001], [0.399157589000026, 7.3613210690001], [0.399314343000015, 7.36113041900012], [0.399399807000179, 7.36109432500018], [0.399485054000024, 7.36098933200009], [0.399675047000017, 7.36083440600009], [0.399884630000088, 7.36076485300009], [0.400091289000045, 7.36064294500011], [0.400652827000101, 7.36012858400011], [0.400990694000086, 7.35959287400004], [0.401141251000013, 7.35918727900014], [0.401869325000064, 7.35896177100011], [0.401847770000131, 7.35825080400002], [0.401982896000106, 7.35820628700014], [0.403024341000048, 7.35755813600008], [0.403543314999979, 7.35755651100004], [0.403750455000079, 7.35758893400015], [0.404131950000135, 7.357761364], [0.404825917999972, 7.35810368200009], [0.405625063000116, 7.35853385900009], [0.405937053000173, 7.35854941600019], [0.406144090000168, 7.35854876700006], [0.406350910000072, 7.35847921900017], [0.407405785000037, 7.35771526900004], [0.407491091000168, 7.357629567], [0.407992571000079, 7.35733310600011], [0.40812999700006, 7.35714251500008], [0.408820325000022, 7.35633009900016], [0.426927961000047, 7.35896826200002], [0.439509306000161, 7.360948495], [0.444362476000094, 7.36171225400005], [0.444085316999974, 7.36222298900014], [0.444039569000097, 7.36344124200014], [0.444056800000055, 7.3636478790001], [0.444126428000118, 7.36383781100017], [0.444509560000029, 7.36451176900016], [0.444562232000123, 7.36458049700013], [0.444844566000029, 7.3656681650001], [0.444845298000075, 7.36589414600002], [0.444568781000044, 7.3666033020001], [0.444431371, 7.36679390300014], [0.444218220000039, 7.367464273], [0.444296254000108, 7.36769276000018], [0.444504301, 7.36800350600015], [0.444360240000094, 7.36955002799999], [0.444080620000022, 7.37015447100003], [0.44375945000013, 7.37071495400011], [0.443676821000111, 7.37077309400013], [0.443600168999978, 7.37097176600003], [0.443324463000124, 7.37108013600016], [0.442653345000167, 7.37184017200013], [0.442303568000114, 7.37209208600001], [0.442164055000035, 7.37248662999997], [0.442197506000184, 7.37344006100011], [0.442605885000148, 7.37423519900017], [0.442816142000027, 7.37437507099997], [0.443125644000077, 7.37447328500014], [0.443247109000083, 7.37447289300007], [0.443690932000152, 7.37513012000005], [0.443451575000154, 7.37538167800005], [0.443396864000135, 7.37553618500016], [0.443243183000106, 7.37581778200007], [0.442922739999972, 7.37660424700005], [0.443274868000174, 7.37707712400004], [0.443344070000023, 7.37713477500006], [0.443402541000182, 7.37728891700004], [0.443481428000041, 7.37735342500002], [0.456451976000096, 7.39756292900012], [0.462899472000174, 7.40198220200011], [0.468530122000118, 7.40593144600018], [0.469490389000043, 7.40620524200011], [0.470946215000083, 7.40606402100008], [0.471089005000181, 7.40583205700005], [0.471285575000081, 7.40516724600019], [0.471183668000094, 7.40440696500008], [0.471273401000133, 7.40399329000007], [0.471496691000141, 7.40306107300012], [0.471560389999979, 7.40228922200009], [0.471697899999981, 7.40046439000008], [0.471794271000078, 7.39955463800015], [0.471979827000155, 7.39188861000002], [0.472202864000053, 7.38350088600004], [0.472410134000143, 7.37626834800005], [0.47146619, 7.36437562300006], [0.471523737000098, 7.35830919600005], [0.472415946000069, 7.35006094100015], [0.472975860000076, 7.349016151], [0.472538834000147, 7.34735790600007], [0.473155583000107, 7.34546079000012], [0.472455469000067, 7.33946293500009], [0.470055684000044, 7.33325241900013], [0.469563986000026, 7.33269507200009], [0.470150117000117, 7.33003811900005], [0.466383543, 7.32821199100016], [0.472222891000172, 7.31123648700014], [0.479434668000124, 7.292323802], [0.476940288000151, 7.29169259600019], [0.47503464100015, 7.29131850600015], [0.47465404999997, 7.2914079360001], [0.47408335, 7.29159995100008], [0.471444637000104, 7.29135498000016], [0.470051599000101, 7.29180323200012], [0.468231237000168, 7.29161462600013], [0.467782078000027, 7.29156808700009], [0.465175974000033, 7.28967773800008], [0.461335972000086, 7.29113700000005], [0.460142731000076, 7.29171132200014], [0.459566734000077, 7.29197499100019], [0.459222693000129, 7.29227373700007], [0.458799023000097, 7.29269951100008], [0.45817718100011, 7.29329678900012], [0.457387056000016, 7.29391941100016], [0.456615829999976, 7.29441244500009], [0.455996556000116, 7.29495183900013], [0.454904867000096, 7.29535495900006], [0.454422009000098, 7.29540336299999], [0.45392784400002, 7.29536912700019], [0.453306565, 7.29528844800018], [0.452801280000017, 7.29522944299998], [0.452237891000038, 7.29512652900019], [0.451823811000054, 7.29510581199997], [0.451640435000172, 7.29518021300004], [0.451399313000138, 7.29527804100013], [0.450939529000095, 7.29563502800005], [0.450662014000159, 7.29602450000016], [0.450271894000025, 7.29658795500012], [0.449906580000174, 7.29714030700018], [0.44965338999998, 7.29736985900018], [0.448563494000041, 7.29772992200003], [0.448753030000091, 7.29611769700011], [0.449224356, 7.29441691200003], [0.449363461000075, 7.29390111400016], [0.449649978000082, 7.2928777570001], [0.449833350000119, 7.29239488700011], [0.450085873000148, 7.29195864600018], [0.450487659000032, 7.29159082300004], [0.450878555000031, 7.29126988400003], [0.451117276000161, 7.29083368700009], [0.451210372000048, 7.29060189300009], [0.451324670000076, 7.29009719800018], [0.451589031000026, 7.28905186500009], [0.451519092000183, 7.28790288000016], [0.451357131000179, 7.28731914999997], [0.452019866000057, 7.28484774100008], [0.451136553000083, 7.28481474699998], [0.449596882000094, 7.28408661200007], [0.448583054000096, 7.28380600000008], [0.448135565000086, 7.28369168400008], [0.447731643000054, 7.28339258300008], [0.447399339000128, 7.28304915800004], [0.447133197000085, 7.28268071800011], [0.446870000000104, 7.28237014300004], [0.446637755000154, 7.2822441130001], [0.445404451000059, 7.28156839400009], [0.446165002000043, 7.28076948200004], [0.447014399000068, 7.2796310650001], [0.44743727600013, 7.27849400900016], [0.447813595000071, 7.27761736700012], [0.448356918, 7.27709510000011], [0.447360883000101, 7.2768380170001], [0.446816119000175, 7.27691073900007], [0.446249327000146, 7.27750406100012], [0.445895412000084, 7.2779784010001], [0.44532786000002, 7.27833512100017], [0.444000995000124, 7.27836301200006], [0.443099892000077, 7.27815293900017], [0.44262447300008, 7.27768124200014], [0.441793549000067, 7.27718701600008], [0.441390729000148, 7.27718829700012], [0.440964892000181, 7.2774025970001], [0.440634138000178, 7.27771123600013], [0.44025659600004, 7.27820930900003], [0.439974741000071, 7.27899100500008], [0.439836341000159, 7.28017447400003], [0.439695676000156, 7.28064813200012], [0.439317076000066, 7.2808149600001], [0.438772304000111, 7.28088767300017], [0.438156974000037, 7.28112623400006], [0.437889624000093, 7.2814935560001], [0.437581102000138, 7.28191744700007], [0.437367288000075, 7.28237836400012], [0.436691170000074, 7.28310296200004], [0.435340059999987, 7.2845509440001], [0.427106290000154, 7.28088128500013], [0.415894034000075, 7.26646433500008], [0.415489930000035, 7.26609630000013], [0.402087287000143, 7.24370166200009], [0.391599930000098, 7.22658343800003], [0.379488785000149, 7.18361774600004], [0.371206426000072, 7.15422853800004], [0.369555044000037, 7.15378973300005], [0.369228651000128, 7.15352337200011], [0.368671786000164, 7.15184386100015], [0.368650420000165, 7.15115492299998], [0.368533677000187, 7.15086864500012], [0.368494703000124, 7.15075300800004], [0.367975330999968, 7.14961631900007], [0.367877929000088, 7.14933825100013], [0.367799079000122, 7.14880381900014], [0.367798391000065, 7.14857231600007], [0.367797145000168, 7.14815340700017], [0.367796801000111, 7.1480376560001], [0.367738398000029, 7.14788349200012], [0.367439095, 7.14744617399998], [0.367162316000133, 7.14716037000017], [0.366580488000125, 7.14655982000005], [0.36580369800015, 7.14585291300006], [0.365193437000187, 7.14551271400006], [0.364919720000046, 7.14543075100011], [0.363745354, 7.14553682500002], [0.357472870000095, 7.13164503600018], [0.350215004000177, 7.12653732500007], [0.348680267000077, 7.12650112200004], [0.341625264000186, 7.12734779600009], [0.340852324000139, 7.12817133800019], [0.339859111000123, 7.12915536800006], [0.338574708000181, 7.13058396400015], [0.338457903000176, 7.12741485200013], [0.338363571, 7.12723598200006], [0.338265857000124, 7.12684215100006], [0.338132657000131, 7.12658071200002], [0.337283739000043, 7.12594376500016], [0.337137375000168, 7.12590009199999], [0.336918147000176, 7.12546802600014], [0.33709086500005, 7.12508443700011], [0.337491705, 7.12439426600014], [0.337681369000052, 7.12414567400015], [0.338171043999978, 7.12364265800011], [0.338533390000123, 7.12299945100011], [0.338748845000111, 7.12213067500016], [0.339248708000184, 7.12038465200004], [0.339967237, 7.11697610400006], [0.339770823000094, 7.11584669400008], [0.339405510000176, 7.1154646600001], [0.337658161000093, 7.11422673400017], [0.337466674000154, 7.11384419700005], [0.337427544000093, 7.11367067900005], [0.337294726000152, 7.11353877200008], [0.336449494000021, 7.11321324100004], [0.336294715000065, 7.11311998200006], [0.335918443000025, 7.11276278100007], [0.335776216000113, 7.11223954200005], [0.33577577900013, 7.11208796100004], [0.335717392, 7.11193379000014], [0.334158843000125, 7.10822863599998], [0.333632685000111, 7.10660132400017], [0.333783220000043, 7.10522286500009], [0.333530654000072, 7.10470545400017], [0.333121729000084, 7.10450268200009], [0.332969926000089, 7.10448382600015], [0.332533370000021, 7.10426735200014], [0.332532330000106, 7.10390631200011], [0.332817612000099, 7.1033294770001], [0.332931952000138, 7.10279447400012], [0.332912195000176, 7.10264019199997], [0.332720719000122, 7.10225765100006], [0.332432732000029, 7.10189467900005], [0.331741659000159, 7.10143915800012], [0.331625392000035, 7.10130444500004], [0.33147055400002, 7.10118913500008], [0.331221196000172, 7.10082605100007], [0.330914009000026, 7.10050171700004], [0.330758625000158, 7.10019624099999], [0.330719563000116, 7.10004477000018], [0.330738433000079, 7.09989037700012], [0.330643091000184, 7.09935597600003], [0.330565395000178, 7.09920185900017], [0.330297002000066, 7.09893529100015], [0.329950804000021, 7.09847602100012], [0.329687954000121, 7.09821770500008], [0.328953266999974, 7.097944203], [0.328779339000164, 7.09790611600016], [0.328555639000115, 7.09782958600005], [0.328093493000097, 7.09734584300008], [0.32815898299998, 7.09709209800013], [0.328450592000081, 7.09679636599998], [0.328756295000062, 7.09660532200019], [0.329081091000091, 7.09633705500011], [0.329215729000055, 7.09614374600017], [0.329234275000147, 7.09587635600008], [0.329195206, 7.09572212900002], [0.328751412000088, 7.09490209300003], [0.328692596000167, 7.09459633900013], [0.328730780000171, 7.09444189000004], [0.328711246000125, 7.09436477600008], [0.328826633000176, 7.09419357100001], [0.32894675600005, 7.09374950200015], [0.328935048000176, 7.09351527100006], [0.32876268900003, 7.093061014], [0.328611026000033, 7.09212714400019], [0.328646450000122, 7.09197270400006], [0.328751221000175, 7.09194760000008], [0.328991405000124, 7.09200065600004], [0.329165359000115, 7.09204838900018], [0.329355182000143, 7.09185767800011], [0.329374053000151, 7.09170328500005], [0.329334985000116, 7.09154905700007], [0.32922126700015, 7.09133992299996], [0.329085635000126, 7.09118597100002], [0.328988581999965, 7.09101537300012], [0.328854066000019, 7.09028815800008], [0.328501367000058, 7.08920337800004], [0.323367169000164, 7.09192358200005], [0.322578598000064, 7.09234137600015], [0.31917015900018, 7.09414718300008], [0.315803941000013, 7.09593058600012], [0.310345237000092, 7.09613874300004], [0.307093870000131, 7.09631144500008], [0.303770863000068, 7.09651608100017], [0.298687507000125, 7.09663612200006], [0.296279140000024, 7.09682674300012], [0.278419272000065, 7.09745593100013], [0.271587857000156, 7.09769641500014], [0.267283665000036, 7.09784788300004], [0.224488408000184, 7.09935171600006], [0.227658492000103, 7.10307405600003], [0.227618007000046, 7.10309389400004], [0.230846225000164, 7.10688449500009], [0.236843399000065, 7.118021048], [0.242642695000086, 7.12704287500014], [0.243696382000167, 7.13706593199998], [0.242510205000144, 7.14856036400016], [0.242508277000184, 7.14857905000014], [0.235242462000031, 7.16705787500007], [0.216201286000171, 7.17403090700003], [0.193108299000187, 7.17793719700012], [0.182346277000079, 7.17969320200007], [0.182571186000132, 7.19320778600019], [0.191959866000104, 7.21904223200011], [0.19892612100017, 7.25158708800006], [0.204020429000138, 7.27538236999999], [0.214990344000171, 7.31000343200003], [0.208366830000159, 7.35087762100005], [0.198570284000141, 7.36797053500015], [0.178918936000059, 7.38095207200018], [0.172700876000022, 7.38045125800011], [0.150451024000063, 7.39085266699999], [0.136492080000096, 7.40226641599997], [0.124068365000028, 7.40643539300004], [0.134602184000073, 7.41587925800013], [0.145054489000074, 7.41345094500002], [0.154767741000114, 7.41376768200018], [0.170287829000131, 7.41566810200004], [0.178945293000027, 7.422108412], [0.18264055200018, 7.43224398000018], [0.195943484000054, 7.44079586800007], [0.212730518000058, 7.44860870200012], [0.228567343000066, 7.45599922200017], [0.243559536000021, 7.46708500099999], [0.250105424000026, 7.46507900400002], [0.257601521000026, 7.46560689800003], [0.264041829000178, 7.4697244730001], [0.272382557000185, 7.47700941400007], [0.28040654800003, 7.48302740800005], [0.295406592000177, 7.48623433500012], [0.295633029000157, 7.48623367000016], [0.295895315000166, 7.48621636300004], [0.296118786000079, 7.48614680400004], [0.29711769700009, 7.48603756700015], [0.299497186000053, 7.48653648100003], [0.299566784000092, 7.48672644300012], [0.299777166000126, 7.48689945399997], [0.300056176999988, 7.48693445900011], [0.300299182000117, 7.48693374200013], [0.300611165000078, 7.48691353000009], [0.300818263000167, 7.48691016200013], [0.301078049000182, 7.48698105200015], [0.301288122000074, 7.48704933200014], [0.301567434000106, 7.48718631000008], [0.301757923000139, 7.48716921099998], [0.302301810000074, 7.48746403999996], [0.302899560000185, 7.48773308300014], [0.303292852000027, 7.4884152950001], [0.302134135000188, 7.48925166600009], [0.301960525000027, 7.48937344500013], [0.301839439000105, 7.48951436100009], [0.301961612000184, 7.48973999500009], [0.301876678000099, 7.48996624200004], [0.302051164000147, 7.49013935599999], [0.30210404900015, 7.49027975800004], [0.302206991000162, 7.49053852200018], [0.302322226000172, 7.49095642200012], [0.301985383000101, 7.49123645399999], [0.301756330999979, 7.49128674000008], [0.301707246000092, 7.49149634500009], [0.301480758000025, 7.49148047800014], [0.301271665000058, 7.49174291900005], [0.301029474000188, 7.492019239], [0.300715552000099, 7.49231781900005], [0.300453883000046, 7.49254458700017], [0.300211389000083, 7.4927189340001], [0.300021257000139, 7.49285729700006], [0.299570803000165, 7.49367717100006], [0.299571678000177, 7.49397206600003], [0.299672111, 7.49431627400008], [0.300004779, 7.49475074700007], [0.300320518000149, 7.49506400300004], [0.300774012000147, 7.49526936600006], [0.301070112000161, 7.49547795000012], [0.301382780000097, 7.49568648500002], [0.301714673000106, 7.49585913400006], [0.301941630000158, 7.49603209400016], [0.302237885000068, 7.49629304100011], [0.302937727000028, 7.49669059500019], [0.303460246000043, 7.49692733900002], [0.300835793000033, 7.49747677200014], [0.30044111300009, 7.49754959600011], [0.299898222000024, 7.49818785600013], [0.299708262000081, 7.49842798200012], [0.299493653000184, 7.49932453000008], [0.299668355000051, 7.49956930100012], [0.299842804000036, 7.4997286360001], [0.300053333000108, 7.4999484970001], [0.300227381000127, 7.49997278700016], [0.300343502999965, 7.50001929700005], [0.300506604000077, 7.50007669200011], [0.30071674800007, 7.50016701900006], [0.30073966599997, 7.50044531200007], [0.300624133000099, 7.50059723600003], [0.300461269000152, 7.50061976500001], [0.300229516000059, 7.50069210800007], [0.300091849000125, 7.50083031700001], [0.300168998, 7.5026325390001], [0.30182736800009, 7.50311820800005], [0.301850656000056, 7.50352052100004], [0.301805217000151, 7.50402776599998], [0.301583351999966, 7.50464026400005], [0.301498925000033, 7.50476705600005], [0.301300175999984, 7.50506553300016], [0.300865114000089, 7.50549125000015], [0.300476859000185, 7.50586997600004], [0.300430683000116, 7.50612918100006], [0.300682346000031, 7.50642412700012], [0.300976106000178, 7.5065988500001], [0.301340876000154, 7.50668045100002], [0.301625314999967, 7.50667960900012], [0.302569903000176, 7.50672366300006], [0.302829349000149, 7.50667604099999], [0.303117562000068, 7.50651429100014], [0.303253920000031, 7.50643776400011], [0.303523747000042, 7.50616687200005], [0.303760255000043, 7.50583544599999], [0.304018895000127, 7.50551773500007], [0.304263901000184, 7.50525794100008], [0.304288295000049, 7.50510353000004], [0.304406687000096, 7.50498466900007], [0.304734290999988, 7.50464194900013], [0.306469507000031, 7.50449661900018], [0.306070338000154, 7.50631089400008], [0.306153817000052, 7.50652286100012], [0.30646144200017, 7.50688849900018], [0.306818594000049, 7.50719335700018], [0.30699624600004, 7.50749874800016], [0.306407735000107, 7.50832455200009], [0.306112669000186, 7.50846598700014], [0.305925311000124, 7.50860985800006], [0.305749344000048, 7.50886944700011], [0.305559677000076, 7.50916490700007], [0.305430969000099, 7.5095290860001], [0.305244375000143, 7.50992926500004], [0.305068802000051, 7.51032114400005], [0.305069887000059, 7.51068493700006], [0.305093106000129, 7.51106244500005], [0.305284287000063, 7.51127409100013], [0.305530667000028, 7.51147455000012], [0.305862261000073, 7.51154246500016], [0.306287823000105, 7.51163490400006], [0.306641691000095, 7.51176338600004], [0.30712574800009, 7.51202376900017], [0.307576659000176, 7.51228149299999], [0.307742774000133, 7.51242155700004], [0.307956016000048, 7.51262211200003], [0.30809703000017, 7.51267956800018], [0.308216058000085, 7.51277291900016], [0.308439886000087, 7.51281910400019], [0.308711015000085, 7.51298365899999], [0.30891313799998, 7.51315944200007], [0.30913696600004, 7.5132056270001], [0.309349855000164, 7.51328767400003], [0.309585125000069, 7.51346611400004], [0.309610713999973, 7.51371132499997], [0.309564155000146, 7.51384099600017], [0.309410001000174, 7.51400681800004], [0.309350648000134, 7.51573265799999], [0.308898125000098, 7.51644743100007], [0.308545341000013, 7.51668274500003], [0.308427194000103, 7.51688428800009], [0.310086205000175, 7.51854393100018], [0.309358106000047, 7.51973124600011], [0.309358568000107, 7.51988558100015], [0.309265482, 7.52015595000006], [0.309119070000179, 7.52023431400016], [0.30781650300014, 7.52004721900005], [0.306914608, 7.51991767200008], [0.306452923000109, 7.51975368500007], [0.306074473000081, 7.51971898300008], [0.305897730000083, 7.51971950900008], [0.305522322000115, 7.51977850300017], [0.305287818000068, 7.52078239700012], [0.305407450000189, 7.52107693600004], [0.305596122000168, 7.52137127099996], [0.305762628000082, 7.52164086599998], [0.306122038000183, 7.52274337200009], [0.306370457000014, 7.52449981800009], [0.306324004000032, 7.52466531800013], [0.306335405000141, 7.5247837930001], [0.306407562000174, 7.5249020870001], [0.306408057000112, 7.52506744800019], [0.306538103000037, 7.52514974100018], [0.306657200000018, 7.52526513900011], [0.306856147000076, 7.52530037500003], [0.307000075000076, 7.52540743100013], [0.307080369000175, 7.52547609200008], [0.307259983000108, 7.52551138600012], [0.307531229000176, 7.52571176700013], [0.307904683000118, 7.52598723500017], [0.308464917000151, 7.52579166200007], [0.308793554000033, 7.52579068200015], [0.308876263000059, 7.52574358200019], [0.309135784000148, 7.52571800300012], [0.309491336000065, 7.52548267900016], [0.309926751000091, 7.525172704], [0.310103397000148, 7.52513910300019], [0.310373469000126, 7.5249481300001], [0.310538357000098, 7.52467754700018], [0.31072557900012, 7.52448682100004], [0.311091819000069, 7.52413295600013], [0.311326169999973, 7.5240027210001], [0.311894293000023, 7.52466246899996], [0.311861683000188, 7.52483895099999], [0.311873434000177, 7.52507317900006], [0.311931892000189, 7.52522734100017], [0.311946057000057, 7.52534580800011], [0.311980257000187, 7.52569847700011], [0.311875951000104, 7.52591100200016], [0.311638945000027, 7.52607707300012], [0.310939286000121, 7.52666154500002], [0.311197501000095, 7.52805722100004], [0.311209855000072, 7.52849263600007], [0.31125722600018, 7.52863305100004], [0.311531235000189, 7.52883342100012], [0.311614508000048, 7.52897372900003], [0.31197716600002, 7.53044182400004], [0.311912067000094, 7.53057684500016], [0.3115271960001, 7.53116503100011], [0.311336309000012, 7.53143792000003], [0.311221957000157, 7.5316013960001], [0.310270341000148, 7.53193528200018], [0.309513388000084, 7.53191242500014], [0.309239880000064, 7.53188017100013], [0.309027263000132, 7.53189183000012], [0.308908792000182, 7.531985889], [0.308675073000131, 7.5323283350001], [0.308488236000187, 7.53264859200004], [0.308333861000108, 7.53274275800004], [0.30814652000015, 7.5328948990001], [0.308133240000132, 7.53307132400005], [0.308180686000128, 7.53323654500008], [0.308299869000166, 7.53337950200012], [0.30846563700004, 7.53340105500001], [0.308855037000058, 7.53339989200003], [0.309078380000187, 7.53328071500005], [0.309315787000173, 7.5332469330001], [0.309528116000081, 7.5331388140001], [0.30995299600005, 7.53299698600011], [0.310308116000158, 7.533536105], [0.310275913000055, 7.53379013600016], [0.310013649000041, 7.53388148900018], [0.309600237000097, 7.53416384000019], [0.309202757000094, 7.53476959300014], [0.306858437000074, 7.53594809300012], [0.306335942000089, 7.53603390800004], [0.306111888000032, 7.53591606800001], [0.305722279000065, 7.53584832900003], [0.30548759800007, 7.53587107700014], [0.305261458000189, 7.53597923600012], [0.304991411000174, 7.53618123100006], [0.304732757000068, 7.53649894600011], [0.304557202000183, 7.53689909400003], [0.304439297000101, 7.53718331699997], [0.304346066000107, 7.53740683300003], [0.304180749000068, 7.53753685900011], [0.303875012000049, 7.53781061700005], [0.303700256000184, 7.53797072800006], [0.303798637000057, 7.53898577300009], [0.303881072000024, 7.53983628200001], [0.304187874000036, 7.53991804900011], [0.304458525000086, 7.53991724300005], [0.304814725000085, 7.53989413200003], [0.305063208000149, 7.53986858700011], [0.305489958000123, 7.53974772700008], [0.30565068500016, 7.53960776900004], [0.305733009000051, 7.53943113700018], [0.305721186000028, 7.53917210600014], [0.305791410000154, 7.53897764900012], [0.306574133000026, 7.53994676000013], [0.306998656000076, 7.54060418400013], [0.307272178000119, 7.5406391950001], [0.307652178000126, 7.53965546600017], [0.30829658000016, 7.53964671900007], [0.308567197000059, 7.53963488700015], [0.309003984000071, 7.53977689400011], [0.309255609, 7.53987811400009], [0.309515238000074, 7.53988560500011], [0.309694751000109, 7.53988506800016], [0.309893365, 7.53980730500001], [0.310191302000078, 7.53969617200016], [0.310978306000152, 7.53964551600006], [0.31163771700011, 7.539446553], [0.31187522700003, 7.53944584100014], [0.312046339000176, 7.53940674400019], [0.312258877000147, 7.53936752200013], [0.312653640000065, 7.53931121800008], [0.313133941000103, 7.53922985300005], [0.313782451000122, 7.53906254600014], [0.314204837000034, 7.53905009199997], [0.314507933000073, 7.53791690000003], [0.314783926000075, 7.53688503800009], [0.314749439000025, 7.53643866600009], [0.314739850000024, 7.53600599900011], [0.314780328000154, 7.53569169200011], [0.314942987000052, 7.53559749800013], [0.31503133700005, 7.53558896500004], [0.315219607000188, 7.53574549300004], [0.315338859000121, 7.5359104960001], [0.315519102000167, 7.53615248400007], [0.315676802000098, 7.53624571500006], [0.31687858100014, 7.53707701700006], [0.318715551000082, 7.53834768200016], [0.318423858000187, 7.53869581900005], [0.318178947000092, 7.53898869400007], [0.318066258000101, 7.5391681750001], [0.318078422000042, 7.53953744500006], [0.318159054000091, 7.53971634300012], [0.318350190000103, 7.53990593200012], [0.318552138000143, 7.54001832000017], [0.318787260000022, 7.54014163300013], [0.319058011000152, 7.54017388900019], [0.319215297000028, 7.54012931800014], [0.319455125000161, 7.53998252700012], [0.319623083000181, 7.53981390300004], [0.319835427000157, 7.53971129000018], [0.320216070000129, 7.53955305000005], [0.320464192000088, 7.53940898800005], [0.320720524000137, 7.53924009800011], [0.320866419000026, 7.53908256400018], [0.321181290000084, 7.53909263800011], [0.321482434000131, 7.54015319900003], [0.321814466000035, 7.54024549600013], [0.322510590000093, 7.54029851299998], [0.322789392000061, 7.54025357500018], [0.323081826000134, 7.54015071800012], [0.323059497000145, 7.54371155200005], [0.323170512000161, 7.54389035700018], [0.323317538000083, 7.54410488100018], [0.323395303000041, 7.54424795900007], [0.323464899000101, 7.54442964500004], [0.323791734000054, 7.54474008500011], [0.32414036900002, 7.54495399800015], [0.324577440000041, 7.54518693500017], [0.32492596600008, 7.54536502100018], [0.325161161000096, 7.54551037600004], [0.32554323200003, 7.54582064800013], [0.325823260999982, 7.54617807900013], [0.325947818000088, 7.54626865000006], [0.32605065000007, 7.54648055100006], [0.326172336000184, 7.54653530200011], [0.326318919000187, 7.54660375700013], [0.326509238000028, 7.54652325600017], [0.326622168000142, 7.54642369700002], [0.326812730000086, 7.54642311900011], [0.32699244600002, 7.54648871700005], [0.327117104000024, 7.54661235900016], [0.327139676000115, 7.54676938300003], [0.327038003000155, 7.54693780800017], [0.326837007000051, 7.54713960700008], [0.326749110000151, 7.54729696600003], [0.326749756000027, 7.54750917600001], [0.326794356000164, 7.54764408600016], [0.326996823000115, 7.5479245840001], [0.327143566000075, 7.54804540300006], [0.327123616000051, 7.54896815900003], [0.326957111000013, 7.55043363200002], [0.326582698000038, 7.55159684100011], [0.326427373000058, 7.55160592500016], [0.326210064000122, 7.55166687300004], [0.325997641000072, 7.55174468600018], [0.325840596000091, 7.55186918200019], [0.325696982000125, 7.55186961800001], [0.325334917000077, 7.55178252400009], [0.325257511000075, 7.55175795500008], [0.325180256000181, 7.55178299400012], [0.324909801000103, 7.55184995700006], [0.324708088000023, 7.55181749700006], [0.324550632000125, 7.55180695000018], [0.324549769000157, 7.55319958400008], [0.325198700000101, 7.55329942000003], [0.325988043000166, 7.55346291900014], [0.325936993000028, 7.55359415000009], [0.326138908000075, 7.55369275400005], [0.326341067000044, 7.55387128000007], [0.32648853500018, 7.55422911400001], [0.327166467000097, 7.55492370100001], [0.327363021000053, 7.55521597600017], [0.327100421000182, 7.55653678700008], [0.326686478000113, 7.55688028399999], [0.326812514000039, 7.55722115200012], [0.326733985000033, 7.55773400700002], [0.32677105800002, 7.55811698000002], [0.326882894, 7.55856311200017], [0.326963880000164, 7.55885500200014], [0.327097029000072, 7.55904476300014], [0.327276961000052, 7.55917926000018], [0.327456717000132, 7.55925588100018], [0.32762543399997, 7.55933529200007], [0.32778279200005, 7.55931276600018], [0.327961900000105, 7.55917717700009], [0.328141419000133, 7.55917663000014], [0.328412249000166, 7.55923092600017], [0.32874967500004, 7.559386991], [0.328482745000144, 7.56060871300002], [0.327340641000148, 7.56103936900013], [0.32685748300014, 7.56109595800012], [0.326589953000052, 7.56121803600007], [0.326377894000132, 7.56131121500005], [0.326154159000055, 7.56140952400011], [0.325839551000115, 7.56149040400004], [0.325425716000041, 7.56163772999997], [0.325122424000028, 7.56180676700006], [0.324841393000099, 7.56203085700008], [0.32445042400002, 7.56254662400005], [0.324081368, 7.56277177400005], [0.323825404000161, 7.56306468700001], [0.323599543000057, 7.56326656100003], [0.322738524000101, 7.56440189200009], [0.322651201000099, 7.56474941400006], [0.322560914000178, 7.56503080099998], [0.322484295000152, 7.56526529400014], [0.32256254300006, 7.56556546200011], [0.322610073000078, 7.56575548199999], [0.322508396000103, 7.56592390700018], [0.322373608000134, 7.56610345600018], [0.322212473000036, 7.56655600200014], [0.322408975000144, 7.56683369100011], [0.322511434000148, 7.56692157300012], [0.32277197600007, 7.56722394399998], [0.322996068000123, 7.56734728400005], [0.323219883000093, 7.56737967800007], [0.323322242000131, 7.56743448700007], [0.32364917200016, 7.56776972800003], [0.323973441000078, 7.56813804800015], [0.324164425000049, 7.56827251300018], [0.324311042000033, 7.56834923600019], [0.324371048000046, 7.56859955800013], [0.325008246000152, 7.5687412260001], [0.325437124000132, 7.56899623099997], [0.325998820000052, 7.56933075600006], [0.326347511000051, 7.56955568800004], [0.326604605000171, 7.56963207300004], [0.326930410000045, 7.56959801000016], [0.327187435999974, 7.56965234800003], [0.327345447000027, 7.56984203100018], [0.327310055999988, 7.57001025500006], [0.327995354000052, 7.57005289300002], [0.327887411000063, 7.57094829400012], [0.327754269000081, 7.57166526000015], [0.327788238000153, 7.57193524500019], [0.327756537000084, 7.57240661800017], [0.327823641000123, 7.57267374600008], [0.327992777000077, 7.57288819800004], [0.328263817000163, 7.57300863600005], [0.328722704000029, 7.57313952600009], [0.32899911700008, 7.57321033800008], [0.329573997000182, 7.57333811700005], [0.329966335000165, 7.573383772], [0.330195795000122, 7.57345472700013], [0.330309635000106, 7.57365005500014], [0.329355009000039, 7.57398093300014], [0.329112060000057, 7.57401474599999], [0.328869811000175, 7.57427730500012], [0.328881423999974, 7.57446192200007], [0.328823745000136, 7.57456682600002], [0.328754941000113, 7.57464696000011], [0.328627993000055, 7.57468041900012], [0.328352144000064, 7.57479425600019], [0.328029587000117, 7.57498815900016], [0.327819864999981, 7.57504943100008], [0.327574422000055, 7.57517144300004], [0.327270954000142, 7.57528536300009], [0.327032843000097, 7.57522989300008], [0.327169486000116, 7.57552268899997], [0.327104186000042, 7.57584534000011], [0.327115992000131, 7.57609334500012], [0.327329335000115, 7.57620522900015], [0.327431851000028, 7.57641759100011], [0.327663691000055, 7.57768532000011], [0.326945771000169, 7.57823252200012], [0.326755061000028, 7.57818900600006], [0.326473508000049, 7.57824498400009], [0.326249721000124, 7.5782236180001], [0.325970627000117, 7.57818037200008], [0.325666600000091, 7.57811239800014], [0.325453860000096, 7.57809099700006], [0.32524971100014, 7.5781687870001], [0.324993125000049, 7.57826051600011], [0.323861196000109, 7.57842105000009], [0.323703486000056, 7.57833058100016], [0.323443860000054, 7.57833137000011], [0.322985961000086, 7.57852568200002], [0.32279289100012, 7.57861446100003], [0.322553668000126, 7.57869310400002], [0.322412117000056, 7.57873963800017], [0.322166301000095, 7.57874038500012], [0.321771489000128, 7.57879119100005], [0.320673541000076, 7.57864360600018], [0.320979635000185, 7.57939944900011], [0.321027491000052, 7.57951761900011], [0.321116480000057, 7.57973736100018], [0.321201436000138, 7.57994714400007], [0.321669788000179, 7.58110364400017], [0.323411885000155, 7.58233318800012], [0.323570035999978, 7.58256696800009], [0.323705508000046, 7.58261065199997], [0.323896633000118, 7.58278921200002], [0.324132229000043, 7.58305858400007], [0.3243119280001, 7.58311315599997], [0.324425279000138, 7.58314863900017], [0.325102708000145, 7.58392430200013], [0.324992263000183, 7.58520564900005], [0.323531518000038, 7.58442463300008], [0.323261017000107, 7.58448333200005], [0.323125981000146, 7.58458295899999], [0.322903284000063, 7.58491986899998], [0.322611538000103, 7.58525698900019], [0.322118330000137, 7.58564984100019], [0.32169380300013, 7.58592122000016], [0.321570260000101, 7.58616688000006], [0.321504350000168, 7.58629110000004], [0.321504897000125, 7.58647023900005], [0.321403728000178, 7.58680677899997], [0.321326735000127, 7.58692001000003], [0.321236479000106, 7.58721242000007], [0.32115989100015, 7.58745793800011], [0.321116412000038, 7.58769233000015], [0.321004195000057, 7.58802890400011], [0.321989216000134, 7.58959596800008], [0.320806425000058, 7.58929451200004], [0.319967087000066, 7.58918221400018], [0.320650013999966, 7.5896312210001], [0.3207971920001, 7.58988983800009], [0.32088619200016, 7.5900907570001], [0.321010863000083, 7.59021439800011], [0.321190543000057, 7.59039728400012], [0.321326721000105, 7.59053589100017], [0.321562119000021, 7.59073912100007], [0.322123497000121, 7.5909606510001], [0.32231707700015, 7.59103723000015], [0.322563010000181, 7.59107230900014], [0.323855901000115, 7.59212851300015], [0.325247329000149, 7.59183581600013], [0.325572947000069, 7.59173560800002], [0.326176199000088, 7.59210031600003], [0.327480156000036, 7.59308298400015], [0.327705342000058, 7.59309221300009], [0.327714110000045, 7.59281493800017], [0.327882080999984, 7.59264630800004], [0.32800540900007, 7.59233174800016], [0.32803793700009, 7.59213046000002], [0.328238704000114, 7.59184873500004], [0.328417206000154, 7.59151195700008], [0.328709366000169, 7.59130987700007], [0.329092281000101, 7.59187919700008], [0.329115689000105, 7.59230630600018], [0.330086780000101, 7.59372543000018], [0.330387404000078, 7.5940853780001], [0.331445119000136, 7.59402788300008], [0.331780018000188, 7.59400967800008], [0.332764906000136, 7.59395613900017], [0.333196182000108, 7.59439112199999], [0.333963240000173, 7.59474551200003], [0.334902826000132, 7.59517960800008], [0.335027637000053, 7.5953473400001], [0.33511896400006, 7.59540493500015], [0.335273776000065, 7.59544855600012], [0.335544765, 7.59554693899997], [0.335757624000166, 7.59560415999999], [0.335882325000057, 7.59573606400011], [0.335996472000033, 7.59602784800006], [0.336107577000064, 7.59622869399999], [0.336254180000026, 7.59629714300007], [0.336592047000181, 7.59658548300013], [0.336647569000149, 7.59667626000009], [0.336705990000098, 7.59681112400006], [0.336851067000111, 7.59727919500017], [0.336943570000017, 7.59771711300016], [0.336977857000136, 7.59808631000004], [0.337011871000072, 7.59836731600001], [0.336747679999974, 7.59957525300007], [0.336320808000039, 7.59998169700009], [0.335728889000166, 7.60060912800009], [0.335257889000104, 7.60103775599998], [0.334844475000182, 7.60133116100002], [0.334654298000146, 7.60146403300018], [0.334519822000061, 7.60174555900005], [0.333081770000092, 7.60212986300002], [0.332099421000066, 7.60239238200018], [0.33176340100016, 7.60270484000011], [0.330446515000062, 7.60362798900019], [0.329718769000067, 7.60518874899998], [0.329515363000155, 7.60551182400019], [0.329572856000027, 7.60587601000009], [0.329270949000147, 7.6059728240001], [0.32870413500018, 7.60648110000005], [0.328787031000104, 7.60673182600004], [0.329620226000031, 7.60637688500009], [0.329810118000125, 7.60615031099996], [0.33009123800008, 7.60594826300013], [0.330629032000161, 7.60567928199998], [0.330830079, 7.60562490900003], [0.330789098000082, 7.60653039400006], [0.330585658000132, 7.60684244500004], [0.330396104999977, 7.60717925800009], [0.330286723000029, 7.60753787300001], [0.330287657000099, 7.60784102900004], [0.330387859000041, 7.60808876200002], [0.330756219000136, 7.60841008300008], [0.331060813000136, 7.60865443200015], [0.331398628999978, 7.60892348300013], [0.331579001000023, 7.609193017], [0.331781158000126, 7.60936051200014], [0.33199488200006, 7.60969608600016], [0.33214175300003, 7.60984997100019], [0.333305262000124, 7.61184173400005], [0.333148406000078, 7.61203238000002], [0.33314909600017, 7.61225561300012], [0.333274092000181, 7.61248122000006], [0.333397041000126, 7.61293833700012], [0.33348941100013, 7.61333215900004], [0.333512121000069, 7.61353052100009], [0.333492136000132, 7.61421406800008], [0.333157192000101, 7.61487653600017], [0.332497099000136, 7.61579631200004], [0.332376047000025, 7.61595377500004], [0.332274884000128, 7.6162903180001], [0.332074527000145, 7.61670708800011], [0.331903910000165, 7.61707126500011], [0.331827555000132, 7.61723424100012], [0.331826729000056, 7.6183433700001], [0.331825958000081, 7.61938063500008], [0.332030241000041, 7.61940025199999], [0.335933205, 7.61977502500002], [0.337364385000114, 7.62344433900006], [0.339029123000046, 7.62317410200012], [0.33932875000005, 7.62312546200002], [0.339666052000041, 7.62322363400017], [0.340058463000105, 7.62327753900007], [0.340340700000127, 7.62343375700004], [0.340745067000057, 7.62377975900006], [0.340897397000049, 7.62434014800016], [0.340995900000109, 7.62470251600013], [0.341161911000086, 7.62531323200005], [0.341341645000057, 7.62597442800001], [0.341360260000101, 7.62618658100007], [0.341351270000075, 7.62684804400004], [0.341398049000077, 7.62767745000008], [0.34144388500016, 7.62820370000009], [0.34326386400005, 7.62985439699997], [0.34347904700013, 7.62976553800019], [0.343937516000153, 7.62974206500013], [0.344431819000135, 7.62969367800008], [0.344959207000045, 7.62962589500006], [0.345095547000142, 7.63171036799997], [0.344791384000132, 7.63252179400013], [0.344632023000145, 7.63294692600016], [0.344409182000106, 7.63354139900002], [0.344209260000071, 7.63407473500013], [0.344125154000039, 7.63429910400015], [0.344026444000065, 7.63456243400009], [0.343750451000062, 7.63529869800004], [0.343804109000075, 7.63669460900019], [0.343831515000034, 7.63740757100004], [0.343848799, 7.63785719300012], [0.343906799000024, 7.63936603400015], [0.344128881000074, 7.63971535299999], [0.344400504000077, 7.64000664100013], [0.344605399999978, 7.64016033800016], [0.344782371000179, 7.64021766299999], [0.345045113000083, 7.6403188160001], [0.345249824, 7.64041326000012], [0.345454536000091, 7.64050770300003], [0.346157017000053, 7.64077560000004], [0.346516830000041, 7.64100046900012], [0.346796466000114, 7.64120353900006], [0.347045699000034, 7.64140119100006], [0.34717064400013, 7.64160474400012], [0.347287622000067, 7.64191029300008], [0.347407362000183, 7.64221583200003], [0.347556375000181, 7.64304767100003], [0.347138491000067, 7.64376628900015], [0.346947929000123, 7.64409398900011], [0.346633186000076, 7.64463523500012], [0.346900276000156, 7.64545793900015], [0.347199421000141, 7.64637937700019], [0.347266060000038, 7.64648803], [0.347523835000175, 7.6467655780001], [0.347764664000124, 7.64692467300017], [0.348110265000173, 7.64702005300006], [0.34832725900003, 7.64706622699998], [0.348709174000078, 7.64745590799998], [0.349282131000166, 7.64804051400006], [0.350181259000124, 7.64895791600009], [0.350329023000086, 7.64982834000017], [0.349530032000132, 7.65034757200016], [0.349014947000057, 7.65068230300005], [0.348490233000177, 7.651023291], [0.348276171000066, 7.65154765200015], [0.348151594000115, 7.65185281100008], [0.347797605000096, 7.65271992900006], [0.347130515000117, 7.6543539970001], [0.34744006700015, 7.65507386500013], [0.347550162000118, 7.65532989400009], [0.347776121000095, 7.65585536100014], [0.348382131000108, 7.65632678100008], [0.348850587000129, 7.65669119400013], [0.349527937000062, 7.65666560300002], [0.34979772700018, 7.65665540999998], [0.350140375000137, 7.65664246400019], [0.350983020000115, 7.6566106250001], [0.351554726000188, 7.65658902199999], [0.352124572000037, 7.65683527200014], [0.352445588000137, 7.65701615900008], [0.35274750300016, 7.65727151599998], [0.35279202300012, 7.65737334800008], [0.352836544000183, 7.65747517900007], [0.352895198000056, 7.65767893600014], [0.352879293000058, 7.65789119499999], [0.352902427, 7.65821908300012], [0.352955539000163, 7.65841734500003], [0.353066707000096, 7.65862920500012], [0.353227616000027, 7.65884642200007], [0.35346344200002, 7.65916812899997], [0.353602487000046, 7.65945982400007], [0.35374983700018, 7.65975700500002], [0.353118692000066, 7.66241022499997], [0.353858403000061, 7.66435435500011], [0.354041869000184, 7.66483654700005], [0.354317909000088, 7.66556203400012], [0.353806788000156, 7.66602812000014], [0.353424964000169, 7.66637630000014], [0.352880984000137, 7.66687234700009], [0.352275372000122, 7.66742459400001], [0.353078485000026, 7.668363683], [0.35354968900009, 7.66872160200006], [0.353689613000142, 7.66882788500004], [0.353955926000083, 7.66903017200002], [0.354204928000058, 7.66914789600014], [0.354774557000042, 7.66931972900005], [0.35509001500003, 7.66948684900001], [0.355339332000142, 7.66970378500002], [0.355602373000124, 7.66989311800018], [0.355837703000077, 7.67005497800005], [0.356219577000047, 7.67025771600015], [0.356811613000161, 7.67052593400012], [0.357580914000152, 7.67093965700013], [0.357890781000094, 7.67108474500009], [0.35818952700015, 7.67120782100017], [0.358388797000089, 7.67132294200019], [0.358898957000065, 7.67190559400007], [0.359090551000065, 7.67221365600017], [0.359370652000109, 7.67255450900018], [0.359656769000026, 7.67304967800004], [0.359956095000143, 7.67335464200005], [0.360089494000079, 7.67360501200017], [0.360148269000035, 7.67384459500016], [0.360251087, 7.67403443100005], [0.360420251000164, 7.67423783700002], [0.360597842000175, 7.67448530999997], [0.361794726000085, 7.67557012400005], [0.363666782999985, 7.67609816300012], [0.364364856000122, 7.67629506100008], [0.364606913000159, 7.67639901900014], [0.365032936000148, 7.67658231500002], [0.365389851000089, 7.67675205100005], [0.365688761000172, 7.67692472700014], [0.365921476000153, 7.67713068400019], [0.366408634000095, 7.67748991499997], [0.366749822000088, 7.67774150600013], [0.366943832000175, 7.67788456800002], [0.36778844100013, 7.67850737900017], [0.368932641000129, 7.67884081700004], [0.369525120000048, 7.67837868700013], [0.3696932040001, 7.67824311100014], [0.370581990000119, 7.67800326800011], [0.370773074000113, 7.67814872300016], [0.370912112000042, 7.67843214200008], [0.370985086000076, 7.678790182], [0.371024345000023, 7.67897194900002], [0.371140956000147, 7.67915346900014], [0.371296692999977, 7.67947541800004], [0.371363790000146, 7.67972323800012], [0.371392211000057, 7.67997118200003], [0.371403787000133, 7.68013512400012], [0.370731545000126, 7.68348580700012], [0.370673364000027, 7.68377580100014], [0.370495585000128, 7.68466189999998], [0.371129500000109, 7.68501072100003], [0.371859972000152, 7.68541267200015], [0.372234525000124, 7.68579368400003], [0.372517539000114, 7.68608157800003], [0.372847801999967, 7.68641753400016], [0.373223357000086, 7.68679956100004], [0.373464812000066, 7.68704517700013], [0.373646516000179, 7.68723001100011], [0.374128606999989, 7.68772040800013], [0.374867403000053, 7.68937160500002], [0.375548607000098, 7.69007128100003], [0.375889507000068, 7.69042142400014], [0.37631984, 7.6908634240001], [0.376926168000125, 7.69115359100005], [0.37716977700012, 7.69127017400018], [0.377303950000112, 7.69133438400019], [0.377847189000022, 7.69159435800003], [0.378186680000113, 7.69063971499997], [0.378163850000021, 7.69041380300013], [0.377927684000042, 7.68999841400012], [0.377633476000028, 7.68957494500017], [0.377504472000169, 7.68940724700013], [0.377375469000071, 7.68923954900015], [0.377067689000171, 7.68889053300001], [0.376671035000072, 7.68839573600002], [0.376451562999989, 7.68801612100015], [0.376347962000068, 7.68758652700012], [0.376249477000158, 7.687030144], [0.37621163700004, 7.68643222700001], [0.376285649000124, 7.68608700500005], [0.376369499000134, 7.68569588700001], [0.376567794000096, 7.68550509200014], [0.376799383, 7.68535828500018], [0.377108794000094, 7.6853572930001], [0.377210974000036, 7.68534594200014], [0.377313155000081, 7.68533459100013], [0.37745947500008, 7.68530380599998], [0.377655335000156, 7.6852149880001], [0.378000714, 7.68523041600014], [0.378321406000111, 7.68530104100006], [0.378783044000102, 7.68538774900009], [0.379322436000109, 7.68559822500009], [0.379784545000064, 7.68583099400013], [0.380011684000124, 7.68601766800009], [0.380313920000106, 7.68636118800009], [0.380532708000089, 7.68652859700018], [0.380696005000175, 7.68662177300007], [0.380779025000152, 7.68666560200006], [0.381517575000146, 7.68719850800011], [0.381955890000086, 7.68751477600017], [0.382974158000138, 7.68748538900013], [0.383670101000064, 7.68746530200013], [0.384320485000046, 7.68744652999999], [0.38452796200005, 7.68753267200003], [0.384843496999963, 7.68771630200013], [0.385191943000052, 7.68782541500002], [0.385388543000147, 7.68796533300002], [0.3857594750001, 7.68819287700006], [0.386119034000103, 7.6883212460001], [0.386359801000026, 7.68844999700002], [0.386779860000047, 7.68849273500018], [0.387477058000172, 7.68880465800009], [0.388055115000157, 7.68900948300012], [0.388644823000106, 7.68939891700018], [0.389157143000034, 7.68977757700009], [0.389505833000101, 7.68996109500017], [0.389854343000138, 7.69008949500011], [0.389998359000174, 7.69019926600004], [0.390247558999988, 7.69037208200012], [0.390402723000079, 7.69051213100011], [0.390629617000172, 7.69062163300009], [0.390784565000047, 7.69069554099997], [0.391185890000088, 7.69092298100014], [0.391329807000034, 7.69100243600008], [0.391489339999964, 7.69108066300004], [0.393599503000075, 7.69211536800015], [0.395718397000053, 7.69315433600013], [0.396422024000117, 7.69347044500006], [0.396743908000076, 7.69361505300014], [0.396945926000114, 7.69370581100003], [0.398623460000181, 7.69445944500001], [0.401688687000046, 7.69477196100013], [0.402133215000049, 7.69481728200003], [0.402555789000189, 7.69478282900013], [0.403058054000098, 7.69461858800014], [0.403579692000108, 7.69446530700014], [0.404111818000047, 7.69437076800006], [0.404878073000134, 7.69423463100009], [0.406266184000117, 7.69398800700009], [0.409261735000086, 7.69340495200009], [0.40977843200011, 7.69333856200006], [0.409977930000139, 7.69277149900017], [0.410097883, 7.69266849700017], [0.410358096000152, 7.69244505400007], [0.411212421000016, 7.69185230100015], [0.411525937000022, 7.69163477399997], [0.41187168700003, 7.69150858500012], [0.412285585000177, 7.69135840600001]]]]}, "properties": {"REGION": "Oti", "DISTRICT": "Biakoye"}}, {"type": "Feature", "geometry": {"type": "MultiPolygon", "coordinates": [[[[0.419817829000067, 7.53054914800003], [0.419965520000119, 7.53049284100013], [0.437334861000124, 7.52626445499999], [0.439340730000083, 7.5257760990001], [0.441534396000065, 7.52524201100016], [0.453582366000035, 7.52230850000018], [0.45785085600005, 7.52132784600002], [0.472124546000146, 7.51804824700002], [0.485433282000145, 7.51498991800003], [0.521357573000046, 7.52014285100012], [0.519026965000137, 7.51339235900008], [0.518951318000177, 7.51246404099999], [0.519819856000083, 7.51191251300003], [0.520357776000026, 7.51175632800016], [0.520509649000076, 7.5117558020001], [0.520914796000113, 7.51153393600003], [0.521045978000132, 7.51114216100007], [0.521045317000187, 7.51095201400005], [0.521118273000184, 7.51049154500004], [0.521412525000187, 7.51014329800012], [0.521500360000061, 7.50999142500007], [0.521472028, 7.50978483900019], [0.521407953000164, 7.50962247000018], [0.521250128000133, 7.50949900600006], [0.520998284000086, 7.509337286], [0.520848991999969, 7.50928544300007], [0.520577925000055, 7.50915410400012], [0.520270358000062, 7.50884927600015], [0.52023143200006, 7.50877224900006], [0.520249928000169, 7.50853243100011], [0.520268424999983, 7.50829261400008], [0.520419300000128, 7.50800549000013], [0.520650051000132, 7.50766021800018], [0.521183883000106, 7.50712374800003], [0.521522191000031, 7.50673952300014], [0.521677658000158, 7.50618507200016], [0.521742195000115, 7.50568605100017], [0.521674937000057, 7.50540243800003], [0.521607681000148, 7.50511882500012], [0.521578918000159, 7.50478823000003], [0.521539725000025, 7.50463404300018], [0.521519467000132, 7.50436680100006], [0.521774483000115, 7.50385334300006], [0.522226517000036, 7.50361753599998], [0.523242009, 7.50342662600002], [0.523674894000067, 7.50324324500002], [0.523873013000184, 7.50304414100009], [0.523978633000013, 7.50289522200006], [0.52408425100009, 7.50274630100012], [0.524083809000047, 7.50251981200012], [0.524008717000015, 7.50236574800016], [0.523940837000112, 7.5022998450001], [0.523872956000105, 7.50223394200009], [0.523795104000044, 7.50207988800014], [0.523681567000153, 7.50198658400006], [0.523680829000114, 7.50177439099997], [0.523334878000128, 7.50154686000008], [0.523218369000176, 7.50139293900003], [0.523198513000125, 7.50124144000006], [0.523256030000027, 7.50110620700013], [0.523254966000138, 7.50080031900006], [0.523405771000057, 7.50049390400017], [0.523424304000116, 7.50026511099998], [0.523404170000049, 7.50003369500001], [0.523399161000043, 7.49978431400007], [0.523394152000094, 7.49953493200007], [0.523633585000084, 7.49930537400007], [0.52405236200002, 7.49903661200005], [0.524206262000121, 7.49882663900019], [0.524283107000031, 7.49869134000005], [0.524367641000083, 7.49838515400012], [0.524452175000135, 7.49807897000005], [0.524451638000187, 7.49792464800004], [0.524373529, 7.49769618799996], [0.524355629000127, 7.49731319600011], [0.524316704000057, 7.49723617000012], [0.524316311000064, 7.49712318399997], [0.524258023000073, 7.49703657800012], [0.524199736000128, 7.49694997400007], [0.524122221000027, 7.49689237000007], [0.524063708000085, 7.4967410050001], [0.524081973000079, 7.49643505000006], [0.524061839000183, 7.4962036340001], [0.523986760000071, 7.49605232500011], [0.523659586000178, 7.49566489300003], [0.523659204000182, 7.49555466300018], [0.523620279000056, 7.49547763499999], [0.523609786000179, 7.49523929700018], [0.523599293000075, 7.49500095800011], [0.52334596500009, 7.49440934100005], [0.523134782000113, 7.49402701800017], [0.523075994000067, 7.49379573500011], [0.52309479600018, 7.49364410200008], [0.523210297000048, 7.49350866900016], [0.523822948000031, 7.4934100960001], [0.524087457000178, 7.49324659000007], [0.523974772000145, 7.49300033600008], [0.523862086000065, 7.49275408400018], [0.523936198000172, 7.49262706200011], [0.524087929000189, 7.49258795499998], [0.524242690000108, 7.49262600100013], [0.524394488000098, 7.49260618500011], [0.524528982, 7.49237423300008], [0.52464455900008, 7.49226084600002], [0.525209616000041, 7.49197504300008], [0.525353983000173, 7.49220051700007], [0.525564494000093, 7.49238993700015], [0.525774086000183, 7.49231480500015], [0.525928971000098, 7.4923886740001], [0.526100769000095, 7.49256169300014], [0.526294052000026, 7.49256102300006], [0.526379352000163, 7.49247529900009], [0.526311510000085, 7.49202358500003], [0.526378665000038, 7.49188143000009], [0.526627422999979, 7.49195290700004], [0.526714250000168, 7.49190920200004], [0.526788533000172, 7.49183178300012], [0.52678799500012, 7.49167746100017], [0.526751842000067, 7.49160318000014], [0.526731976, 7.49144892599998], [0.526987576000067, 7.49110632300017], [0.527170274000071, 7.49123796700002], [0.527228787000183, 7.49138933100011], [0.527325898000129, 7.49152402800019], [0.527516889000026, 7.49165839900019], [0.527671574000124, 7.49167439600018], [0.527875373000029, 7.49152212199999], [0.528206714000021, 7.4915209720001], [0.528385787000161, 7.49140460800004], [0.528530862000025, 7.49104034200013], [0.528511269999967, 7.49096462600005], [0.528491677000034, 7.49088891000002], [0.527588532000038, 7.49002948500004], [0.527452438000125, 7.48980122699999], [0.527319364000164, 7.48964736400012], [0.527012213000035, 7.48945828100005], [0.526550303000022, 7.48923115100007], [0.526063782000165, 7.48907300200005], [0.525935608000054, 7.48893841300003], [0.525953787000049, 7.48840924000001], [0.525992174000123, 7.48833194500008], [0.526201687000139, 7.48823476700005], [0.526259413000105, 7.48816016100011], [0.526220287000058, 7.48802526300011], [0.525892937000151, 7.48758547200009], [0.525922486000184, 7.48734837199999], [0.526140713000075, 7.48737517500018], [0.526544244000149, 7.48748951900006], [0.526698668000108, 7.48743111300018], [0.526737055000183, 7.48735381699998], [0.526726993000068, 7.48723948800006], [0.526716931000124, 7.48712515800003], [0.526790945000187, 7.48697057800018], [0.527174285000115, 7.48683697100006], [0.527309179000099, 7.48672076100002], [0.527372312000068, 7.48661306700018], [0.527843642000164, 7.48637443600006], [0.528440578000186, 7.48652393400016], [0.528711171000111, 7.48652299500003], [0.529153098000165, 7.48656279900013], [0.529379300000073, 7.48650138699998], [0.529494807000106, 7.4863687080001], [0.529512486000044, 7.48629148500004], [0.52954939100016, 7.48618525900014], [0.529455018000078, 7.48604366400002], [0.529109338000069, 7.48589054000018], [0.528628170000047, 7.48568277100014], [0.528426175000163, 7.48555946100004], [0.526965259000065, 7.48469232000014], [0.526840543000048, 7.48455909700004], [0.526596442000027, 7.48423751600018], [0.526492872000119, 7.48383277500017], [0.526281963000031, 7.48352761300015], [0.526242780000075, 7.48337618100004], [0.526261840000018, 7.48329895300003], [0.526242244000173, 7.48322185900008], [0.526154770000062, 7.48307886100014], [0.526067297, 7.48293586400013], [0.526047701000152, 7.48285877000012], [0.526124543000151, 7.48272347000011], [0.526411039000038, 7.48253232900004], [0.526653174000103, 7.48228898200006], [0.526773446999982, 7.48193858200005], [0.526820867000026, 7.48167937400007], [0.526868286000138, 7.48142016600013], [0.526876786000116, 7.48108530900004], [0.526885286000095, 7.48075045200011], [0.526962204000085, 7.48063719900011], [0.52711366300008, 7.48052093100006], [0.52726801700004, 7.4804432360001], [0.527420012000107, 7.48048129000006], [0.527555776000156, 7.48061585300007], [0.527594958, 7.48076728500018], [0.527844618000074, 7.48109987000009], [0.528373199000043, 7.48144526600009], [0.528851332000045, 7.48157588600003], [0.529591013000072, 7.48148789100014], [0.529745300000116, 7.48139090400002], [0.529857843000116, 7.48120036500012], [0.529876835000096, 7.48110384700016], [0.529856173000155, 7.48072086500008], [0.529780558000027, 7.48041523600011], [0.529663526000093, 7.48010975100016], [0.529471945000182, 7.47980452400003], [0.528873293000174, 7.47915899200007], [0.528449637000108, 7.47881323100017], [0.528142058000185, 7.47849875999998], [0.527834480000138, 7.47818428900018], [0.527527394000117, 7.47801173800002], [0.527201183000045, 7.47789712500003], [0.526971084000081, 7.477630611], [0.525817986000106, 7.47713855899997], [0.525703266000164, 7.47710037500002], [0.525536001000091, 7.47703757000005], [0.525394209000126, 7.47675697000011], [0.525355018000141, 7.47660278200016], [0.52533538400013, 7.47611645400008], [0.525297741000088, 7.47601048600018], [0.525278146000176, 7.47593339200017], [0.524950808000085, 7.47549359800001], [0.525043366000091, 7.47511298000018], [0.525023502000067, 7.47495872500008], [0.524929492000126, 7.47492046800005], [0.52490983000007, 7.47482408400003], [0.524754684000015, 7.47467305200018], [0.52435096500011, 7.47450083200016], [0.524121796000088, 7.47450162300009], [0.524044352000033, 7.47446331000003], [0.523450720000142, 7.47446535900013], [0.523067131000118, 7.47452455500007], [0.522663947000126, 7.47450665499997], [0.52239506300009, 7.47420169100019], [0.522317619000091, 7.47416337600009], [0.522241623000184, 7.47414434800015], [0.52216562600006, 7.47412532000016], [0.521704526000065, 7.47412691000011], [0.521475233000047, 7.47409187500011], [0.521320212999967, 7.47397666600011], [0.521203714000023, 7.47382274300008], [0.521167161000108, 7.47363271899997], [0.52106966600013, 7.47338503399999], [0.520962731000054, 7.47320214300004], [0.521126647000131, 7.47309548100014], [0.521355692000157, 7.47305886600003], [0.52151004500007, 7.47298117200017], [0.521584326999971, 7.47290375400013], [0.521603187000153, 7.4727686550001], [0.521583335000116, 7.47261715499997], [0.521430485000053, 7.47233108], [0.521275332000073, 7.4721772900001], [0.520727964000116, 7.47198351500015], [0.52060866700009, 7.47181857900017], [0.52061644500003, 7.47167249400007], [0.520693402000063, 7.47157026500003], [0.520717871000045, 7.47145994900018], [0.520607161000157, 7.4713831680001], [0.520405576000087, 7.47137559600003], [0.52030320200015, 7.47131394200005], [0.51985787100017, 7.47068439900011], [0.519678940000176, 7.47044112800012], [0.51962050100002, 7.47030905100013], [0.519639229000177, 7.47013537200007], [0.519677356000045, 7.46998229400003], [0.519696221000117, 7.46984857300004], [0.519886067000186, 7.469655015], [0.520403631000022, 7.4692150620001], [0.520496706000131, 7.46898325500007], [0.520630416000188, 7.46852533300017], [0.520745847000057, 7.46837061200006], [0.520897314000081, 7.46825710299998], [0.522184950000053, 7.46853927000018], [0.522567682999977, 7.46863302500003], [0.522950417000061, 7.46872678100016], [0.523143623000067, 7.46870682399998], [0.523295089000158, 7.46859331400003], [0.523352403000104, 7.46840021100013], [0.523213330000033, 7.46810582100011], [0.522986224000078, 7.46790405400003], [0.522759118000124, 7.46770228600019], [0.522639573999982, 7.46746570000016], [0.52259906, 7.46692846100001], [0.522637457000087, 7.46685392300009], [0.522616804000052, 7.46647094000008], [0.521992335000164, 7.46593571300014], [0.521963077000066, 7.46585865100013], [0.521904705000054, 7.46574586500003], [0.521751724000069, 7.465421209], [0.521596707000128, 7.46530599900007], [0.521539872000119, 7.46523867800011], [0.521483038000042, 7.46517135600004], [0.521463187999984, 7.46501985700002], [0.521652707000158, 7.46473260200014], [0.521861878000152, 7.46453897700002], [0.522016237, 7.46446403800013], [0.522518618000106, 7.46442648300012], [0.522860240000114, 7.4642103540001], [0.523011896000071, 7.46415196000009], [0.523663199000055, 7.46406428600011], [0.524314502000038, 7.46397661000015], [0.52469801500007, 7.463898126], [0.524852298000098, 7.46380114100009], [0.524918266000043, 7.46371548400003], [0.524984099999983, 7.46359124600002], [0.524889568000162, 7.46340142400015], [0.524812059000055, 7.4633438190001], [0.524657309000077, 7.46330577200007], [0.524582561999978, 7.46324815800006], [0.524407894000092, 7.46303932100011], [0.524253077000026, 7.46298198300019], [0.52364105900017, 7.46325140500005], [0.523489204000157, 7.46325192800003], [0.523315393000075, 7.46329110800008], [0.522874357000148, 7.46350206800014], [0.522722300999988, 7.46344471999998], [0.522586554000043, 7.46331291000013], [0.522547634000034, 7.46323588200011], [0.52241458200001, 7.46308477200006], [0.522259698000028, 7.46300814300002], [0.521895312000083, 7.46302868800001], [0.521744113000068, 7.46321935800017], [0.521589364000135, 7.46318131000004], [0.521475772000144, 7.46306871400014], [0.52137813700017, 7.46277969200003], [0.521012694000035, 7.46249434800006], [0.520910404000119, 7.46245611800009], [0.520603538000103, 7.46234280800013], [0.52029667100004, 7.4622294990001], [0.520167037000135, 7.462268526], [0.5200803030001, 7.46233771900017], [0.519993569000178, 7.46240691100019], [0.519592482000121, 7.46219333900012], [0.519707655000161, 7.46196421200005], [0.519820323000033, 7.46180950100012], [0.519849052000041, 7.46173361799998], [0.519877781, 7.46165773400008], [0.519819268000049, 7.46150361100007], [0.519711408000035, 7.46145162200008], [0.51929221100005, 7.46159085200009], [0.519191088000127, 7.46149061300002], [0.519089964000102, 7.46139037400019], [0.519108902000085, 7.46127732200006], [0.519232291000094, 7.46102887600011], [0.518975186000034, 7.46093330700012], [0.518897479000088, 7.46081783100016], [0.518935733000035, 7.46070195500016], [0.519032368000126, 7.46070162300015], [0.519183967000174, 7.46062669700018], [0.519338449000145, 7.4605875850001], [0.519489971999974, 7.46049061100007], [0.519624794000151, 7.46035511400015], [0.519701579000184, 7.46020328100013], [0.519701047000126, 7.46004895800007], [0.519661870000164, 7.45989752500003], [0.519680664000134, 7.45974313600016], [0.519719052000141, 7.45966584200016], [0.520082979000108, 7.45951302200012], [0.520331335000037, 7.45947358800004], [0.520541170000115, 7.45947286600017], [0.520771513000057, 7.45941420200012], [0.521001855000122, 7.45935553900011], [0.521250477000081, 7.45939326400014], [0.521405492000042, 7.45950847400007], [0.521809120000057, 7.45965865400007], [0.521999627000071, 7.45965799800001], [0.522154052000133, 7.45960235100011], [0.522305373000165, 7.459447506], [0.522353295000187, 7.45933297500005], [0.522401083999966, 7.45917986400008], [0.5223231760001, 7.45900651800014], [0.522073764000083, 7.4587400640001], [0.522263682000187, 7.45856855200014], [0.52237001300017, 7.45857783200017], [0.522476344000154, 7.45858711100016], [0.5225311640001, 7.45847117900013], [0.522494938000136, 7.45837485099997], [0.522339932000079, 7.45826239700011], [0.522223438000026, 7.45810847400008], [0.522148359000141, 7.45795440800009], [0.522108982000134, 7.45774510300009], [0.521992164000096, 7.45749748400016], [0.521856544000059, 7.45740149800002], [0.52170475700018, 7.45742131100013], [0.521398755000121, 7.45755739700002], [0.521244207000109, 7.45757721900009], [0.521185894000155, 7.45748096700009], [0.521465563000106, 7.45691506800011], [0.520934695000051, 7.45669643100001], [0.520710638000082, 7.4565759460001], [0.520646699000054, 7.45644939900001], [0.520645112000182, 7.45598918700011], [0.520606125000086, 7.45589286800009], [0.520605602000103, 7.45574130200015], [0.520446859, 7.45534501300011], [0.52053215400008, 7.45525929100012], [0.52071990800016, 7.45526140100014], [0.521185454000147, 7.45535349800002], [0.521255535000137, 7.45525956000006], [0.521255145000111, 7.45514657300004], [0.521011343, 7.45490490200007], [0.521118269000169, 7.45468682700005], [0.521350056000074, 7.45464744900016], [0.521637196000029, 7.45464646100004], [0.521866488000171, 7.45468425400009], [0.522192281, 7.45468313300006], [0.522347027000023, 7.45472118200013], [0.522482648000164, 7.45481716800009], [0.522577044000172, 7.45496841200014], [0.52263595200003, 7.45523689900006], [0.522694860000115, 7.45550538500009], [0.522811210000157, 7.45561797200008], [0.522858547000112, 7.45573355300013], [0.522905883000078, 7.45584913300007], [0.523041694000028, 7.4560002340001], [0.523426191000169, 7.45620835100016], [0.523539791000132, 7.45632370200019], [0.52365654200014, 7.45655203000007], [0.52379223000014, 7.45666730600004], [0.524021589000029, 7.45672438800011], [0.524264497000047, 7.45670701600011], [0.524507405000065, 7.45668964400011], [0.524628515000188, 7.45658175200003], [0.525369467000189, 7.45647309900005], [0.525240105000137, 7.45698887800017], [0.525193698000123, 7.45714198400003], [0.525097588000165, 7.45729388300009], [0.525059603000102, 7.45748691900008], [0.525118174000113, 7.45765757600009], [0.525253862000113, 7.45777285100013], [0.525405782000064, 7.45779161800016], [0.525790015000155, 7.45792257100004], [0.526174458000071, 7.4581141490001], [0.526326445000166, 7.45815220500003], [0.526635673000158, 7.45815113800006], [0.526969216000111, 7.45799566300008], [0.527171570000178, 7.45822645000004], [0.527326589000097, 7.45834303600014], [0.527453599000125, 7.4583439750001], [0.527523798000175, 7.45828448300017], [0.5275939980001, 7.45822499200011], [0.528142379000087, 7.45791996100019], [0.528225132000102, 7.45789762900012], [0.528360744000167, 7.45799085600009], [0.528435825000031, 7.45814492100016], [0.528494007000063, 7.45820259100014], [0.528599172000156, 7.45827387900016], [0.528778664000072, 7.45828152500007], [0.528924737000182, 7.45820661400001], [0.529050919000156, 7.45796918100018], [0.529221372000109, 7.45775915300004], [0.529375785000184, 7.45770074699999], [0.529663394000124, 7.45783478599998], [0.529815381000162, 7.45787284100004], [0.530045922000113, 7.45787204400006], [0.530276462000188, 7.45787124599997], [0.530790442000125, 7.45799623400001], [0.530830152000021, 7.457505567], [0.530964970000127, 7.45737006700017], [0.53111958400018, 7.45736953300013], [0.531271570000115, 7.45740758700009], [0.531559304000098, 7.4575774490001], [0.531713793000051, 7.45754108900013], [0.531826456000033, 7.45738637500011], [0.532134956000164, 7.45717586799998], [0.53222829200007, 7.4570212210001], [0.532247350000034, 7.4569439930001], [0.532226433000176, 7.4564866070001], [0.53220630200002, 7.45625519100014], [0.532053117000032, 7.45587266900009], [0.53191737100002, 7.45574086100004], [0.531610436999983, 7.45560689000001], [0.531381077000049, 7.455549813], [0.531226206000099, 7.45547594300012], [0.531093211000041, 7.4553413700001], [0.531015368000055, 7.45518731600015], [0.530995516000189, 7.45503581700012], [0.531014306000145, 7.45488142800008], [0.531052691000014, 7.45480413400003], [0.531184891000123, 7.45470998000008], [0.5313774870001, 7.45451640800007], [0.531529272000114, 7.4544965930001], [0.532029538000131, 7.454649184], [0.532181257000161, 7.45461007799997], [0.53229681300013, 7.45449393600012], [0.532334940000169, 7.454342236], [0.532411710000133, 7.45418764600004], [0.532488815000022, 7.45412950799999], [0.532640542000081, 7.45409315800003], [0.532869891000132, 7.4541474780001], [0.533178982000038, 7.45410782700009], [0.533291653, 7.45395586900014], [0.533348837000119, 7.45372694100018], [0.533386417000031, 7.45341816400014], [0.533482589000187, 7.45328555400016], [0.533537013000057, 7.45305663500017], [0.533500583999967, 7.45290243800008], [0.533422741000038, 7.45274838400013], [0.533287063000159, 7.45263586800007], [0.533211037000115, 7.4526071950001], [0.533135011000184, 7.452578523], [0.532877622000115, 7.45240028900002], [0.532821618000128, 7.45217451000008], [0.532575503000089, 7.45206237400004], [0.532423787000141, 7.45210148100017], [0.532020758000101, 7.45212216600004], [0.531807964999985, 7.45206503100019], [0.531661129000099, 7.45191948300004], [0.531790270000045, 7.45173991100012], [0.532057152000107, 7.45147167700009], [0.532169555000053, 7.45124255800005], [0.532284977000018, 7.45108783500012], [0.532400543000165, 7.45097444700002], [0.532571452000184, 7.45089669500015], [0.532725661000086, 7.45078041800002], [0.532744720000153, 7.45070319000001], [0.532724666000092, 7.45049382100001], [0.532743523000136, 7.45035872200015], [0.532820694000065, 7.45031987400012], [0.532972611000105, 7.45033863900017], [0.53312749100013, 7.45041526400018], [0.533376710000027, 7.45062659600006], [0.533567472000186, 7.45070034100007], [0.533702431000052, 7.45060617700005], [0.533721489000072, 7.4505289490001], [0.533662974000094, 7.45037482800001], [0.533643120000079, 7.45022333000009], [0.53370063, 7.45008809700005], [0.533777801000099, 7.45004924900019], [0.533835387000067, 7.44993606300005], [0.533870742000033, 7.44978161700004], [0.533834314000046, 7.44962741900008], [0.533679444000029, 7.44955355000013], [0.533430829000167, 7.44951583], [0.533143158000087, 7.44936250300003], [0.532988414000044, 7.44932445799998], [0.532739539000147, 7.44921233200012], [0.532700619000138, 7.44913530500008], [0.532699823999963, 7.44890657800005], [0.532505336000042, 7.44855451200004], [0.532261237, 7.44822741800016], [0.532087243000035, 7.4482114860001], [0.532001875000049, 7.4482751650001], [0.532002765000129, 7.44853144900003], [0.53194809300004, 7.44868871700004], [0.531691271000113, 7.44867307100003], [0.531425573000149, 7.44848659700006], [0.531262680000111, 7.44848716000018], [0.531113754000046, 7.44853452300009], [0.531089527000063, 7.4487137320001], [0.531247062000034, 7.44876003600018], [0.531451292000042, 7.44873728400006], [0.531490671000029, 7.44894658700008], [0.531358531000137, 7.44905727499997], [0.531077291000145, 7.44916572300008], [0.53084248000016, 7.44912795400006], [0.530700756000158, 7.44886388900017], [0.530426747000092, 7.44866917500002], [0.530464998000184, 7.44855330000013], [0.530558678000091, 7.44849786100008], [0.530832065000084, 7.44851345000001], [0.530980771000145, 7.44840270500003], [0.531027037000058, 7.44820964100001], [0.531095056000083, 7.44792004900006], [0.531213344000093, 7.44779563000014], [0.531212904000085, 7.44766886500003], [0.531007957000043, 7.44748493700013], [0.53070414300015, 7.44745291800001], [0.530587651000133, 7.44729899700019], [0.530647090000116, 7.44692400500008], [0.530881547000092, 7.44685981100008], [0.531083723000108, 7.44704099400008], [0.531315229000086, 7.44731990600002], [0.531546734000131, 7.44759881700014], [0.531970529000148, 7.44799418400004], [0.532180357000072, 7.44799345799998], [0.532384501000081, 7.44794590300006], [0.532439451000187, 7.44786855100006], [0.532397789000129, 7.44779704500019], [0.53231201900013, 7.44774498100014], [0.532204287000127, 7.44772882000012], [0.532046753000031, 7.44768251700009], [0.531964981000044, 7.44758910300004], [0.532084840999971, 7.44751979300014], [0.532280731000014, 7.44748053500012], [0.532545968000022, 7.44753473300017], [0.533168301000103, 7.4474609290001], [0.533346341000083, 7.44744929000007], [0.534036162000064, 7.44733115800011], [0.534113333000164, 7.44729231100018], [0.534245396000131, 7.4471595760001], [0.534283377000179, 7.44696653900002], [0.534236078000106, 7.44686198400018], [0.534188778999976, 7.44675742900012], [0.534148259000176, 7.4462201930001], [0.534089754000036, 7.44606882699998], [0.534014836000097, 7.44596161200008], [0.533544260000042, 7.44561050100009], [0.53310867600004, 7.44500022600016], [0.532953340000176, 7.44479132400011], [0.532875499000056, 7.4446372700001], [0.532874705000154, 7.44440854300012], [0.532780366000054, 7.44427383600009], [0.532625959000029, 7.44433224200009], [0.532471809000015, 7.44446505200011], [0.532378072000029, 7.44450395699999], [0.532281375000082, 7.44448500100003], [0.532223004000173, 7.44437221600003], [0.532261120000101, 7.44421776100012], [0.532457863000104, 7.4440269320001], [0.532469885000069, 7.4439111480001], [0.532453053000097, 7.44383404400008], [0.532355963000043, 7.44370210200003], [0.53210681500002, 7.443510059], [0.532067895000182, 7.44343303200014], [0.53218056500009, 7.44328107400003], [0.532277128000032, 7.44326144999997], [0.53266102300006, 7.44329870400003], [0.532812804000116, 7.44327888800018], [0.533044516000075, 7.44322021500005], [0.533196029000123, 7.44312323899999], [0.533446071000185, 7.442777901], [0.533615982000128, 7.44241355100007], [0.533711617000108, 7.44212661900013], [0.533827180000173, 7.44201323200008], [0.533901590000141, 7.44197439400006], [0.534304675000158, 7.44197299900003], [0.534544420000032, 7.4418426470001], [0.534915124000122, 7.44126265100005], [0.534953239000174, 7.44110819500008], [0.534857756000179, 7.441041009], [0.534665910000115, 7.44105131900017], [0.53458847200011, 7.44101300600011], [0.534513670000138, 7.44093885900008], [0.534529431000124, 7.44070731900013], [0.534625669000093, 7.44059399900016], [0.534779146000062, 7.44026828600011], [0.534739958000046, 7.44011409800015], [0.53460434100009, 7.44001811600003], [0.534278561000121, 7.4400192440001], [0.53425891, 7.43992561500011], [0.534306857000161, 7.43981935200009], [0.53420030500007, 7.43895027300005], [0.534351615000162, 7.43879542600013], [0.534506021000141, 7.43873702000008], [0.535041289, 7.43863871500002], [0.535195436000038, 7.43850590400012], [0.535461973000167, 7.43814121800017], [0.535526599000036, 7.43806796700005], [0.536337699000171, 7.43750022400008], [0.536455175000128, 7.43714294400019], [0.536415986000179, 7.43698875700011], [0.536415459000182, 7.43683719000012], [0.536481249000133, 7.43670193000008], [0.536775431000137, 7.43634817200012], [0.53685439200018, 7.43603098300008], [0.53692846600012, 7.43589569400018], [0.537062087000038, 7.43541848300003], [0.537423917000126, 7.43467041400004], [0.537442706000036, 7.43451602500016], [0.537431846000175, 7.43417159100005], [0.537420985000097, 7.43382715700017], [0.537323293000156, 7.43352160400002], [0.537322766000045, 7.43337003900018], [0.537248023000188, 7.43331242700003], [0.537263524000139, 7.43300648200005], [0.537227097000027, 7.43285228400009], [0.537258340000051, 7.43230929000009], [0.537318904000074, 7.43225947500014], [0.537376344000052, 7.43210495300013], [0.537903820000167, 7.431356311], [0.53804588600002, 7.43092591800001], [0.537991917000056, 7.43049069299997], [0.537884787999985, 7.43024993300014], [0.537618100000145, 7.43017231800019], [0.537236317000065, 7.42994491100012], [0.536890750000168, 7.42981107500009], [0.536890147000065, 7.42963746300006], [0.537040927000078, 7.42933104900015], [0.537327052000023, 7.42904345800008], [0.537326525000083, 7.42889189300001], [0.536867250000171, 7.42860963800007], [0.536769944000127, 7.42841431500011], [0.5367693500001, 7.42824345800011], [0.536539603000165, 7.42807064000004], [0.536461766000059, 7.42791658500016], [0.536460310999985, 7.42749771200005], [0.53585567000016, 7.42749015900006], [0.535769819000052, 7.42741329400019], [0.535711608000156, 7.42734597900005], [0.535652972000094, 7.42715603300013], [0.535822982000127, 7.42682199600011], [0.535877681000102, 7.4266729950001], [0.535868835000088, 7.42651043500018], [0.53588053500016, 7.42630233300002], [0.536398346000112, 7.42634876900013], [0.536627823000174, 7.42644442700004], [0.536782493000032, 7.42646318200008], [0.536858313000096, 7.42643398400014], [0.536934133000102, 7.42640478600003], [0.537088334000032, 7.42628851000001], [0.537203826000166, 7.42615583300017], [0.537335538000036, 7.42592389200007], [0.53743189700009, 7.4258463970001], [0.537509466000017, 7.42592329000018], [0.537584542000047, 7.42607735300004], [0.537720088000071, 7.42615404600008], [0.537796919000129, 7.42601874700017], [0.53777653100002, 7.42571292700006], [0.53785329700014, 7.42555833799997], [0.537927702000161, 7.42551949900007], [0.538082371000087, 7.42553825400012], [0.538292054000124, 7.42549894700016], [0.538349638000113, 7.42538576100003], [0.538290924000023, 7.42517377000013], [0.538215858000058, 7.42502246200007], [0.538157411999975, 7.42488763099999], [0.538060327000039, 7.42475569000004], [0.53790695400005, 7.42431529800018], [0.537905489000025, 7.42389366899999], [0.538247987000148, 7.42314566900012], [0.538283282000123, 7.422974689], [0.538282421000133, 7.42272667200018], [0.538358649000031, 7.42241776100013], [0.538397036000106, 7.42234184500006], [0.53843542300018, 7.42226592800006], [0.538664162000032, 7.4221493930001], [0.538721610000152, 7.42199762700017], [0.538884426000095, 7.42197777300015], [0.539393732000178, 7.42235906100007], [0.539548592000187, 7.42243293000001], [0.539700499000048, 7.42245169500006], [0.539854841000022, 7.42237675400003], [0.540506747000165, 7.42168830700018], [0.540658701000098, 7.4217208500001], [0.540810542000145, 7.42172032300016], [0.540965017000019, 7.42168396299996], [0.541027658000189, 7.4216362090001], [0.541090299000132, 7.42158845400013], [0.541215581000188, 7.42149294600006], [0.541348882000079, 7.42171845700017], [0.541580622000083, 7.42246446700005], [0.541639000000146, 7.42258000600015], [0.541697379000084, 7.42269554600011], [0.541830220000122, 7.42278878100007], [0.541984956000135, 7.42282682600012], [0.542443371000161, 7.42286381500008], [0.542578311000113, 7.42276689500005], [0.542806520000113, 7.42249879300005], [0.542998436000175, 7.42211507500014], [0.54328462, 7.42184677200004], [0.543360405000158, 7.42180792800002], [0.543436190000136, 7.42176908400018], [0.543590396000127, 7.42165556200001], [0.543686484000091, 7.42150090500013], [0.543685945000107, 7.42134658400005], [0.543798338000101, 7.42111746500018], [0.543894502000057, 7.42098485400015], [0.543874706000167, 7.42084989000017], [0.543721531000017, 7.4204673700001], [0.543547271000023, 7.42037152400019], [0.543224603000112, 7.42046909600009], [0.543143813000029, 7.42025993800019], [0.543123422000178, 7.41995411900001], [0.543258160000164, 7.41979932800007], [0.543296540000142, 7.41972203300003], [0.543334922000099, 7.4196447380001], [0.54333439300018, 7.41949317300009], [0.543446843000027, 7.4192805890001], [0.54354334300001, 7.41924442900012], [0.543697539000163, 7.41912815100005], [0.54375524500017, 7.41905078900004], [0.543754179000075, 7.41874490200007], [0.543789530000083, 7.41859045700016], [0.54378900200004, 7.41843889100005], [0.543752575000099, 7.41828469500007], [0.543836182000177, 7.41811354700013], [0.543922740000085, 7.41799750400003], [0.543979850000028, 7.41774928600012], [0.544057216000169, 7.41776830800006], [0.544114445000048, 7.41794999000001], [0.54417167400004, 7.41813167300006], [0.544423290999987, 7.41824378500007], [0.544528154000091, 7.41823102000018], [0.544633017000137, 7.41821825400018], [0.544631903000038, 7.41789858900012], [0.544787912000061, 7.41751086200009], [0.54480106699998, 7.41732480200017], [0.544935275000114, 7.41701844600004], [0.544933804000038, 7.41659681800013], [0.545181199000183, 7.41629006900007], [0.545219321000161, 7.41613837000006], [0.545237041000178, 7.41567809500009], [0.545293949000097, 7.41537200700014], [0.545312005000028, 7.41500818400016], [0.54542775200008, 7.41494991000013], [0.545656225000073, 7.41475896800011], [0.545791229000031, 7.41468133800009], [0.545846173000143, 7.41460398500004], [0.545884285000113, 7.41444953000013], [0.54598044700009, 7.41431691900004], [0.546247559000165, 7.41412308700001], [0.54640162700008, 7.41397098500005], [0.546497713000065, 7.41381632800011], [0.546764767000127, 7.41360596100003], [0.547089986000117, 7.41345050700016], [0.547222364000049, 7.41341146700012], [0.547625295999978, 7.41337424000017], [0.548009221000086, 7.41342802000014], [0.548115473000166, 7.41341800600003], [0.548239572, 7.41338037100002], [0.548276273000113, 7.41321765200013], [0.54823728700012, 7.41312133700006], [0.548256082000137, 7.41296970400009], [0.548294462000115, 7.41289240900016], [0.548429465000027, 7.41281477900014], [0.548658397000111, 7.41275611000015], [0.548793342000181, 7.41266194500008], [0.548831520000135, 7.41252678000018], [0.548830981000037, 7.4123724590001], [0.548792072000083, 7.41229818900018], [0.548810588000038, 7.41206664100002], [0.548887491000073, 7.4119533870001], [0.549116288000107, 7.41185613800013], [0.549268259000144, 7.41189419000006], [0.549652124000033, 7.41193143400011], [0.549806519000072, 7.41187302500003], [0.549922062000121, 7.41175688099997], [0.549996070000077, 7.41160505600016], [0.550034179000079, 7.41145060100007], [0.550033650000159, 7.41129903600006], [0.549974867000174, 7.41106775700018], [0.549899934999985, 7.41095503200017], [0.549899363000122, 7.41079168100009], [0.549898460000122, 7.41053340500002], [0.549936570999989, 7.41037895000011], [0.550126053000042, 7.41009169100005], [0.550144848000116, 7.40994005900012], [0.55022133600005, 7.40970830800006], [0.550334186000157, 7.40961146400002], [0.55062365800012, 7.40949747000019], [0.550813467000069, 7.40930390500006], [0.550851856000179, 7.40922936600003], [0.550870641000188, 7.40907497800004], [0.550772814000027, 7.40873084900011], [0.550695044000179, 7.40859608700015], [0.550655866000113, 7.40844465700002], [0.550713300000041, 7.40829013400014], [0.551097540000058, 7.408040777], [0.551481780000074, 7.40779142000008], [0.551919447000103, 7.40742613500015], [0.55222446800002, 7.40702273100015], [0.552356573000054, 7.40690652800004], [0.552474739000047, 7.406751794], [0.552558419000036, 7.40620861800005], [0.552668564000044, 7.40612831600015], [0.552760798000179, 7.40605772300006], [0.552853033000076, 7.40598712999997], [0.552949114000114, 7.40583247200016], [0.552987232000078, 7.40568077300014], [0.552986229999988, 7.40539417800017], [0.553090390000079, 7.40518162100005], [0.553405369000131, 7.40525768400005], [0.553788090000126, 7.40496975000002], [0.554093909000073, 7.40479507100002], [0.554325471000084, 7.40470056700002], [0.554476899000178, 7.40458429699999], [0.554631222000069, 7.40450659699997], [0.5548596860001, 7.40431565200009], [0.555165571000146, 7.40416026200018], [0.55554883100001, 7.40402664700008], [0.555854716000056, 7.40387125700016], [0.556008903000077, 7.40375497700012], [0.556066344000158, 7.40360320900004], [0.55610451900003, 7.40346804400014], [0.556123312000068, 7.40331641199998], [0.556255077, 7.40310375999996], [0.556409409000025, 7.40302881500008], [0.556541850000031, 7.40300906200014], [0.556810533000146, 7.40287309100017], [0.557079216000091, 7.40273712000004], [0.557306777000178, 7.40268258800012], [0.557614770000157, 7.40273524800006], [0.557827268000153, 7.40271521500006], [0.55797890600013, 7.40265957000003], [0.558133093000151, 7.40254328900005], [0.558190261999982, 7.40231436100015], [0.558349244, 7.40199138200012], [0.558685145000027, 7.40173667900012], [0.55885873200009, 7.40164237600004], [0.55895205000013, 7.40148772800006], [0.559183270000119, 7.40129677200002], [0.559566516000189, 7.40116039900005], [0.559642194000048, 7.40109261800001], [0.559717873000181, 7.40102483800013], [0.559909835000099, 7.40066040600016], [0.560099646000083, 7.40046959600016], [0.560328299000048, 7.40033376300005], [0.560405527000057, 7.40031420200012], [0.560540262000131, 7.40016216500004], [0.560786960000087, 7.39966250999998], [0.560843722000186, 7.39931784300018], [0.560931435000043, 7.39913979000011], [0.561702458000184, 7.39858731800007], [0.561837530000162, 7.39853173000006], [0.562353686000051, 7.39851063100002], [0.562624453000183, 7.39857582000013], [0.563365260000069, 7.39885155200005], [0.563525440000035, 7.39887028100009], [0.563679895000121, 7.39883115800012], [0.563909215000081, 7.39888546900011], [0.564061453000022, 7.39900067600013], [0.564351855000098, 7.39915397800002], [0.564983952999967, 7.39913247000004], [0.565098380000109, 7.39909348800018], [0.565959098000121, 7.39931919100013], [0.566284727000152, 7.39928497800003], [0.566505434000021, 7.39924562199997], [0.567034293000177, 7.39891307400018], [0.567130582000061, 7.39881904000003], [0.567339907000076, 7.39868327300007], [0.567447190000166, 7.39857542300001], [0.567819503000123, 7.39847215100002], [0.56797133300006, 7.39847161700015], [0.568432071000188, 7.39839283500004], [0.568583697000122, 7.39833443200007], [0.568815037000093, 7.39817929600002], [0.568980027000066, 7.39799683700011], [0.570832757000062, 7.39685457000002], [0.573126201000093, 7.39474099300003], [0.584063565000179, 7.39699917000007], [0.598647492000111, 7.40020102000017], [0.601167733000182, 7.40784820400017], [0.602821367000047, 7.40781729900016], [0.60453957600015, 7.4065392490001], [0.606145435999963, 7.40572481600014], [0.607863775000169, 7.40761932600003], [0.610274581000112, 7.41018762600009], [0.615174716000126, 7.41047727200009], [0.617005443000153, 7.41202106499998], [0.619591833000129, 7.41333012500013], [0.625339890000078, 7.41120588000013], [0.627810771000156, 7.40526334700007], [0.62934047300007, 7.40410933500016], [0.631253644000026, 7.40295391400002], [0.634132538000188, 7.40370897500009], [0.641411513000151, 7.40176819200013], [0.641790740000033, 7.40061838300016], [0.644656864000183, 7.39792818900014], [0.644812481000031, 7.3881661210001], [0.645576571000163, 7.38739769800003], [0.645186034000119, 7.38548511900018], [0.646513981000112, 7.38165218900008], [0.647388810000109, 7.37966991400015], [0.648153648000118, 7.37896391000015], [0.64572938800012, 7.37687003300005], [0.643229892000079, 7.37496520600007], [0.644925034000153, 7.36983536600019], [0.645163561000118, 7.36637242100011], [0.645407824000131, 7.36446487800009], [0.647158009000123, 7.36049660200018], [0.648249396000097, 7.35818257400007], [0.649290174000043, 7.35421493500013], [0.650565561000121, 7.34573070200008], [0.653629753000189, 7.33172067200013], [0.655812427000114, 7.32398573500006], [0.65890108200017, 7.31664886600009], [0.658047444000033, 7.31207180500019], [0.657467176000182, 7.30937881], [0.656401089000155, 7.30662342300002], [0.65375293600016, 7.301221607], [0.652300578000052, 7.29825894800013], [0.650189407000084, 7.29123214200013], [0.646812159000092, 7.29112403400006], [0.64632785200007, 7.29060397799998], [0.64571327900012, 7.28743515200017], [0.643233028000168, 7.27973727000006], [0.643023708000044, 7.27745004400003], [0.643089070000144, 7.27331537600003], [0.643436995000059, 7.26950080400007], [0.644188593000081, 7.26298044700013], [0.633718098000145, 7.26415882900011], [0.619147267000073, 7.26422758100011], [0.606322937000186, 7.2664739760001], [0.584566991000088, 7.27728504600003], [0.583576430000107, 7.27805956300011], [0.58314300800015, 7.27888113800014], [0.583030344000065, 7.27975425299996], [0.582711561000053, 7.28026649700007], [0.581947817000071, 7.28203741900006], [0.582386454000073, 7.28270218500018], [0.58222317000002, 7.28337376600007], [0.582178662999979, 7.28406147800013], [0.58206315700005, 7.28417762200013], [0.581845131000136, 7.28417838400003], [0.581798620000086, 7.28429428700008], [0.581755023000142, 7.28445427299999], [0.581656200000054, 7.28460618300016], [0.581133349000027, 7.28504066100004], [0.580987909000044, 7.28527816200005], [0.580930556000055, 7.28545059600009], [0.580969796999966, 7.28562269200012], [0.581047275000174, 7.28568029200011], [0.581199066000067, 7.28567976100015], [0.582081535000157, 7.28548377600004], [0.582271895000076, 7.28546382000013], [0.582426513000087, 7.28548257000011], [0.582636801999968, 7.28563615500008], [0.58270025500002, 7.28582607900017], [0.58271515000007, 7.28594176700017], [0.582619098000123, 7.28609642499998], [0.58223587700013, 7.28621075000012], [0.581929198000068, 7.28611537100016], [0.581777474000091, 7.28613519200007], [0.581647994000036, 7.28620178200009], [0.581472611000038, 7.28655788500015], [0.581318775000113, 7.28676234700004], [0.581195751000052, 7.28709622100013], [0.581171951000044, 7.28739254600004], [0.581017890000169, 7.28832038900015], [0.58078969200011, 7.28856920300012], [0.580635208000103, 7.28858903200006], [0.580518898999969, 7.28847645400003], [0.580327127000089, 7.2880940770001], [0.580113615000187, 7.28780822600015], [0.579961350000133, 7.28767372700014], [0.57980652800012, 7.28759710600008], [0.579414833000101, 7.28765634500007], [0.579023137000036, 7.28771558200009], [0.578658703000087, 7.28767827400003], [0.578504219000081, 7.28769810300003], [0.577892063000093, 7.28785180500012], [0.577814922000186, 7.28789065400002], [0.577508579000153, 7.2878917220001], [0.577354163000166, 7.28793084000017], [0.576953657000047, 7.28783854199997], [0.576876111000047, 7.28776165200003], [0.576607934000151, 7.28762755500003], [0.576262750000183, 7.28757088700013], [0.575897786000155, 7.28738201300013], [0.575743167000098, 7.28736326000012], [0.575491006999982, 7.28746885700002], [0.575238846, 7.28757445400015], [0.575053868000168, 7.2875558070001], [0.574805818000073, 7.28765312200011], [0.574623837, 7.28770198000007], [0.574441855000032, 7.28775084], [0.574102470000128, 7.28777406700004], [0.57382836, 7.28752149200005], [0.573615120000113, 7.28731279700008], [0.57359500300015, 7.28708413900017], [0.573594465000099, 7.28692982000013], [0.57363257500009, 7.28677812199999], [0.573889928000142, 7.28618336400018], [0.574147281000023, 7.28558860599998], [0.574087989000077, 7.28520576300002], [0.574087460000158, 7.28505419900011], [0.574029032999988, 7.28491937100011], [0.574028033000104, 7.28463277700001], [0.574352828000087, 7.28438363000009], [0.574565267000139, 7.28436360000006], [0.574965636000115, 7.28441732300013], [0.575120455000047, 7.28449394500012], [0.575178749000088, 7.28459019300004], [0.575272583000071, 7.28458986600015], [0.575389034000182, 7.28474378200008], [0.575466839000114, 7.28489507800015], [0.575506016000077, 7.28504926300002], [0.575639017000185, 7.28520036600003], [0.575793905000182, 7.28529627700004], [0.57610031400003, 7.28531450000003], [0.576275256000145, 7.28522570800016], [0.576450196000053, 7.28513691400008], [0.576559068000165, 7.28470112800011], [0.576709790000052, 7.28439471600012], [0.577092328000049, 7.28408474000008], [0.576978443000144, 7.28387570000018], [0.576594423000188, 7.28376129700007], [0.576133599000059, 7.2837821920001], [0.576056190000145, 7.28374388100002], [0.575904332000164, 7.28372512000016], [0.575340818000086, 7.28358102700008], [0.574937181000166, 7.28338126200015], [0.574520756000084, 7.28267999600001], [0.574196332999975, 7.28185942199997], [0.573707986000159, 7.28165610400004], [0.573269541000059, 7.28104258000008], [0.573307584000077, 7.27976250600005], [0.573314084000117, 7.27909477500015], [0.57346584000004, 7.27845357299998], [0.573204999000041, 7.27725001100009], [0.573610150000093, 7.27653711600016], [0.573416015000078, 7.27611413800014], [0.573338127000056, 7.27593804100007], [0.573267434000115, 7.27545052000011], [0.57311457100019, 7.27514240600004], [0.572998267000173, 7.27502982400011], [0.572867646000077, 7.27476848200018], [0.572765407000077, 7.27393935700007], [0.572648960000151, 7.273785438], [0.572505121000063, 7.27369086500011], [0.572361282000145, 7.27359629], [0.572264624000127, 7.27357733500014], [0.572186812999973, 7.27342328300017], [0.572147447000134, 7.27321398300006], [0.572146911000061, 7.27305966200004], [0.572013378000122, 7.27275423800018], [0.57191626000008, 7.27260300800009], [0.571857499000089, 7.27237172900004], [0.571856973000081, 7.27222016500008], [0.571798548000118, 7.27208533600003], [0.571759212000075, 7.27109064700011], [0.571814139000082, 7.27101329600015], [0.571852181, 7.27084230700012], [0.571870369000123, 7.27051706500004], [0.571825591000106, 7.27033809700015], [0.571742790000087, 7.269541973], [0.572033148000173, 7.26891541100002], [0.571729917000027, 7.26861746300011], [0.571681339000065, 7.26853633700011], [0.571671029000129, 7.267952154], [0.571747641000059, 7.26776174200006], [0.571718262000047, 7.26764610200007], [0.571689016000107, 7.26756904300004], [0.571630804000108, 7.26749483900011], [0.57147599100017, 7.26741821400009], [0.571169392000115, 7.26734211500008], [0.570710684000176, 7.2671728470001], [0.570334680000144, 7.2669784900001], [0.569635684000048, 7.26675493800008], [0.568793488000154, 7.266620063], [0.567794676000119, 7.26668414200009], [0.567334526000081, 7.26689516900007], [0.56703356100013, 7.26698751400016], [0.566910340000106, 7.26704343700004], [0.566645594000079, 7.26718690400014], [0.566571272000147, 7.26724227500017], [0.566108355000097, 7.26756340200018], [0.564850545000127, 7.26843594600007], [0.564390525000078, 7.26868555100003], [0.56423597800017, 7.26868608399997], [0.564083802000027, 7.26857362300018], [0.56392898900009, 7.26849699500008], [0.56377720200004, 7.26849751900011], [0.563622790000068, 7.26853663200006], [0.563545451000152, 7.26851760800008], [0.56347080300003, 7.26847928400014], [0.563315724000063, 7.26832549600016], [0.563009325000053, 7.26830726200006], [0.562854389000165, 7.26819481000018], [0.563716702000022, 7.26672581600013], [0.563902591000044, 7.2664495570001], [0.562809337000033, 7.26713675300016], [0.563671676000013, 7.26591297900012], [0.563497288000178, 7.26576201300009], [0.563247456000113, 7.26534124300008], [0.563036993000026, 7.26513253100006], [0.562882048000063, 7.26501732200018], [0.562652924000133, 7.26499882100018], [0.56246085600003, 7.26492232100009], [0.562268532000132, 7.26477141600009], [0.562113655000189, 7.26467549800014], [0.561732612000185, 7.26461893800007], [0.560965208000084, 7.26456370700004], [0.560928937000028, 7.25964754900008], [0.557017497000061, 7.25376638500018], [0.556653410000024, 7.25382274800012], [0.556501628000092, 7.25382326800019], [0.556424235000179, 7.25378770800006], [0.55619229000007, 7.25374992100006], [0.556116266000174, 7.25371160100008], [0.556040243000041, 7.25367328000004], [0.555943721, 7.25369290100014], [0.555885569000168, 7.25363522900017], [0.555388729000128, 7.25360799400016], [0.554244912000058, 7.25322885500015], [0.554082106000067, 7.25323354500017], [0.5537430440001, 7.25334493500014], [0.553616213000169, 7.25337843700004], [0.553489380999963, 7.25341194000009], [0.553293814000085, 7.25352008400017], [0.553194541000096, 7.25354247000007], [0.553075761000059, 7.25350980600018], [0.552964931000133, 7.25338066300009], [0.552975344000174, 7.25324843700014], [0.552886697000019, 7.25259639600011], [0.552798863000078, 7.25243324400009], [0.552646750000179, 7.25233731200018], [0.552306283000178, 7.25203809499999], [0.552260121000074, 7.25185499300011], [0.552213959000142, 7.25167189200016], [0.552488471000117, 7.25124656500009], [0.55250543, 7.25055756300009], [0.552720239000109, 7.25025104700012], [0.552964131000067, 7.24992492400003], [0.553038113000127, 7.24977034800003], [0.553037132000156, 7.24948375000014], [0.553190624000024, 7.24917733600017], [0.553341885000066, 7.24902525100015], [0.553496095000185, 7.24892827200017], [0.553592220000041, 7.24879291000002], [0.553668707000099, 7.24856392000004], [0.553610225000057, 7.24840979700002], [0.553532700000119, 7.24833565500006], [0.553029050000021, 7.24792952000013], [0.55267389100004, 7.24736855499998], [0.551347834000183, 7.24695420100016], [0.55095006900001, 7.24684532600014], [0.550117489000058, 7.24698338000019], [0.550012076000144, 7.24693119700004], [0.549047316000042, 7.24645222100003], [0.54854471900012, 7.24427735000012], [0.547672891000104, 7.2423601480001], [0.548622519000162, 7.23890061800006], [0.544006442000068, 7.23853225800013], [0.540911689000097, 7.23316625100011], [0.540992534999987, 7.22865356800008], [0.542710992000025, 7.22509543700011], [0.538665388000084, 7.22280488600018], [0.535675715000082, 7.22003069500005], [0.530295876000025, 7.22120086900009], [0.519333544000176, 7.22046940900015], [0.52052153700015, 7.23073848500019], [0.521207694000168, 7.23467258900007], [0.517090287000144, 7.23967882300002], [0.526586922000092, 7.24377371400004], [0.5267148370001, 7.24447188200003], [0.533560225000031, 7.24733143100013], [0.533503242000052, 7.24761822600016], [0.533503754000094, 7.24776979400008], [0.533581807000019, 7.24800101800002], [0.533603943000116, 7.2481294210001], [0.533621216000029, 7.24822961699999], [0.533602998000106, 7.24855486199999], [0.533488061000128, 7.24884185300004], [0.533089492000101, 7.24931168300003], [0.533142989000169, 7.24962566400018], [0.53326360200009, 7.25020122000018], [0.533206878000044, 7.25056517700017], [0.533265548999964, 7.25077717500011], [0.533340834000114, 7.25100565300005], [0.533341608000171, 7.25123438200001], [0.533380505000082, 7.25131141300011], [0.534033991000172, 7.25195957700009], [0.534178376000114, 7.25276538900016], [0.534230891000107, 7.25305847700008], [0.533461042000113, 7.25350028000008], [0.533570308000094, 7.25357604000015], [0.533852095000043, 7.25366327500018], [0.533947664000038, 7.25376905100006], [0.533464302000027, 7.25405590700018], [0.53344608499998, 7.25438115300005], [0.533524066000155, 7.25459033000004], [0.533621438000011, 7.25482148900011], [0.533865561000084, 7.25519545400005], [0.533915758000035, 7.25534960900006], [0.534103632000154, 7.2554123590001], [0.534484408000026, 7.25539178200012], [0.53463882, 7.25535267900017], [0.534772698999973, 7.25536187200015], [0.534906577000072, 7.25537106600018], [0.535175174000187, 7.25563747000018], [0.535648432000073, 7.25562622600017], [0.535981724000123, 7.25584556300009], [0.536283247000085, 7.25605536200015], [0.536691619000123, 7.25603469100008], [0.53676895600006, 7.25605372000018], [0.536901815000135, 7.25616901400014], [0.536979601000155, 7.25632031900011], [0.537025364000101, 7.25679416100007], [0.537175379000189, 7.25708576800014], [0.537176942000031, 7.25754598000003], [0.537204927000175, 7.25766025100012], [0.537232912000093, 7.25777452100016], [0.537369045000048, 7.25804137300003], [0.537675898000145, 7.25819465900014], [0.538041352000164, 7.25853789600018], [0.538375715000029, 7.26110240600008], [0.538396007000131, 7.26138894000019], [0.538459438000132, 7.26157887500017], [0.538474319000045, 7.26169456800005], [0.538416749000078, 7.26180775100011], [0.538339738000161, 7.26188517400004], [0.538188215000162, 7.26196284900016], [0.538130456999966, 7.26202091700014], [0.53803464300006, 7.26224997200018], [0.538564339000175, 7.26300877500017], [0.538670006000132, 7.26324266000006], [0.538707241000111, 7.26364212300018], [0.53876816200011, 7.26370254500006], [0.538769465000087, 7.2640855950001], [0.53871228700018, 7.26431451900004], [0.538712812000142, 7.2644688420001], [0.538771545000088, 7.2646973730001], [0.538811747000068, 7.26515745500018], [0.538774929, 7.26569220300019], [0.538755873000071, 7.26576943000009], [0.538736817000085, 7.26584665700017], [0.538737595000157, 7.26607538500008], [0.53881539200006, 7.26622944500002], [0.539161536000108, 7.26657274500019], [0.539297541999986, 7.26680101400018], [0.539325403000078, 7.26687808200012], [0.539353263000066, 7.26695514900001], [0.539354558000127, 7.26733544500007], [0.539229258000034, 7.26782088800019], [0.539187099, 7.26840801500015], [0.539608924, 7.27030945700011], [0.539942367000151, 7.27056874700008], [0.540171692000058, 7.2706451300001], [0.540366117000076, 7.27100823400008], [0.540460147000033, 7.27106578600007], [0.540978792000033, 7.2710061520001], [0.541072756000176, 7.27104441400007], [0.541150548000189, 7.27119571700007], [0.541534685000101, 7.27134873600005], [0.54168955300014, 7.27144190600012], [0.541541141000096, 7.27324193999999], [0.541599623000138, 7.27339606500004], [0.541850686000032, 7.27418061100013], [0.541851203000022, 7.27433217700008], [0.541967642000145, 7.27448610499999], [0.542045632, 7.27469527900007], [0.542026840000062, 7.27484966700007], [0.541911642000116, 7.27505949900001], [0.541913212000054, 7.27551970999997], [0.541472958000043, 7.28156740400016], [0.540044906000048, 7.28930500500007], [0.540230624000117, 7.28953999200007], [0.540416343000118, 7.28977497900007], [0.54050498700002, 7.29552324800005], [0.540214967000168, 7.29590374899999], [0.539757271000099, 7.29612800600017], [0.539398827000127, 7.29638904000012], [0.539076795000142, 7.29642725300016], [0.538372338000045, 7.29696165100017], [0.538026157000047, 7.29718552700001], [0.53693880600008, 7.29808001600003], [0.536594649000108, 7.29889774300011], [0.53624829600011, 7.29907213100017], [0.535604056000125, 7.29909906600017], [0.535072303999982, 7.29941017500005], [0.534788875000061, 7.29986890499998], [0.534671473000117, 7.30070193900002], [0.534986837000133, 7.30172326700011], [0.535065028000133, 7.3019903120001], [0.535183560000121, 7.30275602000006], [0.535148314000082, 7.30375098100006], [0.535050627000089, 7.30419489500002], [0.534941843000126, 7.30444256400017], [0.53480887700016, 7.30474301900006], [0.53454980700019, 7.30497498200015], [0.534403913, 7.30505656000014], [0.534175905000154, 7.30511289200018], [0.534022313999969, 7.30507812800016], [0.53385986100011, 7.3050665180001], [0.533706941999981, 7.30500743300007], [0.533564371000182, 7.30502086300015], [0.533395164000126, 7.30482726000002], [0.532824308000158, 7.30471269200012], [0.532163181999977, 7.30474082700005], [0.531372449, 7.30478234600002], [0.530451493000044, 7.30465601700013], [0.529867232000072, 7.3044120400001], [0.529282355000134, 7.3039868300001], [0.528879649000032, 7.30375518000011], [0.528676013000052, 7.30362720800002], [0.528346942000098, 7.30342040800014], [0.527827683000169, 7.303227988], [0.527165811000145, 7.30303604900001], [0.52695766800008, 7.30282963000008], [0.52676126200015, 7.3022607040001], [0.526098118000164, 7.30169335600004], [0.525863389, 7.30129284700007], [0.525641582000048, 7.30087934900013], [0.525341853000043, 7.30042727900019], [0.525158371000146, 7.29984536300003], [0.524946956000122, 7.29943520000006], [0.524436686000172, 7.29888745600005], [0.523557952000147, 7.29815493800004], [0.522531977000085, 7.29764058699999], [0.521922455000094, 7.29759086000007], [0.520938, 7.2978530800001], [0.520095764000189, 7.29799831200006], [0.519590963999974, 7.2982459700001], [0.518970090000153, 7.29867525200007], [0.518051152000112, 7.29914437000002], [0.516694210000139, 7.29952530900016], [0.516542800000025, 7.29964156200009], [0.516388435000124, 7.29969995200014], [0.516082910000023, 7.29994900200012], [0.515931369000157, 7.3000266730001], [0.515854344000104, 7.30010271700019], [0.515777319000051, 7.30017876000016], [0.514744504000078, 7.30083259700018], [0.5141328200001, 7.30114330000004], [0.513481772000091, 7.30123918100003], [0.513249930000086, 7.301239958], [0.512868854000146, 7.30118336200013], [0.512512631999982, 7.30113081700011], [0.511501229000089, 7.30117691900006], [0.505065253000112, 7.30090354000009], [0.504942467999967, 7.30050159800004], [0.504816692000077, 7.30003077000015], [0.504760820000058, 7.29982978000004], [0.50424823600008, 7.29882560900018], [0.502312547000088, 7.2989231410001], [0.500969626000085, 7.29850857100007], [0.500299259000144, 7.2983492840001], [0.499465423000061, 7.29784424200005], [0.499245526000038, 7.29773974900007], [0.498278744000174, 7.29728034000016], [0.497684777000131, 7.29680911000003], [0.497280612, 7.29640823000011], [0.496519519, 7.29555899100006], [0.495545561000085, 7.29482875600013], [0.495157877000167, 7.29379330600011], [0.495006941000099, 7.29319712400013], [0.494920160000106, 7.29285435000003], [0.494545579000146, 7.29225757000006], [0.494321280000122, 7.29203508800009], [0.493870371000014, 7.29172516800003], [0.493765145000054, 7.29162079300005], [0.493505588000119, 7.29158582400004], [0.493140759000084, 7.29143270200018], [0.492969130000176, 7.29127894099997], [0.492656220000185, 7.29096856300004], [0.492063925000139, 7.290468954], [0.49158007300008, 7.29021150000005], [0.491426652000087, 7.29013897600009], [0.483695970000099, 7.29310628100018], [0.483347412000057, 7.29286490900012], [0.482828586000096, 7.29288314600012], [0.482345649000024, 7.29290402100014], [0.481721888000038, 7.29290606500012], [0.481514091000122, 7.292664231], [0.481201866000163, 7.29256053100016], [0.480890276000139, 7.29264973900007], [0.479434668000124, 7.292323802], [0.472222891000172, 7.31123648700014], [0.466383543, 7.32821199100016], [0.470150117000117, 7.33003811900005], [0.469563986000026, 7.33269507200009], [0.470055684000044, 7.33325241900013], [0.472455469000067, 7.33946293500009], [0.473155583000107, 7.34546079000012], [0.472538834000147, 7.34735790600007], [0.472975860000076, 7.349016151], [0.472415946000069, 7.35006094100015], [0.471523737000098, 7.35830919600005], [0.47146619, 7.36437562300006], [0.472410134000143, 7.37626834800005], [0.472202864000053, 7.38350088600004], [0.471979827000155, 7.39188861000002], [0.471794271000078, 7.39955463800015], [0.471697899999981, 7.40046439000008], [0.471560389999979, 7.40228922200009], [0.471496691000141, 7.40306107300012], [0.471273401000133, 7.40399329000007], [0.471183668000094, 7.40440696500008], [0.471285575000081, 7.40516724600019], [0.471089005000181, 7.40583205700005], [0.470946215000083, 7.40606402100008], [0.469490389000043, 7.40620524200011], [0.468530122000118, 7.40593144600018], [0.462899472000174, 7.40198220200011], [0.456451976000096, 7.39756292900012], [0.443481428000041, 7.37735342500002], [0.443402541000182, 7.37728891700004], [0.443344070000023, 7.37713477500006], [0.443274868000174, 7.37707712400004], [0.442922739999972, 7.37660424700005], [0.443243183000106, 7.37581778200007], [0.443396864000135, 7.37553618500016], [0.443451575000154, 7.37538167800005], [0.443690932000152, 7.37513012000005], [0.443247109000083, 7.37447289300007], [0.443125644000077, 7.37447328500014], [0.442816142000027, 7.37437507099997], [0.442605885000148, 7.37423519900017], [0.442197506000184, 7.37344006100011], [0.442164055000035, 7.37248662999997], [0.442303568000114, 7.37209208600001], [0.442653345000167, 7.37184017200013], [0.443324463000124, 7.37108013600016], [0.443600168999978, 7.37097176600003], [0.443676821000111, 7.37077309400013], [0.44375945000013, 7.37071495400011], [0.444080620000022, 7.37015447100003], [0.444360240000094, 7.36955002799999], [0.444504301, 7.36800350600015], [0.444296254000108, 7.36769276000018], [0.444218220000039, 7.367464273], [0.444431371, 7.36679390300014], [0.444568781000044, 7.3666033020001], [0.444845298000075, 7.36589414600002], [0.444844566000029, 7.3656681650001], [0.444562232000123, 7.36458049700013], [0.444509560000029, 7.36451176900016], [0.444126428000118, 7.36383781100017], [0.444056800000055, 7.3636478790001], [0.444039569000097, 7.36344124200014], [0.444085316999974, 7.36222298900014], [0.444362476000094, 7.36171225400005], [0.439509306000161, 7.360948495], [0.426927961000047, 7.35896826200002], [0.408820325000022, 7.35633009900016], [0.40812999700006, 7.35714251500008], [0.407992571000079, 7.35733310600011], [0.407491091000168, 7.357629567], [0.407405785000037, 7.35771526900004], [0.406350910000072, 7.35847921900017], [0.406144090000168, 7.35854876700006], [0.405937053000173, 7.35854941600019], [0.405625063000116, 7.35853385900009], [0.404825917999972, 7.35810368200009], [0.404131950000135, 7.357761364], [0.403750455000079, 7.35758893400015], [0.403543314999979, 7.35755651100004], [0.403024341000048, 7.35755813600008], [0.401982896000106, 7.35820628700014], [0.401847770000131, 7.35825080400002], [0.401869325000064, 7.35896177100011], [0.401141251000013, 7.35918727900014], [0.400990694000086, 7.35959287400004], [0.400652827000101, 7.36012858400011], [0.400091289000045, 7.36064294500011], [0.399884630000088, 7.36076485300009], [0.399675047000017, 7.36083440600009], [0.399485054000024, 7.36098933200009], [0.399399807000179, 7.36109432500018], [0.399314343000015, 7.36113041900012], [0.399157589000026, 7.3613210690001], [0.398794114000054, 7.36161433500001], [0.398640068000134, 7.36178844000017], [0.398433348000083, 7.3618910560001], [0.398243312000147, 7.36203220200008], [0.398006182000074, 7.36212113300007], [0.397534502000099, 7.362241111], [0.396910622000178, 7.36224305600012], [0.396562613000071, 7.36218626700008], [0.396216969000079, 7.362002695], [0.395145067000044, 7.36262888100015], [0.394730986000127, 7.36263017000016], [0.394557452000186, 7.36275197200013], [0.394522210000105, 7.36295877900005], [0.394489350000072, 7.36304431600013], [0.394351917000165, 7.36323490400008], [0.394247292000102, 7.36332342000014], [0.394126362000065, 7.36349466600012], [0.393937726000047, 7.36408502699999], [0.393921808000187, 7.36429177400015], [0.393938638000122, 7.364377155], [0.394024758000171, 7.36455051200005], [0.394137504000071, 7.36529426900006], [0.393873997000014, 7.36577738200015], [0.393578945000115, 7.36588302600018], [0.393424835000189, 7.36603783900011], [0.393356198999982, 7.36615931500006], [0.393251513000052, 7.36622854000018], [0.393149484000048, 7.36626468400016], [0.392853992000084, 7.36622977600007], [0.392594529000064, 7.36624022899997], [0.392335066000157, 7.36625068200004], [0.392161529000077, 7.36637248300008], [0.392007419000151, 7.36652729600019], [0.391712468000151, 7.36666601100006], [0.391574981000076, 7.36684006400014], [0.391470672000025, 7.36703054899999], [0.391359084000044, 7.36709979500006], [0.391247496000062, 7.36716904000002], [0.39121187500001, 7.36725458600017], [0.391195965000122, 7.36746408800008], [0.391282454000077, 7.36775595100016], [0.39131899400013, 7.36796528999997], [0.391283425000097, 7.36806737100017], [0.391214737000098, 7.36817231000003], [0.391145938000022, 7.36824142300003], [0.390938997000035, 7.36827513800006], [0.39081726600017, 7.36819008200013], [0.390747607000151, 7.36798360100016], [0.390730399000176, 7.3677769570001], [0.390624904000049, 7.36758712500006], [0.390243189000159, 7.36734578600004], [0.390156017000095, 7.36727715800009], [0.390068843000165, 7.36720852900015], [0.389999615000079, 7.36713984500017], [0.389896821000093, 7.36693071200017], [0.389722424000183, 7.36677691900013], [0.389515219000145, 7.36672519900014], [0.389305629000035, 7.36679474900001], [0.38861240000017, 7.36669217300005], [0.388303867000104, 7.36690258400017], [0.388199069000166, 7.36693598000011], [0.387834296000108, 7.3668158480001], [0.387590723000073, 7.36660990600012], [0.387383303000149, 7.36648928700015], [0.387228120000032, 7.36629960599998], [0.387175352000099, 7.36619779900019], [0.386984496000139, 7.36607712800009], [0.386810254000068, 7.36597294200016], [0.386396169000022, 7.36597422400007], [0.385775344000081, 7.3669627810001], [0.385759097000062, 7.36706480099997], [0.385500784000101, 7.36744592399998], [0.385327355000072, 7.36760355000007], [0.385120526000094, 7.36767308900005], [0.384323521000113, 7.36793461600013], [0.384219209000037, 7.36812510000004], [0.384151161000091, 7.36843673499999], [0.384049661, 7.3686437450001], [0.383824361000052, 7.36898893800014], [0.383261167000171, 7.36986983200018], [0.382449380000025, 7.36981722100018], [0.381835242000022, 7.36940434500013], [0.381771556000103, 7.36934253200008], [0.381619544000102, 7.36928512600014], [0.381037986000138, 7.36914085600006], [0.381007283000031, 7.36903208900003], [0.380194800000027, 7.36786193000012], [0.380135243000154, 7.36779597100008], [0.380046767000124, 7.36775214900001], [0.379869646000088, 7.36760938400005], [0.379587487000151, 7.36742284700011], [0.378994729000112, 7.36677977700003], [0.377941167000131, 7.36620702300007], [0.377675973000066, 7.36614996400004], [0.377526671000169, 7.36607601200018], [0.377349993999985, 7.36607655500012], [0.377173181000046, 7.36603300400014], [0.377023786, 7.36592873600006], [0.376979346000041, 7.36584068200006], [0.376846429000182, 7.36570880300008], [0.376282362000154, 7.36541564800007], [0.376164064000136, 7.36554829900012], [0.376017890000071, 7.36559284400016], [0.375749884000129, 7.36551925600008], [0.375603344000069, 7.36544529500009], [0.375514963000114, 7.36543178700003], [0.375366215000099, 7.36553697100004], [0.375220261000095, 7.36565316999997], [0.374776266000026, 7.36580335600019], [0.374450559000024, 7.36581813600014], [0.374301903000116, 7.3659536350001], [0.374112875000151, 7.36642548700001], [0.373996156000146, 7.36662289800012], [0.373863614000186, 7.36706012700012], [0.373759263000181, 7.36723958500005], [0.373671331000025, 7.36737214200014], [0.373500938, 7.36762070300017], [0.373228012000027, 7.36774280300011], [0.373051427000064, 7.36777366000013], [0.372874656000079, 7.36774388700007], [0.372694895000052, 7.36763971100015], [0.37247377500006, 7.36755219800011], [0.372371591000103, 7.36753873100014], [0.372222968000187, 7.36768525400009], [0.37209087500014, 7.36782070100003], [0.371972254000184, 7.36784862500002], [0.371706830000107, 7.36771715100014], [0.371706466000035, 7.36759864600003], [0.371631481000179, 7.36745280800005], [0.371614095000155, 7.36718553200012], [0.371569383000178, 7.3670092860001], [0.371598885000139, 7.36672808600014], [0.371691593000151, 7.36635298900006], [0.371627481000189, 7.36615199900012], [0.371610418000103, 7.36598944800011], [0.371745322000095, 7.36587052800002], [0.371891227000162, 7.36573779300016], [0.37203570500003, 7.36558990600008], [0.371964449000188, 7.36531039300013], [0.371977431000175, 7.36504302300006], [0.371918916000027, 7.36486682000015], [0.371799762000137, 7.36472111800015], [0.371725091000087, 7.36467725000006], [0.371650056000021, 7.36451487800014], [0.37164950500005, 7.36433574100016], [0.371589086000142, 7.3635394480001], [0.371469924000053, 7.36339099000003], [0.371395304000089, 7.36336365900019], [0.371130289000064, 7.36336446999996], [0.370804271000111, 7.36327727600008], [0.37064942100011, 7.36319369300014], [0.370494570000176, 7.36311010900016], [0.370626367000114, 7.36287820400008], [0.370744505000118, 7.36269319200005], [0.370669310000039, 7.36247845500014], [0.370575314000064, 7.36243464700004], [0.370216168000013, 7.36189695100018], [0.369425338000156, 7.36192279600004], [0.369248890000108, 7.36199774600004], [0.368958940000084, 7.3624189200001], [0.368600565, 7.36303322100002], [0.368364237000037, 7.36338670900011], [0.368176655000127, 7.36433258400012], [0.368027854000161, 7.36442123], [0.367851312000141, 7.36446586500006], [0.36761359000019, 7.36436462000012], [0.366518634000158, 7.36469316900008], [0.364892152000039, 7.36453552600005], [0.364759230000061, 7.36440088800009], [0.364674863000118, 7.36389404300019], [0.364299710000068, 7.36398889000014], [0.364211304000037, 7.36396711200013], [0.363463240000158, 7.36353532099997], [0.36340922800008, 7.36347623199998], [0.363279261000116, 7.36340497200013], [0.362212946000056, 7.36316844500004], [0.361826692000079, 7.36324403100008], [0.361649921000094, 7.36321425300008], [0.361500648000117, 7.36314856300015], [0.361367536000103, 7.36295053600003], [0.3612042580001, 7.36281874500003], [0.36095268400004, 7.36270100100006], [0.360806012000182, 7.36258293900005], [0.360670299000049, 7.36243728400018], [0.360537380000153, 7.36230264400007], [0.360390666000114, 7.36217080300008], [0.360299432000033, 7.36212698300017], [0.360196980000069, 7.36202532300013], [0.359840505000136, 7.36190789699998], [0.359192214000075, 7.36205593200009], [0.359042833000046, 7.36195441400002], [0.358866022000086, 7.36191085500008], [0.358777683000142, 7.36191112199998], [0.358614675000126, 7.36186752100002], [0.35829720900017, 7.36186848400018], [0.357784206000076, 7.361114896], [0.357634917000098, 7.36104369300006], [0.357488330000137, 7.36095318900004], [0.357258751000074, 7.36080506100006], [0.357042337000109, 7.36044743700012], [0.356701958000087, 7.36017562400008], [0.356640682000148, 7.35999667000004], [0.356565702000182, 7.35985082900015], [0.356432785000095, 7.35971618800011], [0.356106411000098, 7.35951047600014], [0.355990024000164, 7.35936476000018], [0.355588847000092, 7.35907108200018], [0.355516403000138, 7.35885082099998], [0.354606656999977, 7.35835198000001], [0.354033655000023, 7.35874782000008], [0.353496882000115, 7.35925654500016], [0.352356183000154, 7.36046083800005], [0.352151254000148, 7.36067719200003], [0.351397158000111, 7.36144012400013], [0.351147680000054, 7.36201412500009], [0.350817844000119, 7.36248915100015], [0.350554011000042, 7.36288130000014], [0.34354824400009, 7.36310846500004], [0.340746055000182, 7.36311660600006], [0.336083418000101, 7.36308516500003], [0.33219637000002, 7.36305891699999], [0.328963586000043, 7.36303407100007], [0.329056402000106, 7.36360980600006], [0.329128613000137, 7.36375566000004], [0.329129138000042, 7.36393204500013], [0.328644811000061, 7.36445161500012], [0.328601125000148, 7.36461435000018], [0.328696225000044, 7.36479837700006], [0.328809362000072, 7.36501335600019], [0.32877978200014, 7.36527802300014], [0.328705729000092, 7.36544084799999], [0.328573572000096, 7.36555974800007], [0.328499519000104, 7.36572257400007], [0.328279234000092, 7.36591339400002], [0.328190894000045, 7.36591365600003], [0.327967504000071, 7.36598873100013], [0.327865672000144, 7.36609376200005], [0.327777413000035, 7.36612158400004], [0.327659632000177, 7.36643336400005], [0.327731803000177, 7.36656543900006], [0.327806512000052, 7.36662309500002], [0.327881533000152, 7.36678547700018], [0.327874898, 7.36687506800018], [0.327868263000084, 7.36696465900008], [0.327749950000168, 7.36709730000013], [0.327661781000074, 7.36715543700001], [0.327247905000092, 7.3672310770001], [0.326922543000023, 7.36736433100009], [0.326745992000042, 7.36740895000014], [0.326509020000174, 7.36755847899997], [0.326316388000066, 7.36776575199997], [0.326294938000046, 7.36797940800011], [0.326215515000115, 7.36819323500009], [0.325948526000161, 7.36846136100007], [0.325902005000103, 7.36859930000003], [0.325637374000166, 7.36966115500007], [0.325397966000082, 7.36992093100008], [0.325321290000147, 7.3701306160001], [0.325457242000027, 7.37035896400016], [0.325746400000128, 7.37104711500018], [0.325669790000177, 7.37127884800003], [0.325708775000123, 7.37139172999997], [0.325864062000107, 7.37162277600009], [0.326024500000074, 7.37172978600006], [0.326132584000106, 7.37187002300004], [0.326171914000156, 7.37209865600005], [0.326115654000148, 7.37267483300019], [0.326209738000102, 7.37274896700012], [0.326151936000088, 7.37280701500009], [0.326014311000165, 7.37294522400009], [0.325840651000021, 7.37303393300004], [0.325703288000113, 7.37326033400007], [0.325720476000129, 7.37346974100006], [0.325721148000184, 7.37369573300009], [0.325721976000068, 7.3739740900001], [0.325913603, 7.37435660900007], [0.326478373000043, 7.37535261700003], [0.326584946000082, 7.37544876200013], [0.326698759000124, 7.37565788199998], [0.326680115000045, 7.37588668800009], [0.326587564000079, 7.37632792700009], [0.326472238000122, 7.37653772700008], [0.326166546000081, 7.37678943200018], [0.326089927000055, 7.37701841000012], [0.326109596000151, 7.37713410500004], [0.326225882000188, 7.37724675700008], [0.326339072000167, 7.37724642200016], [0.326493975000062, 7.3773479350001], [0.326494812000078, 7.37762904700014], [0.327088996000043, 7.37783949700014], [0.327282756000045, 7.37800979600007], [0.327991346999966, 7.37770177300007], [0.32807675600003, 7.37764364200018], [0.328211226000121, 7.37737315300006], [0.328371182000069, 7.37731755700008], [0.32845823100007, 7.37734623600005], [0.328545278999968, 7.37737491600012], [0.328794483000024, 7.37762221800017], [0.3289104320001, 7.37762187300007], [0.329139349000116, 7.37754678000016], [0.329255463000152, 7.37760155500013], [0.329388553000115, 7.37779408000017], [0.329447268000081, 7.37804194900002], [0.329524798000136, 7.37811888600004], [0.329660072000138, 7.37811848400003], [0.329888981000124, 7.37804063400017], [0.329985376000025, 7.37796317900006], [0.330214745000092, 7.37803966500019], [0.330444114000159, 7.37811615200019], [0.33059901900009, 7.37821766300016], [0.33063862299997, 7.37853724400003], [0.330832664000127, 7.37880124500009], [0.331080395000129, 7.37855522000012], [0.33117420200017, 7.37853564900018], [0.331328340000141, 7.37838085300012], [0.331499850000114, 7.37849609500012], [0.331731577000028, 7.37843752800012], [0.331825267000113, 7.37837937300003], [0.331980329000146, 7.37853324800005], [0.332152292000103, 7.37880007000012], [0.332172301000071, 7.37902875900011], [0.332249948000026, 7.37914428100009], [0.332365897999978, 7.37914393500006], [0.332670621999966, 7.37856977500013], [0.332670275000055, 7.37845402300019], [0.332747287000188, 7.37835733200006], [0.332937602000072, 7.37829888800002], [0.333053782999968, 7.37837571000017], [0.333131660000106, 7.37856840000012], [0.332977571000072, 7.3787397320001], [0.332900676000179, 7.37887500699998], [0.332978660000094, 7.37910352400019], [0.333094725000024, 7.37914176200013], [0.333265890000064, 7.37914125100002], [0.333439468, 7.37902498100016], [0.333668376000105, 7.3789471290001], [0.333803997000075, 7.37906247700005], [0.333785357000124, 7.37929128200005], [0.333727729000145, 7.37940720700016], [0.333747739000046, 7.37963589800017], [0.33384471100004, 7.37975136000011], [0.334074312000155, 7.37990501200005], [0.334556048000024, 7.38036107300002], [0.334746926000037, 7.38049003600014], [0.33476672200004, 7.38064707000018], [0.334690115, 7.38087880400013], [0.334558228000049, 7.38108865600009], [0.334921660000077, 7.38168011400001], [0.33503772600011, 7.38171835100007], [0.335250765000069, 7.38187205200006], [0.335613447000014, 7.38261612500008], [0.335387867000179, 7.38340123100005], [0.335291646000144, 7.38353656300006], [0.335330925000108, 7.38374590400008], [0.335538832000168, 7.38402915200004], [0.335274272000106, 7.38418703500002], [0.335161140000025, 7.38420666600018], [0.335026037000091, 7.38426494600003], [0.335017137000079, 7.38532474700003], [0.335879098000078, 7.38564197099998], [0.336103719000107, 7.38572463600002], [0.336219402000154, 7.38576721000015], [0.337063407000073, 7.38607782200006], [0.337490854, 7.38640757799999], [0.337733213000092, 7.38659454800001], [0.338718191000055, 7.38735441], [0.338948370000026, 7.38769822200004], [0.339026360000048, 7.38792673700004], [0.339525197000057, 7.38855636700009], [0.339757508000162, 7.38869071400012], [0.339986826000143, 7.38874790200003], [0.340215969000155, 7.38874721400015], [0.340332096000111, 7.3888047420001], [0.34052310300018, 7.38897504100009], [0.340600753000047, 7.38909056000011], [0.340698069000098, 7.3893190170001], [0.340947461000098, 7.38962418400007], [0.341144122000117, 7.39075355800009], [0.341373790000148, 7.39092649600019], [0.341603217, 7.39101951100014], [0.341835239000034, 7.39105739700005], [0.341948605000027, 7.39111493300004], [0.342180976000122, 7.39126857000002], [0.342255800000089, 7.39136205000017], [0.342391194000129, 7.39140022600009], [0.342620747000183, 7.39153458000004], [0.342814576000137, 7.39172416200006], [0.343024745000037, 7.3918392810001], [0.343140756000139, 7.39185822399998], [0.343350866000094, 7.39195405200007], [0.343771571000048, 7.39230555400007], [0.344061594000152, 7.39235153300001], [0.34429097300017, 7.39242800900013], [0.34440727600014, 7.39254341200018], [0.344509883000171, 7.39269468200007], [0.344638796000083, 7.39332817500002], [0.344774650000147, 7.39351792999997], [0.345389222, 7.39407003400004], [0.345563502000061, 7.39418526100008], [0.345773956000073, 7.39439408200019], [0.346003569000118, 7.39454772500005], [0.346332513000164, 7.39468177700013], [0.346445989000131, 7.39477513899999], [0.346890906999988, 7.39582658800003], [0.347007504000146, 7.39603844800018], [0.346988579000083, 7.39617079300001], [0.346853826000029, 7.39634482900004], [0.346989740000083, 7.39655387400001], [0.346990091000066, 7.39666962600018], [0.346797411000068, 7.39686037100006], [0.346452836000083, 7.39703504100015], [0.346282301000088, 7.39724501199998], [0.346244, 7.39736088000018], [0.346225366999988, 7.39758968400008], [0.346264370000142, 7.39770531900018], [0.346352301000024, 7.39847949000017], [0.346248351000156, 7.39879674500003], [0.346191936000025, 7.3993122870001], [0.346019574000138, 7.39983093699999], [0.345620473000054, 7.4002345180001], [0.345507240000188, 7.40113331700013], [0.346238824000125, 7.40202956500002], [0.346354780000127, 7.40202921400009], [0.346893868000166, 7.40317683900008], [0.347049170000048, 7.40340511600004], [0.347085412000013, 7.40352075900012], [0.347086809000075, 7.40398100800007], [0.347234162000063, 7.40477429100008], [0.347428916000013, 7.40572038700003], [0.347534586000052, 7.40596948600012], [0.347579688000053, 7.40627526500015], [0.347492965000072, 7.40681019200008], [0.347116993000043, 7.40755820600015], [0.347098370000026, 7.407789767], [0.347196390000136, 7.40824696600009], [0.347177767000119, 7.40847852700017], [0.347120482000093, 7.40870744800003], [0.34689231700014, 7.40903334600017], [0.346777054000086, 7.40926244299999], [0.346758430000136, 7.40949400299996], [0.346654002000037, 7.4096541670001], [0.34642530900004, 7.40980644000018], [0.346395383000072, 7.40995259800019], [0.346424723000155, 7.41006826200015], [0.346454064, 7.41018392500007], [0.346396428000048, 7.41029709600008], [0.346245164000152, 7.41049047300004], [0.346264776000169, 7.41058411800003], [0.346494106000137, 7.41064130000012], [0.34672631300009, 7.41073705700018], [0.346801611000103, 7.41098487000016], [0.346802255000114, 7.41119708000014], [0.346764004000079, 7.41132948400008], [0.346651159000089, 7.41144557700017], [0.346554645000083, 7.41148445400012], [0.346308832999966, 7.41236436100019], [0.346501085000114, 7.41293978400006], [0.34650247400009, 7.41339727600007], [0.345969418000038, 7.414242226], [0.345682576000115, 7.41433955300016], [0.344517631000087, 7.41621715700006], [0.344556979000174, 7.41644578800009], [0.344654314000138, 7.41667699700014], [0.344729151000024, 7.41677323100009], [0.344961529000045, 7.41692410900015], [0.345171946000164, 7.41711639200014], [0.344966407000129, 7.41853084300004], [0.344602314000099, 7.4186476970001], [0.344486588000109, 7.41872521500011], [0.344428901000072, 7.41882184900015], [0.344410268000047, 7.41905065400016], [0.344643928000153, 7.41962319499999], [0.344644631000165, 7.41985469800005], [0.344452410000144, 7.42019978000019], [0.344472431000099, 7.42042846700002], [0.344702168000026, 7.42061793600016], [0.344934088, 7.42061723400008], [0.345144329999982, 7.42075164200003], [0.345338644000094, 7.42109555400003], [0.345510401000183, 7.42128519900001], [0.345569085000079, 7.42151652600006], [0.345570474999988, 7.42197401699997], [0.345629159000055, 7.42220534400002], [0.345687482000187, 7.42231816300006], [0.345802268000114, 7.42238533700009], [0.345917053000107, 7.42245251200006], [0.346146213000054, 7.42245181800018], [0.346377841, 7.42235465700003], [0.346606825000151, 7.42229608700018], [0.346836161999988, 7.42235326799999], [0.347298937, 7.42290857700004], [0.34745454, 7.42323331199998], [0.347757685000147, 7.42395446500007], [0.347954309000045, 7.42414954500003], [0.348374884000123, 7.42444591600014], [0.348416676000056, 7.42456980899999], [0.348530230000051, 7.42468521600006], [0.348875637000106, 7.42477787200011], [0.348953121000136, 7.42483551300012], [0.349030781000124, 7.42495102800001], [0.349108668000099, 7.42514095600012], [0.349222103000159, 7.42521778000008], [0.349337947000151, 7.42517884300014], [0.349434287000122, 7.42508209100009], [0.349491571000101, 7.42485316900019], [0.349643130000118, 7.42475624900015], [0.349778477000029, 7.42477513000006], [0.349950128000103, 7.42492894400016], [0.350246679, 7.42529734600009], [0.350412666000182, 7.42540432500016], [0.350758141000085, 7.42551902700001], [0.351007387000095, 7.42576630900004], [0.351546250000183, 7.42591900500008], [0.351775874000168, 7.42606988600005], [0.352218920000041, 7.42649020400017], [0.352352096000061, 7.4267020100001], [0.352566089999982, 7.42715885299998], [0.352679644000148, 7.42727426000005], [0.352795664000155, 7.42729319800003], [0.353006022000159, 7.42746342900017], [0.353142365000167, 7.42780751200013], [0.354459853000094, 7.42886730900011], [0.355179335000116, 7.42898036700007], [0.356532999000024, 7.42919307599999], [0.356904188000101, 7.42913820000007], [0.357248898000023, 7.42900210300007], [0.357480704000011, 7.42896281100002], [0.358171011000024, 7.42897999200011], [0.358285503000104, 7.42895070400004], [0.35839999600006, 7.42892141600009], [0.358515780000062, 7.42886318600006], [0.359398534999968, 7.42951089700011], [0.359534002000089, 7.42956835800015], [0.359763282000074, 7.42960623900018], [0.3599923270001, 7.42956695400005], [0.360433205000163, 7.4292789810001], [0.360913202000177, 7.42914246600009], [0.361545418000105, 7.42912399200014], [0.361678234000067, 7.42921728900012], [0.361736928000141, 7.42944861100011], [0.361911514000155, 7.42965753000004], [0.362189584000078, 7.42984821800002], [0.36246765400017, 7.43003890500006], [0.362583973000142, 7.43015429900004], [0.362642242000049, 7.43024782400005], [0.362737118000098, 7.43057273800014], [0.362853437000012, 7.43068813300016], [0.363082897000027, 7.43078388800018], [0.363199088000101, 7.4308579420001], [0.36342842900018, 7.43091511300008], [0.363544629000046, 7.43099192400018], [0.36461399500007, 7.43126699200019], [0.36477157600001, 7.43133265000012], [0.364984820000075, 7.43154145000017], [0.36506248500001, 7.43165696200009], [0.365292184000111, 7.43182988200005], [0.365406765999978, 7.43182953000019], [0.365521348000073, 7.43182917700005], [0.365753153000128, 7.43178988000011], [0.365982376000034, 7.43180846700011], [0.366079360000072, 7.43192116300003], [0.366309059000116, 7.43209408300015], [0.366654304000178, 7.43213160400012], [0.367115979000118, 7.43232034400012], [0.367287699000087, 7.43249344200007], [0.367500586000062, 7.43258648800008], [0.367845831000125, 7.432624008], [0.368323484000086, 7.43262253600005], [0.368552528000066, 7.43258324600004], [0.369190453000158, 7.43262399600019], [0.369828377000033, 7.43266474500012], [0.369991250000055, 7.4326559750001], [0.37020396700018, 7.4326939020001], [0.37127958300016, 7.43320181200005], [0.37368337800001, 7.4391615510001], [0.378769550000015, 7.44978189700009], [0.383458976999975, 7.46418642700019], [0.384483862000138, 7.46433755200013], [0.384848867000073, 7.46450452100004], [0.385243977000073, 7.46458596100018], [0.385887514000103, 7.46464181800008], [0.386437780000165, 7.46489088400011], [0.387700276000032, 7.46508810600005], [0.387215783000158, 7.46555813800006], [0.387100439000051, 7.46575692900007], [0.387001478000116, 7.46589779300018], [0.386750784000128, 7.46608047300003], [0.386511809000183, 7.46647807900007], [0.386203207000051, 7.46668574400013], [0.385690535000094, 7.46697672600004], [0.385559030000138, 7.46730509700012], [0.385590809000178, 7.46775146200002], [0.385674001000154, 7.46786419500017], [0.38587088800017, 7.46813090400013], [0.386560192000161, 7.46868819900016], [0.386983716000032, 7.46902309600006], [0.387773008000181, 7.46976472300003], [0.387802472000089, 7.47035164600004], [0.387775390000172, 7.47051984400008], [0.387696167000115, 7.47079017699997], [0.387260261000108, 7.47178368800002], [0.387146796000025, 7.47214094000009], [0.387122090000105, 7.47262468700006], [0.387374867000176, 7.4731006720001], [0.388471738000078, 7.47330667500017], [0.388626585000168, 7.47337508600009], [0.388709910000046, 7.47352915700014], [0.388878920000025, 7.47371051800013], [0.389095428000132, 7.47406810900014], [0.389261476000058, 7.47418609300013], [0.389399809000054, 7.47427109200015], [0.389822723, 7.47441031300002], [0.390132156000163, 7.47446445800017], [0.391207142000098, 7.47473391000005], [0.391364790000182, 7.47481471200018], [0.392029386000104, 7.47541203500015], [0.391956314000083, 7.47631621400006], [0.391935893000095, 7.47640722500006], [0.391823563, 7.47668593000009], [0.391738898000028, 7.47698108200018], [0.391739788000109, 7.47726218600019], [0.39185370600012, 7.47748505800013], [0.392026238000028, 7.47876172600007], [0.392057167000189, 7.47982421100016], [0.391709908000109, 7.48090563599999], [0.391641853000067, 7.48121451700007], [0.391642386000058, 7.48138262800006], [0.391684338000118, 7.48155060800008], [0.391956499000173, 7.4820403060001], [0.391718355000023, 7.4821550690001], [0.391432648000091, 7.4822927510001], [0.390480850000017, 7.48256308000003], [0.390276602000029, 7.48259128300015], [0.390130742, 7.48274607600007], [0.390059698000186, 7.48298331100005], [0.389751279000166, 7.48325161100007], [0.389667103000136, 7.48326565600007], [0.389582927000106, 7.48327970000014], [0.388782726000045, 7.48346411400013], [0.388800270000047, 7.4837727260001], [0.388938233000033, 7.48461285400015], [0.38948060000007, 7.48497493000008], [0.390404343000171, 7.48543501400013], [0.390800363000096, 7.48579754900004], [0.390955589000157, 7.48641990300018], [0.390926839000088, 7.48649716000011], [0.390844446000074, 7.48663797400019], [0.390535580000119, 7.48676572100004], [0.390312227000038, 7.48686564000019], [0.390199764000045, 7.4871030060001], [0.39012928700015, 7.48751937600014], [0.38989262500013, 7.48777642600004], [0.389837844000112, 7.48791715199997], [0.389711224000109, 7.48804432400004], [0.389487993000046, 7.48818282500002], [0.38868796600002, 7.48842511499998], [0.388583314000073, 7.48851363500006], [0.388481581000065, 7.48865175300011], [0.388379848000113, 7.48878987000006], [0.388339718000168, 7.48919787800008], [0.388367863999974, 7.48936590100004], [0.388387987000158, 7.48961662900018], [0.388438886000188, 7.48999403300013], [0.388483600000143, 7.49016200500017], [0.38853927100007, 7.49030238200015], [0.388539803000128, 7.49047049300015], [0.388581755000189, 7.49063847400009], [0.388623509000126, 7.49074375700019], [0.388765111999987, 7.49098790000005], [0.388892535000139, 7.49111427300011], [0.389075718000129, 7.49140858000004], [0.389103864000163, 7.4915766040001], [0.389090904000113, 7.49184397199997], [0.389149364000161, 7.49199260900014], [0.389360256000032, 7.49231714500013], [0.389415972000052, 7.49247130100014], [0.389660297000091, 7.49376031200012], [0.389688399000079, 7.49391455600005], [0.389661388000093, 7.49410480199998], [0.389339129000177, 7.49436487700012], [0.389303454000128, 7.49443526599998], [0.389267780000011, 7.49450565600011], [0.389354176000097, 7.49475617400009], [0.389565106000134, 7.49509173400014], [0.38962077900004, 7.49523211100012], [0.38963591400011, 7.49565096600003], [0.389636691000078, 7.49589624300017], [0.38927372600017, 7.4963824350001], [0.38920513700009, 7.49652320500019], [0.389106391000098, 7.49673296700013], [0.388912018999974, 7.49726547800003], [0.388408108000135, 7.49771628700012], [0.388267678000034, 7.49784350400006], [0.388229064000086, 7.49793864200012], [0.388114237000082, 7.49822155200008], [0.388114769000083, 7.49838966400017], [0.388102600000082, 7.49847100200014], [0.388278122000031, 7.49896100600017], [0.38834059800007, 7.49906966899999], [0.388525900000104, 7.4991600300001], [0.388609179000184, 7.49929756400013], [0.388637596000137, 7.49955102200016], [0.388696119000087, 7.49971894999999], [0.388711437000097, 7.50019567999999], [0.388736991000087, 7.50039783000005], [0.389112879000095, 7.50095780900011], [0.389413648000186, 7.50187699200006], [0.390810796000153, 7.50301664300008], [0.391051950000019, 7.50330249800004], [0.391400665000049, 7.50441479500012], [0.391548886000123, 7.50500134100002], [0.391667389000077, 7.50579467599999], [0.391632436000123, 7.50609242900003], [0.391057590000173, 7.50681630400015], [0.390769214999978, 7.50731328600006], [0.390085824000039, 7.50864105600016], [0.390106563000074, 7.50908469700016], [0.390807157000097, 7.50969429800006], [0.391441118999978, 7.51019111600016], [0.391709401000185, 7.51032255100012], [0.392154488000131, 7.51047547400003], [0.392342451000161, 7.51053275300006], [0.392649518000042, 7.51070264800001], [0.392862642000125, 7.510856305], [0.393092204000084, 7.51096857000016], [0.393305329000043, 7.51112222699999], [0.393360865000034, 7.51121850800007], [0.393496476000166, 7.51131178000014], [0.393554774000165, 7.51140805300003], [0.393707023000047, 7.51152331900016], [0.39397856000005, 7.51180907499997], [0.394053490000033, 7.51192458600002], [0.394130924000081, 7.51196016800014], [0.39416983100017, 7.51203721100006], [0.394535084000097, 7.51226754999999], [0.394670756000153, 7.51238011200007], [0.395073258000025, 7.51260068600004], [0.395207335000066, 7.51264573300011], [0.395342955000046, 7.51274176100009], [0.395552950000138, 7.51277967700003], [0.395764660000054, 7.51292231200017], [0.395976369999971, 7.51306494800008], [0.396205697000028, 7.51310280199999], [0.396576059000154, 7.51320359400017], [0.397031686000105, 7.51319663200013], [0.397183691000123, 7.51323473200011], [0.397799623000139, 7.51327135500003], [0.397962682000184, 7.51331217500018], [0.399639498000056, 7.51349423700015], [0.400339638000048, 7.51352507600012], [0.40109511300011, 7.51358880800007], [0.40154006299997, 7.51369762500013], [0.401846587000136, 7.51369664800012], [0.402240314000096, 7.51376291000008], [0.40263404000018, 7.51382917300015], [0.403380806000143, 7.51419056900005], [0.403496787000051, 7.51419019800011], [0.403689197000176, 7.51434116000013], [0.403978080000172, 7.51443669300016], [0.404240934000086, 7.51459569600007], [0.404304855000134, 7.51472226500016], [0.40438205300012, 7.51468343400006], [0.404476191000072, 7.5147602990001], [0.404611751000118, 7.51483703200017], [0.404996208000057, 7.51502596000017], [0.405474997000113, 7.51535238200017], [0.405630127000165, 7.51550346200003], [0.405782318999968, 7.51559943200016], [0.406706808000024, 7.51626615900017], [0.406784192000032, 7.51628520200006], [0.406936499000096, 7.51641699900006], [0.407243583000081, 7.5165896370001], [0.407301823000125, 7.51666661600018], [0.407379268000057, 7.51670495100007], [0.407429214999979, 7.51677920100019], [0.407755851000047, 7.51702067399998], [0.407803250000143, 7.51716107400006], [0.407877934000112, 7.51719941700014], [0.408454437000103, 7.51785347600014], [0.409129645000178, 7.51828674400014], [0.409436784000093, 7.51847591600011], [0.409821441000076, 7.51872546999999], [0.410090106000155, 7.51897263800004], [0.41025636500018, 7.51914848300009], [0.410428618000083, 7.51947037100007], [0.410463431000039, 7.51956120400007], [0.41049824300012, 7.51965203800012], [0.414102879000097, 7.52521308999997], [0.419736836000027, 7.53047352600004], [0.419817829000067, 7.53054914800003]]]]}, "properties": {"REGION": "Oti", "DISTRICT": "Jasikan"}}, {"type": "Feature", "geometry": {"type": "MultiPolygon", "coordinates": [[[[0.623863586000141, 7.88386619200014], [0.622002559000066, 7.87798350000014], [0.623294479000037, 7.87140998000012], [0.627422642999989, 7.86820357200008], [0.627012593000188, 7.8595722610001], [0.626224007000133, 7.85037939200004], [0.624022255000057, 7.84228722000017], [0.620920974000057, 7.84176692500017], [0.619775104000098, 7.83745486400016], [0.621838708000098, 7.83575787400008], [0.619564432000061, 7.83163782200006], [0.61935016100017, 7.82488242700009], [0.619906762000141, 7.82281589000007], [0.61818703900002, 7.81606626200011], [0.617398201000128, 7.80668563], [0.617776206999963, 7.80308086200017], [0.620640466000111, 7.80064119500003], [0.621415442000114, 7.79952102199996], [0.621022625000023, 7.79869676700008], [0.619899335000127, 7.79789959100003], [0.61946071300008, 7.7978284080001], [0.617779284000164, 7.79754338900005], [0.617412693000119, 7.79720477000018], [0.617092291000063, 7.79621022200013], [0.617454590000079, 7.79543165000001], [0.618086068000139, 7.79499207099997], [0.621542016999967, 7.79444454100013], [0.623634891000165, 7.7940722190001], [0.62677489500004, 7.7936958680001], [0.628215885000088, 7.79478324800004], [0.628874609000093, 7.79509644600017], [0.62945661599997, 7.79446274700007], [0.62974630400015, 7.79380588400016], [0.629671746000042, 7.79341757900011], [0.629692999000099, 7.79261602800011], [0.629544259000056, 7.79193656400003], [0.628981162000116, 7.79116154500014], [0.628247887999976, 7.79046004000008], [0.627929720000111, 7.79004838300006], [0.627514803000167, 7.78980710700012], [0.627098574000115, 7.78922581600011], [0.626877066000077, 7.78861949100013], [0.626971568000101, 7.78786623100012], [0.628622040000039, 7.78645124900009], [0.629734622000058, 7.78505599300013], [0.629831735000039, 7.78440649500004], [0.629847925000149, 7.78229346500018], [0.629893345000141, 7.78144324600009], [0.630454951000104, 7.77988945900006], [0.630635757000107, 7.77821022600011], [0.630509969, 7.77716636800005], [0.630139549000091, 7.77583200700008], [0.630111262000185, 7.77481206200014], [0.630497032000108, 7.77381481400005], [0.630979829000182, 7.77272004700018], [0.630801690000112, 7.77072919800003], [0.630988436000109, 7.76863980000013], [0.630911450000099, 7.76762004200015], [0.630495058000122, 7.76699017699997], [0.629640174000087, 7.76631342000002], [0.62751692500018, 7.765082914], [0.625785811000128, 7.76450664700002], [0.621497917000056, 7.76394012900005], [0.620767500000113, 7.76396720100018], [0.619113071000129, 7.76433781000003], [0.618940480000106, 7.76377986300014], [0.618909439000106, 7.76203130700003], [0.620066213000086, 7.75847904700009], [0.619880478000084, 7.75745219800012], [0.619151187000057, 7.75691097300006], [0.617578337000111, 7.75764228700012], [0.614969266000173, 7.75680597100006], [0.613089946000116, 7.75663176300003], [0.611448660000178, 7.75530819700009], [0.611439232000123, 7.75283000000013], [0.613811066000096, 7.74838962400008], [0.61584185900017, 7.74725241500005], [0.616879506000146, 7.74487182600018], [0.61648956300013, 7.7422935030001], [0.616415841000048, 7.73884844000008], [0.617134500000077, 7.73660926700018], [0.618098770000131, 7.73521538600005], [0.619266566000078, 7.73205656600015], [0.618880149000177, 7.73071626400008], [0.618940559000066, 7.72989195700001], [0.619202616000166, 7.72917253700018], [0.619322430000125, 7.72725980000013], [0.619395124000107, 7.72687918100013], [0.619586832000152, 7.72642087800017], [0.620491662000063, 7.72556495200001], [0.620987213000092, 7.72497142700001], [0.621184989000142, 7.72406207900013], [0.621468949000189, 7.72353274800008], [0.621647434000124, 7.72312003200005], [0.621962159000134, 7.72232645700001], [0.62230280700004, 7.720369232], [0.621993253000028, 7.71865754500004], [0.623196317000065, 7.71628520400014], [0.623490887000116, 7.71406744400014], [0.624291446000029, 7.71209965500015], [0.62499349300009, 7.71078715700008], [0.626454038000077, 7.70972366899997], [0.628168629000072, 7.70906223800006], [0.628921546000129, 7.70785029900009], [0.630080873000054, 7.70622605700015], [0.629996645000176, 7.70623326700002], [0.629703513000095, 7.7061517140001], [0.629230341000039, 7.70594408700009], [0.628754626000159, 7.70579433600005], [0.628558116000079, 7.70569588000006], [0.628405868000073, 7.70561379100013], [0.628376547000073, 7.70553123300004], [0.628347226000017, 7.70544867600006], [0.628193641000053, 7.70501662700008], [0.628079582000112, 7.70480763300003], [0.627772050000033, 7.70457181700004], [0.627550636000024, 7.70446243300006], [0.627312060000179, 7.7041987990001], [0.627046344000064, 7.70406202699996], [0.626794745000097, 7.70400511400015], [0.626634498999977, 7.70399883400017], [0.626474254000129, 7.70399255300009], [0.62618186900005, 7.7041066430001], [0.625721021000061, 7.70423239600012], [0.625204661000168, 7.70428946700014], [0.624953555000161, 7.70436206600004], [0.624536746000047, 7.70444631500015], [0.624174765000021, 7.70442013100012], [0.623851406000028, 7.70438002200007], [0.623140669000122, 7.70417328700012], [0.622192073000122, 7.70389029400008], [0.622045486000161, 7.70384400300003], [0.621611306000148, 7.70371888699998], [0.621290500000043, 7.70362365300014], [0.620956144000104, 7.70359736200015], [0.62066274200015, 7.7034441560001], [0.620283445000155, 7.70322238400007], [0.619935119000104, 7.70315481000011], [0.619587213000102, 7.70319746000013], [0.619336263000093, 7.70331138900002], [0.618974911000066, 7.7034505360001], [0.618751480000128, 7.7035368060001], [0.618181030000187, 7.70389994800013], [0.617919396, 7.70411036400014], [0.617541729000095, 7.70431846400015], [0.617291404000127, 7.70459772800018], [0.617202127999974, 7.70473033600013], [0.616745618000039, 7.70563728600018], [0.61666919400011, 7.70588144800013], [0.616515397000114, 7.70611901400008], [0.616308904000164, 7.70630166600012], [0.616030264000187, 7.70639916400017], [0.615624876000084, 7.70658256500013], [0.615236052000057, 7.70676314800011], [0.614930006000122, 7.70691861799997], [0.614693062000072, 7.70708485000006], [0.614400985000145, 7.70728160200002], [0.614067199000033, 7.70740686400006], [0.613634236, 7.70760414600005], [0.613044294000076, 7.70792877900016], [0.612611007000169, 7.70804063600008], [0.612194617000171, 7.70823785500016], [0.611944286000153, 7.70851711699999], [0.611553706000166, 7.70896500100008], [0.611402876000113, 7.70925766800008], [0.610860401000082, 7.70971714600006], [0.610541330000103, 7.71008209200005], [0.610145014000182, 7.71047488400006], [0.609615620000056, 7.71074141700018], [0.609130060000041, 7.71091133700003], [0.608793038000044, 7.71091260400004], [0.606697678000046, 7.70981545500013], [0.603936329000078, 7.71012341900001], [0.603378413000087, 7.71015306499999], [0.603126976000169, 7.71014022800011], [0.602778531000013, 7.71004232900009], [0.602357795000046, 7.70982069600012], [0.601995030000126, 7.70958782300011], [0.601424904000055, 7.70930887700013], [0.60101813700004, 7.70912852500015], [0.600627905000067, 7.70893708800003], [0.60022170700006, 7.70890829300004], [0.599804688000063, 7.70894016400007], [0.599567269999966, 7.70898238500013], [0.599274448000074, 7.70898347900004], [0.598995014000081, 7.70887154100018], [0.598491201000058, 7.70859510000014], [0.59832519400004, 7.70852682800017], [0.597918532000165, 7.70837402800015], [0.597694152000088, 7.70820952500014], [0.597414512000057, 7.70804247300015], [0.597038145000056, 7.70786475800008], [0.596757876000083, 7.70752961200009], [0.596295554000164, 7.70726679200004], [0.595932845000107, 7.70704769000002], [0.595415481000089, 7.70684018600008], [0.595205533000126, 7.70684096900004], [0.595053288000088, 7.70675886499998], [0.594911670000045, 7.70656374000009], [0.594758745000092, 7.70629976500004], [0.594519349000052, 7.70581290300009], [0.594321287000184, 7.70529833000006], [0.594182227000033, 7.70504808100003], [0.593902292000053, 7.70480111300003], [0.593581198000095, 7.70462870000006], [0.593343112000127, 7.70449180200012], [0.593105181000055, 7.70439623800019], [0.592742672000043, 7.70422949000005], [0.592463356000167, 7.70414785800006], [0.592310844000167, 7.70399410700003], [0.591944750000096, 7.70360691800005], [0.591637131000141, 7.70334351600013], [0.59132987300012, 7.70317656100008], [0.591074161000051, 7.70312790800006], [0.590702119000184, 7.70299701700014], [0.589879156000052, 7.69433271500003], [0.589715467000076, 7.69249604200019], [0.589556422000157, 7.69206950100016], [0.589486255000168, 7.69177214800015], [0.589440724000042, 7.69141407900008], [0.58945546200016, 7.69092075800006], [0.589456465000183, 7.68970550000006], [0.588955714, 7.68834309500005], [0.588951480000048, 7.68720443200004], [0.587655182000049, 7.67786007200016], [0.586488007000071, 7.67091243900006], [0.585813890000111, 7.66731908999998], [0.584181070000056, 7.66438850100008], [0.584056052000165, 7.66307048700008], [0.584285713000099, 7.66019297200012], [0.583499468000127, 7.65875752700009], [0.582831826000131, 7.65690212900006], [0.583303773000182, 7.65456309899997], [0.583353896000176, 7.65186603400002], [0.583696641000188, 7.64707032200005], [0.584669444000099, 7.64161705600003], [0.584328692000156, 7.63927701500018], [0.584985695000114, 7.63825578400014], [0.584617777, 7.63621949000003], [0.584972669000081, 7.6347199220001], [0.584779004000154, 7.63106486000004], [0.586155702000156, 7.62974133900002], [0.586932163000029, 7.62853987900013], [0.586623437000071, 7.62626364600015], [0.585954097000126, 7.62392880300013], [0.583426231000033, 7.62255964900004], [0.567904159000022, 7.61578398099999], [0.562128696000116, 7.61328772100006], [0.560204204, 7.61263540700008], [0.558521061000135, 7.61228187200004], [0.557251678000171, 7.61006896800012], [0.555747663000147, 7.60941511900012], [0.554182723000167, 7.60852175500008], [0.553517044000046, 7.60714571300008], [0.545830391000095, 7.60765262500013], [0.543599565000079, 7.60807419600008], [0.542940304000126, 7.60753641399998], [0.542788123999969, 7.60745979500012], [0.542555446000108, 7.607270476], [0.542325658000095, 7.60711697100004], [0.541824319000114, 7.60671641400018], [0.541439531000037, 7.60646976400005], [0.541287351000051, 7.60639314300016], [0.540979966000123, 7.60616550800006], [0.540440512999965, 7.60591940600017], [0.540210795000178, 7.60578519000006], [0.536554016000025, 7.60462282500009], [0.536399972000083, 7.6044098000001], [0.5361392370001, 7.60409656700006], [0.536098122000169, 7.60340777300007], [0.536038223000048, 7.60287336900006], [0.536018340000112, 7.602719116], [0.535987304000059, 7.60253459100011], [0.535977912000135, 7.60222322300012], [0.53593002000008, 7.60195884100011], [0.535785296000029, 7.60164795200006], [0.53562995600015, 7.60145835400016], [0.535400035, 7.60126626500016], [0.534985276999976, 7.60113269900012], [0.53440178000011, 7.60092532400012], [0.534169382000073, 7.60081315900015], [0.533939531000158, 7.60064035799996], [0.5333633730001, 7.60016564700004], [0.533227563000025, 7.60003109500013], [0.53309425000009, 7.59982212800014], [0.532880767000108, 7.59959139700015], [0.532783564000169, 7.59944017400016], [0.532034807000116, 7.59858026200004], [0.531649192000089, 7.59809660900009], [0.53136063200003, 7.5977228430001], [0.53105022200009, 7.59741804700008], [0.530975515000023, 7.59737973], [0.530897911000181, 7.59730284200003], [0.530704172000071, 7.59718778300004], [0.530325361000052, 7.59706510800009], [0.529639632999988, 7.59684430600015], [0.528386775000058, 7.59635543400003], [0.528209745000026, 7.59627889500018], [0.527628561000029, 7.59594198000008], [0.527420994000181, 7.59582145600007], [0.527172030000031, 7.5957093450001], [0.526944907000143, 7.59552550600006], [0.526554514999987, 7.59525130200012], [0.525940240000068, 7.59492827900016], [0.525057863000143, 7.59454832400007], [0.523625874000061, 7.59416754000017], [0.522890150000137, 7.59386422800014], [0.522177131000035, 7.59373444800002], [0.521870500000148, 7.59371623200013], [0.521202106999965, 7.59371030500006], [0.520489456000064, 7.59368524100012], [0.519776186000058, 7.59348380800009], [0.519654462000119, 7.59342636200012], [0.519565832000069, 7.59335502200008], [0.519488201000115, 7.59326986400015], [0.519291007000163, 7.59295639500004], [0.519038945000091, 7.59274783800009], [0.518903316000149, 7.59266288300012], [0.518742743000075, 7.59255321300009], [0.518559824000135, 7.5923719700001], [0.518371633000072, 7.59226239700018], [0.519847718000108, 7.59025929900002], [0.520054186000152, 7.59006842900004], [0.520208577, 7.58999072800009], [0.520686303000105, 7.58996976700001], [0.521629358999974, 7.59033022900019], [0.522013522000066, 7.59040604600017], [0.522935725000082, 7.59033392300012], [0.523467920000144, 7.59009506199999], [0.523583509000048, 7.58997891399997], [0.524214808000124, 7.58964876500011], [0.52725458000009, 7.58936252100006], [0.528518421000115, 7.58703731400016], [0.529049046000068, 7.58421862800014], [0.528920038000081, 7.58170192300003], [0.528361305000089, 7.57654969900005], [0.527558345000102, 7.57025961199997], [0.526316270999985, 7.55863706200006], [0.524904759000094, 7.54768079799999], [0.521357573000046, 7.52014285100012], [0.485433282000145, 7.51498991800003], [0.472124546000146, 7.51804824700002], [0.45785085600005, 7.52132784600002], [0.453582366000035, 7.52230850000018], [0.441534396000065, 7.52524201100016], [0.439340730000083, 7.5257760990001], [0.437334861000124, 7.52626445499999], [0.419965520000119, 7.53049284100013], [0.419817829000067, 7.53054914800003], [0.421297384000184, 7.56711239200018], [0.421559183000113, 7.57666151800015], [0.421966318000102, 7.59150814400004], [0.422266829000023, 7.60246368100013], [0.423458710000148, 7.60752832700013], [0.423902212999963, 7.61411015700008], [0.423551089000057, 7.61726767900001], [0.422485173000155, 7.62748718100005], [0.422479434000138, 7.62777365800002], [0.422311254000078, 7.63617034800006], [0.421886160000042, 7.65739901200004], [0.421830322000062, 7.68841668100009], [0.42205825100018, 7.68842143800003], [0.422517241000151, 7.6885411770001], [0.422757649000118, 7.68855967100018], [0.423083420000182, 7.68849520600008], [0.42340936700009, 7.68848310199996], [0.423683476000122, 7.68866683699997], [0.423987680000039, 7.68876228400018], [0.424325732000113, 7.68906706600018], [0.424456326000097, 7.68929261500006], [0.42452411700009, 7.68973884200017], [0.424610570000084, 7.68998245000006], [0.424697023000022, 7.69022605900005], [0.424860594000165, 7.69039913700016], [0.424964400000022, 7.69045048300012], [0.425164983, 7.69054970000008], [0.425643414000092, 7.69069968400004], [0.425804224000046, 7.69075422000014], [0.426003165999987, 7.69088313300006], [0.426091789000168, 7.69094898000009], [0.426188553000145, 7.69097070500004], [0.42638447500002, 7.69090391300017], [0.426630132000184, 7.69083971200013], [0.426790325000013, 7.69082815500013], [0.426872363000086, 7.69085369900012], [0.427008992000083, 7.69095419800016], [0.427125785000101, 7.69118254800003], [0.427197181000111, 7.69141551300004], [0.427320584000142, 7.69160630500005], [0.427492676000156, 7.69179402500009], [0.42760877600017, 7.69186991099997], [0.427736340000081, 7.69192311500012], [0.428753346000178, 7.69206466400004], [0.429750839, 7.69219702100003], [0.43021388700015, 7.69225846100016], [0.430302281000024, 7.69227019000016], [0.430422422000106, 7.69226014400004], [0.430659449000075, 7.69209400200015], [0.431030715000077, 7.69157655500004], [0.4314399860001, 7.69088708400011], [0.431782379000083, 7.69015806500011], [0.431818523000061, 7.69008110600004], [0.431859616000168, 7.68996985300015], [0.431958148000149, 7.68970308600001], [0.432119867000097, 7.68944369400003], [0.432230182000069, 7.68926675100005], [0.432560452000075, 7.68889636200009], [0.432697029000053, 7.68877034000013], [0.433103002000166, 7.68839574000003], [0.433472565000102, 7.68820986200012], [0.433875638000188, 7.68813135300007], [0.435004290000109, 7.6877610520001], [0.435178331000031, 7.68776047000006], [0.435319035000134, 7.68770488200005], [0.436820291000174, 7.68733624800012], [0.437118388000044, 7.68715595800012], [0.437241598000128, 7.68708110800014], [0.437369270000033, 7.68700354600014], [0.437635115000091, 7.68680306800007], [0.438005673000021, 7.68672090400003], [0.438319750000176, 7.68704997000009], [0.438538343000062, 7.68711770000016], [0.438803704000065, 7.68719992100011], [0.438969178000093, 7.68726145799997], [0.43922967400016, 7.68735833300008], [0.43929698, 7.687419895], [0.439517869000099, 7.68762193000015], [0.439585207000164, 7.68786546200005], [0.439928977000022, 7.68910871700012], [0.439949086000126, 7.68933738600015], [0.440082849000135, 7.68968142], [0.440238193000027, 7.68987105400009], [0.440328796000131, 7.68993780400007], [0.440637919000039, 7.6901009180001], [0.441017312000099, 7.69030111000012], [0.443998854000029, 7.69071228900015], [0.444538486999988, 7.69078670700009], [0.44462887100002, 7.69096415500019], [0.444718494000085, 7.69132487000007], [0.444497066000054, 7.69201733500012], [0.444173349000152, 7.69268809800008], [0.444174905000125, 7.69314832100008], [0.444137263000187, 7.69345434700017], [0.444100051000134, 7.69376042700009], [0.444100657000035, 7.69406627100017], [0.44406224100004, 7.69414356400006], [0.444063276, 7.69444946100009], [0.444025122000085, 7.69460391700005], [0.444025634000127, 7.69475548700018], [0.443897675000073, 7.69574225500008], [0.443828749999966, 7.69627378200011], [0.443279841000162, 7.70050671500013], [0.444532944000173, 7.70216510900008], [0.444638247000114, 7.70230446900001], [0.444687208000119, 7.70248619000006], [0.444668383000078, 7.70263782600017], [0.444688245000123, 7.70279208600016], [0.444630616999973, 7.70290664800001], [0.444361825000158, 7.70348215000007], [0.444114419000073, 7.70384675600019], [0.444095529000151, 7.70397910200012], [0.443952123000145, 7.704053993], [0.443276087000186, 7.70511176300016], [0.442607999000131, 7.70607029500007], [0.44258918200012, 7.7062246860001], [0.442493328000182, 7.70647303600009], [0.442514421000055, 7.70699106600011], [0.442572950000169, 7.70714244100014], [0.442689739000173, 7.70735055300008], [0.442755209000097, 7.70746721700016], [0.443032951000134, 7.7079621370001], [0.443267638000123, 7.70832787500012], [0.443362342000114, 7.70855629200014], [0.443420621000087, 7.70863325900018], [0.443459811000082, 7.70878469900009], [0.443376264000051, 7.7089958040001], [0.44329271600003, 7.70920690900005], [0.442758334000075, 7.7096744480001], [0.442601235000097, 7.70978521300009], [0.442485715000146, 7.70993717300007], [0.442237913000099, 7.71018603500005], [0.442238692000046, 7.7104161470001], [0.442239472000097, 7.71064625800005], [0.442384605000143, 7.71108119400014], [0.442432822000114, 7.71145031700001], [0.442435929000112, 7.71236800600002], [0.44255299800011, 7.71267351200009], [0.442725256000188, 7.7129595400001], [0.442841682000051, 7.71307489300017], [0.443072218999987, 7.71343788899998], [0.443208114000129, 7.71359175900011], [0.443285983000123, 7.71374306900003], [0.443632882000145, 7.71420212600009], [0.443670696000083, 7.71435494900004], [0.443708512000171, 7.71450777100006], [0.443748422999988, 7.71487140900012], [0.443710259000056, 7.71502310900007], [0.443710781999982, 7.71517743600015], [0.443664209000133, 7.71529333900003], [0.443708684000171, 7.71578097500009], [0.443753161000018, 7.71626861100009], [0.443830966000178, 7.71640062900002], [0.443831489000104, 7.71655495500016], [0.443793325000172, 7.71670665599999], [0.443754909000177, 7.71678395000004], [0.443661304000159, 7.71688072000001], [0.443623149000132, 7.71703517700013], [0.443507889000159, 7.71726430200016], [0.443450582000139, 7.7174739400001], [0.44345123700009, 7.71766684800008], [0.443509833000178, 7.71783751300006], [0.443832628000109, 7.71851987600013], [0.444278302000043, 7.71918253100011], [0.444516926000063, 7.7194848690001], [0.444732031000058, 7.71977626300009], [0.444845482000119, 7.71989739500015], [0.445244172000059, 7.72032307400008], [0.445303233000061, 7.72038613200016], [0.445992935999982, 7.72090741200014], [0.446752159000027, 7.72156073700012], [0.446935021000058, 7.72171306700011], [0.447117883000089, 7.72186539799998], [0.447126888000014, 7.72207619], [0.447135894000041, 7.72228698200007], [0.447122751000109, 7.72237727800007], [0.447076501000026, 7.72269504900015], [0.446948376000023, 7.72320255900007], [0.446956035000028, 7.7235960430001], [0.447171672000025, 7.72410761800006], [0.447810210000057, 7.72489528400001], [0.448071044000187, 7.72554546700007], [0.4481815420001, 7.72591840400014], [0.448201534000134, 7.72610986799998], [0.448221526000168, 7.72630133200005], [0.448240066000096, 7.72645712300005], [0.448322038000128, 7.72714590900017], [0.448368853000034, 7.72753928200012], [0.448437468000122, 7.72811582700012], [0.448474966, 7.72843090300012], [0.448377959000084, 7.72859086400013], [0.448384363000059, 7.72868458800002], [0.448336930000153, 7.72881396100018], [0.448291292000079, 7.72893844099997], [0.448123189000114, 7.72906440300011], [0.447921266000037, 7.72919805700013], [0.447386605000133, 7.72938519900003], [0.447291321000023, 7.72939516800005], [0.447201593000102, 7.72942297200001], [0.446733209000058, 7.72943631500016], [0.44646928200018, 7.72956787400011], [0.446238639000171, 7.72978868600006], [0.446105419000162, 7.73042298200016], [0.446106845000088, 7.73084186700009], [0.446068427000114, 7.73091915999998], [0.446069352000109, 7.73119073300018], [0.44606999400014, 7.73137938200006], [0.446031831000084, 7.73153108300011], [0.446044438000172, 7.73237255100008], [0.446056995000049, 7.73256506500002], [0.446154126000181, 7.73336882000018], [0.446156472000041, 7.73405777400018], [0.44611831800006, 7.73421223100007], [0.44613896200002, 7.73459522400003], [0.446195261000128, 7.73490093200013], [0.44625373000008, 7.73503301500011], [0.446234719000188, 7.73512953400001], [0.446582552000109, 7.73585589900017], [0.446640900000148, 7.73595215700016], [0.446680097000126, 7.73610359500009], [0.446584242000085, 7.736351947], [0.44650035900014, 7.73687032999999], [0.446529810000186, 7.73694391800007], [0.446613192000143, 7.73730946600011], [0.446647026000107, 7.73745779800009], [0.446665649000124, 7.73753944100002], [0.446712981000132, 7.73772901000018], [0.446773397000186, 7.73799200500002], [0.446490118000099, 7.73954078200018], [0.446490715000039, 7.73971577600008], [0.446491311000102, 7.73989077000016], [0.447271607000175, 7.74104006800002], [0.447330144000148, 7.74119144100007], [0.447292253000114, 7.7414230600001], [0.447237512000129, 7.74157481800006], [0.446965307000085, 7.74212382700011], [0.44691924100016, 7.74222775200008], [0.44685634800004, 7.74241940100006], [0.446765060000132, 7.74400707800004], [0.446724589000041, 7.74429244600003], [0.446684118000178, 7.74457781300009], [0.446093008000105, 7.74543413100008], [0.445990103000042, 7.74564116900018], [0.445887200000129, 7.74584820600012], [0.445888890000106, 7.74634425300007], [0.445908494000093, 7.74642135100004], [0.445873300000073, 7.74663367000011], [0.445910514000104, 7.74701385100002], [0.445893072999979, 7.74757059100011], [0.445838528000024, 7.74778022100003], [0.445742286000041, 7.74791558400011], [0.445513744000152, 7.74814509400011], [0.445446348000075, 7.74823213200006], [0.44535954600002, 7.74829994500004], [0.443223306000164, 7.74978432100011], [0.443604140000048, 7.75014300800007], [0.443937353000024, 7.75045684200006], [0.445135897000057, 7.75158567400007], [0.445506414000079, 7.75166709300009], [0.445907174000183, 7.75170431499998], [0.445984668000051, 7.75174263300016], [0.446139393000124, 7.75174210800003], [0.446753153000088, 7.75185301300007], [0.447300386000165, 7.75190075900008], [0.447420885000099, 7.75199129300012], [0.447655116000021, 7.75221372000016], [0.447868821000043, 7.7533015520001], [0.446610935000081, 7.7538983340001], [0.446456342000147, 7.75393744100001], [0.44592052400003, 7.75399713299998], [0.445489953000049, 7.75413087700002], [0.445057211000119, 7.75443824399997], [0.444925116000093, 7.75459302000019], [0.444770718000143, 7.75468999900011], [0.444712950000167, 7.75476460199997], [0.444645366000032, 7.75491773600004], [0.443579410000154, 7.75733300400003], [0.443226877000029, 7.75813177900017], [0.443040714000176, 7.76066365800011], [0.44292105400001, 7.76081977000007], [0.442689863000169, 7.76108511500007], [0.44259981099998, 7.76141612200001], [0.442553741000097, 7.76168084000005], [0.442602206000117, 7.76211885600009], [0.442654103000052, 7.76234741500008], [0.44299069200008, 7.76260532300012], [0.443077249000055, 7.76367981100003], [0.443125941000176, 7.76418396600008], [0.443183204000036, 7.76477076700002], [0.443195901000138, 7.76525299800005], [0.443229121, 7.76648612700001], [0.443942651999976, 7.76708310100003], [0.444013368000185, 7.76724434400018], [0.444814000000179, 7.76906989600002], [0.445128970000098, 7.76978806700004], [0.445265341000095, 7.77007421100006], [0.445383019000076, 7.77055057200016], [0.445980813000176, 7.77163985300012], [0.446097324000107, 7.77177449300007], [0.446249690000116, 7.7718897200001], [0.446404677000032, 7.77196359900012], [0.447170975000063, 7.77223106200012], [0.447325708000164, 7.77223053600005], [0.447403196000153, 7.77226609800016], [0.447787265000045, 7.77226478900013], [0.448119137000162, 7.77235184500006], [0.448163648, 7.77243988000015], [0.448208160000149, 7.77252791500007], [0.448233282000103, 7.77260223700017], [0.448369996000054, 7.77298758900008], [0.448414842000034, 7.77317345600011], [0.44851025700018, 7.77332833300005], [0.448887061000107, 7.77393996900003], [0.449077572000135, 7.774249209], [0.449476264000111, 7.77489636900009], [0.44941363900017, 7.77516665500008], [0.449351014, 7.77543694100007], [0.449314960000038, 7.77620318800012], [0.449241935000146, 7.77666366200003], [0.449242455, 7.77681523200016], [0.449184827000067, 7.77693117400014], [0.449185611000132, 7.77715990600007], [0.449147656000093, 7.77737223500014], [0.449071338000181, 7.77767839400013], [0.449033440000051, 7.77790725800008], [0.448995087000128, 7.77800384300002], [0.448966614000028, 7.77816102300005], [0.448938140000166, 7.77831820300008], [0.448906306000026, 7.778704129], [0.449237830000072, 7.78110333400002], [0.449274016000061, 7.78118037400003], [0.449294144000135, 7.78140904000009], [0.449353485000131, 7.7817918990001], [0.449356116000104, 7.78255801300003], [0.449319665000189, 7.78320851600012], [0.449246243000175, 7.78355324700016], [0.449228472000186, 7.78401077600006], [0.449264039000184, 7.78430966400009], [0.449299605000135, 7.78460855000014], [0.449653016000127, 7.78533212800016], [0.449741684, 7.7854034770001], [0.449887408000166, 7.78559451000001], [0.450033132000158, 7.78578554200004], [0.450443341000096, 7.78615066600003], [0.450598344000184, 7.78622730000018], [0.451290719000042, 7.78668515600003], [0.451676108000186, 7.78706414200013], [0.451906515000189, 7.787372006], [0.452086063000081, 7.78747140800004], [0.452330589999974, 7.78775085900003], [0.452599851000173, 7.78810819500006], [0.45275349700006, 7.78859269600014], [0.452783170000146, 7.78878412500006], [0.452812843, 7.78897555400016], [0.45326933500013, 7.7931463220001], [0.453255605000038, 7.79344820200004], [0.453090524000174, 7.7965834580001], [0.452735750000102, 7.79772674600002], [0.452331327000138, 7.79903002900011], [0.452138470000079, 7.79965152500006], [0.452095921000023, 7.79978863899998], [0.452017859000136, 7.80004019800015], [0.451634015000025, 7.80007170100015], [0.450632156000154, 7.80015392700005], [0.449927521, 7.800211757], [0.449588020000078, 7.80023962000013], [0.449407287000156, 7.80025445299998], [0.449223449000044, 7.8002316570001], [0.448761984000157, 7.80023323700004], [0.448405760000128, 7.80030335100014], [0.448198914000102, 7.80041980499999], [0.447992180000028, 7.80056932700012], [0.447960168000066, 7.800902893], [0.448063471000182, 7.80121119300014], [0.448261208000076, 7.801659718], [0.448480730000142, 7.80201447100012], [0.448999596000078, 7.80263275700014], [0.449324209000054, 7.80301195200019], [0.449532680000118, 7.80336674000006], [0.449735345000136, 7.80392047000004], [0.449902835000103, 7.80437808900012], [0.450112012000091, 7.80494960400006], [0.450202875000059, 7.80519785800004], [0.450644330000102, 7.8064039950001], [0.450456773000099, 7.80732694200015], [0.450213648000158, 7.80852333100012], [0.450105090000079, 7.80869594400008], [0.449996533000046, 7.80886855500006], [0.449699120000048, 7.80916720500011], [0.449307280000141, 7.80932838600017], [0.448915401000136, 7.80947854400017], [0.44854820200004, 7.8095735010001], [0.448312468000097, 7.80972863500017], [0.448076736000132, 7.80988377000011], [0.447801219000155, 7.81012171500004], [0.447398760000169, 7.81040970000015], [0.446941431000027, 7.81081361800017], [0.446500350000065, 7.81112102500009], [0.446387437000055, 7.81123302300011], [0.446274524000046, 7.81134502000009], [0.445179800000062, 7.81202394500002], [0.444948010000076, 7.81212119200018], [0.44479635700003, 7.812218164], [0.444315989000074, 7.81235208699997], [0.443855297000141, 7.81258239600015], [0.443530281000051, 7.81289215900011], [0.443436847000157, 7.81304405000014], [0.443350038000176, 7.81351559500018], [0.443496032000155, 7.81418476600004], [0.443843767000089, 7.8144550290001], [0.444144622000181, 7.8147698460001], [0.444285066000077, 7.81491680700009], [0.44451690000011, 7.81515939799999], [0.444602057000111, 7.8152485060001], [0.446052763000068, 7.81676651500004], [0.446118369000146, 7.81736155200014], [0.446060860000102, 7.8175133200001], [0.446061391000057, 7.81766764400004], [0.44602322500009, 7.81781934600002], [0.445833870000172, 7.81820305700006], [0.445718201000091, 7.81831781900013], [0.445602533000113, 7.818432583], [0.445450945000175, 7.81854884700005], [0.445296461, 7.81862653900009], [0.445183162000149, 7.81862692600004], [0.444896291000134, 7.81877947900011], [0.444741939000153, 7.81889575200006], [0.444626341000173, 7.8190311840001], [0.444607519000044, 7.81918282000004], [0.44456916300004, 7.81927940500009], [0.444570215000169, 7.81958530000009], [0.444628645000023, 7.81970084600005], [0.444560043000024, 7.81984162800018], [0.4446106850001, 7.82010326000017], [0.444669171000157, 7.82023534000007], [0.444669702000112, 7.82038966500011], [0.444708911000077, 7.82054110200016], [0.444709708000062, 7.8207725900001], [0.444671541000162, 7.82092429100015], [0.444423887000141, 7.82123103700013], [0.444232261000082, 7.82135708300007], [0.444079158000079, 7.82143477], [0.443963327, 7.82150268500004], [0.443734618000178, 7.82169362000013], [0.443657374, 7.82173246500003], [0.443429717000129, 7.82222929600005], [0.443424633000063, 7.82275981300012], [0.443419547000133, 7.82329032900014], [0.443568027000026, 7.82387681500018], [0.443821006000064, 7.82431412800003], [0.443934771000158, 7.82444877500006], [0.444090575000075, 7.82475414100014], [0.444091367000112, 7.82498425100016], [0.444092159000036, 7.82521436100018], [0.444053992000136, 7.8253660630001], [0.443916768000179, 7.82564211600015], [0.443428929000049, 7.82601857900011], [0.443224966000116, 7.82617360400008], [0.443021002000137, 7.82632862899999], [0.442715046000046, 7.82655841000008], [0.442409223000027, 7.82682677200012], [0.442092677000119, 7.82719162500018], [0.442026818000102, 7.82732688700003], [0.442027339000049, 7.82747845599999], [0.442180058000019, 7.82769013400014], [0.442412643000125, 7.82782161900008], [0.443397889000153, 7.82770985600018], [0.444441629000153, 7.82759145400013], [0.446137915000179, 7.82865215300006], [0.446446112, 7.82907273900003], [0.446640865000063, 7.829452377], [0.446735489000048, 7.82964496100016], [0.446891230000062, 7.82993103400008], [0.446910907000188, 7.83002742100018], [0.447239440000089, 7.83073454300006], [0.447567973000048, 7.83144166500011], [0.447626205000063, 7.83149933800019], [0.447920245000034, 7.83179748300006], [0.44829114099997, 7.83217355599999], [0.448787072000073, 7.83267640700012], [0.449013783999987, 7.83290628400005], [0.449256858000069, 7.83315274900013], [0.449454075000119, 7.83344418900009], [0.449610088000156, 7.83380742200018], [0.449766425, 7.83426435300009], [0.449811489000183, 7.83450946800002], [0.449785188000078, 7.83489537400015], [0.449758887000087, 7.83528128099999], [0.449693020999973, 7.83541378800004], [0.449592278000068, 7.83584955600003], [0.449522037000065, 7.83631553300012], [0.449541906000036, 7.83646703600016], [0.449825551000117, 7.83693067500008], [0.450044950000063, 7.83728929800014], [0.450163212000064, 7.83744436200004], [0.450301743000068, 7.83762600500006], [0.451176271000122, 7.83748662200014], [0.451476980000052, 7.83743869500017], [0.451772398000173, 7.83735775800011], [0.452307859000143, 7.83716576200004], [0.452539200000047, 7.83693623000005], [0.452666100000044, 7.83687240900002], [0.452806323000175, 7.83666523800002], [0.452918833000069, 7.83643611600007], [0.45303383900017, 7.83612982300008], [0.453071730000033, 7.83589958100004], [0.45310962200017, 7.83566933800006], [0.453108495000151, 7.83534415500009], [0.453068287000178, 7.83490611700006], [0.452950024000074, 7.83427268400015], [0.452949298000021, 7.83406324300012], [0.45289920200014, 7.83396145000012], [0.452979516000028, 7.83361256100017], [0.453059830000143, 7.83326367200016], [0.453328511000052, 7.83264544000014], [0.453481804000035, 7.83222327000004], [0.453500088000112, 7.83191731100004], [0.45355759600011, 7.83176554199997], [0.45363061300003, 7.83130506600008], [0.453630079000163, 7.83115074200009], [0.453725548000136, 7.83078940000007], [0.453810815000168, 7.83067336100015], [0.454017644000146, 7.830548636], [0.454224473000124, 7.83042391000004], [0.454376062000108, 7.83030764300008], [0.454510936000077, 7.83015285100004], [0.45487491800003, 7.82992286300004], [0.455191266000099, 7.82990248000004], [0.455507614000169, 7.8298820980001], [0.455968976000122, 7.82984192400016], [0.456198342000107, 7.82984113200013], [0.456328252, 7.82984895100014], [0.456458163000036, 7.82985677000016], [0.456792158000042, 7.82974538399998], [0.456865221000101, 7.82969690500016], [0.456938286000025, 7.82964842500007], [0.457379316000129, 7.82932447000019], [0.457635245000063, 7.82901493400016], [0.457786832000068, 7.8288986660001], [0.457998822000036, 7.82866919900005], [0.458150475000082, 7.828572221], [0.458417532000055, 7.828284693], [0.458878096000149, 7.82801578600009], [0.459415700000022, 7.82765015700011], [0.45968308200014, 7.82745632600012], [0.459982970000056, 7.82720741599996], [0.460352666000119, 7.82690008800012], [0.460735852000028, 7.82663144800011], [0.460887504000141, 7.82653446800009], [0.461041920000127, 7.82643748000004], [0.461347930000045, 7.82622697800002], [0.461882901000138, 7.82589993900007], [0.462111879000076, 7.82578891300011], [0.462340859000051, 7.82567788700015], [0.462805275000107, 7.82572312600007], [0.463264338000158, 7.8258179880001], [0.464472565, 7.82599016900008], [0.465498062000052, 7.82695965500017], [0.465939271000025, 7.82737676300002], [0.466144509000173, 7.82790463800012], [0.466118768000058, 7.82813123200003], [0.466083578000166, 7.82857258200011], [0.465885794000144, 7.83105320400006], [0.466722140000059, 7.83235104000011], [0.467930322000029, 7.83171575500006], [0.46813927300002, 7.83140913300008], [0.46823531800004, 7.83121589200016], [0.468316486000163, 7.83071956300006], [0.46844226200011, 7.83033606800001], [0.468582213000047, 7.8300544870001], [0.470323485000051, 7.83013660700016], [0.471168824000131, 7.8300564970001], [0.471320813000148, 7.83005596600015], [0.471475565000162, 7.83005542600006], [0.47255053900011, 7.83005167500005], [0.472650206000083, 7.83010368800018], [0.473172262000162, 7.83003572500013], [0.473527096000169, 7.82995870000008], [0.473881931000165, 7.82988167600007], [0.474160543000096, 7.829740157], [0.474312395000084, 7.82970104500015], [0.474466750000147, 7.82958751700016], [0.475691149999989, 7.82885570400009], [0.475923006000187, 7.82877773100012], [0.476152234000153, 7.82873834700007], [0.47638132600008, 7.828660383], [0.477761761000181, 7.82829453900013], [0.478452274, 7.82819566800003], [0.478836319000095, 7.828175031], [0.479144473000019, 7.82818359600009], [0.479452627000114, 7.82819216000007], [0.479759570000169, 7.82824895599998], [0.479922844000043, 7.82831452200008], [0.480086119000134, 7.82838008900012], [0.480413417000022, 7.82872341500007], [0.480605443000115, 7.82910579600002], [0.480645143000174, 7.82939226000008], [0.480761410000127, 7.82944972400003], [0.480800370000168, 7.82952674900014], [0.481259905000059, 7.82975386599998], [0.481356625000103, 7.82975352600016], [0.481511580000188, 7.82981085500018], [0.482202434000158, 7.82980842700016], [0.482354286000088, 7.82976931200005], [0.482893219, 7.82978670900013], [0.483180888000106, 7.82986285900006], [0.483382919000064, 7.82994757900013], [0.483584950000136, 7.83003229800011], [0.483776377000083, 7.83024382000002], [0.483950872000037, 7.8303561940001], [0.484007794000149, 7.83043315600008], [0.48406471800007, 7.83051011800006], [0.484123295000188, 7.83066423500009], [0.4841046250001, 7.83085445099999], [0.483989107000127, 7.83100918200012], [0.483760142000108, 7.83112297500003], [0.483376437000061, 7.83124006800006], [0.483224448000158, 7.83124060299997], [0.483147209000094, 7.83127945600012], [0.48299245700008, 7.83127999900006], [0.48287929300011, 7.83131897900006], [0.48264742900011, 7.83139420100008], [0.482457093000164, 7.83149132200003], [0.482302546000085, 7.83154973800009], [0.481883586000095, 7.831857103], [0.481557268000074, 7.83218343300001], [0.481230950000054, 7.83250976400012], [0.481003074000057, 7.83293220000007], [0.480945588000111, 7.83308672699997], [0.480852234000167, 7.833257914], [0.480746654000143, 7.83348839400009], [0.480660044000103, 7.83361270899996], [0.480582974000129, 7.83369978700006], [0.47978016400009, 7.83408566100002], [0.47950974500003, 7.83419959800011], [0.479280583000104, 7.83425827400004], [0.47859086800014, 7.8345858780001], [0.478284669000118, 7.83474127700009], [0.477901395000174, 7.83498237500015], [0.477350403000059, 7.83546657200014], [0.477114761000109, 7.83603922600008], [0.47717807700019, 7.8367541340001], [0.477217310000185, 7.83690832100018], [0.47721845600006, 7.83723350100007], [0.477257679000047, 7.83738493300018], [0.477348626000037, 7.83809836600011], [0.477490225000111, 7.83828526400015], [0.477645377000158, 7.83839770700013], [0.477952736000077, 7.83857024500003], [0.478414373000021, 7.83860720700005], [0.478489113000137, 7.83864277000004], [0.478834548, 7.83864155700002], [0.479179983000108, 7.8386403450001], [0.479456817000084, 7.83877716200016], [0.479642836000096, 7.83902177500005], [0.480008637000083, 7.83930984900007], [0.480163587000106, 7.83936442099997], [0.480238406000183, 7.83942202900016], [0.480393297000148, 7.83946006600019], [0.480548324999972, 7.83953668300001], [0.480700453000168, 7.83957473000009], [0.480855480000116, 7.83965134700009], [0.481007598000076, 7.83968663700017], [0.481547227000021, 7.83989693700016], [0.481806086000063, 7.84002968100015], [0.48252294700012, 7.84073402000007], [0.482410863999974, 7.84107888900007], [0.48228455200001, 7.84130806400015], [0.482042545000184, 7.84164236600009], [0.481789562000131, 7.84199875400009], [0.481668924000076, 7.84226924600006], [0.481611426000086, 7.84242101700011], [0.481611787000077, 7.84252298000013], [0.481742490000101, 7.84301669400008], [0.481807855000113, 7.84326359900001], [0.481943813000157, 7.84341744500011], [0.482231891000026, 7.84360658100013], [0.482768957000076, 7.84387200200018], [0.483685108000088, 7.84441058300007], [0.484613822000028, 7.84503944100004], [0.484774486000163, 7.84590324100009], [0.484812663000014, 7.84610850100006], [0.484669827000118, 7.84708151399997], [0.484878347000119, 7.84877400600004], [0.485997280000106, 7.85014023400009], [0.486046712000075, 7.85050798800017], [0.486147540000104, 7.85125808900017], [0.48620392700002, 7.85152508900006], [0.486445126000035, 7.85266717500002], [0.486385160000054, 7.85291054200019], [0.486276398000086, 7.85335194400011], [0.486139219, 7.85377892899999], [0.48607761400018, 7.85397067700006], [0.486011619000124, 7.85417609600012], [0.48599292900002, 7.85446214900003], [0.485668787000179, 7.85512026000004], [0.48562797000011, 7.85538816100012], [0.485533111000166, 7.855561051], [0.485534507000068, 7.85595375600008], [0.48560031300002, 7.85600112500003], [0.485607126000161, 7.85623910699996], [0.485643182000103, 7.85631038100001], [0.485769250000033, 7.85652414200001], [0.48590663900012, 7.85656530700015], [0.486228908000044, 7.85631871499999], [0.487022595000099, 7.85569034600013], [0.487417081000046, 7.85549053300002], [0.487762126000121, 7.85537632600011], [0.488126918000091, 7.85537503400019], [0.488203020000185, 7.85540370100017], [0.48830136700002, 7.85543225800012], [0.488409280000155, 7.85557467900009], [0.488587988000063, 7.856023768], [0.488663601000155, 7.85631878100003], [0.488686077000068, 7.8564064740001], [0.488782458000117, 7.8565969930001], [0.488905049000095, 7.85683932500007], [0.489033979000055, 7.85709418800013], [0.489035206000096, 7.85743865500012], [0.488939364000146, 7.85768701600017], [0.488904252000111, 7.85791587000006], [0.488865837000048, 7.85799316800006], [0.488866386000154, 7.85814749000008], [0.488828236000188, 7.85829919300011], [0.488809784000068, 7.85855003500006], [0.488748293000071, 7.85861400400012], [0.488673009000081, 7.85894459600013], [0.488599570000133, 7.85927555000012], [0.488525570000036, 7.85944942600014], [0.488507384000116, 7.85977467300012], [0.488602367000055, 7.86006093899999], [0.488913393000075, 7.86048147100018], [0.489296274000026, 7.86090174900011], [0.489506166000183, 7.86124823300003], [0.489716056000134, 7.86159471700012], [0.489971990000129, 7.86206504800003], [0.49005019700013, 7.86229625600015], [0.490226144000019, 7.86281096400012], [0.490423147000115, 7.86303072700008], [0.490610070000173, 7.86313616100011], [0.49079699400005, 7.86324159500009], [0.491435903000024, 7.86338262800012], [0.493086033000168, 7.86344566000002], [0.493816063000168, 7.86356431899998], [0.494200689000024, 7.86369798300001], [0.494355452000093, 7.86369743200009], [0.494432962000133, 7.86373298199999], [0.494968976000052, 7.86369524900016], [0.495122116000118, 7.86362718800012], [0.495275255000081, 7.86355912599998], [0.495505573000173, 7.86343429700008], [0.495735891000038, 7.86330946700002], [0.49596465000019, 7.86313503800011], [0.496099525000091, 7.86298299100002], [0.496176767000065, 7.86294413400009], [0.496328283000025, 7.86280856200005], [0.496463157000164, 7.86265651299999], [0.496614809999983, 7.86255952100015], [0.496769089000054, 7.86242393900011], [0.497055991000025, 7.86227961700007], [0.497171416000072, 7.86248451000006], [0.497286843000097, 7.86268940400015], [0.49728718800003, 7.86278585400015], [0.497287533000133, 7.86288230500003], [0.497424324000178, 7.86326486999997], [0.497405523000168, 7.8634165040001], [0.49729134200004, 7.86394464200009], [0.497272644000077, 7.86412521100004], [0.497274294000022, 7.86458542000003], [0.497313805000033, 7.86481400800011], [0.497314635000066, 7.86504548900012], [0.497373215000152, 7.86519684800015], [0.497393112999987, 7.86535110100004], [0.497335222000117, 7.86552707200013], [0.497528808000141, 7.8662931340001], [0.497862767000129, 7.86761466900009], [0.49786404300005, 7.86797015900004], [0.497692405000066, 7.86865971300006], [0.497549602000049, 7.86942936200006], [0.497429412999963, 7.87007711799998], [0.497379824000063, 7.87050581800014], [0.498481552999976, 7.87099743800013], [0.498715448999974, 7.87110180700012], [0.500782265000112, 7.86867623500018], [0.501268495000033, 7.86901070000005], [0.501408673000071, 7.86918105600012], [0.501525292000053, 7.86933220600002], [0.502064821000033, 7.86988556300003], [0.502604352000162, 7.87043891700017], [0.502701635000108, 7.87059289200005], [0.502718763000132, 7.87074439800017], [0.502645246000156, 7.87105055100017], [0.502353491000065, 7.87176671600002], [0.502073564000113, 7.87269778900003], [0.502075221000155, 7.87315799600003], [0.502231087999974, 7.87346332800007], [0.502480723000133, 7.87371320800014], [0.502743937000048, 7.87389690200001], [0.503499197000053, 7.87410914500009], [0.50400025800019, 7.87433883300008], [0.504710937000084, 7.87445064800005], [0.505382924000173, 7.87456260100015], [0.506224323000083, 7.87413794899999], [0.506456194000179, 7.87405995500012], [0.506972942000118, 7.87404156500003], [0.507127498000102, 7.87398313800009], [0.507567331000189, 7.87409454400006], [0.507722375000071, 7.87417114900006], [0.50780031700009, 7.87432519100003], [0.507878805000189, 7.87463079700012], [0.507879911000089, 7.87493668299999], [0.507836624000163, 7.87519450200011], [0.507793337000066, 7.87545232000014], [0.507461352, 7.8761231630001], [0.507161554999982, 7.87652382500005], [0.506579948000137, 7.87695030200007], [0.506390150000016, 7.87719900200005], [0.506296676000147, 7.8781004710001], [0.50635526200017, 7.87825182800015], [0.506452479000131, 7.87838651099997], [0.506701761000159, 7.87853718100018], [0.50663010400018, 7.87859255400008], [0.506630572000063, 7.87872207300006], [0.506512540000017, 7.87894571400017], [0.506488094000133, 7.87906429900011], [0.506513655000049, 7.879254355], [0.506655032000083, 7.8793723440001], [0.506809800000099, 7.87937178800007], [0.507555327999967, 7.87956476600004], [0.507458353000061, 7.87987927100005], [0.506777767000074, 7.88044940400005], [0.50658093200002, 7.88104535500008], [0.50649681100009, 7.88147555600005], [0.506357746000049, 7.88161522200005], [0.506218681000178, 7.88175488800005], [0.505912186000103, 7.88183315000015], [0.50575727800009, 7.88179512600004], [0.505527888000131, 7.88179595100019], [0.505318531000114, 7.88198685000009], [0.505299673000138, 7.88212195000006], [0.505338923000181, 7.88227613100014], [0.505570035000119, 7.88275204800016], [0.505570862000127, 7.88298077200005], [0.505344937000132, 7.88394058900019], [0.505326697000044, 7.88424654300007], [0.50524136700011, 7.88472497400016], [0.505156037000177, 7.88520340500003], [0.505032220000146, 7.88535679400019], [0.504908404, 7.88551018400011], [0.504889615000138, 7.88566457300016], [0.505045699999982, 7.88602777300002], [0.505159562000188, 7.88617893100007], [0.505775130000131, 7.88673338200005], [0.506122533, 7.88726674900005], [0.506239997000137, 7.88764937800016], [0.506319596000083, 7.88826086900002], [0.506518088000121, 7.88888571300004], [0.506834595000157, 7.88928140199999], [0.507015527000021, 7.88963624400009], [0.507035153, 7.88971333500012], [0.507054779000043, 7.88979042400001], [0.506850827000051, 7.89071158100012], [0.506636419000074, 7.89103477700007], [0.506195011000159, 7.89125682600002], [0.505620761000046, 7.89142974900005], [0.505391824000014, 7.89155733700011], [0.50527622300018, 7.89169002900007], [0.505228446000046, 7.89185279100008], [0.505180667000047, 7.89201555200009], [0.505183090000173, 7.89268519300003], [0.505222341000149, 7.89283937500016], [0.50517170300003, 7.89335763900004], [0.50504525600013, 7.89354824100019], [0.504918808000184, 7.89373884300016], [0.504728803000148, 7.89393242900019], [0.504643124999973, 7.893932737], [0.504152273000045, 7.89424039199997], [0.503787997000131, 7.89439326800004], [0.503635788000054, 7.89433870000011], [0.503383603000032, 7.89415221400014], [0.50320500700002, 7.89367886499997], [0.503113582000026, 7.89361856600004], [0.50298861300007, 7.8934536700001], [0.502852868000105, 7.89326197200006], [0.502776306000158, 7.89321192500006], [0.502687702000117, 7.89313483500007], [0.502480011000102, 7.89305650900019], [0.502248205000058, 7.89305734200013], [0.501078433000089, 7.89294147100009], [0.500348361000079, 7.89206609800004], [0.496483908000187, 7.89038363000009], [0.492936711000027, 7.89182870400009], [0.492760068000109, 7.89318297700015], [0.49262990800014, 7.89427505900011], [0.493840471000055, 7.89647392800003], [0.497093635000112, 7.89737972300014], [0.495286175000103, 7.89800327400013], [0.494786960000113, 7.89835039500014], [0.494317832000036, 7.89867659400005], [0.493925443000137, 7.89946890300013], [0.493505325, 7.89978685000005], [0.493344619000027, 7.8999084730001], [0.493234764000135, 7.89999161100008], [0.493081086000188, 7.90002129500004], [0.492911812000045, 7.90005399100005], [0.492574549000096, 7.90008966500017], [0.491829840000037, 7.90005803300005], [0.501004080000087, 7.904910986], [0.501332774000105, 7.90485193500001], [0.502116960000137, 7.90463967900007], [0.502644623000037, 7.90457164400004], [0.502908898000101, 7.90466025500018], [0.50317317300005, 7.90474886700002], [0.503309092, 7.90488341100013], [0.503405140000154, 7.90507459100013], [0.50350118700004, 7.90526577000009], [0.503503401000046, 7.90587754100017], [0.503372609000053, 7.90639609300007], [0.503354846999969, 7.90683432300011], [0.50375166200007, 7.90726830500012], [0.504161637000152, 7.90752035899999], [0.50430722599998, 7.90765348900004], [0.504452815000036, 7.90778661900003], [0.504508653000073, 7.90794074000007], [0.504509211000084, 7.90809506000005], [0.50443923600011, 7.9082344790001], [0.504369261000079, 7.908373896], [0.504184518000159, 7.90849581400016], [0.502595349000046, 7.90928692600005], [0.50228971000007, 7.90960769400016], [0.502290907000088, 7.90993838100007], [0.502349159000062, 7.9099960420001], [0.502649907000091, 7.91061500500007], [0.503829394999968, 7.91117844600006], [0.504402816000095, 7.91153187300011], [0.504447338000034, 7.91161438500018], [0.504580357000123, 7.91171035800005], [0.504830149000043, 7.91199605600008], [0.505083645000013, 7.91254078200018], [0.505258758000025, 7.91281159300013], [0.505488810000088, 7.9129885100001], [0.506102543000111, 7.91302487600007], [0.506871478000051, 7.91317642400003], [0.507120512000085, 7.91325268600013], [0.507312951000074, 7.91334706500004], [0.507505390000119, 7.91344144300018], [0.507657897000058, 7.91357592400004], [0.507812948000151, 7.91364976900019], [0.508096172000137, 7.91400699399998], [0.508278212000107, 7.91466220500013], [0.508450698000161, 7.91497022600009], [0.508811154000171, 7.91528307900018], [0.509417971000175, 7.91531671000018], [0.509488081000143, 7.91521449300018], [0.509909710000102, 7.91486849900014], [0.510856398000101, 7.91449580300002], [0.511328560000095, 7.9143645740001], [0.512235061000013, 7.91434199999998], [0.512702448000084, 7.91441746700013], [0.513169834, 7.91449293400007], [0.516698646000123, 7.91579185900014], [0.524598576000074, 7.91237483800012], [0.532498507000128, 7.9089578170001], [0.53257398500017, 7.90881424200006], [0.53271152800005, 7.90863737200016], [0.533098113000165, 7.90853950200005], [0.533551267000178, 7.90850477100008], [0.534050359000105, 7.90856080800006], [0.534549450999975, 7.90861684500015], [0.534704513, 7.90869343500009], [0.53497345400018, 7.90892117200002], [0.535002754000118, 7.90899684600004], [0.534891317000017, 7.91062726400014], [0.535449780000135, 7.91075490600002], [0.538415533000148, 7.91143274300009], [0.538650964000169, 7.91156690499997], [0.539343213000166, 7.91190881800014], [0.54007295700012, 7.91267221500016], [0.540535376000093, 7.91289923300008], [0.540842454000142, 7.91297526000005], [0.541972690000023, 7.91291872800002], [0.542478420000123, 7.91290032500018], [0.542903588000115, 7.9127719920001], [0.543314710000061, 7.91258308400012], [0.543622530000107, 7.91248687399997], [0.543930349000107, 7.91239066400004], [0.544623673000046, 7.91227787100019], [0.545321543000057, 7.91227253300008], [0.546019412000021, 7.91226719299999], [0.546776541000042, 7.91221754200006], [0.547503738000046, 7.91229476299998], [0.548389176000171, 7.91255878300018], [0.54895947100016, 7.91280743700014], [0.549416221000115, 7.9129958850001], [0.5497980990001, 7.91311847300011], [0.550190807000092, 7.91318039700008], [0.550634438000088, 7.91355628000002], [0.550936412000055, 7.91374530100012], [0.551301399000124, 7.91378528100006], [0.55153058500008, 7.91372655900017], [0.551901419000046, 7.91385194200012], [0.552017863000117, 7.91394795899998], [0.55226811700004, 7.91434936100018], [0.552557706000073, 7.91492146800016], [0.552790306000134, 7.91503634200006], [0.552914717000021, 7.91504552400011], [0.553039128000137, 7.91505470599998], [0.553326501000186, 7.91503434700019], [0.553633581000042, 7.91511036300005], [0.553999323000085, 7.91535150300012], [0.554232439000032, 7.91560415900005], [0.554288295, 7.91575827000014], [0.554385526000146, 7.91589018100012], [0.554535038999973, 7.91669704200018], [0.554599032000056, 7.91680978699998], [0.554734958000097, 7.91694155400018], [0.555042331000038, 7.91709472700012], [0.555280645000039, 7.91725918100008], [0.555341870000063, 7.91737055900001], [0.555403094000155, 7.91748193600012], [0.555525543000044, 7.91770469100015], [0.555681167000159, 7.91829796100001], [0.55583679200015, 7.91889123300007], [0.55614814900008, 7.91936956200016], [0.55636979000019, 7.91950927600016], [0.55663836500014, 7.91963503500017], [0.556856900000184, 7.91968382200002], [0.557202719000088, 7.91977002400006], [0.557318857000098, 7.91978405800018], [0.55754804500009, 7.91972533299997], [0.557705169000087, 7.91961314000002], [0.558047454000075, 7.91949474500012], [0.55817976000003, 7.91939780200016], [0.558334610000031, 7.91941651300004], [0.558602674000042, 7.91940586700002], [0.558870736000188, 7.91939522100006], [0.559006531000136, 7.9194911620001], [0.559158619000129, 7.9195098830001], [0.559216878000029, 7.91956753500011], [0.559339392000027, 7.91980682200006], [0.559537851000016, 7.92002929], [0.559736311000108, 7.92025175900005], [0.560217522000073, 7.92032711800016], [0.560620991000121, 7.92030907500015], [0.560775625000133, 7.9202699170001], [0.561092057000053, 7.92025908700009], [0.561408489000087, 7.92024825800019], [0.562232487000074, 7.92033886600007], [0.562387557000079, 7.92041544400018], [0.562904481000089, 7.9204327970001], [0.563365192000106, 7.92020234900002], [0.563485658000104, 7.92008133700017], [0.563557938000031, 7.92000872900019], [0.563632418000168, 7.91996987000005], [0.563747640000088, 7.91974071700002], [0.56372598500019, 7.91912903600013], [0.563886624000077, 7.91848360400019], [0.563991350000038, 7.91767028600003], [0.564065413000037, 7.91752120200016], [0.564122156000167, 7.91717652800003], [0.56412071200009, 7.91679349400016], [0.564247175000162, 7.91588088900005], [0.564499550000164, 7.91537565300018], [0.564843735000125, 7.91502990300017], [0.56513045500003, 7.91483730800013], [0.565417176000039, 7.91464471300009], [0.565646140000183, 7.9145281160001], [0.565756289000149, 7.91442023100018], [0.566177118000041, 7.91424366600006], [0.566597947000105, 7.91406710100006], [0.566950889, 7.91384532300003], [0.567326928000114, 7.91351874000009], [0.568678295000154, 7.91310582500012], [0.569020565000187, 7.91298604400009], [0.569092081000065, 7.91289483800017], [0.569163598000046, 7.91280363099997], [0.569306630000142, 7.91262121900019], [0.569325393000042, 7.91246683100019], [0.56922612700015, 7.91179757500004], [0.569321268000124, 7.91137559900017], [0.569319538000173, 7.91091816300013], [0.569470393000131, 7.91061171600006], [0.569624876000034, 7.91053397700011], [0.56987914900003, 7.91053302000017], [0.570087008999963, 7.91068380100012], [0.570434231000092, 7.91114269400015], [0.570791736000103, 7.91139762699999], [0.571434146000172, 7.9117121110001], [0.571566811000025, 7.91171161200015], [0.572156428000028, 7.91195189100006], [0.572546369000065, 7.91201380400008], [0.572757803000172, 7.9120130070001], [0.573027892000027, 7.91180944800004], [0.573301410000113, 7.91159898700016], [0.573311239000134, 7.91109328400012], [0.573464855000054, 7.91078682500012], [0.573711061000154, 7.91011626900001], [0.573807001000091, 7.90990647700011], [0.57435732100015, 7.90925957700006], [0.574722412000085, 7.90859959500011], [0.574894284000095, 7.90800647800017], [0.575332059000175, 7.90756392000014], [0.576274603000172, 7.90685491400012], [0.57650028300003, 7.90660329600007], [0.576654616999974, 7.90648697600005], [0.576893853000058, 7.90616641600019], [0.577092324000091, 7.90602788400008], [0.577398519999974, 7.90587240999997], [0.577506177000089, 7.90583755800014], [0.577613833000157, 7.90580270600009], [0.578162059000022, 7.90569867599999], [0.578710285000113, 7.90559464600011], [0.578773610999974, 7.90553102600018], [0.580505312000184, 7.90521033400012], [0.581234228000085, 7.90501743600015], [0.581540421000113, 7.90486195900013], [0.582749204000038, 7.90439718800013], [0.583438834999981, 7.90405011800004], [0.58389995400006, 7.90393538800015], [0.583975812000119, 7.90389652200014], [0.585055226000065, 7.90284803600002], [0.585232309000048, 7.90271922600004], [0.585409392000088, 7.90259041700011], [0.585882940000147, 7.90211189100017], [0.586354879000055, 7.9019364940001], [0.586636783000074, 7.90193542500015], [0.586943749000113, 7.90198386100002], [0.587312497000028, 7.90228833800012], [0.588021475000119, 7.90302829400002], [0.588214110000138, 7.90317223500011], [0.58840595800018, 7.90347187200013], [0.589249018000146, 7.90494294000018], [0.590493532000096, 7.90406879799997], [0.59101829400015, 7.90361349600016], [0.591440812000144, 7.90352370700009], [0.59191886800005, 7.90350259700011], [0.592073491000178, 7.90346342900006], [0.592225128000166, 7.90336640300006], [0.592321353000045, 7.9032337650001], [0.592435445000092, 7.90271526900017], [0.592759889000092, 7.90227588500005], [0.592777249000108, 7.90175775700015], [0.592659630000071, 7.90135588100014], [0.592542012000138, 7.90095400400003], [0.592618594000044, 7.90074428300017], [0.592753426, 7.90058945400006], [0.592904998000108, 7.90047589400007], [0.593171096000106, 7.90031780900006], [0.593437195000035, 7.90015972300012], [0.593574241000169, 7.8998615910001], [0.593709220000051, 7.89974534000004], [0.594170838000082, 7.89976287000002], [0.594323483000153, 7.89983910100005], [0.595552925000106, 7.89981546600012], [0.59585947700009, 7.89975642700011], [0.596088940000129, 7.89977484200017], [0.59622414100005, 7.89971645700001], [0.597047807000138, 7.89973260200003], [0.59767232400003, 7.89970817100004], [0.598114944000088, 7.89981670400005], [0.598550937000027, 7.90035789899997], [0.598731961000055, 7.90035720700013], [0.598912986000187, 7.90035651500006], [0.599067532000049, 7.90029805500018], [0.599525504999974, 7.90008687500011], [0.59972529700002, 7.89993592800016], [0.59992508900018, 7.89978498200009], [0.600217673000088, 7.89968741400003], [0.601503004999984, 7.89973485100012], [0.601655232000098, 7.89979213700008], [0.601805594999973, 7.89981360500008], [0.603173621000053, 7.90007290300002], [0.603583045000164, 7.90017329100016], [0.603997837000179, 7.90023232400017], [0.60433427300012, 7.90039774999997], [0.604670709000118, 7.90056317400018], [0.60505634600014, 7.90094472600015], [0.605827025, 7.90155351700014], [0.606544620000136, 7.902013705], [0.606887615, 7.90208816700016], [0.607230611000148, 7.90216262799999], [0.607441999000059, 7.90215217000002], [0.607653387000141, 7.90214171300016], [0.607805541000118, 7.90217970599997], [0.608056966000049, 7.90215945000011], [0.60912810800005, 7.901849454], [0.609570229000099, 7.90182846200008], [0.609783111000127, 7.90184693200018], [0.609890811000184, 7.9018244720001], [0.61070223500019, 7.90153476099999], [0.611745639000162, 7.90120006500001], [0.612060579000115, 7.90116716100016], [0.612375520000171, 7.90113425700008], [0.612944846000175, 7.90113206100011], [0.613309656000183, 7.90113065400004], [0.613734894000174, 7.90103256500004], [0.613971009000068, 7.90098480899997], [0.614207125000064, 7.90093705100014], [0.614649073000066, 7.90087196600012], [0.61575351800002, 7.90060040400004], [0.61709302600002, 7.90036650900015], [0.618228479000095, 7.90025189200003], [0.61916291100016, 7.90032543100011], [0.619757665000122, 7.90046641900005], [0.623863586000141, 7.88386619200014]]], [[[0.620440793000171, 7.90075464200004], [0.622163462000174, 7.90148145700005], [0.624043824000125, 7.90119841700005], [0.620107236000024, 7.90034029300011], [0.620440793000171, 7.90075464200004]]], [[[0.627169173000027, 7.90166388300003], [0.626075154000148, 7.90141875800009], [0.626555329000041, 7.90158911599997], [0.627169173000027, 7.90166388300003]]]]}, "properties": {"REGION": "Oti", "DISTRICT": "Kadjebi"}}, {"type": "Feature", "geometry": {"type": "MultiPolygon", "coordinates": [[[[0.491829840000037, 7.90005803300005], [0.492574549000096, 7.90008966500017], [0.492911812000045, 7.90005399100005], [0.493081086000188, 7.90002129500004], [0.493234764000135, 7.89999161100008], [0.493344619000027, 7.8999084730001], [0.493505325, 7.89978685000005], [0.493925443000137, 7.89946890300013], [0.494317832000036, 7.89867659400005], [0.494786960000113, 7.89835039500014], [0.495286175000103, 7.89800327400013], [0.497093635000112, 7.89737972300014], [0.493840471000055, 7.89647392800003], [0.49262990800014, 7.89427505900011], [0.492760068000109, 7.89318297700015], [0.492936711000027, 7.89182870400009], [0.496483908000187, 7.89038363000009], [0.500348361000079, 7.89206609800004], [0.501078433000089, 7.89294147100009], [0.502248205000058, 7.89305734200013], [0.502480011000102, 7.89305650900019], [0.502687702000117, 7.89313483500007], [0.502776306000158, 7.89321192500006], [0.502852868000105, 7.89326197200006], [0.50298861300007, 7.8934536700001], [0.503113582000026, 7.89361856600004], [0.50320500700002, 7.89367886499997], [0.503383603000032, 7.89415221400014], [0.503635788000054, 7.89433870000011], [0.503787997000131, 7.89439326800004], [0.504152273000045, 7.89424039199997], [0.504643124999973, 7.893932737], [0.504728803000148, 7.89393242900019], [0.504918808000184, 7.89373884300016], [0.50504525600013, 7.89354824100019], [0.50517170300003, 7.89335763900004], [0.505222341000149, 7.89283937500016], [0.505183090000173, 7.89268519300003], [0.505180667000047, 7.89201555200009], [0.505228446000046, 7.89185279100008], [0.50527622300018, 7.89169002900007], [0.505391824000014, 7.89155733700011], [0.505620761000046, 7.89142974900005], [0.506195011000159, 7.89125682600002], [0.506636419000074, 7.89103477700007], [0.506850827000051, 7.89071158100012], [0.507054779000043, 7.88979042400001], [0.507035153, 7.88971333500012], [0.507015527000021, 7.88963624400009], [0.506834595000157, 7.88928140199999], [0.506518088000121, 7.88888571300004], [0.506319596000083, 7.88826086900002], [0.506239997000137, 7.88764937800016], [0.506122533, 7.88726674900005], [0.505775130000131, 7.88673338200005], [0.505159562000188, 7.88617893100007], [0.505045699999982, 7.88602777300002], [0.504889615000138, 7.88566457300016], [0.504908404, 7.88551018400011], [0.505032220000146, 7.88535679400019], [0.505156037000177, 7.88520340500003], [0.50524136700011, 7.88472497400016], [0.505326697000044, 7.88424654300007], [0.505344937000132, 7.88394058900019], [0.505570862000127, 7.88298077200005], [0.505570035000119, 7.88275204800016], [0.505338923000181, 7.88227613100014], [0.505299673000138, 7.88212195000006], [0.505318531000114, 7.88198685000009], [0.505527888000131, 7.88179595100019], [0.50575727800009, 7.88179512600004], [0.505912186000103, 7.88183315000015], [0.506218681000178, 7.88175488800005], [0.506357746000049, 7.88161522200005], [0.50649681100009, 7.88147555600005], [0.50658093200002, 7.88104535500008], [0.506777767000074, 7.88044940400005], [0.507458353000061, 7.87987927100005], [0.507555327999967, 7.87956476600004], [0.506809800000099, 7.87937178800007], [0.506655032000083, 7.8793723440001], [0.506513655000049, 7.879254355], [0.506488094000133, 7.87906429900011], [0.506512540000017, 7.87894571400017], [0.506630572000063, 7.87872207300006], [0.50663010400018, 7.87859255400008], [0.506701761000159, 7.87853718100018], [0.506452479000131, 7.87838651099997], [0.50635526200017, 7.87825182800015], [0.506296676000147, 7.8781004710001], [0.506390150000016, 7.87719900200005], [0.506579948000137, 7.87695030200007], [0.507161554999982, 7.87652382500005], [0.507461352, 7.8761231630001], [0.507793337000066, 7.87545232000014], [0.507836624000163, 7.87519450200011], [0.507879911000089, 7.87493668299999], [0.507878805000189, 7.87463079700012], [0.50780031700009, 7.87432519100003], [0.507722375000071, 7.87417114900006], [0.507567331000189, 7.87409454400006], [0.507127498000102, 7.87398313800009], [0.506972942000118, 7.87404156500003], [0.506456194000179, 7.87405995500012], [0.506224323000083, 7.87413794899999], [0.505382924000173, 7.87456260100015], [0.504710937000084, 7.87445064800005], [0.50400025800019, 7.87433883300008], [0.503499197000053, 7.87410914500009], [0.502743937000048, 7.87389690200001], [0.502480723000133, 7.87371320800014], [0.502231087999974, 7.87346332800007], [0.502075221000155, 7.87315799600003], [0.502073564000113, 7.87269778900003], [0.502353491000065, 7.87176671600002], [0.502645246000156, 7.87105055100017], [0.502718763000132, 7.87074439800017], [0.502701635000108, 7.87059289200005], [0.502604352000162, 7.87043891700017], [0.502064821000033, 7.86988556300003], [0.501525292000053, 7.86933220600002], [0.501408673000071, 7.86918105600012], [0.501268495000033, 7.86901070000005], [0.500782265000112, 7.86867623500018], [0.498715448999974, 7.87110180700012], [0.498481552999976, 7.87099743800013], [0.497379824000063, 7.87050581800014], [0.497429412999963, 7.87007711799998], [0.497549602000049, 7.86942936200006], [0.497692405000066, 7.86865971300006], [0.49786404300005, 7.86797015900004], [0.497862767000129, 7.86761466900009], [0.497528808000141, 7.8662931340001], [0.497335222000117, 7.86552707200013], [0.497393112999987, 7.86535110100004], [0.497373215000152, 7.86519684800015], [0.497314635000066, 7.86504548900012], [0.497313805000033, 7.86481400800011], [0.497274294000022, 7.86458542000003], [0.497272644000077, 7.86412521100004], [0.49729134200004, 7.86394464200009], [0.497405523000168, 7.8634165040001], [0.497424324000178, 7.86326486999997], [0.497287533000133, 7.86288230500003], [0.49728718800003, 7.86278585400015], [0.497286843000097, 7.86268940400015], [0.497171416000072, 7.86248451000006], [0.497055991000025, 7.86227961700007], [0.496769089000054, 7.86242393900011], [0.496614809999983, 7.86255952100015], [0.496463157000164, 7.86265651299999], [0.496328283000025, 7.86280856200005], [0.496176767000065, 7.86294413400009], [0.496099525000091, 7.86298299100002], [0.49596465000019, 7.86313503800011], [0.495735891000038, 7.86330946700002], [0.495505573000173, 7.86343429700008], [0.495275255000081, 7.86355912599998], [0.495122116000118, 7.86362718800012], [0.494968976000052, 7.86369524900016], [0.494432962000133, 7.86373298199999], [0.494355452000093, 7.86369743200009], [0.494200689000024, 7.86369798300001], [0.493816063000168, 7.86356431899998], [0.493086033000168, 7.86344566000002], [0.491435903000024, 7.86338262800012], [0.49079699400005, 7.86324159500009], [0.490610070000173, 7.86313616100011], [0.490423147000115, 7.86303072700008], [0.490226144000019, 7.86281096400012], [0.49005019700013, 7.86229625600015], [0.489971990000129, 7.86206504800003], [0.489716056000134, 7.86159471700012], [0.489506166000183, 7.86124823300003], [0.489296274000026, 7.86090174900011], [0.488913393000075, 7.86048147100018], [0.488602367000055, 7.86006093899999], [0.488507384000116, 7.85977467300012], [0.488525570000036, 7.85944942600014], [0.488599570000133, 7.85927555000012], [0.488673009000081, 7.85894459600013], [0.488748293000071, 7.85861400400012], [0.488809784000068, 7.85855003500006], [0.488828236000188, 7.85829919300011], [0.488866386000154, 7.85814749000008], [0.488865837000048, 7.85799316800006], [0.488904252000111, 7.85791587000006], [0.488939364000146, 7.85768701600017], [0.489035206000096, 7.85743865500012], [0.489033979000055, 7.85709418800013], [0.488905049000095, 7.85683932500007], [0.488782458000117, 7.8565969930001], [0.488686077000068, 7.8564064740001], [0.488663601000155, 7.85631878100003], [0.488587988000063, 7.856023768], [0.488409280000155, 7.85557467900009], [0.48830136700002, 7.85543225800012], [0.488203020000185, 7.85540370100017], [0.488126918000091, 7.85537503400019], [0.487762126000121, 7.85537632600011], [0.487417081000046, 7.85549053300002], [0.487022595000099, 7.85569034600013], [0.486228908000044, 7.85631871499999], [0.48590663900012, 7.85656530700015], [0.485769250000033, 7.85652414200001], [0.485643182000103, 7.85631038100001], [0.485607126000161, 7.85623910699996], [0.48560031300002, 7.85600112500003], [0.485534507000068, 7.85595375600008], [0.485533111000166, 7.855561051], [0.48562797000011, 7.85538816100012], [0.485668787000179, 7.85512026000004], [0.48599292900002, 7.85446214900003], [0.486011619000124, 7.85417609600012], [0.48607761400018, 7.85397067700006], [0.486139219, 7.85377892899999], [0.486276398000086, 7.85335194400011], [0.486385160000054, 7.85291054200019], [0.486445126000035, 7.85266717500002], [0.48620392700002, 7.85152508900006], [0.486147540000104, 7.85125808900017], [0.486046712000075, 7.85050798800017], [0.485997280000106, 7.85014023400009], [0.484878347000119, 7.84877400600004], [0.484669827000118, 7.84708151399997], [0.484812663000014, 7.84610850100006], [0.484774486000163, 7.84590324100009], [0.484613822000028, 7.84503944100004], [0.483685108000088, 7.84441058300007], [0.482768957000076, 7.84387200200018], [0.482231891000026, 7.84360658100013], [0.481943813000157, 7.84341744500011], [0.481807855000113, 7.84326359900001], [0.481742490000101, 7.84301669400008], [0.481611787000077, 7.84252298000013], [0.481611426000086, 7.84242101700011], [0.481668924000076, 7.84226924600006], [0.481789562000131, 7.84199875400009], [0.482042545000184, 7.84164236600009], [0.48228455200001, 7.84130806400015], [0.482410863999974, 7.84107888900007], [0.48252294700012, 7.84073402000007], [0.481806086000063, 7.84002968100015], [0.481547227000021, 7.83989693700016], [0.481007598000076, 7.83968663700017], [0.480855480000116, 7.83965134700009], [0.480700453000168, 7.83957473000009], [0.480548324999972, 7.83953668300001], [0.480393297000148, 7.83946006600019], [0.480238406000183, 7.83942202900016], [0.480163587000106, 7.83936442099997], [0.480008637000083, 7.83930984900007], [0.479642836000096, 7.83902177500005], [0.479456817000084, 7.83877716200016], [0.479179983000108, 7.8386403450001], [0.478834548, 7.83864155700002], [0.478489113000137, 7.83864277000004], [0.478414373000021, 7.83860720700005], [0.477952736000077, 7.83857024500003], [0.477645377000158, 7.83839770700013], [0.477490225000111, 7.83828526400015], [0.477348626000037, 7.83809836600011], [0.477257679000047, 7.83738493300018], [0.47721845600006, 7.83723350100007], [0.477217310000185, 7.83690832100018], [0.47717807700019, 7.8367541340001], [0.477114761000109, 7.83603922600008], [0.477350403000059, 7.83546657200014], [0.477901395000174, 7.83498237500015], [0.478284669000118, 7.83474127700009], [0.47859086800014, 7.8345858780001], [0.479280583000104, 7.83425827400004], [0.47950974500003, 7.83419959800011], [0.47978016400009, 7.83408566100002], [0.480582974000129, 7.83369978700006], [0.480660044000103, 7.83361270899996], [0.480746654000143, 7.83348839400009], [0.480852234000167, 7.833257914], [0.480945588000111, 7.83308672699997], [0.481003074000057, 7.83293220000007], [0.481230950000054, 7.83250976400012], [0.481557268000074, 7.83218343300001], [0.481883586000095, 7.831857103], [0.482302546000085, 7.83154973800009], [0.482457093000164, 7.83149132200003], [0.48264742900011, 7.83139420100008], [0.48287929300011, 7.83131897900006], [0.48299245700008, 7.83127999900006], [0.483147209000094, 7.83127945600012], [0.483224448000158, 7.83124060299997], [0.483376437000061, 7.83124006800006], [0.483760142000108, 7.83112297500003], [0.483989107000127, 7.83100918200012], [0.4841046250001, 7.83085445099999], [0.484123295000188, 7.83066423500009], [0.48406471800007, 7.83051011800006], [0.484007794000149, 7.83043315600008], [0.483950872000037, 7.8303561940001], [0.483776377000083, 7.83024382000002], [0.483584950000136, 7.83003229800011], [0.483382919000064, 7.82994757900013], [0.483180888000106, 7.82986285900006], [0.482893219, 7.82978670900013], [0.482354286000088, 7.82976931200005], [0.482202434000158, 7.82980842700016], [0.481511580000188, 7.82981085500018], [0.481356625000103, 7.82975352600016], [0.481259905000059, 7.82975386599998], [0.480800370000168, 7.82952674900014], [0.480761410000127, 7.82944972400003], [0.480645143000174, 7.82939226000008], [0.480605443000115, 7.82910579600002], [0.480413417000022, 7.82872341500007], [0.480086119000134, 7.82838008900012], [0.479922844000043, 7.82831452200008], [0.479759570000169, 7.82824895599998], [0.479452627000114, 7.82819216000007], [0.479144473000019, 7.82818359600009], [0.478836319000095, 7.828175031], [0.478452274, 7.82819566800003], [0.477761761000181, 7.82829453900013], [0.47638132600008, 7.828660383], [0.476152234000153, 7.82873834700007], [0.475923006000187, 7.82877773100012], [0.475691149999989, 7.82885570400009], [0.474466750000147, 7.82958751700016], [0.474312395000084, 7.82970104500015], [0.474160543000096, 7.829740157], [0.473881931000165, 7.82988167600007], [0.473527096000169, 7.82995870000008], [0.473172262000162, 7.83003572500013], [0.472650206000083, 7.83010368800018], [0.47255053900011, 7.83005167500005], [0.471475565000162, 7.83005542600006], [0.471320813000148, 7.83005596600015], [0.471168824000131, 7.8300564970001], [0.470323485000051, 7.83013660700016], [0.468582213000047, 7.8300544870001], [0.46844226200011, 7.83033606800001], [0.468316486000163, 7.83071956300006], [0.46823531800004, 7.83121589200016], [0.46813927300002, 7.83140913300008], [0.467930322000029, 7.83171575500006], [0.466722140000059, 7.83235104000011], [0.465885794000144, 7.83105320400006], [0.466083578000166, 7.82857258200011], [0.466118768000058, 7.82813123200003], [0.466144509000173, 7.82790463800012], [0.465939271000025, 7.82737676300002], [0.465498062000052, 7.82695965500017], [0.464472565, 7.82599016900008], [0.463264338000158, 7.8258179880001], [0.462805275000107, 7.82572312600007], [0.462340859000051, 7.82567788700015], [0.462111879000076, 7.82578891300011], [0.461882901000138, 7.82589993900007], [0.461347930000045, 7.82622697800002], [0.461041920000127, 7.82643748000004], [0.460887504000141, 7.82653446800009], [0.460735852000028, 7.82663144800011], [0.460352666000119, 7.82690008800012], [0.459982970000056, 7.82720741599996], [0.45968308200014, 7.82745632600012], [0.459415700000022, 7.82765015700011], [0.458878096000149, 7.82801578600009], [0.458417532000055, 7.828284693], [0.458150475000082, 7.828572221], [0.457998822000036, 7.82866919900005], [0.457786832000068, 7.8288986660001], [0.457635245000063, 7.82901493400016], [0.457379316000129, 7.82932447000019], [0.456938286000025, 7.82964842500007], [0.456865221000101, 7.82969690500016], [0.456792158000042, 7.82974538399998], [0.456458163000036, 7.82985677000016], [0.456328252, 7.82984895100014], [0.456198342000107, 7.82984113200013], [0.455968976000122, 7.82984192400016], [0.455507614000169, 7.8298820980001], [0.455191266000099, 7.82990248000004], [0.45487491800003, 7.82992286300004], [0.454510936000077, 7.83015285100004], [0.454376062000108, 7.83030764300008], [0.454224473000124, 7.83042391000004], [0.454017644000146, 7.830548636], [0.453810815000168, 7.83067336100015], [0.453725548000136, 7.83078940000007], [0.453630079000163, 7.83115074200009], [0.45363061300003, 7.83130506600008], [0.45355759600011, 7.83176554199997], [0.453500088000112, 7.83191731100004], [0.453481804000035, 7.83222327000004], [0.453328511000052, 7.83264544000014], [0.453059830000143, 7.83326367200016], [0.452979516000028, 7.83361256100017], [0.45289920200014, 7.83396145000012], [0.452949298000021, 7.83406324300012], [0.452950024000074, 7.83427268400015], [0.453068287000178, 7.83490611700006], [0.453108495000151, 7.83534415500009], [0.45310962200017, 7.83566933800006], [0.453071730000033, 7.83589958100004], [0.45303383900017, 7.83612982300008], [0.452918833000069, 7.83643611600007], [0.452806323000175, 7.83666523800002], [0.452666100000044, 7.83687240900002], [0.452539200000047, 7.83693623000005], [0.452307859000143, 7.83716576200004], [0.451772398000173, 7.83735775800011], [0.451476980000052, 7.83743869500017], [0.451176271000122, 7.83748662200014], [0.450301743000068, 7.83762600500006], [0.450163212000064, 7.83744436200004], [0.450044950000063, 7.83728929800014], [0.449825551000117, 7.83693067500008], [0.449541906000036, 7.83646703600016], [0.449522037000065, 7.83631553300012], [0.449592278000068, 7.83584955600003], [0.449693020999973, 7.83541378800004], [0.449758887000087, 7.83528128099999], [0.449785188000078, 7.83489537400015], [0.449811489000183, 7.83450946800002], [0.449766425, 7.83426435300009], [0.449610088000156, 7.83380742200018], [0.449454075000119, 7.83344418900009], [0.449256858000069, 7.83315274900013], [0.449013783999987, 7.83290628400005], [0.448787072000073, 7.83267640700012], [0.44829114099997, 7.83217355599999], [0.447920245000034, 7.83179748300006], [0.447626205000063, 7.83149933800019], [0.447567973000048, 7.83144166500011], [0.447239440000089, 7.83073454300006], [0.446910907000188, 7.83002742100018], [0.446891230000062, 7.82993103400008], [0.446735489000048, 7.82964496100016], [0.446640865000063, 7.829452377], [0.446446112, 7.82907273900003], [0.446137915000179, 7.82865215300006], [0.444441629000153, 7.82759145400013], [0.443397889000153, 7.82770985600018], [0.442412643000125, 7.82782161900008], [0.442180058000019, 7.82769013400014], [0.442027339000049, 7.82747845599999], [0.442026818000102, 7.82732688700003], [0.442092677000119, 7.82719162500018], [0.442409223000027, 7.82682677200012], [0.442715046000046, 7.82655841000008], [0.443021002000137, 7.82632862899999], [0.443224966000116, 7.82617360400008], [0.443428929000049, 7.82601857900011], [0.443916768000179, 7.82564211600015], [0.444053992000136, 7.8253660630001], [0.444092159000036, 7.82521436100018], [0.444091367000112, 7.82498425100016], [0.444090575000075, 7.82475414100014], [0.443934771000158, 7.82444877500006], [0.443821006000064, 7.82431412800003], [0.443568027000026, 7.82387681500018], [0.443419547000133, 7.82329032900014], [0.443424633000063, 7.82275981300012], [0.443429717000129, 7.82222929600005], [0.443657374, 7.82173246500003], [0.443734618000178, 7.82169362000013], [0.443963327, 7.82150268500004], [0.444079158000079, 7.82143477], [0.444232261000082, 7.82135708300007], [0.444423887000141, 7.82123103700013], [0.444671541000162, 7.82092429100015], [0.444709708000062, 7.8207725900001], [0.444708911000077, 7.82054110200016], [0.444669702000112, 7.82038966500011], [0.444669171000157, 7.82023534000007], [0.4446106850001, 7.82010326000017], [0.444560043000024, 7.81984162800018], [0.444628645000023, 7.81970084600005], [0.444570215000169, 7.81958530000009], [0.44456916300004, 7.81927940500009], [0.444607519000044, 7.81918282000004], [0.444626341000173, 7.8190311840001], [0.444741939000153, 7.81889575200006], [0.444896291000134, 7.81877947900011], [0.445183162000149, 7.81862692600004], [0.445296461, 7.81862653900009], [0.445450945000175, 7.81854884700005], [0.445602533000113, 7.818432583], [0.445718201000091, 7.81831781900013], [0.445833870000172, 7.81820305700006], [0.44602322500009, 7.81781934600002], [0.446061391000057, 7.81766764400004], [0.446060860000102, 7.8175133200001], [0.446118369000146, 7.81736155200014], [0.446052763000068, 7.81676651500004], [0.444602057000111, 7.8152485060001], [0.44451690000011, 7.81515939799999], [0.444285066000077, 7.81491680700009], [0.444144622000181, 7.8147698460001], [0.443843767000089, 7.8144550290001], [0.443496032000155, 7.81418476600004], [0.443350038000176, 7.81351559500018], [0.443436847000157, 7.81304405000014], [0.443530281000051, 7.81289215900011], [0.443855297000141, 7.81258239600015], [0.444315989000074, 7.81235208699997], [0.44479635700003, 7.812218164], [0.444948010000076, 7.81212119200018], [0.445179800000062, 7.81202394500002], [0.446274524000046, 7.81134502000009], [0.446387437000055, 7.81123302300011], [0.446500350000065, 7.81112102500009], [0.446941431000027, 7.81081361800017], [0.447398760000169, 7.81040970000015], [0.447801219000155, 7.81012171500004], [0.448076736000132, 7.80988377000011], [0.448312468000097, 7.80972863500017], [0.44854820200004, 7.8095735010001], [0.448915401000136, 7.80947854400017], [0.449307280000141, 7.80932838600017], [0.449699120000048, 7.80916720500011], [0.449996533000046, 7.80886855500006], [0.450105090000079, 7.80869594400008], [0.450213648000158, 7.80852333100012], [0.450456773000099, 7.80732694200015], [0.450644330000102, 7.8064039950001], [0.450202875000059, 7.80519785800004], [0.450112012000091, 7.80494960400006], [0.449902835000103, 7.80437808900012], [0.449735345000136, 7.80392047000004], [0.449532680000118, 7.80336674000006], [0.449324209000054, 7.80301195200019], [0.448999596000078, 7.80263275700014], [0.448480730000142, 7.80201447100012], [0.448261208000076, 7.801659718], [0.448063471000182, 7.80121119300014], [0.447960168000066, 7.800902893], [0.447992180000028, 7.80056932700012], [0.448198914000102, 7.80041980499999], [0.448405760000128, 7.80030335100014], [0.448761984000157, 7.80023323700004], [0.449223449000044, 7.8002316570001], [0.449407287000156, 7.80025445299998], [0.449588020000078, 7.80023962000013], [0.449927521, 7.800211757], [0.450632156000154, 7.80015392700005], [0.451634015000025, 7.80007170100015], [0.452017859000136, 7.80004019800015], [0.452095921000023, 7.79978863899998], [0.452138470000079, 7.79965152500006], [0.452331327000138, 7.79903002900011], [0.452735750000102, 7.79772674600002], [0.453090524000174, 7.7965834580001], [0.453255605000038, 7.79344820200004], [0.45326933500013, 7.7931463220001], [0.452812843, 7.78897555400016], [0.452783170000146, 7.78878412500006], [0.45275349700006, 7.78859269600014], [0.452599851000173, 7.78810819500006], [0.452330589999974, 7.78775085900003], [0.452086063000081, 7.78747140800004], [0.451906515000189, 7.787372006], [0.451676108000186, 7.78706414200013], [0.451290719000042, 7.78668515600003], [0.450598344000184, 7.78622730000018], [0.450443341000096, 7.78615066600003], [0.450033132000158, 7.78578554200004], [0.449887408000166, 7.78559451000001], [0.449741684, 7.7854034770001], [0.449653016000127, 7.78533212800016], [0.449299605000135, 7.78460855000014], [0.449264039000184, 7.78430966400009], [0.449228472000186, 7.78401077600006], [0.449246243000175, 7.78355324700016], [0.449319665000189, 7.78320851600012], [0.449356116000104, 7.78255801300003], [0.449353485000131, 7.7817918990001], [0.449294144000135, 7.78140904000009], [0.449274016000061, 7.78118037400003], [0.449237830000072, 7.78110333400002], [0.448906306000026, 7.778704129], [0.448938140000166, 7.77831820300008], [0.448966614000028, 7.77816102300005], [0.448995087000128, 7.77800384300002], [0.449033440000051, 7.77790725800008], [0.449071338000181, 7.77767839400013], [0.449147656000093, 7.77737223500014], [0.449185611000132, 7.77715990600007], [0.449184827000067, 7.77693117400014], [0.449242455, 7.77681523200016], [0.449241935000146, 7.77666366200003], [0.449314960000038, 7.77620318800012], [0.449351014, 7.77543694100007], [0.44941363900017, 7.77516665500008], [0.449476264000111, 7.77489636900009], [0.449077572000135, 7.774249209], [0.448887061000107, 7.77393996900003], [0.44851025700018, 7.77332833300005], [0.448414842000034, 7.77317345600011], [0.448369996000054, 7.77298758900008], [0.448233282000103, 7.77260223700017], [0.448208160000149, 7.77252791500007], [0.448163648, 7.77243988000015], [0.448119137000162, 7.77235184500006], [0.447787265000045, 7.77226478900013], [0.447403196000153, 7.77226609800016], [0.447325708000164, 7.77223053600005], [0.447170975000063, 7.77223106200012], [0.446404677000032, 7.77196359900012], [0.446249690000116, 7.7718897200001], [0.446097324000107, 7.77177449300007], [0.445980813000176, 7.77163985300012], [0.445383019000076, 7.77055057200016], [0.445265341000095, 7.77007421100006], [0.445128970000098, 7.76978806700004], [0.444814000000179, 7.76906989600002], [0.444013368000185, 7.76724434400018], [0.443942651999976, 7.76708310100003], [0.443229121, 7.76648612700001], [0.443195901000138, 7.76525299800005], [0.443183204000036, 7.76477076700002], [0.443125941000176, 7.76418396600008], [0.443077249000055, 7.76367981100003], [0.44299069200008, 7.76260532300012], [0.442654103000052, 7.76234741500008], [0.442602206000117, 7.76211885600009], [0.442553741000097, 7.76168084000005], [0.44259981099998, 7.76141612200001], [0.442689863000169, 7.76108511500007], [0.44292105400001, 7.76081977000007], [0.443040714000176, 7.76066365800011], [0.443226877000029, 7.75813177900017], [0.443579410000154, 7.75733300400003], [0.444645366000032, 7.75491773600004], [0.444712950000167, 7.75476460199997], [0.444770718000143, 7.75468999900011], [0.444925116000093, 7.75459302000019], [0.445057211000119, 7.75443824399997], [0.445489953000049, 7.75413087700002], [0.44592052400003, 7.75399713299998], [0.446456342000147, 7.75393744100001], [0.446610935000081, 7.7538983340001], [0.447868821000043, 7.7533015520001], [0.447655116000021, 7.75221372000016], [0.447420885000099, 7.75199129300012], [0.447300386000165, 7.75190075900008], [0.446753153000088, 7.75185301300007], [0.446139393000124, 7.75174210800003], [0.445984668000051, 7.75174263300016], [0.445907174000183, 7.75170431499998], [0.445506414000079, 7.75166709300009], [0.445135897000057, 7.75158567400007], [0.443937353000024, 7.75045684200006], [0.443604140000048, 7.75014300800007], [0.443223306000164, 7.74978432100011], [0.44535954600002, 7.74829994500004], [0.445446348000075, 7.74823213200006], [0.445513744000152, 7.74814509400011], [0.445742286000041, 7.74791558400011], [0.445838528000024, 7.74778022100003], [0.445893072999979, 7.74757059100011], [0.445910514000104, 7.74701385100002], [0.445873300000073, 7.74663367000011], [0.445908494000093, 7.74642135100004], [0.445888890000106, 7.74634425300007], [0.445887200000129, 7.74584820600012], [0.445990103000042, 7.74564116900018], [0.446093008000105, 7.74543413100008], [0.446684118000178, 7.74457781300009], [0.446724589000041, 7.74429244600003], [0.446765060000132, 7.74400707800004], [0.44685634800004, 7.74241940100006], [0.44691924100016, 7.74222775200008], [0.446965307000085, 7.74212382700011], [0.447237512000129, 7.74157481800006], [0.447292253000114, 7.7414230600001], [0.447330144000148, 7.74119144100007], [0.447271607000175, 7.74104006800002], [0.446491311000102, 7.73989077000016], [0.446490715000039, 7.73971577600008], [0.446490118000099, 7.73954078200018], [0.446773397000186, 7.73799200500002], [0.446712981000132, 7.73772901000018], [0.446665649000124, 7.73753944100002], [0.446647026000107, 7.73745779800009], [0.446613192000143, 7.73730946600011], [0.446529810000186, 7.73694391800007], [0.44650035900014, 7.73687032999999], [0.446584242000085, 7.736351947], [0.446680097000126, 7.73610359500009], [0.446640900000148, 7.73595215700016], [0.446582552000109, 7.73585589900017], [0.446234719000188, 7.73512953400001], [0.44625373000008, 7.73503301500011], [0.446195261000128, 7.73490093200013], [0.44613896200002, 7.73459522400003], [0.44611831800006, 7.73421223100007], [0.446156472000041, 7.73405777400018], [0.446154126000181, 7.73336882000018], [0.446056995000049, 7.73256506500002], [0.446044438000172, 7.73237255100008], [0.446031831000084, 7.73153108300011], [0.44606999400014, 7.73137938200006], [0.446069352000109, 7.73119073300018], [0.446068427000114, 7.73091915999998], [0.446106845000088, 7.73084186700009], [0.446105419000162, 7.73042298200016], [0.446238639000171, 7.72978868600006], [0.44646928200018, 7.72956787400011], [0.446733209000058, 7.72943631500016], [0.447201593000102, 7.72942297200001], [0.447291321000023, 7.72939516800005], [0.447386605000133, 7.72938519900003], [0.447921266000037, 7.72919805700013], [0.448123189000114, 7.72906440300011], [0.448291292000079, 7.72893844099997], [0.448336930000153, 7.72881396100018], [0.448384363000059, 7.72868458800002], [0.448377959000084, 7.72859086400013], [0.448474966, 7.72843090300012], [0.448437468000122, 7.72811582700012], [0.448368853000034, 7.72753928200012], [0.448322038000128, 7.72714590900017], [0.448240066000096, 7.72645712300005], [0.448221526000168, 7.72630133200005], [0.448201534000134, 7.72610986799998], [0.4481815420001, 7.72591840400014], [0.448071044000187, 7.72554546700007], [0.447810210000057, 7.72489528400001], [0.447171672000025, 7.72410761800006], [0.446956035000028, 7.7235960430001], [0.446948376000023, 7.72320255900007], [0.447076501000026, 7.72269504900015], [0.447122751000109, 7.72237727800007], [0.447135894000041, 7.72228698200007], [0.447126888000014, 7.72207619], [0.447117883000089, 7.72186539799998], [0.446935021000058, 7.72171306700011], [0.446752159000027, 7.72156073700012], [0.445992935999982, 7.72090741200014], [0.445303233000061, 7.72038613200016], [0.445244172000059, 7.72032307400008], [0.444845482000119, 7.71989739500015], [0.444732031000058, 7.71977626300009], [0.444516926000063, 7.7194848690001], [0.444278302000043, 7.71918253100011], [0.443832628000109, 7.71851987600013], [0.443509833000178, 7.71783751300006], [0.44345123700009, 7.71766684800008], [0.443450582000139, 7.7174739400001], [0.443507889000159, 7.71726430200016], [0.443623149000132, 7.71703517700013], [0.443661304000159, 7.71688072000001], [0.443754909000177, 7.71678395000004], [0.443793325000172, 7.71670665599999], [0.443831489000104, 7.71655495500016], [0.443830966000178, 7.71640062900002], [0.443753161000018, 7.71626861100009], [0.443708684000171, 7.71578097500009], [0.443664209000133, 7.71529333900003], [0.443710781999982, 7.71517743600015], [0.443710259000056, 7.71502310900007], [0.443748422999988, 7.71487140900012], [0.443708512000171, 7.71450777100006], [0.443670696000083, 7.71435494900004], [0.443632882000145, 7.71420212600009], [0.443285983000123, 7.71374306900003], [0.443208114000129, 7.71359175900011], [0.443072218999987, 7.71343788899998], [0.442841682000051, 7.71307489300017], [0.442725256000188, 7.7129595400001], [0.44255299800011, 7.71267351200009], [0.442435929000112, 7.71236800600002], [0.442432822000114, 7.71145031700001], [0.442384605000143, 7.71108119400014], [0.442239472000097, 7.71064625800005], [0.442238692000046, 7.7104161470001], [0.442237913000099, 7.71018603500005], [0.442485715000146, 7.70993717300007], [0.442601235000097, 7.70978521300009], [0.442758334000075, 7.7096744480001], [0.44329271600003, 7.70920690900005], [0.443376264000051, 7.7089958040001], [0.443459811000082, 7.70878469900009], [0.443420621000087, 7.70863325900018], [0.443362342000114, 7.70855629200014], [0.443267638000123, 7.70832787500012], [0.443032951000134, 7.7079621370001], [0.442755209000097, 7.70746721700016], [0.442689739000173, 7.70735055300008], [0.442572950000169, 7.70714244100014], [0.442514421000055, 7.70699106600011], [0.442493328000182, 7.70647303600009], [0.44258918200012, 7.7062246860001], [0.442607999000131, 7.70607029500007], [0.443276087000186, 7.70511176300016], [0.443952123000145, 7.704053993], [0.444095529000151, 7.70397910200012], [0.444114419000073, 7.70384675600019], [0.444361825000158, 7.70348215000007], [0.444630616999973, 7.70290664800001], [0.444688245000123, 7.70279208600016], [0.444668383000078, 7.70263782600017], [0.444687208000119, 7.70248619000006], [0.444638247000114, 7.70230446900001], [0.444532944000173, 7.70216510900008], [0.443279841000162, 7.70050671500013], [0.443828749999966, 7.69627378200011], [0.443897675000073, 7.69574225500008], [0.444025634000127, 7.69475548700018], [0.444025122000085, 7.69460391700005], [0.444063276, 7.69444946100009], [0.44406224100004, 7.69414356400006], [0.444100657000035, 7.69406627100017], [0.444100051000134, 7.69376042700009], [0.444137263000187, 7.69345434700017], [0.444174905000125, 7.69314832100008], [0.444173349000152, 7.69268809800008], [0.444497066000054, 7.69201733500012], [0.444718494000085, 7.69132487000007], [0.44462887100002, 7.69096415500019], [0.444538486999988, 7.69078670700009], [0.443998854000029, 7.69071228900015], [0.441017312000099, 7.69030111000012], [0.440637919000039, 7.6901009180001], [0.440328796000131, 7.68993780400007], [0.440238193000027, 7.68987105400009], [0.440082849000135, 7.68968142], [0.439949086000126, 7.68933738600015], [0.439928977000022, 7.68910871700012], [0.439585207000164, 7.68786546200005], [0.439517869000099, 7.68762193000015], [0.43929698, 7.687419895], [0.43922967400016, 7.68735833300008], [0.438969178000093, 7.68726145799997], [0.438803704000065, 7.68719992100011], [0.438538343000062, 7.68711770000016], [0.438319750000176, 7.68704997000009], [0.438005673000021, 7.68672090400003], [0.437635115000091, 7.68680306800007], [0.437369270000033, 7.68700354600014], [0.437241598000128, 7.68708110800014], [0.437118388000044, 7.68715595800012], [0.436820291000174, 7.68733624800012], [0.435319035000134, 7.68770488200005], [0.435178331000031, 7.68776047000006], [0.435004290000109, 7.6877610520001], [0.433875638000188, 7.68813135300007], [0.433472565000102, 7.68820986200012], [0.433103002000166, 7.68839574000003], [0.432697029000053, 7.68877034000013], [0.432560452000075, 7.68889636200009], [0.432230182000069, 7.68926675100005], [0.432119867000097, 7.68944369400003], [0.431958148000149, 7.68970308600001], [0.431859616000168, 7.68996985300015], [0.431818523000061, 7.69008110600004], [0.431782379000083, 7.69015806500011], [0.4314399860001, 7.69088708400011], [0.431030715000077, 7.69157655500004], [0.430659449000075, 7.69209400200015], [0.430422422000106, 7.69226014400004], [0.430302281000024, 7.69227019000016], [0.43021388700015, 7.69225846100016], [0.429750839, 7.69219702100003], [0.428753346000178, 7.69206466400004], [0.427736340000081, 7.69192311500012], [0.42760877600017, 7.69186991099997], [0.427492676000156, 7.69179402500009], [0.427320584000142, 7.69160630500005], [0.427197181000111, 7.69141551300004], [0.427125785000101, 7.69118254800003], [0.427008992000083, 7.69095419800016], [0.426872363000086, 7.69085369900012], [0.426790325000013, 7.69082815500013], [0.426630132000184, 7.69083971200013], [0.42638447500002, 7.69090391300017], [0.426188553000145, 7.69097070500004], [0.426091789000168, 7.69094898000009], [0.426003165999987, 7.69088313300006], [0.425804224000046, 7.69075422000014], [0.425643414000092, 7.69069968400004], [0.425164983, 7.69054970000008], [0.424964400000022, 7.69045048300012], [0.424860594000165, 7.69039913700016], [0.424697023000022, 7.69022605900005], [0.424610570000084, 7.68998245000006], [0.42452411700009, 7.68973884200017], [0.424456326000097, 7.68929261500006], [0.424325732000113, 7.68906706600018], [0.423987680000039, 7.68876228400018], [0.423683476000122, 7.68866683699997], [0.42340936700009, 7.68848310199996], [0.423083420000182, 7.68849520600008], [0.422757649000118, 7.68855967100018], [0.422517241000151, 7.6885411770001], [0.42205825100018, 7.68842143800003], [0.421830322000062, 7.68841668100009], [0.421602391000135, 7.68841192400015], [0.421058129000016, 7.68840270300018], [0.420754625000143, 7.68848564400002], [0.418974399000092, 7.68943064900014], [0.419010724000032, 7.69014949700011], [0.419148864000078, 7.69288319700019], [0.417389623000076, 7.69263409200005], [0.417044069999974, 7.69256633600014], [0.416673726000113, 7.69252070900018], [0.416305916000056, 7.69240617500014], [0.415868932000137, 7.692258799], [0.415590457000064, 7.69226151500004], [0.415167341000085, 7.69229418399999], [0.414336125000034, 7.69156110099999], [0.413277932000142, 7.69152876100003], [0.412576365000064, 7.69125319600005], [0.412285585000177, 7.69135840600001], [0.41187168700003, 7.69150858500012], [0.411525937000022, 7.69163477399997], [0.411212421000016, 7.69185230100015], [0.410358096000152, 7.69244505400007], [0.410097883, 7.69266849700017], [0.409977930000139, 7.69277149900017], [0.40977843200011, 7.69333856200006], [0.409261735000086, 7.69340495200009], [0.406266184000117, 7.69398800700009], [0.404878073000134, 7.69423463100009], [0.404111818000047, 7.69437076800006], [0.403579692000108, 7.69446530700014], [0.403058054000098, 7.69461858800014], [0.402555789000189, 7.69478282900013], [0.402133215000049, 7.69481728200003], [0.401688687000046, 7.69477196100013], [0.398623460000181, 7.69445944500001], [0.396945926000114, 7.69370581100003], [0.396743908000076, 7.69361505300014], [0.396422024000117, 7.69347044500006], [0.395718397000053, 7.69315433600013], [0.393599503000075, 7.69211536800015], [0.391489339999964, 7.69108066300004], [0.391329807000034, 7.69100243600008], [0.391185890000088, 7.69092298100014], [0.390784565000047, 7.69069554099997], [0.390629617000172, 7.69062163300009], [0.390402723000079, 7.69051213100011], [0.390247558999988, 7.69037208200012], [0.389998359000174, 7.69019926600004], [0.389854343000138, 7.69008949500011], [0.389505833000101, 7.68996109500017], [0.389157143000034, 7.68977757700009], [0.388644823000106, 7.68939891700018], [0.388055115000157, 7.68900948300012], [0.387477058000172, 7.68880465800009], [0.386779860000047, 7.68849273500018], [0.386359801000026, 7.68844999700002], [0.386119034000103, 7.6883212460001], [0.3857594750001, 7.68819287700006], [0.385388543000147, 7.68796533300002], [0.385191943000052, 7.68782541500002], [0.384843496999963, 7.68771630200013], [0.38452796200005, 7.68753267200003], [0.384320485000046, 7.68744652999999], [0.383670101000064, 7.68746530200013], [0.382974158000138, 7.68748538900013], [0.381955890000086, 7.68751477600017], [0.381517575000146, 7.68719850800011], [0.380779025000152, 7.68666560200006], [0.380696005000175, 7.68662177300007], [0.380532708000089, 7.68652859700018], [0.380313920000106, 7.68636118800009], [0.380011684000124, 7.68601766800009], [0.379784545000064, 7.68583099400013], [0.379322436000109, 7.68559822500009], [0.378783044000102, 7.68538774900009], [0.378321406000111, 7.68530104100006], [0.378000714, 7.68523041600014], [0.377655335000156, 7.6852149880001], [0.37745947500008, 7.68530380599998], [0.377313155000081, 7.68533459100013], [0.377210974000036, 7.68534594200014], [0.377108794000094, 7.6853572930001], [0.376799383, 7.68535828500018], [0.376567794000096, 7.68550509200014], [0.376369499000134, 7.68569588700001], [0.376285649000124, 7.68608700500005], [0.37621163700004, 7.68643222700001], [0.376249477000158, 7.687030144], [0.376347962000068, 7.68758652700012], [0.376451562999989, 7.68801612100015], [0.376671035000072, 7.68839573600002], [0.377067689000171, 7.68889053300001], [0.377375469000071, 7.68923954900015], [0.377504472000169, 7.68940724700013], [0.377633476000028, 7.68957494500017], [0.377927684000042, 7.68999841400012], [0.378163850000021, 7.69041380300013], [0.378186680000113, 7.69063971499997], [0.377847189000022, 7.69159435800003], [0.377303950000112, 7.69133438400019], [0.37716977700012, 7.69127017400018], [0.376926168000125, 7.69115359100005], [0.37631984, 7.6908634240001], [0.375889507000068, 7.69042142400014], [0.375548607000098, 7.69007128100003], [0.374867403000053, 7.68937160500002], [0.374128606999989, 7.68772040800013], [0.373646516000179, 7.68723001100011], [0.373464812000066, 7.68704517700013], [0.373223357000086, 7.68679956100004], [0.372847801999967, 7.68641753400016], [0.372517539000114, 7.68608157800003], [0.372234525000124, 7.68579368400003], [0.371859972000152, 7.68541267200015], [0.371129500000109, 7.68501072100003], [0.370495585000128, 7.68466189999998], [0.370673364000027, 7.68377580100014], [0.370731545000126, 7.68348580700012], [0.371403787000133, 7.68013512400012], [0.371392211000057, 7.67997118200003], [0.371363790000146, 7.67972323800012], [0.371296692999977, 7.67947541800004], [0.371140956000147, 7.67915346900014], [0.371024345000023, 7.67897194900002], [0.370985086000076, 7.678790182], [0.370912112000042, 7.67843214200008], [0.370773074000113, 7.67814872300016], [0.370581990000119, 7.67800326800011], [0.3696932040001, 7.67824311100014], [0.369525120000048, 7.67837868700013], [0.368932641000129, 7.67884081700004], [0.36778844100013, 7.67850737900017], [0.366943832000175, 7.67788456800002], [0.366749822000088, 7.67774150600013], [0.366408634000095, 7.67748991499997], [0.365921476000153, 7.67713068400019], [0.365688761000172, 7.67692472700014], [0.365389851000089, 7.67675205100005], [0.365032936000148, 7.67658231500002], [0.364606913000159, 7.67639901900014], [0.364364856000122, 7.67629506100008], [0.363666782999985, 7.67609816300012], [0.361794726000085, 7.67557012400005], [0.360597842000175, 7.67448530999997], [0.360420251000164, 7.67423783700002], [0.360251087, 7.67403443100005], [0.360148269000035, 7.67384459500016], [0.360089494000079, 7.67360501200017], [0.359956095000143, 7.67335464200005], [0.359656769000026, 7.67304967800004], [0.359370652000109, 7.67255450900018], [0.359090551000065, 7.67221365600017], [0.358898957000065, 7.67190559400007], [0.358388797000089, 7.67132294200019], [0.35818952700015, 7.67120782100017], [0.357890781000094, 7.67108474500009], [0.357580914000152, 7.67093965700013], [0.356811613000161, 7.67052593400012], [0.356219577000047, 7.67025771600015], [0.355837703000077, 7.67005497800005], [0.355602373000124, 7.66989311800018], [0.355339332000142, 7.66970378500002], [0.35509001500003, 7.66948684900001], [0.354774557000042, 7.66931972900005], [0.354204928000058, 7.66914789600014], [0.353955926000083, 7.66903017200002], [0.353689613000142, 7.66882788500004], [0.35354968900009, 7.66872160200006], [0.353078485000026, 7.668363683], [0.352275372000122, 7.66742459400001], [0.352880984000137, 7.66687234700009], [0.353424964000169, 7.66637630000014], [0.353806788000156, 7.66602812000014], [0.354317909000088, 7.66556203400012], [0.354041869000184, 7.66483654700005], [0.353858403000061, 7.66435435500011], [0.353118692000066, 7.66241022499997], [0.35374983700018, 7.65975700500002], [0.353602487000046, 7.65945982400007], [0.35346344200002, 7.65916812899997], [0.353227616000027, 7.65884642200007], [0.353066707000096, 7.65862920500012], [0.352955539000163, 7.65841734500003], [0.352902427, 7.65821908300012], [0.352879293000058, 7.65789119499999], [0.352895198000056, 7.65767893600014], [0.352836544000183, 7.65747517900007], [0.35279202300012, 7.65737334800008], [0.35274750300016, 7.65727151599998], [0.352445588000137, 7.65701615900008], [0.352124572000037, 7.65683527200014], [0.351554726000188, 7.65658902199999], [0.350983020000115, 7.6566106250001], [0.350140375000137, 7.65664246400019], [0.34979772700018, 7.65665540999998], [0.349527937000062, 7.65666560300002], [0.348850587000129, 7.65669119400013], [0.348382131000108, 7.65632678100008], [0.347776121000095, 7.65585536100014], [0.347550162000118, 7.65532989400009], [0.34744006700015, 7.65507386500013], [0.347130515000117, 7.6543539970001], [0.347797605000096, 7.65271992900006], [0.348151594000115, 7.65185281100008], [0.348276171000066, 7.65154765200015], [0.348490233000177, 7.651023291], [0.349014947000057, 7.65068230300005], [0.349530032000132, 7.65034757200016], [0.350329023000086, 7.64982834000017], [0.350181259000124, 7.64895791600009], [0.349282131000166, 7.64804051400006], [0.348709174000078, 7.64745590799998], [0.34832725900003, 7.64706622699998], [0.348110265000173, 7.64702005300006], [0.347764664000124, 7.64692467300017], [0.347523835000175, 7.6467655780001], [0.347266060000038, 7.64648803], [0.347199421000141, 7.64637937700019], [0.346900276000156, 7.64545793900015], [0.346633186000076, 7.64463523500012], [0.346947929000123, 7.64409398900011], [0.347138491000067, 7.64376628900015], [0.347556375000181, 7.64304767100003], [0.347407362000183, 7.64221583200003], [0.347287622000067, 7.64191029300008], [0.34717064400013, 7.64160474400012], [0.347045699000034, 7.64140119100006], [0.346796466000114, 7.64120353900006], [0.346516830000041, 7.64100046900012], [0.346157017000053, 7.64077560000004], [0.345454536000091, 7.64050770300003], [0.345249824, 7.64041326000012], [0.345045113000083, 7.6403188160001], [0.344782371000179, 7.64021766299999], [0.344605399999978, 7.64016033800016], [0.344400504000077, 7.64000664100013], [0.344128881000074, 7.63971535299999], [0.343906799000024, 7.63936603400015], [0.343848799, 7.63785719300012], [0.343831515000034, 7.63740757100004], [0.343804109000075, 7.63669460900019], [0.343750451000062, 7.63529869800004], [0.344026444000065, 7.63456243400009], [0.344125154000039, 7.63429910400015], [0.344209260000071, 7.63407473500013], [0.344409182000106, 7.63354139900002], [0.344632023000145, 7.63294692600016], [0.344791384000132, 7.63252179400013], [0.345095547000142, 7.63171036799997], [0.344959207000045, 7.62962589500006], [0.344431819000135, 7.62969367800008], [0.343937516000153, 7.62974206500013], [0.34347904700013, 7.62976553800019], [0.34326386400005, 7.62985439699997], [0.34144388500016, 7.62820370000009], [0.341398049000077, 7.62767745000008], [0.341351270000075, 7.62684804400004], [0.341360260000101, 7.62618658100007], [0.341341645000057, 7.62597442800001], [0.341161911000086, 7.62531323200005], [0.340995900000109, 7.62470251600013], [0.340897397000049, 7.62434014800016], [0.340745067000057, 7.62377975900006], [0.340340700000127, 7.62343375700004], [0.340058463000105, 7.62327753900007], [0.339666052000041, 7.62322363400017], [0.33932875000005, 7.62312546200002], [0.339029123000046, 7.62317410200012], [0.337364385000114, 7.62344433900006], [0.335933205, 7.61977502500002], [0.332030241000041, 7.61940025199999], [0.331825958000081, 7.61938063500008], [0.331826729000056, 7.6183433700001], [0.331827555000132, 7.61723424100012], [0.331903910000165, 7.61707126500011], [0.332074527000145, 7.61670708800011], [0.332274884000128, 7.6162903180001], [0.332376047000025, 7.61595377500004], [0.332497099000136, 7.61579631200004], [0.333157192000101, 7.61487653600017], [0.333492136000132, 7.61421406800008], [0.333512121000069, 7.61353052100009], [0.33348941100013, 7.61333215900004], [0.333397041000126, 7.61293833700012], [0.333274092000181, 7.61248122000006], [0.33314909600017, 7.61225561300012], [0.333148406000078, 7.61203238000002], [0.333305262000124, 7.61184173400005], [0.33214175300003, 7.60984997100019], [0.33199488200006, 7.60969608600016], [0.331781158000126, 7.60936051200014], [0.331579001000023, 7.609193017], [0.331398628999978, 7.60892348300013], [0.331060813000136, 7.60865443200015], [0.330756219000136, 7.60841008300008], [0.330387859000041, 7.60808876200002], [0.330287657000099, 7.60784102900004], [0.330286723000029, 7.60753787300001], [0.330396104999977, 7.60717925800009], [0.330585658000132, 7.60684244500004], [0.330789098000082, 7.60653039400006], [0.330830079, 7.60562490900003], [0.330629032000161, 7.60567928199998], [0.33009123800008, 7.60594826300013], [0.329810118000125, 7.60615031099996], [0.329620226000031, 7.60637688500009], [0.328787031000104, 7.60673182600004], [0.32870413500018, 7.60648110000005], [0.329270949000147, 7.6059728240001], [0.329572856000027, 7.60587601000009], [0.329515363000155, 7.60551182400019], [0.329718769000067, 7.60518874899998], [0.330446515000062, 7.60362798900019], [0.33176340100016, 7.60270484000011], [0.332099421000066, 7.60239238200018], [0.333081770000092, 7.60212986300002], [0.334519822000061, 7.60174555900005], [0.334654298000146, 7.60146403300018], [0.334844475000182, 7.60133116100002], [0.335257889000104, 7.60103775599998], [0.335728889000166, 7.60060912800009], [0.336320808000039, 7.59998169700009], [0.336747679999974, 7.59957525300007], [0.337011871000072, 7.59836731600001], [0.336977857000136, 7.59808631000004], [0.336943570000017, 7.59771711300016], [0.336851067000111, 7.59727919500017], [0.336705990000098, 7.59681112400006], [0.336647569000149, 7.59667626000009], [0.336592047000181, 7.59658548300013], [0.336254180000026, 7.59629714300007], [0.336107577000064, 7.59622869399999], [0.335996472000033, 7.59602784800006], [0.335882325000057, 7.59573606400011], [0.335757624000166, 7.59560415999999], [0.335544765, 7.59554693899997], [0.335273776000065, 7.59544855600012], [0.33511896400006, 7.59540493500015], [0.335027637000053, 7.5953473400001], [0.334902826000132, 7.59517960800008], [0.333963240000173, 7.59474551200003], [0.333196182000108, 7.59439112199999], [0.332764906000136, 7.59395613900017], [0.331780018000188, 7.59400967800008], [0.331445119000136, 7.59402788300008], [0.330387404000078, 7.5940853780001], [0.330086780000101, 7.59372543000018], [0.329115689000105, 7.59230630600018], [0.329092281000101, 7.59187919700008], [0.328709366000169, 7.59130987700007], [0.328417206000154, 7.59151195700008], [0.328238704000114, 7.59184873500004], [0.32803793700009, 7.59213046000002], [0.32800540900007, 7.59233174800016], [0.327882080999984, 7.59264630800004], [0.327714110000045, 7.59281493800017], [0.327705342000058, 7.59309221300009], [0.327480156000036, 7.59308298400015], [0.326176199000088, 7.59210031600003], [0.325572947000069, 7.59173560800002], [0.325247329000149, 7.59183581600013], [0.323855901000115, 7.59212851300015], [0.322563010000181, 7.59107230900014], [0.32231707700015, 7.59103723000015], [0.322123497000121, 7.5909606510001], [0.321562119000021, 7.59073912100007], [0.321326721000105, 7.59053589100017], [0.321190543000057, 7.59039728400012], [0.321010863000083, 7.59021439800011], [0.32088619200016, 7.5900907570001], [0.3207971920001, 7.58988983800009], [0.320650013999966, 7.5896312210001], [0.319967087000066, 7.58918221400018], [0.320806425000058, 7.58929451200004], [0.321989216000134, 7.58959596800008], [0.321004195000057, 7.58802890400011], [0.321116412000038, 7.58769233000015], [0.32115989100015, 7.58745793800011], [0.321236479000106, 7.58721242000007], [0.321326735000127, 7.58692001000003], [0.321403728000178, 7.58680677899997], [0.321504897000125, 7.58647023900005], [0.321504350000168, 7.58629110000004], [0.321570260000101, 7.58616688000006], [0.32169380300013, 7.58592122000016], [0.322118330000137, 7.58564984100019], [0.322611538000103, 7.58525698900019], [0.322903284000063, 7.58491986899998], [0.323125981000146, 7.58458295899999], [0.323261017000107, 7.58448333200005], [0.323531518000038, 7.58442463300008], [0.324992263000183, 7.58520564900005], [0.325102708000145, 7.58392430200013], [0.324425279000138, 7.58314863900017], [0.3243119280001, 7.58311315599997], [0.324132229000043, 7.58305858400007], [0.323896633000118, 7.58278921200002], [0.323705508000046, 7.58261065199997], [0.323570035999978, 7.58256696800009], [0.323411885000155, 7.58233318800012], [0.321669788000179, 7.58110364400017], [0.321201436000138, 7.57994714400007], [0.321116480000057, 7.57973736100018], [0.321027491000052, 7.57951761900011], [0.320979635000185, 7.57939944900011], [0.320673541000076, 7.57864360600018], [0.321771489000128, 7.57879119100005], [0.322166301000095, 7.57874038500012], [0.322412117000056, 7.57873963800017], [0.322553668000126, 7.57869310400002], [0.32279289100012, 7.57861446100003], [0.322985961000086, 7.57852568200002], [0.323443860000054, 7.57833137000011], [0.323703486000056, 7.57833058100016], [0.323861196000109, 7.57842105000009], [0.324993125000049, 7.57826051600011], [0.32524971100014, 7.5781687870001], [0.325453860000096, 7.57809099700006], [0.325666600000091, 7.57811239800014], [0.325970627000117, 7.57818037200008], [0.326249721000124, 7.5782236180001], [0.326473508000049, 7.57824498400009], [0.326755061000028, 7.57818900600006], [0.326945771000169, 7.57823252200012], [0.327663691000055, 7.57768532000011], [0.327431851000028, 7.57641759100011], [0.327329335000115, 7.57620522900015], [0.327115992000131, 7.57609334500012], [0.327104186000042, 7.57584534000011], [0.327169486000116, 7.57552268899997], [0.327032843000097, 7.57522989300008], [0.327270954000142, 7.57528536300009], [0.327574422000055, 7.57517144300004], [0.327819864999981, 7.57504943100008], [0.328029587000117, 7.57498815900016], [0.328352144000064, 7.57479425600019], [0.328627993000055, 7.57468041900012], [0.328754941000113, 7.57464696000011], [0.328823745000136, 7.57456682600002], [0.328881423999974, 7.57446192200007], [0.328869811000175, 7.57427730500012], [0.329112060000057, 7.57401474599999], [0.329355009000039, 7.57398093300014], [0.330309635000106, 7.57365005500014], [0.330195795000122, 7.57345472700013], [0.329966335000165, 7.573383772], [0.329573997000182, 7.57333811700005], [0.32899911700008, 7.57321033800008], [0.328722704000029, 7.57313952600009], [0.328263817000163, 7.57300863600005], [0.327992777000077, 7.57288819800004], [0.327823641000123, 7.57267374600008], [0.327756537000084, 7.57240661800017], [0.327788238000153, 7.57193524500019], [0.327754269000081, 7.57166526000015], [0.327887411000063, 7.57094829400012], [0.327995354000052, 7.57005289300002], [0.327310055999988, 7.57001025500006], [0.327345447000027, 7.56984203100018], [0.327187435999974, 7.56965234800003], [0.326930410000045, 7.56959801000016], [0.326604605000171, 7.56963207300004], [0.326347511000051, 7.56955568800004], [0.325998820000052, 7.56933075600006], [0.325437124000132, 7.56899623099997], [0.325008246000152, 7.5687412260001], [0.324371048000046, 7.56859955800013], [0.324311042000033, 7.56834923600019], [0.324164425000049, 7.56827251300018], [0.323973441000078, 7.56813804800015], [0.32364917200016, 7.56776972800003], [0.323322242000131, 7.56743448700007], [0.323219883000093, 7.56737967800007], [0.322996068000123, 7.56734728400005], [0.32277197600007, 7.56722394399998], [0.322511434000148, 7.56692157300012], [0.322408975000144, 7.56683369100011], [0.322212473000036, 7.56655600200014], [0.322373608000134, 7.56610345600018], [0.322508396000103, 7.56592390700018], [0.322610073000078, 7.56575548199999], [0.32256254300006, 7.56556546200011], [0.322484295000152, 7.56526529400014], [0.322560914000178, 7.56503080099998], [0.322651201000099, 7.56474941400006], [0.322738524000101, 7.56440189200009], [0.323599543000057, 7.56326656100003], [0.323825404000161, 7.56306468700001], [0.324081368, 7.56277177400005], [0.32445042400002, 7.56254662400005], [0.324841393000099, 7.56203085700008], [0.325122424000028, 7.56180676700006], [0.325425716000041, 7.56163772999997], [0.325839551000115, 7.56149040400004], [0.326154159000055, 7.56140952400011], [0.326377894000132, 7.56131121500005], [0.326589953000052, 7.56121803600007], [0.32685748300014, 7.56109595800012], [0.327340641000148, 7.56103936900013], [0.328482745000144, 7.56060871300002], [0.32874967500004, 7.559386991], [0.328412249000166, 7.55923092600017], [0.328141419000133, 7.55917663000014], [0.327961900000105, 7.55917717700009], [0.32778279200005, 7.55931276600018], [0.32762543399997, 7.55933529200007], [0.327456717000132, 7.55925588100018], [0.327276961000052, 7.55917926000018], [0.327097029000072, 7.55904476300014], [0.326963880000164, 7.55885500200014], [0.326882894, 7.55856311200017], [0.32677105800002, 7.55811698000002], [0.326733985000033, 7.55773400700002], [0.326812514000039, 7.55722115200012], [0.326686478000113, 7.55688028399999], [0.327100421000182, 7.55653678700008], [0.327363021000053, 7.55521597600017], [0.327166467000097, 7.55492370100001], [0.32648853500018, 7.55422911400001], [0.326341067000044, 7.55387128000007], [0.326138908000075, 7.55369275400005], [0.325936993000028, 7.55359415000009], [0.325988043000166, 7.55346291900014], [0.325198700000101, 7.55329942000003], [0.324549769000157, 7.55319958400008], [0.324550632000125, 7.55180695000018], [0.324708088000023, 7.55181749700006], [0.324909801000103, 7.55184995700006], [0.325180256000181, 7.55178299400012], [0.325257511000075, 7.55175795500008], [0.325334917000077, 7.55178252400009], [0.325696982000125, 7.55186961800001], [0.325840596000091, 7.55186918200019], [0.325997641000072, 7.55174468600018], [0.326210064000122, 7.55166687300004], [0.326427373000058, 7.55160592500016], [0.326582698000038, 7.55159684100011], [0.326957111000013, 7.55043363200002], [0.327123616000051, 7.54896815900003], [0.327143566000075, 7.54804540300006], [0.326996823000115, 7.5479245840001], [0.326794356000164, 7.54764408600016], [0.326749756000027, 7.54750917600001], [0.326749110000151, 7.54729696600003], [0.326837007000051, 7.54713960700008], [0.327038003000155, 7.54693780800017], [0.327139676000115, 7.54676938300003], [0.327117104000024, 7.54661235900016], [0.32699244600002, 7.54648871700005], [0.326812730000086, 7.54642311900011], [0.326622168000142, 7.54642369700002], [0.326509238000028, 7.54652325600017], [0.326318919000187, 7.54660375700013], [0.326172336000184, 7.54653530200011], [0.32605065000007, 7.54648055100006], [0.325947818000088, 7.54626865000006], [0.325823260999982, 7.54617807900013], [0.32554323200003, 7.54582064800013], [0.325161161000096, 7.54551037600004], [0.32492596600008, 7.54536502100018], [0.324577440000041, 7.54518693500017], [0.32414036900002, 7.54495399800015], [0.323791734000054, 7.54474008500011], [0.323464899000101, 7.54442964500004], [0.323395303000041, 7.54424795900007], [0.323317538000083, 7.54410488100018], [0.323170512000161, 7.54389035700018], [0.323059497000145, 7.54371155200005], [0.323081826000134, 7.54015071800012], [0.322789392000061, 7.54025357500018], [0.322510590000093, 7.54029851299998], [0.321814466000035, 7.54024549600013], [0.321482434000131, 7.54015319900003], [0.321181290000084, 7.53909263800011], [0.320866419000026, 7.53908256400018], [0.320720524000137, 7.53924009800011], [0.320464192000088, 7.53940898800005], [0.320216070000129, 7.53955305000005], [0.319835427000157, 7.53971129000018], [0.319623083000181, 7.53981390300004], [0.319455125000161, 7.53998252700012], [0.319215297000028, 7.54012931800014], [0.319058011000152, 7.54017388900019], [0.318787260000022, 7.54014163300013], [0.318552138000143, 7.54001832000017], [0.318350190000103, 7.53990593200012], [0.318159054000091, 7.53971634300012], [0.318078422000042, 7.53953744500006], [0.318066258000101, 7.5391681750001], [0.318178947000092, 7.53898869400007], [0.318423858000187, 7.53869581900005], [0.318715551000082, 7.53834768200016], [0.31687858100014, 7.53707701700006], [0.315676802000098, 7.53624571500006], [0.315519102000167, 7.53615248400007], [0.315338859000121, 7.5359104960001], [0.315219607000188, 7.53574549300004], [0.31503133700005, 7.53558896500004], [0.314942987000052, 7.53559749800013], [0.314780328000154, 7.53569169200011], [0.314739850000024, 7.53600599900011], [0.314749439000025, 7.53643866600009], [0.314783926000075, 7.53688503800009], [0.314507933000073, 7.53791690000003], [0.314204837000034, 7.53905009199997], [0.313782451000122, 7.53906254600014], [0.313133941000103, 7.53922985300005], [0.312653640000065, 7.53931121800008], [0.312258877000147, 7.53936752200013], [0.312046339000176, 7.53940674400019], [0.31187522700003, 7.53944584100014], [0.31163771700011, 7.539446553], [0.310978306000152, 7.53964551600006], [0.310191302000078, 7.53969617200016], [0.309893365, 7.53980730500001], [0.309694751000109, 7.53988506800016], [0.309515238000074, 7.53988560500011], [0.309255609, 7.53987811400009], [0.309003984000071, 7.53977689400011], [0.308567197000059, 7.53963488700015], [0.30829658000016, 7.53964671900007], [0.307652178000126, 7.53965546600017], [0.307272178000119, 7.5406391950001], [0.306998656000076, 7.54060418400013], [0.306574133000026, 7.53994676000013], [0.305791410000154, 7.53897764900012], [0.305721186000028, 7.53917210600014], [0.305733009000051, 7.53943113700018], [0.30565068500016, 7.53960776900004], [0.305489958000123, 7.53974772700008], [0.305063208000149, 7.53986858700011], [0.304814725000085, 7.53989413200003], [0.304458525000086, 7.53991724300005], [0.304187874000036, 7.53991804900011], [0.303881072000024, 7.53983628200001], [0.303798637000057, 7.53898577300009], [0.303700256000184, 7.53797072800006], [0.303875012000049, 7.53781061700005], [0.304180749000068, 7.53753685900011], [0.304346066000107, 7.53740683300003], [0.304439297000101, 7.53718331699997], [0.304557202000183, 7.53689909400003], [0.304732757000068, 7.53649894600011], [0.304991411000174, 7.53618123100006], [0.305261458000189, 7.53597923600012], [0.30548759800007, 7.53587107700014], [0.305722279000065, 7.53584832900003], [0.306111888000032, 7.53591606800001], [0.306335942000089, 7.53603390800004], [0.306858437000074, 7.53594809300012], [0.309202757000094, 7.53476959300014], [0.309600237000097, 7.53416384000019], [0.310013649000041, 7.53388148900018], [0.310275913000055, 7.53379013600016], [0.310308116000158, 7.533536105], [0.30995299600005, 7.53299698600011], [0.309528116000081, 7.5331388140001], [0.309315787000173, 7.5332469330001], [0.309078380000187, 7.53328071500005], [0.308855037000058, 7.53339989200003], [0.30846563700004, 7.53340105500001], [0.308299869000166, 7.53337950200012], [0.308180686000128, 7.53323654500008], [0.308133240000132, 7.53307132400005], [0.30814652000015, 7.5328948990001], [0.308333861000108, 7.53274275800004], [0.308488236000187, 7.53264859200004], [0.308675073000131, 7.5323283350001], [0.308908792000182, 7.531985889], [0.309027263000132, 7.53189183000012], [0.309239880000064, 7.53188017100013], [0.309513388000084, 7.53191242500014], [0.310270341000148, 7.53193528200018], [0.311221957000157, 7.5316013960001], [0.311336309000012, 7.53143792000003], [0.3115271960001, 7.53116503100011], [0.311912067000094, 7.53057684500016], [0.31197716600002, 7.53044182400004], [0.311614508000048, 7.52897372900003], [0.311531235000189, 7.52883342100012], [0.31125722600018, 7.52863305100004], [0.311209855000072, 7.52849263600007], [0.311197501000095, 7.52805722100004], [0.310939286000121, 7.52666154500002], [0.311638945000027, 7.52607707300012], [0.311875951000104, 7.52591100200016], [0.311980257000187, 7.52569847700011], [0.311946057000057, 7.52534580800011], [0.311931892000189, 7.52522734100017], [0.311873434000177, 7.52507317900006], [0.311861683000188, 7.52483895099999], [0.311894293000023, 7.52466246899996], [0.311326169999973, 7.5240027210001], [0.311091819000069, 7.52413295600013], [0.31072557900012, 7.52448682100004], [0.310538357000098, 7.52467754700018], [0.310373469000126, 7.5249481300001], [0.310103397000148, 7.52513910300019], [0.309926751000091, 7.525172704], [0.309491336000065, 7.52548267900016], [0.309135784000148, 7.52571800300012], [0.308876263000059, 7.52574358200019], [0.308793554000033, 7.52579068200015], [0.308464917000151, 7.52579166200007], [0.307904683000118, 7.52598723500017], [0.307531229000176, 7.52571176700013], [0.307259983000108, 7.52551138600012], [0.307080369000175, 7.52547609200008], [0.307000075000076, 7.52540743100013], [0.306856147000076, 7.52530037500003], [0.306657200000018, 7.52526513900011], [0.306538103000037, 7.52514974100018], [0.306408057000112, 7.52506744800019], [0.306407562000174, 7.5249020870001], [0.306335405000141, 7.5247837930001], [0.306324004000032, 7.52466531800013], [0.306370457000014, 7.52449981800009], [0.306122038000183, 7.52274337200009], [0.305762628000082, 7.52164086599998], [0.305596122000168, 7.52137127099996], [0.305407450000189, 7.52107693600004], [0.305287818000068, 7.52078239700012], [0.305522322000115, 7.51977850300017], [0.305897730000083, 7.51971950900008], [0.306074473000081, 7.51971898300008], [0.306452923000109, 7.51975368500007], [0.306914608, 7.51991767200008], [0.30781650300014, 7.52004721900005], [0.309119070000179, 7.52023431400016], [0.309265482, 7.52015595000006], [0.309358568000107, 7.51988558100015], [0.309358106000047, 7.51973124600011], [0.310086205000175, 7.51854393100018], [0.308427194000103, 7.51688428800009], [0.308545341000013, 7.51668274500003], [0.308898125000098, 7.51644743100007], [0.309350648000134, 7.51573265799999], [0.309410001000174, 7.51400681800004], [0.309564155000146, 7.51384099600017], [0.309610713999973, 7.51371132499997], [0.309585125000069, 7.51346611400004], [0.309349855000164, 7.51328767400003], [0.30913696600004, 7.5132056270001], [0.30891313799998, 7.51315944200007], [0.308711015000085, 7.51298365899999], [0.308439886000087, 7.51281910400019], [0.308216058000085, 7.51277291900016], [0.30809703000017, 7.51267956800018], [0.307956016000048, 7.51262211200003], [0.307742774000133, 7.51242155700004], [0.307576659000176, 7.51228149299999], [0.30712574800009, 7.51202376900017], [0.306641691000095, 7.51176338600004], [0.306287823000105, 7.51163490400006], [0.305862261000073, 7.51154246500016], [0.305530667000028, 7.51147455000012], [0.305284287000063, 7.51127409100013], [0.305093106000129, 7.51106244500005], [0.305069887000059, 7.51068493700006], [0.305068802000051, 7.51032114400005], [0.305244375000143, 7.50992926500004], [0.305430969000099, 7.5095290860001], [0.305559677000076, 7.50916490700007], [0.305749344000048, 7.50886944700011], [0.305925311000124, 7.50860985800006], [0.306112669000186, 7.50846598700014], [0.306407735000107, 7.50832455200009], [0.30699624600004, 7.50749874800016], [0.306818594000049, 7.50719335700018], [0.30646144200017, 7.50688849900018], [0.306153817000052, 7.50652286100012], [0.306070338000154, 7.50631089400008], [0.306469507000031, 7.50449661900018], [0.304734290999988, 7.50464194900013], [0.304406687000096, 7.50498466900007], [0.304288295000049, 7.50510353000004], [0.304263901000184, 7.50525794100008], [0.304018895000127, 7.50551773500007], [0.303760255000043, 7.50583544599999], [0.303523747000042, 7.50616687200005], [0.303253920000031, 7.50643776400011], [0.303117562000068, 7.50651429100014], [0.302829349000149, 7.50667604099999], [0.302569903000176, 7.50672366300006], [0.301625314999967, 7.50667960900012], [0.301340876000154, 7.50668045100002], [0.300976106000178, 7.5065988500001], [0.300682346000031, 7.50642412700012], [0.300430683000116, 7.50612918100006], [0.300476859000185, 7.50586997600004], [0.300865114000089, 7.50549125000015], [0.301300175999984, 7.50506553300016], [0.301498925000033, 7.50476705600005], [0.301583351999966, 7.50464026400005], [0.301805217000151, 7.50402776599998], [0.301850656000056, 7.50352052100004], [0.30182736800009, 7.50311820800005], [0.300168998, 7.5026325390001], [0.300091849000125, 7.50083031700001], [0.300229516000059, 7.50069210800007], [0.300461269000152, 7.50061976500001], [0.300624133000099, 7.50059723600003], [0.30073966599997, 7.50044531200007], [0.30071674800007, 7.50016701900006], [0.300506604000077, 7.50007669200011], [0.300343502999965, 7.50001929700005], [0.300227381000127, 7.49997278700016], [0.300053333000108, 7.4999484970001], [0.299842804000036, 7.4997286360001], [0.299668355000051, 7.49956930100012], [0.299493653000184, 7.49932453000008], [0.299708262000081, 7.49842798200012], [0.299898222000024, 7.49818785600013], [0.30044111300009, 7.49754959600011], [0.300835793000033, 7.49747677200014], [0.303460246000043, 7.49692733900002], [0.302937727000028, 7.49669059500019], [0.302237885000068, 7.49629304100011], [0.301941630000158, 7.49603209400016], [0.301714673000106, 7.49585913400006], [0.301382780000097, 7.49568648500002], [0.301070112000161, 7.49547795000012], [0.300774012000147, 7.49526936600006], [0.300320518000149, 7.49506400300004], [0.300004779, 7.49475074700007], [0.299672111, 7.49431627400008], [0.299571678000177, 7.49397206600003], [0.299570803000165, 7.49367717100006], [0.300021257000139, 7.49285729700006], [0.300211389000083, 7.4927189340001], [0.300453883000046, 7.49254458700017], [0.300715552000099, 7.49231781900005], [0.301029474000188, 7.492019239], [0.301271665000058, 7.49174291900005], [0.301480758000025, 7.49148047800014], [0.301707246000092, 7.49149634500009], [0.301756330999979, 7.49128674000008], [0.301985383000101, 7.49123645399999], [0.302322226000172, 7.49095642200012], [0.302206991000162, 7.49053852200018], [0.30210404900015, 7.49027975800004], [0.302051164000147, 7.49013935599999], [0.301876678000099, 7.48996624200004], [0.301961612000184, 7.48973999500009], [0.301839439000105, 7.48951436100009], [0.301960525000027, 7.48937344500013], [0.302134135000188, 7.48925166600009], [0.303292852000027, 7.4884152950001], [0.302899560000185, 7.48773308300014], [0.302301810000074, 7.48746403999996], [0.301757923000139, 7.48716921099998], [0.301567434000106, 7.48718631000008], [0.301288122000074, 7.48704933200014], [0.301078049000182, 7.48698105200015], [0.300818263000167, 7.48691016200013], [0.300611165000078, 7.48691353000009], [0.300299182000117, 7.48693374200013], [0.300056176999988, 7.48693445900011], [0.299777166000126, 7.48689945399997], [0.299566784000092, 7.48672644300012], [0.299497186000053, 7.48653648100003], [0.29711769700009, 7.48603756700015], [0.296118786000079, 7.48614680400004], [0.295895315000166, 7.48621636300004], [0.295633029000157, 7.48623367000016], [0.295406592000177, 7.48623433500012], [0.28040654800003, 7.48302740800005], [0.272382557000185, 7.47700941400007], [0.264041829000178, 7.4697244730001], [0.257601521000026, 7.46560689800003], [0.250105424000026, 7.46507900400002], [0.243559536000021, 7.46708500099999], [0.228567343000066, 7.45599922200017], [0.212730518000058, 7.44860870200012], [0.195943484000054, 7.44079586800007], [0.18264055200018, 7.43224398000018], [0.178945293000027, 7.422108412], [0.170287829000131, 7.41566810200004], [0.154767741000114, 7.41376768200018], [0.145054489000074, 7.41345094500002], [0.134602184000073, 7.41587925800013], [0.124068365000028, 7.40643539300004], [0.112076467000122, 7.41590788999997], [0.099765171, 7.42563198400006], [0.090965975000131, 7.42927399700005], [0.083240931000091, 7.44842890800015], [0.077105324000172, 7.48206119300016], [0.052234112000065, 7.52365894900009], [0.043039912000154, 7.53903443000013], [0.032290793000072, 7.55163686500003], [0.009443608000026, 7.57842026200018], [-0.006394863999958, 7.61021061100018], [-0.014290690999928, 7.6260571040001], [-0.015951797999946, 7.64059903900011], [-0.016831774999957, 7.64830250000006], [-0.015760562999958, 7.66329885200008], [-0.015194554999937, 7.6839855290001], [0.014471134000132, 7.69130161000015], [0.020016837000071, 7.69638391700011], [0.037311509000176, 7.71223211100005], [0.04210156400012, 7.73114815900004], [0.044392649000088, 7.74019492000008], [0.067254877000039, 7.76811812700004], [0.077841749000072, 7.79432234899997], [0.07660011300004, 7.83286701600002], [0.073618983000131, 7.83513304299998], [0.065356999000073, 7.83196143700013], [0.062736528000016, 7.83290218400009], [0.059879412000043, 7.83334012299997], [0.067760278000037, 7.85634442800011], [0.068203611000058, 7.86011429500019], [0.070653377000042, 7.88094378400012], [0.072856389000094, 7.89967237400003], [0.073427543000093, 7.90472405200001], [0.065025718000072, 7.94197863300008], [0.065659190000076, 7.95042494100011], [0.076396202000126, 7.95610698200011], [0.103667567000173, 7.97365228799998], [0.116374277000091, 7.99437460700011], [0.117012061000082, 8.00013282400005], [0.118648148000034, 8.01490298599998], [0.096336798000152, 8.03422681500007], [0.074291638000091, 8.05331734000015], [0.076291727000068, 8.06431997000016], [0.086450560000173, 8.07199592800004], [0.089676125000153, 8.07443302400003], [0.106110343000125, 8.07532221700018], [0.140439185000105, 8.06995441900011], [0.162369391000084, 8.08028692000016], [0.162474389000067, 8.08036600900004], [0.17294833200009, 8.08825508299998], [0.17312787200018, 8.08829880400015], [0.193926034000071, 8.09336274800012], [0.196999245000086, 8.10921552500002], [0.176561083000138, 8.11587237000003], [0.157301604000054, 8.13392097200017], [0.154577753000183, 8.14159002300011], [0.152444105000029, 8.14797424700004], [0.147711204000075, 8.15537221000011], [0.150322472000084, 8.15783417400007], [0.152488294000079, 8.16117105800015], [0.152555534000101, 8.16123767700003], [0.152762427000084, 8.16324136200018], [0.150775116000091, 8.16575885300006], [0.151854352000043, 8.16725529000013], [0.155506692000074, 8.16638802300002], [0.156554929000038, 8.16966274700007], [0.156808335, 8.17045438600013], [0.158106614000076, 8.17198048400013], [0.160259229000076, 8.17186718799996], [0.162585599000181, 8.17173795000014], [0.164337868000132, 8.17164059700013], [0.165169619000096, 8.17240516800007], [0.17555412400003, 8.18195049100018], [0.17660392300013, 8.18410538100011], [0.178523450000057, 8.18568556400004], [0.179746058000148, 8.191354021], [0.177933329000155, 8.19271356700006], [0.178321103000087, 8.19420327600011], [0.193899097000099, 8.19072113400011], [0.203065304000063, 8.19599864800017], [0.21305898900016, 8.19479570400011], [0.21980426600004, 8.20191374900014], [0.223203593000051, 8.20147555900007], [0.230769123000186, 8.20050022200013], [0.238325655000153, 8.20326042900018], [0.245776658000182, 8.2065592190001], [0.250571419000153, 8.20586991800013], [0.250860951000107, 8.20562800900012], [0.251052666000078, 8.2050489880001], [0.251534965000076, 8.20456546900016], [0.251650466000171, 8.20448082600018], [0.252096522000102, 8.204153937], [0.252206190000095, 8.20407356900012], [0.252789996000104, 8.20364573000018], [0.25351555300017, 8.20359527200009], [0.25373106800015, 8.20355804000019], [0.25473878400004, 8.20337392300013], [0.25486945300014, 8.20335004900011], [0.255449111000132, 8.20305903100001], [0.255980237000188, 8.20271996300005], [0.256049923000091, 8.20265278600004], [0.256693565000035, 8.20203231500017], [0.257234341000014, 8.20151100200007], [0.257341102000055, 8.20140396800014], [0.258055299000091, 8.20068793800004], [0.258343601000149, 8.20039889500003], [0.258921757000053, 8.19986605400004], [0.259043356000063, 8.19977279600016], [0.260178313999972, 8.1989023540001], [0.260563468000043, 8.1986084880001], [0.261396096000055, 8.19788748600013], [0.262207306, 8.19718502699999], [0.262468252000133, 8.19701529899999], [0.263276149999967, 8.19648981300003], [0.263564801000143, 8.19628684200006], [0.263666284000124, 8.19623742600004], [0.264518457000179, 8.19582246900006], [0.265415135000126, 8.19564663800003], [0.266514594000057, 8.1955278420001], [0.267257863000168, 8.19568322700007], [0.267500380000115, 8.19607264100017], [0.267587988000059, 8.19659103800018], [0.267473993000124, 8.196880147], [0.267336523000097, 8.19707932300014], [0.267214694000074, 8.197255837], [0.26678210200015, 8.19774741700019], [0.266349510000055, 8.19823899699998], [0.266238358000123, 8.19833187600011], [0.2658299040001, 8.19867317700005], [0.265695221000044, 8.19884876300017], [0.265541660000054, 8.19904895700006], [0.265493301000049, 8.1992632840001], [0.265456017000133, 8.19942410099998], [0.265460175000101, 8.19953421400015], [0.265470191000077, 8.19979945400007], [0.26548625900017, 8.19990381999997], [0.265548744000057, 8.20030967399998], [0.265604793000023, 8.20048092000013], [0.265662410000061, 8.20065473800014], [0.265681918999974, 8.20073205800014], [0.265762372000154, 8.200967875], [0.265906026000152, 8.20127236400009], [0.2659506440001, 8.20136217900011], [0.265996420000022, 8.20146456300006], [0.266393353000069, 8.20211369600003], [0.266620266000075, 8.20223442500003], [0.266853465000111, 8.20234768000006], [0.267255711000189, 8.20243126800005], [0.267655699000045, 8.20251682399999], [0.267873887000178, 8.20240865500006], [0.26808290300005, 8.2020249150001], [0.268218078000132, 8.20190873800016], [0.268370218000143, 8.2019082600001], [0.268652989000145, 8.20210304500017], [0.268817067000043, 8.20237812800008], [0.268903893000129, 8.20271684000005], [0.26902761600013, 8.20307511800019], [0.269266014000152, 8.20350942400006], [0.269663320000177, 8.2036211680001], [0.270060626000031, 8.20373291099997], [0.270322858000043, 8.20399252500016], [0.27059398900002, 8.20425063300002], [0.271258946000046, 8.20415600500019], [0.271644855999966, 8.20434801300007], [0.271921352000106, 8.20430855700005], [0.27202601099998, 8.20416491500004], [0.272032250000052, 8.20393135799998], [0.272047664000127, 8.20335423300008], [0.272072979000143, 8.202406451], [0.272092065000152, 8.20231546700012], [0.272364544000027, 8.20101651600004], [0.272385481000072, 8.20064163600011], [0.272406419000049, 8.20026675700007], [0.272782771999971, 8.19944428700006], [0.273477967000076, 8.19885231200004], [0.273679685000047, 8.19878553199999], [0.273881403000019, 8.19871875200016], [0.275213394000048, 8.1991775460001], [0.275759335000146, 8.19905869100012], [0.276305277000063, 8.19893983500009], [0.277004004000048, 8.19859037000003], [0.277484292000167, 8.19826915600009], [0.277964581, 8.19794794100005], [0.278893592000031, 8.19695009000003], [0.279157097000109, 8.19630986800018], [0.279017594000038, 8.1959354980001], [0.278684094000141, 8.19544599099999], [0.278414918000067, 8.195176758], [0.277492886000175, 8.19489305700012], [0.277012864000028, 8.19529694900012], [0.276977004000116, 8.19619551100004], [0.27692223400004, 8.19636931100001], [0.27671542500002, 8.19657390800018], [0.276295162000167, 8.19663449100011], [0.275874899000144, 8.19669507400005], [0.275155327000107, 8.19657884200006], [0.274814734000074, 8.19646692300012], [0.274326631000122, 8.19607160400017], [0.274248566000153, 8.19587893200003], [0.274319394000145, 8.19553558900014], [0.274390221000033, 8.19519224600009], [0.274772511000037, 8.19449928700004], [0.275034787999971, 8.1939059230001], [0.27529706700011, 8.19331255800017], [0.275602824000089, 8.19290921900006], [0.275737932000084, 8.19277375000013], [0.276432642000032, 8.19246839600009], [0.277127350000114, 8.19216304000008], [0.277587277000066, 8.19153046500003], [0.277653787000077, 8.19115945900006], [0.277484447000063, 8.19094514600005], [0.277321914000026, 8.19072104800011], [0.276806755000166, 8.1905132230001], [0.276148549000027, 8.1901198220001], [0.276085545000171, 8.18987887300017], [0.275617466000085, 8.18881929999998], [0.275546157000122, 8.18814155300015], [0.275474848000158, 8.18746380800008], [0.276664332000166, 8.187049409], [0.277703614000188, 8.18810993000011], [0.278587422000101, 8.18855635699998], [0.279123918000096, 8.18851607400012], [0.279561097000112, 8.18855878400012], [0.280104110000025, 8.18882714900019], [0.280886732000113, 8.18876954800015], [0.281120175000183, 8.18867785999998], [0.281353616000047, 8.18858617200004], [0.281582707000041, 8.18843111100011], [0.281755621000173, 8.18800889800008], [0.281926509000073, 8.187818193], [0.282019612000056, 8.18752300900013], [0.282425570999976, 8.18731777700003], [0.282751966000092, 8.18731674200018], [0.282904470000119, 8.18743200800014], [0.282963228000142, 8.18764127500015], [0.282875348000175, 8.18783998400016], [0.282491474000039, 8.18803136500009], [0.282370542000137, 8.18827427500008], [0.282484567999973, 8.18846683100003], [0.282620476000034, 8.18858215000006], [0.283110609000175, 8.18874870700012], [0.283723084000144, 8.18911330500009], [0.284140760000071, 8.18911197700015], [0.284291188000054, 8.18901090600002], [0.284732523000116, 8.18819235600017], [0.28612868100015, 8.18753750400015], [0.286260068999979, 8.18753708500003], [0.286972832000117, 8.18726059600016], [0.287685593000162, 8.18698410500014], [0.288069047000135, 8.1866631900001], [0.288529250000067, 8.1861243080001], [0.289421425000114, 8.18487025400009], [0.290349199000104, 8.18436570500018], [0.290918939, 8.18391466300017], [0.291488675999972, 8.18346362100016], [0.292154129000096, 8.18310183900007], [0.293344570000045, 8.18342461200001], [0.293867393000085, 8.18386527000007], [0.294390216000068, 8.18430592800013], [0.29553436700013, 8.1844262780001], [0.295956088000139, 8.18439460999997], [0.296622798000044, 8.18442278600003], [0.297289508000176, 8.18445096200003], [0.298293012000045, 8.18512846000016], [0.298975336000183, 8.18485342600013], [0.299103609000042, 8.18474553200008], [0.299231881000026, 8.18463763700009], [0.29955669900005, 8.18415154400014], [0.299508346000096, 8.18374106200008], [0.299145274000068, 8.1826646510001], [0.299241456000175, 8.18247004699998], [0.299337637000065, 8.18227544300009], [0.299715972, 8.18208682200003], [0.301069952000148, 8.18251514899998], [0.301663435000137, 8.18214118500015], [0.30204006800011, 8.18228052500012], [0.30222539000016, 8.18227992700008], [0.302410712000039, 8.18227933000014], [0.303037091000078, 8.18096272200006], [0.303481333000093, 8.18062781900016], [0.303685953000127, 8.18060786800004], [0.3038220520001, 8.18078105400014], [0.303522036000174, 8.18123675300012], [0.303765954000085, 8.18139305600016], [0.305540947000168, 8.18199914700011], [0.305748396000183, 8.18199847600016], [0.305955846000074, 8.18199780600008], [0.306377680000026, 8.18157753900005], [0.307189274, 8.18108160000014], [0.30771951800017, 8.1808263370001], [0.307982117000165, 8.18077312400004], [0.308105050000108, 8.18072587500012], [0.308805487000086, 8.17964878900017], [0.308994591999976, 8.17741586000005], [0.309206879000044, 8.17720296500011], [0.309248459000116, 8.17696336099999], [0.309778584000185, 8.17609322300012], [0.310083356000177, 8.17540325000016], [0.310417980000182, 8.17487876600012], [0.310842136000076, 8.17439180700006], [0.31149023800009, 8.17340338700018], [0.311640393000175, 8.17279934800018], [0.31187328600015, 8.17086988700015], [0.312047262000135, 8.17034248300001], [0.313811930000156, 8.16949619600007], [0.314760479000029, 8.16860019100011], [0.316496235000102, 8.16737642300012], [0.317289693000021, 8.16642304300012], [0.313274959000012, 8.15074098400009], [0.313252402000046, 8.15060877200017], [0.313229845000023, 8.15047655899997], [0.313492310000186, 8.14869261299998], [0.313489794000134, 8.14792095600018], [0.313294, 8.14724913900011], [0.313098205000131, 8.14657732200004], [0.312018056000056, 8.14356856500007], [0.311766295999973, 8.14312015900009], [0.311514536000118, 8.14267175300012], [0.311260767000022, 8.14203043700013], [0.311010697000086, 8.14167572700012], [0.310511380999969, 8.14121985200012], [0.310125201000176, 8.14068368700009], [0.309797049000053, 8.14013079900019], [0.309468897000045, 8.13957791100006], [0.308544564000044, 8.13854740799997], [0.308372046000159, 8.13822551800018], [0.308177383000157, 8.13789818700019], [0.307969483000022, 8.13775279000015], [0.307626297000184, 8.1376794840001], [0.307388161000063, 8.13759205999997], [0.307290996000063, 8.13747937900018], [0.307176611000102, 8.13717383600004], [0.307077883000147, 8.13657886800019], [0.306921827000167, 8.13621558400013], [0.306045767000171, 8.13471365000004], [0.306013775000167, 8.13422870400007], [0.306110198000056, 8.13411264400003], [0.306024857000011, 8.13337983399998], [0.305069939000077, 8.13229154300012], [0.305045028000052, 8.13185756000019], [0.305020117000026, 8.13142357600015], [0.304908422000096, 8.13109321999997], [0.304583461000163, 8.13066708900016], [0.304004506000126, 8.13037957100016], [0.303549721000081, 8.13000346300015], [0.303443960000095, 8.12979710500014], [0.303365285000098, 8.12941427900006], [0.303026250000187, 8.12891102499998], [0.302595420000046, 8.12867263699997], [0.302164591, 8.12843424800008], [0.301670425000168, 8.12785156600017], [0.301362819000133, 8.12765963400011], [0.300879684000051, 8.12749582100014], [0.300396549000084, 8.12733200800017], [0.295963849000145, 8.12494846300007], [0.294299739000166, 8.12347380500006], [0.291633394000087, 8.11992707300004], [0.28975417800018, 8.11920793300004], [0.289314816000058, 8.11831528700009], [0.288776204000101, 8.11809513600008], [0.288579691000109, 8.11804615100004], [0.288384414000177, 8.11799267500004], [0.288131025999974, 8.11784638300003], [0.287682247000077, 8.11761078900008], [0.287218624000161, 8.11735977400002], [0.28689582100003, 8.11758549500013], [0.286599082000066, 8.11729165800006], [0.284903439, 8.11561258500012], [0.283720507, 8.11570053600002], [0.279837510000164, 8.11718663100015], [0.276542496000047, 8.1175338590001], [0.274719851000157, 8.11577091200019], [0.273323635000054, 8.11522783900011], [0.272980543000131, 8.11362869800001], [0.272004922000121, 8.11245264000007], [0.268497456000148, 8.11242146300003], [0.267820948000121, 8.11229723500009], [0.267482627000106, 8.11221406600004], [0.267103543000189, 8.11171363400001], [0.266666451000106, 8.11167267799999], [0.266515484000138, 8.11166082000011], [0.266288169000063, 8.11165326000003], [0.265867934000028, 8.11169590500009], [0.265673026000059, 8.11171718100007], [0.265478119000022, 8.11173845600013], [0.26530261400012, 8.11177345100009], [0.263680216000182, 8.11076565400009], [0.263192407000076, 8.11131009900009], [0.262619378000181, 8.11113273500018], [0.262367402000109, 8.11103429800011], [0.261917732000029, 8.11050653800015], [0.261624060000088, 8.11033933200002], [0.26090994600014, 8.11014862100012], [0.26071306800003, 8.10998111400005], [0.260490957, 8.10970344400016], [0.260266038000168, 8.1094120030001], [0.25984462800011, 8.10907707300009], [0.259620019000067, 8.10888484600008], [0.25947710700018, 8.10828447800014], [0.259421059000147, 8.10804763400012], [0.259251795000182, 8.10786626000004], [0.258917345000043, 8.1079251700001], [0.25609882100008, 8.10779330600019], [0.255691945000137, 8.10768431900016], [0.255559199000174, 8.10768472800009], [0.253168685000105, 8.10823501600015], [0.252944676000141, 8.10823570600002], [0.252706838000165, 8.10823643600008], [0.252062201, 8.10815298000011], [0.251750418000086, 8.10807142400012], [0.251519048000091, 8.10811034000011], [0.251335040000185, 8.108213089], [0.251070100999982, 8.1083930420001], [0.250728309000124, 8.10853809300011], [0.248425784000119, 8.10870431000006], [0.247929392000117, 8.10871409800018], [0.247281573000066, 8.10849559900015], [0.246811191000063, 8.1084198690001], [0.246526093000057, 8.10834081700011], [0.24616312600017, 8.10812144500005], [0.24572006000011, 8.10793538900015], [0.245437491000075, 8.10777915900019], [0.245153949000041, 8.10775659900008], [0.244870408000111, 8.1077340380001], [0.244302425000114, 8.10784601300003], [0.243734442000118, 8.10795798700008], [0.243364074, 8.10802939600018], [0.242993705, 8.10810080300013], [0.242413030000023, 8.10813288900016], [0.242270604000169, 8.10813332300017], [0.242128178000087, 8.10813375700002], [0.241842464000058, 8.10785351300012], [0.241756224000028, 8.10768841400005], [0.241669984000168, 8.10752331500015], [0.241558593000093, 8.10727285600012], [0.241400424000062, 8.10709970800002], [0.241399799000135, 8.10689576400017], [0.241438205000122, 8.10679367400007], [0.241476609000074, 8.10669158500008], [0.24173041500012, 8.10648686600013], [0.241901540000185, 8.10637610400016], [0.24228037000006, 8.10635841400011], [0.242514672000084, 8.10610690200008], [0.242831560000184, 8.10573111600007], [0.242980370000055, 8.10555841199999], [0.243129181000029, 8.10538570700004], [0.243490171000076, 8.10496293400013], [0.24388177000003, 8.10460070100009], [0.244070798000052, 8.1044664580001], [0.244259826000075, 8.10433221400018], [0.244401790000097, 8.10418157800012], [0.244543753000187, 8.10403094100019], [0.244889207000028, 8.10395271900012], [0.245187884000131, 8.10395180800015], [0.245338605000086, 8.10395134700019], [0.245489325999984, 8.10395088700017], [0.245818136000025, 8.10385617800006], [0.246038749999968, 8.10365155900007], [0.246289201000025, 8.1032566830001], [0.246509052000022, 8.10280402400002], [0.246712589000083, 8.10244236300002], [0.246853198000053, 8.10230137600018], [0.247248667000179, 8.10230016800006], [0.247500329000047, 8.10229939800018], [0.247722486000043, 8.10259636800009], [0.248085346000039, 8.10278266800003], [0.248306689000174, 8.10281506300015], [0.248682315000167, 8.10265682100004], [0.249060172000043, 8.10232494200017], [0.249312345000021, 8.10204167800003], [0.249564517000124, 8.10175841400019], [0.249929956000074, 8.10121160299997], [0.250309673000118, 8.10067482400007], [0.250614723000183, 8.10063625300018], [0.25082747099998, 8.10057221300002], [0.25112560000008, 8.10039491399999], [0.251507094000033, 8.10034689200012], [0.251661862000049, 8.10035988400011], [0.252140563000125, 8.10040007000009], [0.252458595000121, 8.10039909300008], [0.252701524000088, 8.1002577910001], [0.252784144000145, 8.10014591800018], [0.252866764000089, 8.10003404700007], [0.252802382000084, 8.09978344600006], [0.252613443000143, 8.09949740100006], [0.252285395000172, 8.09894169200004], [0.252051826000127, 8.0985317630001], [0.251994917000161, 8.09801380600015], [0.252049162000105, 8.09766913800007], [0.252178331000039, 8.09740692000003], [0.252501032000168, 8.09712757300014], [0.252909172000045, 8.09675425800003], [0.253252389000068, 8.09651487400015], [0.253598989000182, 8.09625054600014], [0.253802568000026, 8.09590542000018], [0.253978271000108, 8.09548872200014], [0.254181875000086, 8.09515186300007], [0.254437395000082, 8.09498344900015], [0.254731681000067, 8.09498205700004], [0.255348838000089, 8.09512898500014], [0.255840885000055, 8.0950613280001], [0.256111669000063, 8.0949860820001], [0.256446289000053, 8.09498505300013], [0.256717133000052, 8.0949291], [0.256922032000034, 8.09501114900013], [0.257417911000118, 8.09528797900015], [0.257838637000134, 8.095407948], [0.258552270000109, 8.09545260100009], [0.25885927000013, 8.09546267900004], [0.259047748000057, 8.09559989900004], [0.259289182000146, 8.0958692430001], [0.259422959000119, 8.09620230700011], [0.259439928000177, 8.09632351900001], [0.259552191000125, 8.096407231], [0.259668755, 8.09631798999999], [0.259682972000064, 8.09622079700006], [0.259775551000132, 8.09575474700006], [0.259876203000147, 8.09521701400001], [0.260178493000126, 8.09460149099999], [0.260275069000102, 8.09453229300016], [0.260371646000181, 8.09446309500009], [0.260587094000073, 8.09437974900015], [0.262821196000175, 8.09425158400012], [0.263873369000123, 8.09377980800014], [0.263077045000102, 8.09355042199996], [0.261393291000047, 8.09306540199998], [0.261113518000116, 8.09291744100011], [0.260861427000123, 8.09277766200017], [0.260424026000067, 8.09263018800004], [0.259992473000182, 8.0925846670001], [0.259696315000156, 8.09250290000017], [0.259386526000014, 8.09248456299997], [0.258941240000127, 8.09246940000008], [0.25870046700004, 8.09241226600017], [0.25832658700017, 8.09223703300012], [0.257944496000107, 8.09208938600005], [0.257747714000175, 8.09194943500012], [0.257432258000165, 8.09188701700009], [0.257314510000185, 8.09181710200011], [0.257196761000102, 8.09174718600002], [0.257112936000055, 8.09146908700018], [0.257094238000093, 8.09123626100012], [0.257075542000109, 8.09100343600011], [0.25718410900015, 8.09034165900016], [0.257340304000024, 8.08987816899997], [0.257349982000108, 8.08943166500018], [0.257282117999978, 8.08894957200016], [0.257142056000134, 8.08837124000007], [0.257074534000026, 8.08799938600004], [0.256960119000098, 8.08766626100009], [0.256867683000053, 8.08728621600005], [0.256866847000026, 8.08701612800007], [0.256987663000075, 8.08673740000012], [0.257144249000021, 8.08640068500006], [0.257198721000123, 8.08613042800016], [0.257235507000132, 8.08595393000013], [0.257272294000074, 8.08577743200004], [0.257373952000137, 8.08556352900007], [0.25744929200016, 8.08534078399998], [0.25779293700009, 8.08488797400003], [0.258168867000109, 8.0845423130001], [0.258387699000082, 8.08429677800012], [0.258464158000095, 8.08418784200018], [0.258475428000168, 8.08410745600008], [0.258356279000168, 8.08388993600005], [0.258186274000025, 8.08371806800005], [0.258067329000028, 8.08309201000009], [0.258029258000022, 8.082853731], [0.257990261000032, 8.08252580400017], [0.257969631000151, 8.08235232100009], [0.257980155000098, 8.08222696600012], [0.258036195000102, 8.08166690400014], [0.258201342, 8.08138076200009], [0.258256692000145, 8.08128486200013], [0.258675549000088, 8.08080678200002], [0.258971957000085, 8.08052613500018], [0.259268366000185, 8.08024548800012], [0.259549458000038, 8.07993043700009], [0.259686948000024, 8.07967921700009], [0.259873692000042, 8.07925972800007], [0.260085847000084, 8.07900827800006], [0.260345302000133, 8.07885038600017], [0.26075032100016, 8.0787683580001], [0.260911846000113, 8.07873564500017], [0.261126116000071, 8.07872120300004], [0.261340387000132, 8.07870676300007], [0.261749743000053, 8.07873306100015], [0.26204250700016, 8.07872572200012], [0.262291986000093, 8.07857655800007], [0.262301715000092, 8.07837858900012], [0.262151496000172, 8.07809242800016], [0.262037509999971, 8.07789710300005], [0.262054805000105, 8.07767794700004], [0.262094615000024, 8.07758549800013], [0.26229061500004, 8.07738253800005], [0.26234821200012, 8.07732289600006], [0.262753397000154, 8.07689722000003], [0.263026500000137, 8.07668278600005], [0.263142237000181, 8.07657924300008], [0.26369119800006, 8.07611364500013], [0.26495834300016, 8.07477120200014], [0.265321399000186, 8.07440975499998], [0.266113995000069, 8.07373006000017], [0.267173563000142, 8.07275333000018], [0.267250967000166, 8.07268197800011], [0.267623070000127, 8.07242846500003], [0.267756553000083, 8.07230161500019], [0.268112990000134, 8.072132055], [0.268283561000146, 8.07140464200012], [0.268574611000076, 8.07132413600004], [0.268997029000047, 8.07120729400015], [0.269936621000113, 8.07121692300012], [0.270686333000185, 8.07120847300013], [0.271933774000104, 8.07114078900008], [0.272970984000096, 8.07079263100002], [0.273210655000128, 8.070643238], [0.273440643000185, 8.07052773500016], [0.273542717000055, 8.07002235500005], [0.273265044000084, 8.06962146400002], [0.273276812000177, 8.06937013200019], [0.277325617000088, 8.06728870000012], [0.277534116000027, 8.06719985800004], [0.277857226000094, 8.06706380700007], [0.278227067000046, 8.06683941900013], [0.278599811000163, 8.06665911600004], [0.278922781000063, 8.06647896800007], [0.279201507000039, 8.06629895899999], [0.279524615000128, 8.06616290700015], [0.279779979000125, 8.06602844299999], [0.28003534200019, 8.06589398000017], [0.280405320000057, 8.06571368500011], [0.280775444000142, 8.06558024100008], [0.280960433000075, 8.06549009300005], [0.281145421000133, 8.06539994500008], [0.281468675000042, 8.06531074200007], [0.281747398000107, 8.06513073100018], [0.282073131000118, 8.06495057400008], [0.282396236000125, 8.06481451900009], [0.282766359000107, 8.06468107400002], [0.283620419000101, 8.06477532900004], [0.285656872000118, 8.06483074900001], [0.286535473000072, 8.06487624000016], [0.287135272000057, 8.06494865000013], [0.28741562200014, 8.06496138600011], [0.287854327000105, 8.06496918300013], [0.288144474000035, 8.06504803800016], [0.288430587000164, 8.06512892300003], [0.28884311000013, 8.06515808600005], [0.289211050000176, 8.06520929200019], [0.28971725100007, 8.06526006300004], [0.289864622999971, 8.06530875600004], [0.290078157999972, 8.06533076400012], [0.290361869000094, 8.06536000500012], [0.290643581000154, 8.06540987400007], [0.290836109000111, 8.06544395600008], [0.291142421000188, 8.06559731700003], [0.291530592000072, 8.06571828200003], [0.291737545000046, 8.0657856040001], [0.292083431000094, 8.06593479200018], [0.292656367000063, 8.06602523300012], [0.293024744999968, 8.0662142330001], [0.293345668000143, 8.06626282800011], [0.293798275000029, 8.06631024600017], [0.2939331500001, 8.06652001200007], [0.294123570000068, 8.0668161640001], [0.29435759200004, 8.06697785000011], [0.294578038000168, 8.06713015700007], [0.294774951000022, 8.06726620400002], [0.294853226000043, 8.06728880200012], [0.296756711000057, 8.06713155900013], [0.296993718000181, 8.06711198000005], [0.299994265000066, 8.06686409200012], [0.303719585000067, 8.06673016100018], [0.304923826000163, 8.06629226299998], [0.305337412000085, 8.06505627400014], [0.30575627200011, 8.06460296099999], [0.305965773000139, 8.06439835300012], [0.306175273000065, 8.06419374300009], [0.306503314000111, 8.06387576200018], [0.306826115000092, 8.06364874400003], [0.307151974000135, 8.06351266300004], [0.307335721000129, 8.06346935900018], [0.307519469000056, 8.06342605600008], [0.307751462000169, 8.06333712600002], [0.307891751000113, 8.06310793300014], [0.307989970000165, 8.06269422500003], [0.308176833000118, 8.06232984200017], [0.308410846000186, 8.06200940400009], [0.308785307000164, 8.06150938000013], [0.309019177000152, 8.06114484600016], [0.309253188000071, 8.06082440700004], [0.309395949000077, 8.06050426000007], [0.309398125000087, 8.06032098200001], [0.309400301000096, 8.06013770200013], [0.309404503000053, 8.05972429500014], [0.309455712000158, 8.05931073700003], [0.309459763, 8.05885047900011], [0.309419430000162, 8.05834626700016], [0.309283340000093, 8.05816067399996], [0.309147250000024, 8.05797508100017], [0.308966772000019, 8.05774415700006], [0.308692119999989, 8.05746392500015], [0.308603042000129, 8.05727955900016], [0.308558282000149, 8.05711847900017], [0.308513522000169, 8.05695739700013], [0.308839082000077, 8.05673037000014], [0.309162179000111, 8.05659705300019], [0.309578846000022, 8.05632563800003], [0.309951270999989, 8.05605436600013], [0.310833782000088, 8.05532672900006], [0.311538435000045, 8.05432406400013], [0.311823213000025, 8.05345502599999], [0.311519396000165, 8.05184376099999], [0.311294075000092, 8.05142557500005], [0.311021758000038, 8.05101029500014], [0.310747119000155, 8.05073282000018], [0.310472621000144, 8.05049943899996], [0.310249333000172, 8.04985250100009], [0.310256301000038, 8.04943908400008], [0.310213346000126, 8.048978976], [0.310220021000021, 8.04847461400004], [0.310224224000137, 8.04806120600011], [0.31024982800011, 8.04785442700017], [0.310275432000083, 8.04764764900011], [0.310150092000015, 8.04727422700012], [0.310281515000156, 8.04695863800004], [0.310377416, 8.04668549200017], [0.310426152000161, 8.04636288900002], [0.310573553000154, 8.04576713200004], [0.310545643000182, 8.04555552000011], [0.310531042000093, 8.04544481900007], [0.31048794600008, 8.04494061600019], [0.310280188000149, 8.04310029599998], [0.310292184000048, 8.04296108200003], [0.310304180000173, 8.04282186700016], [0.310453130000042, 8.04270839700018], [0.31069616100018, 8.04261667600014], [0.310856055000102, 8.04246734400004], [0.310996479000153, 8.04228224700006], [0.311029181000038, 8.04213332000012], [0.311147237, 8.04187112800008], [0.311237856000162, 8.04167516500013], [0.311491433000072, 8.04142356400018], [0.31178106100009, 8.04120491800001], [0.312462443000129, 8.04060078200013], [0.31287291100017, 8.04023684600003], [0.322853107000128, 8.03412354800014], [0.334681499, 8.02691563200005], [0.336357432000057, 8.0260759250001], [0.338122044000045, 8.02502432400007], [0.342520363000062, 8.02240331000007], [0.351567126000134, 8.01701199700017], [0.35185415400008, 8.01684094100005], [0.37301029300005, 8.00105187300016], [0.383035900999971, 7.99356891500008], [0.388197774000162, 7.98971642900017], [0.393346011000062, 7.98587412100005], [0.406898633000139, 7.97554613400018], [0.406927359000065, 7.97384015600011], [0.40638345300016, 7.9736459830001], [0.404969676000178, 7.97250193500014], [0.404401023000105, 7.97060505600012], [0.404169938000052, 7.9698342100001], [0.404167328000028, 7.96906808700004], [0.404147647000116, 7.96897169900006], [0.404165365000154, 7.96849211700015], [0.404279912000106, 7.96803425500013], [0.404523466000171, 7.96779103000017], [0.40446354200003, 7.96756789199998], [0.404544801999975, 7.96707707100012], [0.40465985600008, 7.96676802499996], [0.404697845000157, 7.96655845000015], [0.404635101999986, 7.96599371000013], [0.406130355000187, 7.96632047300005], [0.406566124999983, 7.96641570300011], [0.406902557000137, 7.96657715800006], [0.407308432000036, 7.9668362110001], [0.407537893000097, 7.96695029500012], [0.407770881000033, 7.96706613300012], [0.408039811000094, 7.96729395700015], [0.409157100000073, 7.96823404600002], [0.409396013000048, 7.9685763380001], [0.409512970000037, 7.968853239], [0.41050353900016, 7.96908516300005], [0.410658413000021, 7.96910392600006], [0.41188640300004, 7.96927061000002], [0.412204984000027, 7.96946519100004], [0.412434856000175, 7.96958842100008], [0.412650935000045, 7.96971996700017], [0.412793335000117, 7.96966299300004], [0.414043629000162, 7.96916276100006], [0.414161002000185, 7.96910990800001], [0.414285274000179, 7.96907228000009], [0.414467394000155, 7.96897520400006], [0.414649515, 7.96887812700015], [0.415164086000061, 7.96818465200005], [0.415442649999989, 7.967593948], [0.415545719000079, 7.96741997700008], [0.415583635000019, 7.96719111099998], [0.415660385000024, 7.96700069500002], [0.415718040000058, 7.96688475200011], [0.415832829000067, 7.96650129700009], [0.415926422000098, 7.96638523199999], [0.415983954000012, 7.96623346300015], [0.416176676000021, 7.96600407000011], [0.416405657000041, 7.96586825100013], [0.416628064000065, 7.96583028700019], [0.417313148000062, 7.96608837400015], [0.417831740000167, 7.96628374000016], [0.417998233000162, 7.96634646199999], [0.424284143000136, 7.96579451800017], [0.429346262000024, 7.96534996200018], [0.430413246000057, 7.96474540300011], [0.430635482000127, 7.96465920600002], [0.43137107300015, 7.96473383200015], [0.432129106000048, 7.96490207800002], [0.432671401999983, 7.96503799700002], [0.432903944000032, 7.96513364800001], [0.433203879000075, 7.965132611], [0.434978679000039, 7.96425943900005], [0.435505452000029, 7.96400027400006], [0.436017588000084, 7.9638111050001], [0.436323694, 7.96359784600014], [0.43651653600017, 7.96340702600014], [0.436592023000117, 7.96325381600008], [0.436667510000063, 7.96310060700011], [0.436742512000023, 7.96241138900012], [0.436683596000137, 7.96216356800011], [0.43651040200001, 7.96164607100019], [0.436315564000097, 7.96126368500018], [0.436237634000179, 7.96111238300011], [0.436201429000107, 7.96103534500014], [0.436187314000108, 7.9607863490001], [0.436180812000089, 7.96067164700003], [0.436235101000079, 7.96038485300011], [0.436388033000128, 7.95984693600013], [0.43638710200014, 7.95957962300008], [0.436297862, 7.95895849300007], [0.436307168000098, 7.95885236000004], [0.436266999000054, 7.95843085700011], [0.436266337000177, 7.95824070700019], [0.436439022000172, 7.95781846700004], [0.436609614000076, 7.95758914300006], [0.436777240000083, 7.95730195600004], [0.436880950000159, 7.9569185360001], [0.436937522, 7.95649394300005], [0.436993807000135, 7.95638351499997], [0.437050092000106, 7.95627308600018], [0.4376149900001, 7.95655222599999], [0.438099081000132, 7.95664700400005], [0.438679587000024, 7.95664499300011], [0.43943417600002, 7.95662308800019], [0.441102311000066, 7.95984459900018], [0.444211340000038, 7.962260071], [0.447288157000116, 7.96424869800018], [0.448671439000179, 7.96337854300003], [0.448761810000121, 7.96313571600007], [0.448604525000178, 7.96164261199999], [0.448910824, 7.96148721700001], [0.449025476000088, 7.96146752600009], [0.449140128000181, 7.96144783500011], [0.449447036000151, 7.96146605400014], [0.449890675000177, 7.96184756300016], [0.450288931000102, 7.96268669400007], [0.450412122000046, 7.96312995000017], [0.450571899000067, 7.96454312500009], [0.450892748000058, 7.96459436400016], [0.451224227000012, 7.96452430800002], [0.451301493000187, 7.96448545700014], [0.451452989000131, 7.96433060100009], [0.451548936000165, 7.96410153300013], [0.451835011000128, 7.96369818400007], [0.45248295000016, 7.96243375300003], [0.452656695000087, 7.96231740000007], [0.453424440999981, 7.96210527000011], [0.453634326000042, 7.96204666300014], [0.45409583300011, 7.96200646500017], [0.455171429000131, 7.96207985700005], [0.455566572000066, 7.96203437899999], [0.45567570500009, 7.96201746100019], [0.455784837000067, 7.96200054400015], [0.456110551000052, 7.96186436600004], [0.456494053000142, 7.96165357900009], [0.456819162000102, 7.9613465430001], [0.457470587000103, 7.96107418700012], [0.458248761, 7.96068564000007], [0.45842070600014, 7.96045615400004], [0.459485080000093, 7.95579111800009], [0.459755787000176, 7.95534510400012], [0.463179981000167, 7.95512361300018], [0.463323859000184, 7.95516168700016], [0.463632388000065, 7.95524878600014], [0.463920348000045, 7.95577137300012], [0.464075548000096, 7.95588381400012], [0.464228404000153, 7.95611476200003], [0.464519875000178, 7.95645820900012], [0.464749849000043, 7.95660896699997], [0.465618498000083, 7.95679329600006], [0.466016436000132, 7.95675882200004], [0.466171098000132, 7.95671969500006], [0.466629087000115, 7.95647005600011], [0.466783681000095, 7.95641163800008], [0.466964280000013, 7.95627035100006], [0.46747338800003, 7.95602614500007], [0.467849097000169, 7.95592652400012], [0.467961797000044, 7.95588273100009], [0.468086507000066, 7.95586965400003], [0.468279877999976, 7.9558331450001], [0.468663701000025, 7.9557160440001], [0.469649963000109, 7.955226729], [0.469861923000053, 7.9551443630001], [0.470043242000031, 7.95498363400009], [0.470787050000126, 7.95426725100003], [0.471180846000038, 7.95384697599997], [0.471633024000141, 7.95352019000012], [0.471573437000075, 7.95329022800013], [0.471609555000043, 7.95313997400012], [0.471686482000109, 7.95300742399996], [0.471934370000042, 7.95275576800009], [0.472030544000177, 7.95259421400004], [0.472181521000152, 7.95229743100009], [0.47238254399997, 7.95208176700004], [0.472512164000079, 7.95199725700013], [0.472641783000029, 7.95191274500007], [0.472975244000168, 7.95162771700012], [0.473063483000089, 7.95156677600016], [0.473138954000035, 7.95141356300019], [0.473214425000151, 7.95126034900011], [0.473213805000114, 7.95108673600004], [0.473232609000092, 7.95093372399998], [0.473251413000185, 7.95078071000012], [0.473212174000082, 7.95062928100009], [0.473211623000111, 7.95047495900013], [0.473155856, 7.95034012300016], [0.473116548000121, 7.95016940300007], [0.472964372000149, 7.95008141300008], [0.472831616000178, 7.95001264399997], [0.472472848000166, 7.94994978000011], [0.472249239000064, 7.94988989700005], [0.471236708000049, 7.94961873299997], [0.471269266000093, 7.94918110600008], [0.473008955000012, 7.94779140800006], [0.473394406000068, 7.94768306700007], [0.473586088000104, 7.94773713199999], [0.473970244999975, 7.94771648000005], [0.474201150000169, 7.94769174400017], [0.474372609000056, 7.94776327900013], [0.474545545000183, 7.94781089200006], [0.474739177, 7.94784878600018], [0.474891208000088, 7.94784824700002], [0.475070719000087, 7.94780213900015], [0.475250230000142, 7.94775603200014], [0.47539070300013, 7.947614988], [0.475467559000094, 7.94746314700018], [0.475504477000129, 7.94696421800018], [0.475503660000129, 7.94673549099997], [0.475424895000117, 7.94635271600004], [0.475356626000064, 7.94620001100009], [0.475288357000181, 7.94604730800017], [0.474999719999971, 7.94572314900006], [0.474385185000017, 7.94547730800008], [0.474000343000171, 7.9453050570001], [0.473845204000042, 7.94520915400011], [0.473700989000122, 7.94507600899999], [0.473556775000077, 7.94494286499997], [0.47351863800003, 7.94471289100017], [0.473493648999977, 7.94448150700003], [0.473475811000128, 7.94394280000012], [0.473647644000039, 7.94348589400016], [0.474262051000153, 7.94350459899999], [0.47460764200008, 7.94352266400017], [0.474741434000123, 7.94344640600008], [0.474875226000165, 7.94337014700005], [0.474866079000037, 7.94313042500016], [0.474856930000101, 7.94289070500002], [0.474740088000033, 7.94268167900015], [0.474603278000075, 7.94229910900009], [0.474411459000066, 7.94199389600016], [0.474277190000066, 7.9419365010001], [0.474142922000169, 7.94187910500017], [0.473987991000058, 7.94184107300003], [0.473603702000105, 7.94182314400007], [0.473219621000055, 7.94186308500008], [0.472951461999969, 7.94185439000017], [0.47268330300011, 7.94184569400016], [0.472605769000097, 7.94180738800003], [0.472528098000112, 7.94173050000006], [0.472489134000114, 7.94165623100002], [0.472488790000057, 7.94155978000015], [0.472517540000126, 7.94148251600012], [0.472546288000046, 7.94140525200015], [0.47266214800004, 7.94133870300004], [0.472778007000102, 7.9412721540001], [0.472910550000165, 7.9412331040001], [0.473216822000097, 7.9410776950001], [0.473409636000042, 7.94088686300012], [0.473522152000157, 7.94065773300002], [0.473520512000164, 7.94019752200001], [0.473480999000174, 7.93996893200011], [0.473405817000184, 7.9398148730001], [0.473305728000184, 7.93965263600006], [0.473173637000173, 7.93932251500019], [0.47310572300006, 7.93915278600008], [0.47288179800006, 7.93859315700007], [0.472767919000148, 7.93843923600002], [0.472285456000122, 7.93801930699999], [0.471663281000076, 7.93778025200004], [0.47099567000015, 7.93752373700005], [0.470707718000142, 7.93741309800004], [0.470345008000152, 7.93724352100014], [0.469707973000141, 7.9368847610001], [0.469439155999964, 7.93669004900016], [0.469362936999971, 7.93663244600009], [0.469286717000102, 7.93657484300007], [0.468862650000062, 7.93625115600003], [0.468247182000141, 7.93573799300009], [0.468052334000163, 7.93535562400018], [0.468043071000011, 7.93520735500005], [0.468217047000053, 7.93339432900012], [0.468495087000122, 7.93326293600001], [0.468842561000088, 7.9330987300001], [0.46897337900009, 7.93303691000017], [0.469179529000087, 7.93285489700008], [0.469416989000024, 7.93278240800004], [0.46965644200003, 7.93271411299997], [0.470076672000175, 7.93251552300006], [0.470231463000061, 7.93251497700004], [0.470844557000021, 7.93236124300012], [0.470921815000167, 7.93232238900009], [0.471338823000053, 7.93221619600013], [0.471573390000174, 7.9321078910001], [0.471879873000034, 7.93201311100006], [0.472034595000082, 7.93199327400015], [0.472186345000182, 7.93191557600011], [0.47256047500008, 7.93179988700001], [0.472934603999988, 7.93168419900007], [0.473154947000012, 7.93146295700006], [0.473375291000139, 7.93124171400012], [0.473413439000126, 7.93108725400015], [0.473335643000041, 7.93097454200006], [0.473094142000093, 7.93068741600007], [0.472842898000067, 7.93038103400016], [0.472465012000043, 7.93021702200008], [0.471949646000041, 7.92986885800002], [0.471550305000164, 7.92950099200016], [0.471227624000164, 7.92892617000001], [0.471011695000186, 7.92844466800017], [0.470867886000065, 7.92803456200016], [0.470944331000112, 7.92776698000006], [0.47107510800015, 7.92723189500009], [0.471306194000078, 7.92692242900006], [0.471468496000057, 7.92670277000008], [0.471630798000149, 7.92648311200003], [0.472202797000136, 7.92565711000009], [0.472579927000083, 7.92511378200004], [0.473336652000057, 7.92470019600012], [0.473740025000154, 7.92449733000007], [0.474273918000165, 7.92406430699998], [0.474510113000065, 7.92391997500016], [0.474678406000066, 7.92381713500015], [0.475036159000069, 7.92376213100005], [0.475575106000178, 7.92357185900011], [0.476114489000111, 7.92346895800006], [0.476609547000066, 7.92354987800019], [0.477186454000105, 7.92371731500009], [0.477301333000071, 7.92376513500011], [0.477914951000059, 7.92376296000003], [0.478069463000054, 7.92368525000018], [0.478223974000116, 7.92360754000015], [0.478375515000153, 7.92347196900005], [0.478471165000087, 7.92316573800002], [0.47847971300007, 7.92285017000017], [0.478499278000186, 7.92252353900005], [0.478564426000048, 7.92218985900018], [0.478753708999989, 7.92178684300006], [0.478869257000156, 7.9216348650001], [0.479059494000182, 7.92149915600015], [0.479271163000021, 7.92117322200016], [0.47947918400007, 7.92059928100002], [0.479556094000031, 7.92046397500019], [0.479605119000098, 7.92025987300002], [0.479668465000032, 7.92019626500007], [0.479729982000038, 7.92000727600015], [0.4797914990001, 7.91981828600012], [0.479908634000083, 7.91972417400018], [0.48010379700014, 7.91958987300018], [0.481140924999977, 7.91920446800015], [0.481737646000056, 7.91911692000002], [0.482276628000079, 7.91911500500015], [0.482424304000062, 7.91905936500012], [0.482571982000024, 7.91900372400005], [0.482672450000166, 7.91888624600011], [0.482772917000034, 7.91876876800018], [0.482946024000057, 7.918481552], [0.483041740000147, 7.91819461000011], [0.48304091100016, 7.91796312800011], [0.483133518000102, 7.91757974500013], [0.483306418000041, 7.91723465700017], [0.483535425000071, 7.91712085600005], [0.483861024000078, 7.91696537399997], [0.484043245000123, 7.91690823300013], [0.484225466000055, 7.91685109100001], [0.484380249000139, 7.91685054099997], [0.484458001000178, 7.91684230500005], [0.484885734000159, 7.91675780200006], [0.485066306000135, 7.91662625999999], [0.485278450000123, 7.91648274500011], [0.485370710000097, 7.91609861600006], [0.485427755000103, 7.91586110899999], [0.485759693000034, 7.91572133900019], [0.486446585000067, 7.91498579000017], [0.48659839600009, 7.91492737900001], [0.486846748, 7.914753265], [0.486981630000173, 7.91465870299999], [0.487325961000181, 7.91433229400008], [0.487428149000095, 7.91426302200006], [0.487554817000103, 7.91417715500012], [0.487718695000126, 7.91401535800014], [0.487995550000051, 7.91375670600007], [0.488072640000041, 7.91363274500003], [0.48836288800004, 7.91329518200007], [0.488634041000012, 7.91298832400008], [0.488757549000127, 7.91274537500016], [0.488797460000114, 7.9124498380001], [0.488997299000062, 7.91224955700017], [0.489113103000079, 7.91213349700013], [0.489312960000177, 7.91193319600018], [0.489721333000091, 7.91173883500016], [0.489752115000158, 7.91141725000011], [0.489752601000021, 7.91120961500008], [0.489533221000158, 7.91092379700007], [0.489364131000059, 7.91078798900003], [0.489156070000149, 7.91057515900019], [0.489117097000189, 7.91049813600011], [0.489096929000141, 7.91026947800003], [0.489115723999987, 7.91011508800005], [0.489211413000021, 7.90982263399997], [0.489074765000055, 7.90948416200007], [0.488918749000163, 7.90914024500012], [0.488936931000069, 7.90881499900019], [0.488955112000042, 7.90848975200004], [0.48903222500013, 7.90841231600018], [0.489068727000131, 7.90780040300007], [0.489185216000067, 7.90791297500016], [0.489292496000076, 7.90776929200007], [0.489350276000039, 7.90740538199998], [0.489315484000031, 7.90724285700014], [0.489314939000053, 7.90709129200013], [0.48916567700013, 7.9067032590001], [0.48902481500005, 7.90634551100015], [0.488907358000176, 7.90596287600005], [0.48891069299998, 7.90584389300005], [0.488924512000153, 7.905351032], [0.488986896000029, 7.90502011700011], [0.489273908000143, 7.90489783999999], [0.489645534000147, 7.90486344599998], [0.490017161000083, 7.90482905200003], [0.490132770000116, 7.90469636200004], [0.490150951000146, 7.90437111600011], [0.490035083000123, 7.90404634800007], [0.489899798000067, 7.90370235800003], [0.489782747000049, 7.90343271000012], [0.489758123000115, 7.90331016499999], [0.48978055300006, 7.90282093500002], [0.48989554000002, 7.90251463400017], [0.490008513000078, 7.90241777900007], [0.490066283000033, 7.90234179000009], [0.490115476000142, 7.90226063100005], [0.490248044000055, 7.90204191900006], [0.490333154000041, 7.90190150400008], [0.490525584000125, 7.90170770200001], [0.490618123000047, 7.90130778400015], [0.490826546000164, 7.90085233800011], [0.491134774999978, 7.9004819650001], [0.491411504000041, 7.90031546100005], [0.491618744000164, 7.90019076700003], [0.491829840000037, 7.90005803300005]]]]}, "properties": {"REGION": "Oti", "DISTRICT": "Krachi East"}}, {"type": "Feature", "geometry": {"type": "MultiPolygon", "coordinates": [[[[0.178321103000087, 8.19420327600011], [0.177933329000155, 8.19271356700006], [0.179746058000148, 8.191354021], [0.178523450000057, 8.18568556400004], [0.17660392300013, 8.18410538100011], [0.17555412400003, 8.18195049100018], [0.165169619000096, 8.17240516800007], [0.164337868000132, 8.17164059700013], [0.162585599000181, 8.17173795000014], [0.160259229000076, 8.17186718799996], [0.158106614000076, 8.17198048400013], [0.156808335, 8.17045438600013], [0.156554929000038, 8.16966274700007], [0.155506692000074, 8.16638802300002], [0.151854352000043, 8.16725529000013], [0.150775116000091, 8.16575885300006], [0.152762427000084, 8.16324136200018], [0.152555534000101, 8.16123767700003], [0.152488294000079, 8.16117105800015], [0.150322472000084, 8.15783417400007], [0.147711204000075, 8.15537221000011], [0.152444105000029, 8.14797424700004], [0.154577753000183, 8.14159002300011], [0.157301604000054, 8.13392097200017], [0.176561083000138, 8.11587237000003], [0.196999245000086, 8.10921552500002], [0.193926034000071, 8.09336274800012], [0.17312787200018, 8.08829880400015], [0.17294833200009, 8.08825508299998], [0.162474389000067, 8.08036600900004], [0.162369391000084, 8.08028692000016], [0.140439185000105, 8.06995441900011], [0.106110343000125, 8.07532221700018], [0.089676125000153, 8.07443302400003], [0.086450560000173, 8.07199592800004], [0.080374617000075, 8.07555903100007], [0.058057726000129, 8.08824225400008], [0.042104900000027, 8.09443212400009], [0.036054288000173, 8.09786789700007], [0.033478755000147, 8.10044767700003], [0.03098060700006, 8.10174062100003], [0.025166861000059, 8.102430438], [0.022673656000052, 8.10345022700011], [0.015898760000141, 8.10475378600006], [-0.00023596199992, 8.10632153400007], [-0.014368778999881, 8.104595485], [-0.017080253999893, 8.10462294700017], [-0.017971511999917, 8.10457123700013], [-0.018434876999891, 8.10430884600004], [-0.018798208999954, 8.10440853600011], [-0.020420685999966, 8.10442833500002], [-0.021773036999946, 8.1043498030001], [-0.022665212999868, 8.10462495400003], [-0.025604034999958, 8.10449887600009], [-0.026862716999972, 8.10449373000006], [-0.027888434999966, 8.10403504100003], [-0.028552504999936, 8.10348152900002], [-0.029609344999869, 8.10311686800014], [-0.030569346999926, 8.10249332400008], [-0.030900731999964, 8.10213179100009], [-0.032087149999882, 8.1014981890001], [-0.032489184999861, 8.10131210400004], [-0.033085059999962, 8.10091825800015], [-0.034078023999939, 8.10032772000011], [-0.034640216999946, 8.10019729700008], [-0.034969949999947, 8.10052746000014], [-0.035828980999952, 8.1006612430001], [-0.036457981999945, 8.10023453100013], [-0.037184728999875, 8.10040093800012], [-0.039958499999955, 8.1014944370001], [-0.040952052999842, 8.10210514100004], [-0.041378093999924, 8.10218947800018], [-0.041577027999949, 8.10192643900018], [-0.04197427399987, 8.10166386600002], [-0.042469584999878, 8.10186265800013], [-0.043329167999957, 8.10176585900018], [-0.043857842999842, 8.10183297500004], [-0.044419725999944, 8.10183429100016], [-0.045081151999966, 8.10167114800009], [-0.045512222999946, 8.10107926600011], [-0.046273500999973, 8.10061990900005], [-0.047465302999967, 8.09979923200012], [-0.048391680999885, 8.09940613200007], [-0.049484242999938, 8.0986181560001], [-0.050409998999896, 8.09848855700011], [-0.05057610599988, 8.09812662000007], [-0.050739402999966, 8.09778845500006], [-0.051039831999958, 8.09769949899999], [-0.05156827299993, 8.09786541900007], [-0.051939239999967, 8.09805111700013], [-0.052526539999974, 8.09796646000018], [-0.05282079899996, 8.09748770300007], [-0.053023546999952, 8.09744059800016], [-0.053684348999923, 8.09754094600009], [-0.054406568999923, 8.097579301], [-0.054915944999948, 8.09749681800002], [-0.055667755999821, 8.09741378400008], [-0.056458973999895, 8.09707105500007], [-0.057090049999886, 8.09695593200001], [-0.057354232999899, 8.09705535800009], [-0.058213728999874, 8.09699146500003], [-0.058576684999878, 8.09725580900005], [-0.058807435999881, 8.09751984900004], [-0.059136882999951, 8.09798174800017], [-0.059368091999943, 8.09804815800015], [-0.059600600999886, 8.09755461600002], [-0.060063782999919, 8.09735805200006], [-0.060759965999978, 8.09692248300018], [-0.061057316999893, 8.09650393600009], [-0.061024798999938, 8.09627329200003], [-0.060830652999869, 8.09571429800013], [-0.061060214999941, 8.09525227900002], [-0.061377910999965, 8.09503358700005], [-0.061458204999951, 8.09466030100009], [-0.061778165999954, 8.09416288700015], [-0.061724750999872, 8.09373863400009], [-0.061659713999973, 8.09327734500005], [-0.062821305999933, 8.09120488300016], [-0.063881755999887, 8.08998858800015], [-0.064510563999875, 8.08962770400012], [-0.065038621999975, 8.08995829800011], [-0.065797828999905, 8.09010715600004], [-0.06622815999998, 8.09009277200005], [-0.06801473999991, 8.08930632400001], [-0.068576533999931, 8.08934054399998], [-0.069801009999935, 8.08865162200004], [-0.070661997999935, 8.08792893100002], [-0.071754187999886, 8.08727264000015], [-0.072152531999961, 8.08651595500015], [-0.072682474999965, 8.08602307900003], [-0.073181696999939, 8.08450903200008], [-0.073876513999892, 8.08418122000018], [-0.074208448999912, 8.08355613700002], [-0.074738909999837, 8.08283268700006], [-0.074872537999966, 8.08220715500016], [-0.074990387999947, 8.08122315399999], [-0.075404120999963, 8.08098962600008], [-0.075800202999972, 8.08122109200002], [-0.07646274099983, 8.08112786600014], [-0.076761613999963, 8.08103347400015], [-0.077718255999969, 8.08073134000017], [-0.078502379999918, 8.08086178400015], [-0.079304830999945, 8.08066903600019], [-0.080493978999925, 8.08096816000005], [-0.081006140999875, 8.08102283600016], [-0.081626490999952, 8.08073601500013], [-0.082050152999898, 8.0807757120001], [-0.08257743799993, 8.08040876100006], [-0.082995493999874, 8.07822750700007], [-0.083657335999931, 8.07785842800013], [-0.083990159999928, 8.07682983700005], [-0.084776585999975, 8.07617282100006], [-0.085346546999972, 8.07532489200014], [-0.08560389299987, 8.07287695299999], [-0.085975374999975, 8.07126041600009], [-0.087500649999868, 8.0661887330001], [-0.087692314999913, 8.06555141900014], [-0.090109439999821, 8.06076007500019], [-0.090337662999957, 8.06030767199996], [-0.092200452999975, 8.05861338900002], [-0.094580414999825, 8.05655997000002], [-0.097940871999867, 8.05495716500002], [-0.126341064999963, 8.05165267100017], [-0.137483362999944, 8.04681430000016], [-0.14612624199998, 8.04084842800017], [-0.155078440999944, 8.03061783800013], [-0.173171571999944, 8.02464721600012], [-0.214671561999978, 8.03093504600008], [-0.240582490999884, 8.04960360400003], [-0.248834915999964, 8.07703148100001], [-0.294878381999922, 8.11732728400017], [-0.319326211999851, 8.13042920400011], [-0.328002417999869, 8.13377848900001], [-0.353863539999963, 8.14376028999999], [-0.363823018999938, 8.14667260499999], [-0.384692847999929, 8.15277437300006], [-0.365322912999943, 8.16327921100003], [-0.354148664999911, 8.16615445700006], [-0.351569812999969, 8.17254853200006], [-0.356308528999932, 8.17813936500016], [-0.358612420999918, 8.18567607000017], [-0.351858325999956, 8.19270330000018], [-0.348632886999951, 8.20165556600017], [-0.359227467999915, 8.20263226900005], [-0.368541770999911, 8.20104741300003], [-0.380805773999896, 8.19536165500011], [-0.384926971999846, 8.19499442200004], [-0.389677056999915, 8.19869156700014], [-0.390768094999885, 8.21085333600018], [-0.387509131999877, 8.22405702600003], [-0.378235348999965, 8.22842418700014], [-0.369477728999925, 8.23085428700011], [-0.360234636999962, 8.23090159400004], [-0.351013931999887, 8.22845094300004], [-0.33671874199996, 8.2270922670001], [-0.331506917999945, 8.22663852000011], [-0.326890330999959, 8.22648244599998], [-0.319294394999872, 8.2267663990001], [-0.306327183999883, 8.23267905400002], [-0.296188305999976, 8.23918970600016], [-0.291862894999838, 8.24274297799997], [-0.280687683999872, 8.24554212300001], [-0.274759421999931, 8.22950755000016], [-0.26955965399992, 8.22252477299998], [-0.259444197999869, 8.21627477500016], [-0.25006365899992, 8.215367195], [-0.237847140999975, 8.21786651500003], [-0.232644206999964, 8.21296047600009], [-0.224294548999922, 8.21284658100018], [-0.218938756999819, 8.21792247200017], [-0.212040806999823, 8.21790902600009], [-0.206721261999974, 8.21825146900011], [-0.198601538999924, 8.21929898700006], [-0.19751851999996, 8.22099207700001], [-0.197944832999951, 8.22313799], [-0.197573065999848, 8.22449627800012], [-0.196913121999955, 8.22522005100006], [-0.196084062999944, 8.22611451500018], [-0.195468524999967, 8.22676676800006], [-0.193766758999857, 8.22824291900008], [-0.192996648999895, 8.22871017700004], [-0.191794201999869, 8.229529308], [-0.191367511999943, 8.22982873400008], [-0.190680060999966, 8.23046668300003], [-0.190250599999899, 8.23076324900006], [-0.189599094999892, 8.23120736400011], [-0.18925039599992, 8.23144506299997], [-0.188508300999956, 8.23174162800012], [-0.18790753199994, 8.23192757700014], [-0.186877986999889, 8.232065847], [-0.186465543999873, 8.23216406600005], [-0.1854524499999, 8.23237766900007], [-0.184823963999975, 8.23258841100011], [-0.184148464999907, 8.23278580300007], [-0.182038412999873, 8.23228516800015], [-0.181040339999868, 8.23192757300012], [-0.180540260999976, 8.23158428100015], [-0.179786066999952, 8.23102929300006], [-0.179471301999911, 8.23071460900013], [-0.178731756999923, 8.22976197499997], [-0.17866104999996, 8.2291631220001], [-0.17840495299987, 8.22858143400009], [-0.177806002999887, 8.227882454], [-0.177191260999905, 8.22781585900009], [-0.176494207999951, 8.22801848400007], [-0.176092851999897, 8.22813515400014], [-0.175378263999903, 8.22850323800003], [-0.17500720299995, 8.22865676500004], [-0.174492280999971, 8.22879980300013], [-0.173980206999886, 8.22891137300013], [-0.173609456999941, 8.22891041900004], [-0.173094848999824, 8.22890946500019], [-0.172664026999882, 8.22913906700018], [-0.172493631999885, 8.22930806300008], [-0.17218034299998, 8.22961893300004], [-0.17193633099987, 8.22987449400017], [-0.171664452999948, 8.23022922800004], [-0.171221117999949, 8.23054295800006], [-0.170808450999914, 8.23074035000002], [-0.170365652999976, 8.23079756500005], [-0.170094236999887, 8.2309234380001], [-0.169822984999826, 8.23098065400001], [-0.169449344999975, 8.23103500800011], [-0.168978680999942, 8.23119139600004], [-0.168635215999871, 8.23137543799999], [-0.16839093599998, 8.23175782600003], [-0.168317932999969, 8.23227085600018], [-0.168217615999936, 8.23261224100008], [-0.168161212999905, 8.23312240900003], [-0.168143479999969, 8.2336621390001], [-0.168015206999883, 8.23414465500008], [-0.167842692999841, 8.23461286600002], [-0.167470481999942, 8.23530898500013], [-0.167425374999937, 8.23570853800004], [-0.167255244999978, 8.23636174400008], [-0.167138266999928, 8.23673078200011], [-0.166910661999907, 8.23707216700018], [-0.166423114999873, 8.23735538200009], [-0.166082540999867, 8.23748125500009], [-0.16576643499991, 8.23780833600006], [-0.165522198999952, 8.238163069], [-0.165518979999945, 8.23838144100017], [-0.165620413999932, 8.23883344100005], [-0.165976321999949, 8.23931691000018], [-0.166362597999921, 8.2398299410001], [-0.166588295999873, 8.24039827800016], [-0.16667233999982, 8.2412221780001], [-0.166701829999965, 8.24167703899997], [-0.166842573999872, 8.24184868500015], [-0.167027381999958, 8.24211950299997], [-0.167242633999933, 8.24238936900014], [-0.167496361999952, 8.24278701600008], [-0.167697381999972, 8.2432428300001], [-0.167782380999824, 8.24361186800013], [-0.167836203999912, 8.24433945600009], [-0.167735200999914, 8.24500410600018], [-0.167750385999909, 8.24568782699998], [-0.167834816999971, 8.24632673100012], [-0.168021964999923, 8.2468073390001], [-0.168289684999877, 8.24712488300008], [-0.168673263999892, 8.24761025999999], [-0.168686570999853, 8.2478667740001], [-0.168942756999911, 8.24840745900013], [-0.169168514999853, 8.24894814300012], [-0.169626049999977, 8.24980065000005], [-0.169895632999953, 8.25055398500012], [-0.169922170999939, 8.25109466800018], [-0.169921157999966, 8.25157909000012], [-0.169778951999888, 8.25210547000012], [-0.1698059389999, 8.25243064400007], [-0.169752635999942, 8.25277774900007], [-0.169699690999835, 8.2529627450001], [-0.169610638999927, 8.25320209500001], [-0.16939143799982, 8.25349389299998], [-0.169161537999969, 8.25361213800011], [-0.168704791999915, 8.25371035700016], [-0.16840011499994, 8.25386102300018], [-0.16789619199983, 8.25402313300009], [-0.167395307999925, 8.25405460100001], [-0.166764378999972, 8.25409179100006], [-0.166468016999943, 8.25423196800006], [-0.16608588299988, 8.25437214499999], [-0.165836729999967, 8.25443794200004], [-0.165366170999903, 8.25452185800003], [-0.164961966999954, 8.25463152000009], [-0.16411183699995, 8.25495478500011], [-0.163369606999936, 8.25527900500009], [-0.162943051999889, 8.25548974700013], [-0.162659952999832, 8.25590265099999], [-0.162529519999964, 8.25608764600014], [-0.162376674999905, 8.25640137600016], [-0.16215721999987, 8.25681427900008], [-0.161893284999906, 8.25732349400005], [-0.161576940999907, 8.25775833000017], [-0.161279908999973, 8.25821509800011], [-0.160974695999926, 8.25861751200017], [-0.160636252999893, 8.25902660100019], [-0.160308881999924, 8.25943950400017], [-0.16008951699996, 8.25980854200014], [-0.159848230999955, 8.26006982400008], [-0.159662543999957, 8.26021000200012], [-0.15932471199983, 8.26033873600011], [-0.158746250999911, 8.26041502200007], [-0.158245306999959, 8.26046937600012], [-0.157907354999963, 8.26065341900016], [-0.157715930999927, 8.2608870470001], [-0.157665428999962, 8.26121794100015], [-0.157631930999912, 8.26135811900002], [-0.157556782999904, 8.26156504700009], [-0.157251971999926, 8.26177102200018], [-0.156999897999924, 8.26190547800007], [-0.156551242999967, 8.26208952000002], [-0.156138724999835, 8.26220681100006], [-0.155634801999952, 8.26235747700008], [-0.155266749999896, 8.26237845600014], [-0.154981519999922, 8.26248811900007], [-0.154699106999885, 8.2625729880001], [-0.15442488899987, 8.26270458200014], [-0.154194987999858, 8.26282282700004], [-0.153608092999946, 8.26296205000011], [-0.153181581999945, 8.26314609200006], [-0.152940594999961, 8.26326624400008], [-0.152821383999878, 8.26337400000011], [-0.152680131999944, 8.2634397970001], [-0.152450186999886, 8.26356853100009], [-0.152231327999914, 8.26369821899999], [-0.152089838999927, 8.26387081800016], [-0.15171855199992, 8.26411016800006], [-0.151302964999843, 8.26436000800015], [-0.150931663999927, 8.26460794000008], [-0.150690572999963, 8.26477195700005], [-0.150341340999944, 8.26505231100015], [-0.150122258999943, 8.26528117200013], [-0.149980604999939, 8.26552624400017], [-0.149775067999883, 8.26589528199997], [-0.149522666999871, 8.26617563600007], [-0.14935857099988, 8.26656660700019], [-0.149150262999967, 8.26693564499999], [-0.148975392999887, 8.26718643800007], [-0.148822905999964, 8.267326615], [-0.148689656999977, 8.26753259000009], [-0.148492822999856, 8.26770614300017], [-0.148198979999961, 8.26795598300004], [-0.147980076999886, 8.26809616000003], [-0.147686308999937, 8.2683192990001], [-0.147575202999974, 8.26851478500009], [-0.147511096999892, 8.2687293410001], [-0.147543416999895, 8.26914319800011], [-0.147476658999892, 8.26930530800007], [-0.147409944999879, 8.26944834600016], [-0.147212738999883, 8.2697954520001], [-0.147007320999933, 8.27009773900016], [-0.146765900999981, 8.27042291200013], [-0.14619740899991, 8.27099792500002], [-0.145947629999853, 8.27134407700009], [-0.145902924999973, 8.27155100500016], [-0.14594664599997, 8.27180179900012], [-0.145946272999936, 8.27197535100009], [-0.145879469999898, 8.272160348], [-0.145715910999968, 8.27230052500016], [-0.145356143999948, 8.27232150300011], [-0.144088314999919, 8.27220577700012], [-0.142733986999872, 8.27208215100001], [-0.141889504999881, 8.27210789700001], [-0.141693042999975, 8.27210694400003], [-0.141529870999875, 8.27206498600015], [-0.141256294999891, 8.27189906200005], [-0.141148586999975, 8.27180274900019], [-0.140893949999963, 8.27183517100002], [-0.140655570999968, 8.27203065600014], [-0.140406163999899, 8.27220325500008], [-0.140143122999916, 8.27227763500002], [-0.139727937999908, 8.27234247900009], [-0.139357143999973, 8.27234152500017], [-0.138900441999965, 8.27240732200005], [-0.138474154999926, 8.27248074800008], [-0.137513976999969, 8.27248933000004], [-0.136597936999863, 8.27255321900009], [-0.135591849999912, 8.27257563800009], [-0.134757765999836, 8.27259422300011], [-0.134265122999921, 8.27264476200014], [-0.133797542999957, 8.27262187600019], [-0.133252461999973, 8.27261234000014], [-0.133055805999959, 8.27269720900011], [-0.132751457999916, 8.27268576600017], [-0.132555234999927, 8.27257801000013], [-0.132162327999936, 8.27257705600005], [-0.131954406999967, 8.27275060900007], [-0.131038292999904, 8.27285264200009], [-0.130656664999947, 8.27275060800002], [-0.12996490799992, 8.27274870100013], [-0.128811561999896, 8.27251793200014], [-0.128424197999891, 8.27250839600003], [-0.12803102099997, 8.27262282600009], [-0.127604837999968, 8.27265238700016], [-0.126835711999945, 8.272603753], [-0.126069641999948, 8.27242066400004], [-0.125499763999869, 8.27236440200005], [-0.125084383999877, 8.27251220800002], [-0.124738326999932, 8.27259135599996], [-0.1244308119999, 8.27275918700008], [-0.124203406999925, 8.27298995500018], [-0.123972261999882, 8.27365937200005], [-0.123971918999928, 8.27381385400003], [-0.123658338999917, 8.27547786300016], [-0.123505515999966, 8.2757639400001], [-0.123216940999896, 8.27612725600017], [-0.123139124999966, 8.27627887600011], [-0.122982815999819, 8.27689298600006], [-0.12295890199988, 8.27707083000007], [-0.122887422999895, 8.27748516400004], [-0.1227316209999, 8.27786755200009], [-0.122540098999934, 8.27813455600017], [-0.122191760999897, 8.27924453100007], [-0.121901776999891, 8.28023912300011], [-0.121576587999925, 8.2808894690001], [-0.121199438999952, 8.28126327500013], [-0.120825350999894, 8.28150167200005], [-0.120570036999936, 8.28183542700003], [-0.120474807999869, 8.28235322500007], [-0.12037953499987, 8.2828872340001], [-0.12015175099998, 8.28328678700001], [-0.119777103999979, 8.283774069], [-0.119487746999823, 8.2844844920001], [-0.119372914999929, 8.28510432300016], [-0.119410399999822, 8.28566884700012], [-0.119523172999891, 8.28597590200002], [-0.119541732999949, 8.28633921900018], [-0.119483326999898, 8.28647462800006], [-0.119262914999979, 8.28666439200015], [-0.118735218999973, 8.28691327800016], [-0.118599339999946, 8.28704582600011], [-0.11836864199995, 8.28750545500003], [-0.118366479999963, 8.28847525300017], [-0.11806865099993, 8.28926100900014], [-0.117901962999952, 8.28955471300014], [-0.117882135999935, 8.28976164200009], [-0.117920358999811, 8.28999336300018], [-0.117938365999976, 8.29060556600012], [-0.117782466999927, 8.29102705200017], [-0.117435551999847, 8.29148382000011], [-0.116714847999901, 8.29204166800008], [-0.116434431999949, 8.29245743200005], [-0.116320464999944, 8.2926882000001], [-0.116281384999979, 8.29283982000004], [-0.116084364999949, 8.29308775300007], [-0.115898215999835, 8.29342055500007], [-0.115470847999973, 8.29396791400012], [-0.115279102999921, 8.29433123000018], [-0.115083131999882, 8.29534584700002], [-0.115082274999907, 8.29572823500001], [-0.114965022999968, 8.29618881700014], [-0.114715190999902, 8.29653783000015], [-0.114216273999943, 8.29690591500014], [-0.114118548999841, 8.29729497800008], [-0.114167485999872, 8.29768594900003], [-0.114299564999897, 8.29801970500012], [-0.114767835999828, 8.29897996700015], [-0.114690519999897, 8.29983342700007], [-0.114645829999859, 8.30032738500006], [-0.114573557999904, 8.30047328500007], [-0.114534172999925, 8.30076031400012], [-0.114533888999915, 8.30088523400013], [-0.114532241999939, 8.30162331000008], [-0.114317152999945, 8.30252063600011], [-0.114199379999945, 8.30280671200012], [-0.114059021999878, 8.30361249300012], [-0.113948854999933, 8.3038365860001], [-0.114003416999822, 8.30422851000003], [-0.114057813999977, 8.30464236700004], [-0.11405684499988, 8.30507243500011], [-0.113934554999958, 8.30530987800012], [-0.113574460999928, 8.30556353200018], [-0.113183125999967, 8.30558451100001], [-0.112988041999927, 8.30563409700005], [-0.112908922999964, 8.30608705100002], [-0.113175174999924, 8.30705589600018], [-0.113365257999931, 8.30743923800009], [-0.11336320099997, 8.30835658900008], [-0.113401593999924, 8.30851107000012], [-0.113517393999928, 8.30870178800012], [-0.113536414999885, 8.30885626899999], [-0.113496814999905, 8.30923961100012], [-0.113438407999979, 8.30937120600009], [-0.11336001799998, 8.30977362000016], [-0.113359332999892, 8.31007972099997], [-0.11353289799996, 8.31042491900013], [-0.1137619779999, 8.31069192400008], [-0.113800379999873, 8.31084640500018], [-0.113818714999979, 8.31130698800018], [-0.114028087999884, 8.31172656699999], [-0.113950212999953, 8.31190011900014], [-0.113816910999844, 8.31210895400011], [-0.113796682999919, 8.31249229700012], [-0.113853426999924, 8.31310450000007], [-0.11381416099988, 8.31333526700007], [-0.113619592999953, 8.31371861000008], [-0.113486416999933, 8.3138692760001], [-0.11333118899995, 8.31398561400016], [-0.113253365999924, 8.31413628100006], [-0.113233299999933, 8.31444524300008], [-0.113381561999972, 8.31496685500008], [-0.113425036999899, 8.31532445000005], [-0.113424261999967, 8.31566964900014], [-0.11336589299998, 8.31578503300005], [-0.113384571999973, 8.31609113400009], [-0.113266282999916, 8.31700848600013], [-0.113265850999881, 8.31720206300008], [-0.113303901999927, 8.31750721100008], [-0.113419104999878, 8.31796588600014], [-0.113437612999974, 8.31834827500006], [-0.113417211999888, 8.31880885800007], [-0.113358752999943, 8.31896047800018], [-0.113299429999927, 8.31949734800003], [-0.113238392999847, 8.32079804100005], [-0.113238049999893, 8.32095252200014], [-0.113123553999912, 8.32141024300012], [-0.113045767999893, 8.32154469900001], [-0.113025150999874, 8.32209873300002], [-0.11315859299998, 8.32305804200013], [-0.113213638999923, 8.32319059100013], [-0.11328847499982, 8.32437113200001], [-0.113057574999971, 8.32490800100015], [-0.113056226999959, 8.32550590000011], [-0.112900482999976, 8.32585014500012], [-0.112822816999937, 8.32592738599999], [-0.112670179999895, 8.32612001000012], [-0.11245899599993, 8.32650239800017], [-0.112419909999971, 8.32665401899999], [-0.112322572999915, 8.32686571500011], [-0.112225414999955, 8.32699826400017], [-0.112244569999973, 8.32709457600015], [-0.111994172999914, 8.32768675400013], [-0.111877634999871, 8.32782120900015], [-0.111780216999875, 8.32806914200012], [-0.111427564999929, 8.32859742900007], [-0.111363353999934, 8.32884536100011], [-0.111301110999875, 8.32944898200009], [-0.111354993999953, 8.33009646800002], [-0.111353763999944, 8.33064287299999], [-0.111137065999969, 8.33101381900013], [-0.111232412999868, 8.33168419100002], [-0.111109005999879, 8.33241177700017], [-0.111041076999925, 8.33308119600002], [-0.110665685999948, 8.33387171900017], [-0.110584531999905, 8.33426841100015], [-0.110016440999971, 8.33494736500018], [-0.110265326999979, 8.33591349800008], [-0.109127685999965, 8.33600870700008], [-0.108308475999877, 8.33602396400016], [-0.107688565999922, 8.33602301000008], [-0.107373108999923, 8.33600870600014], [-0.107024308999939, 8.33604875600008], [-0.106769373999896, 8.33619465500016], [-0.106406835999906, 8.33619370100007], [-0.105959127999938, 8.33592288200015], [-0.105807005999964, 8.33588378500002], [-0.105344902999889, 8.33585517700016], [-0.104808381999931, 8.33569116000018], [-0.104653405999954, 8.33569116000018], [-0.104498251999928, 8.33576744699997], [-0.104253963999952, 8.33609834100002], [-0.103889606999928, 8.33632529400006], [-0.103190488999815, 8.33643495600006], [-0.102767204999964, 8.33637583400014], [-0.102518087999954, 8.33639395200004], [-0.101918101999956, 8.33615364800005], [-0.101694959999975, 8.33570355400013], [-0.101501680999945, 8.33550997600008], [-0.101271802999975, 8.3355862630001], [-0.101116870999931, 8.33556719100011], [-0.100587085999962, 8.33487965400019], [-0.100465459999953, 8.33481862500003], [-0.100256012999921, 8.33443528200019], [-0.100275637999971, 8.33432180599999], [-0.100121101999946, 8.33412918100015], [-0.099969195999904, 8.33399567800001], [-0.099659423999867, 8.33391843800001], [-0.099429635999968, 8.33395658199998], [-0.099277475999884, 8.33393655600014], [-0.098738347999927, 8.33370674100019], [-0.098586180999973, 8.33368671600005], [-0.097694779999927, 8.33381163500019], [-0.097227215999965, 8.33375251300009], [-0.096892915999945, 8.33350934700002], [-0.096586071999923, 8.33335772700008], [-0.096049237999921, 8.33333674700015], [-0.095717023999896, 8.33339110200012], [-0.095075521999945, 8.33315270500003], [-0.094730507999884, 8.33275505900014], [-0.094282353999915, 8.33268258600009], [-0.094071898999914, 8.33273694000013], [-0.093808581999895, 8.3329152610001], [-0.093550040999901, 8.333424476], [-0.09316448699991, 8.33380686400005], [-0.092876343999933, 8.33394990200014], [-0.092472051999891, 8.33405670400009], [-0.092087338999931, 8.33407196000013], [-0.091628201999868, 8.33395753000008], [-0.091205274999879, 8.33374488000004], [-0.090876428999934, 8.33353985800017], [-0.09032062599988, 8.33334341900013], [-0.089554047999968, 8.33334151100019], [-0.089321852999944, 8.33322517400006], [-0.089112412999839, 8.33284087800007], [-0.088996537999947, 8.33268639600004], [-0.088863921999973, 8.33259294500004], [-0.088557003999881, 8.33247660700005], [-0.088017584999932, 8.33237838800017], [-0.087710397999899, 8.33237743400008], [-0.087403098999971, 8.33242988000018], [-0.086863038999979, 8.3326072480001], [-0.086594111999943, 8.33281608300007], [-0.086516309999979, 8.33295149200012], [-0.086421506999955, 8.33325664000017], [-0.086440394999897, 8.33346642900005], [-0.086668088999829, 8.33432942600012], [-0.086686268999927, 8.33484531600016], [-0.086589087999869, 8.33497977200011], [-0.086303545999954, 8.33519432899999], [-0.085782968999979, 8.33532210999999], [-0.085531177999883, 8.33530303800001], [-0.085126691999903, 8.335491848], [-0.085071027999959, 8.33562725700011], [-0.085089914999969, 8.33583609200008], [-0.085241365999821, 8.33616222000006], [-0.085318011999959, 8.33652553600012], [-0.085278910999818, 8.33668001699999], [-0.085048539999946, 8.33696609300006], [-0.084325406999881, 8.33732273400017], [-0.083467639999981, 8.33726075100009], [-0.082971978999979, 8.33738376400004], [-0.082766948999904, 8.33748484299997], [-0.082124604999933, 8.33760976299999], [-0.081329422999886, 8.33800550100005], [-0.080510019999963, 8.33810562700017], [-0.08020283299993, 8.33810467400002], [-0.079970235999951, 8.33816188900005], [-0.079471511999884, 8.33840886700006], [-0.078521749999936, 8.33863296000004], [-0.077921323999874, 8.33858146500012], [-0.07764436399998, 8.33867205600006], [-0.076220212999942, 8.33938533900005], [-0.075439142999869, 8.33966187800007], [-0.075201136999965, 8.33966092399999], [-0.074587120999979, 8.33950835000019], [-0.074031674999958, 8.33916219800011], [-0.073876833999918, 8.339104029], [-0.073511605999897, 8.33907065300008], [-0.072791705999919, 8.3392232270001], [-0.0721915929999, 8.33904204500004], [-0.071898241999975, 8.33904204500004], [-0.071435721999933, 8.33919175699998], [-0.071031675999961, 8.33919080300006], [-0.07087937499989, 8.33922990100012], [-0.070416571999942, 8.33949881100017], [-0.07023100299989, 8.33956174800016], [-0.069821658999956, 8.33945876000013], [-0.069705427999907, 8.33945780700014], [-0.069014377999963, 8.33911165400002], [-0.068532544999869, 8.3394644820001], [-0.067720249999979, 8.33983924000017], [-0.067533987999923, 8.34019492800013], [-0.067519286999868, 8.34056110600005], [-0.067343955999945, 8.34097400900004], [-0.067624125999941, 8.34186466000006], [-0.06762340299997, 8.34217076200002], [-0.067506082999955, 8.34262848300011], [-0.067274833999875, 8.3432807370001], [-0.06729380299987, 8.34345142900003], [-0.067273290999935, 8.34393108300009], [-0.067137187999947, 8.34414087200014], [-0.066560462999917, 8.34459954700014], [-0.066443865999872, 8.34475116700008], [-0.066349173999868, 8.34500100700012], [-0.066348540999968, 8.34526896500012], [-0.066499298999929, 8.34588116900017], [-0.066498030999924, 8.34641613000008], [-0.066729808999924, 8.34670602099999], [-0.066765385999929, 8.34687671400019], [-0.066842508999912, 8.34703119500006], [-0.067149293999876, 8.34720284100007], [-0.067284539999889, 8.34735732200016], [-0.067569857999956, 8.34841103600013], [-0.067416923999929, 8.34871618300008], [-0.067211766999833, 8.34886780400007], [-0.066954343999953, 8.34888687500012], [-0.066799174999971, 8.34896316200013], [-0.066222485999958, 8.34940276600008], [-0.065914888999885, 8.34957345700013], [-0.065817745999937, 8.34968884100005], [-0.065697393999926, 8.35021426800012], [-0.065566849999868, 8.35045457100017], [-0.065411597999912, 8.35056709500009], [-0.064757689999908, 8.35089036099998], [-0.064633798999978, 8.35098285800012], [-0.064312747999963, 8.35118428400006], [-0.064173158999949, 8.35122689300016], [-0.063041878999968, 8.3515722090001], [-0.062465292999946, 8.35129489600018], [-0.062124766999943, 8.35130612200004], [-0.061692346999962, 8.35159124500007], [-0.061044556999889, 8.35167039300006], [-0.059911863999957, 8.35198984400012], [-0.059565921999933, 8.35198889000003], [-0.059413616999962, 8.35202703300007], [-0.058989542999939, 8.35229403800008], [-0.058654765999961, 8.35239988500001], [-0.058507624999947, 8.35244661100018], [-0.058355502999973, 8.35240751300012], [-0.058220170999959, 8.35229212899998], [-0.057894651999959, 8.35185252600013], [-0.057742485999881, 8.35183345300004], [-0.057396338999922, 8.35191736900009], [-0.057046227999933, 8.35173809400004], [-0.056862965999926, 8.35159982500011], [-0.05658344699998, 8.35159887100002], [-0.056145398999888, 8.35192309000007], [-0.055838017999974, 8.35199937700008], [-0.055301805999932, 8.35171139300007], [-0.055224500999827, 8.35163415199997], [-0.055224865999946, 8.35148253200003], [-0.05518630499995, 8.35140529200004], [-0.055070348999948, 8.35128895400004], [-0.054780108999921, 8.35114210200015], [-0.053749681999932, 8.35151781400015], [-0.053608493999945, 8.35153688600013], [-0.053456326999878, 8.35151686000006], [-0.053226991999907, 8.35136237899997], [-0.053072195999903, 8.35128418400018], [-0.05237971199989, 8.35153402400005], [-0.052224505999959, 8.35162747600015], [-0.051952638999921, 8.35189638700012], [-0.051726351999946, 8.35162556799997], [-0.051477321999926, 8.35160554200013], [-0.05118668699987, 8.35162461400012], [-0.050937879999879, 8.35151113700005], [-0.050785947999941, 8.35139480000009], [-0.050460212999894, 8.35104960100006], [-0.050305371999968, 8.35099143100018], [-0.049998132999917, 8.35100954900008], [-0.049768194999899, 8.35110586200017], [-0.049632311999972, 8.35121838500015], [-0.049526491999927, 8.35148824999999], [-0.049572708999904, 8.35183249500017], [-0.049533595999947, 8.35198411500011], [-0.049455776999935, 8.35211952500009], [-0.049283984999931, 8.35220439400013], [-0.04899627799989, 8.35215671500015], [-0.048534100999973, 8.35215576100006], [-0.04821017199987, 8.35220725400018], [-0.047977842999956, 8.35214908500006], [-0.04741981199993, 8.35173141300015], [-0.047287131999894, 8.35166466300012], [-0.047019635999959, 8.35126987700016], [-0.046884348999868, 8.35113732800011], [-0.046345104999943, 8.35096282200004], [-0.046038006999936, 8.35092277000012], [-0.045501109999975, 8.35092181700014], [-0.044980607999833, 8.35100573200003], [-0.044731834999936, 8.3508817660001], [-0.044521965999877, 8.3506910480001], [-0.044406107999976, 8.35053561300015], [-0.044063370999879, 8.35035633800015], [-0.043602256999918, 8.34991959600006], [-0.043082992999928, 8.34949620200001], [-0.042234915999927, 8.34999669200005], [-0.041717903999881, 8.34978596799999], [-0.041122938999933, 8.34976523500018], [-0.040334530999928, 8.34962827100003], [-0.039956911999923, 8.34900168800016], [-0.039704187999973, 8.34822932800017], [-0.039705776999938, 8.34757885800019], [-0.03957213599989, 8.34677371100008], [-0.039495252999927, 8.34652546200005], [-0.03926963299989, 8.34598744800013], [-0.03917372799998, 8.34559582900016], [-0.039094635999902, 8.34511880800005], [-0.03874988299998, 8.34463562900009], [-0.038715979999836, 8.34378662400013], [-0.038640081999972, 8.34313596600009], [-0.039315189999854, 8.34206542300007], [-0.039641654999969, 8.34210480100012], [-0.040159495999887, 8.34197099900007], [-0.040295470999979, 8.34181973500017], [-0.04080959099997, 8.3409417360001], [-0.040882961999898, 8.34036034500002], [-0.040836136999928, 8.34026927600007], [-0.040837258999943, 8.3398089850001], [-0.040329147999898, 8.33935848900012], [-0.039995660999921, 8.33879540800012], [-0.039957810999908, 8.33842873500009], [-0.039861878999943, 8.33804814200016], [-0.039862255999822, 8.33789379300009], [-0.040029624999818, 8.33735121800004], [-0.040016116999936, 8.33721612800002], [-0.039790614999845, 8.33663125900006], [-0.039590839999903, 8.33571018900005], [-0.039450603999967, 8.33534051400011], [-0.03927370599996, 8.33525188500016], [-0.038504840999963, 8.33505708600012], [-0.038046759999872, 8.33452126500009], [-0.037413028999936, 8.33395332000009], [-0.037138101999915, 8.33377763300001], [-0.037066493999873, 8.33363689000004], [-0.036735492999924, 8.33319233300011], [-0.036243337999963, 8.33301198200019], [-0.035610236999901, 8.33275411400018], [-0.034923569999933, 8.33289852700011], [-0.034301645999903, 8.3325965840001], [-0.034207927999944, 8.33244476300007], [-0.03411243499994, 8.33188776900016], [-0.033863979999921, 8.33163910400009], [-0.033324952999976, 8.33138973000007], [-0.03313452499998, 8.33117703600004], [-0.032979782999973, 8.33108294600009], [-0.032365618999961, 8.33100427600016], [-0.032210835999933, 8.33092672400011], [-0.03170569699995, 8.3304018070001], [-0.030926223999927, 8.33002505700006], [-0.030829746999871, 8.32987047200015], [-0.030600476999894, 8.32969902600013], [-0.030063515999871, 8.32973630300012], [-0.029601137999975, 8.32982888500015], [-0.028923415999884, 8.32971422300005], [-0.02845840599997, 8.32975167400008], [-0.028140351999923, 8.32967372100012], [-0.027681583999879, 8.32942453599998], [-0.026834687999894, 8.32945829400012], [-0.026679478999938, 8.32955438200008], [-0.026219812999898, 8.32966901700007], [-0.025816277999922, 8.32946682200014], [-0.025412149999966, 8.32950441800006], [-0.024168811999857, 8.32870703700007], [-0.023471887999904, 8.32964297700005], [-0.023144755999965, 8.32987783000004], [-0.022354746999952, 8.33040646100017], [-0.020668371999932, 8.32860248700013], [-0.020257847999915, 8.32787382900005], [-0.019152110999926, 8.32739151700008], [-0.018615818999933, 8.32716142600015], [-0.017718837999894, 8.32619719200011], [-0.017362685999899, 8.32586248200016], [-0.01665870599993, 8.32518543499998], [-0.016322009999953, 8.32481830299997], [-0.015147169999921, 8.32541641900008], [-0.014737863999869, 8.325313424], [-0.013740108999912, 8.32481482800017], [-0.013336419999916, 8.32467877099998], [-0.013184218999925, 8.32467839300017], [-0.01295200699991, 8.32458134800004], [-0.01279984699994, 8.32456443400002], [-0.011934787999962, 8.32412128700008], [-0.010629368999957, 8.32382174600008], [-0.010552005999955, 8.32377331900005], [-0.010322367999947, 8.3237534540001], [-0.009821439999882, 8.32377149999996], [-0.006481929999893, 8.32242364300009], [-0.005791318999968, 8.32194233399997], [-0.005139062999888, 8.32161546800012], [-0.004387039999926, 8.32134623200005], [-0.004254405999973, 8.32126872600003], [-0.003380534999962, 8.32103501400007], [-0.003129193999939, 8.32084420400008], [-0.002590371999929, 8.32052864400009], [-0.002088257999958, 8.31992377300003], [-0.001972610999928, 8.31969471700006], [-0.001531454999906, 8.31905967900013], [-0.001322301999949, 8.31860162200013], [-0.001088076999906, 8.31820566800008], [0.001342936000128, 8.31409602100013], [0.006573795000122, 8.30525291300012], [0.007883397000171, 8.30303887999997], [0.008302686000093, 8.30252240800007], [0.008418223000149, 8.30225476200013], [0.008494874, 8.30192933500012], [0.008838562000051, 8.30106577100008], [0.008953901999973, 8.30072095200006], [0.008989143000179, 8.30043421800013], [0.008969329000138, 8.30011125500016], [0.009193912000114, 8.29935050799997], [0.009641725000165, 8.29917022000018], [0.009754832000169, 8.29903487900009], [0.009909494000169, 8.29891872600012], [0.010578624000118, 8.29763539300012], [0.015364441000088, 8.29821581699997], [0.017054441000084, 8.2982118540001], [0.0175169420001, 8.29836502100005], [0.017824487000041, 8.29851858299998], [0.018054247000066, 8.29855382800014], [0.018228524000165, 8.29853408800011], [0.018380764000142, 8.29855299400009], [0.018745827999965, 8.29847764300013], [0.018950194000183, 8.29832277300011], [0.019052577000025, 8.29832251200003], [0.019284668000182, 8.29818824200009], [0.019685402000107, 8.29799566100007], [0.022689151, 8.29748358300014], [0.027434386000152, 8.29735562100007], [0.033413302000156, 8.29600341500009], [0.033907792000036, 8.29569068400002], [0.035139317000073, 8.2947007730001], [0.035644929000114, 8.29441006000013], [0.036567527000102, 8.29379854600018], [0.036887934000049, 8.29357997400018], [0.037419233000037, 8.29358961700018], [0.037845148000031, 8.29350857900005], [0.038154781000173, 8.29340303800012], [0.038652544000058, 8.29328598300009], [0.039020263000168, 8.29317202100009], [0.039376841000035, 8.2930305270001], [0.039827086000059, 8.29273168599997], [0.040572554000107, 8.29210959900013], [0.041022998000074, 8.2918879290001], [0.04122339700001, 8.29180747700002], [0.041423796000174, 8.29172702400018], [0.041667623000023, 8.29158857800007], [0.041911450000043, 8.29145013300007], [0.042266708000113, 8.29133344400014], [0.042522352000105, 8.29121701700018], [0.04277799700003, 8.29110058900011], [0.043566259000102, 8.29120980300013], [0.044964754000034, 8.29140356000005], [0.045540387000187, 8.29143788200008], [0.046601987999964, 8.29164547400018], [0.046855383000093, 8.29168524700003], [0.047976390000031, 8.29182011300014], [0.048610095000129, 8.29184049700007], [0.049254839000184, 8.29184982600003], [0.050142466000182, 8.29162699700015], [0.050590298000088, 8.29146595900016], [0.051190278000036, 8.29129073900003], [0.051939406000031, 8.29101314700017], [0.052746361000061, 8.29063066700013], [0.054828119000035, 8.28917266400003], [0.054883887000187, 8.28907329500009], [0.055159484000171, 8.28865913999999], [0.055423830000166, 8.28817610999999], [0.055583367000168, 8.28782014200004], [0.055891094000117, 8.28700350000014], [0.056097633000093, 8.28663362700019], [0.056195419000176, 8.28646799700016], [0.056293206000021, 8.28630236900011], [0.056557849000114, 8.28593234100009], [0.056701320000172, 8.28577761600013], [0.056844790000184, 8.28562289000013], [0.057153859000039, 8.28531062400003], [0.057291825000107, 8.28516693800009], [0.057429791000175, 8.28502325099998], [0.057556607000151, 8.28484927699998], [0.057578316000104, 8.28468936100006], [0.05755456900016, 8.28460398200002], [0.057712859000105, 8.28430038400012], [0.057894897000097, 8.28408216400004], [0.058311684000046, 8.28369795200001], [0.058802743000058, 8.28315092800005], [0.059020646000079, 8.28289402600012], [0.060093282000025, 8.28202298600019], [0.061245365000048, 8.28201992600009], [0.061610550000125, 8.28199966300014], [0.061975734000157, 8.28197939900002], [0.062046102000124, 8.28190893000016], [0.062116470000092, 8.28183846000019], [0.063152876, 8.28139058200009], [0.063338141000145, 8.28134530100016], [0.063973509000164, 8.28147659400008], [0.064166117000127, 8.28159046200011], [0.064243643000111, 8.28160954800006], [0.064898135000078, 8.28216455000018], [0.065108781000106, 8.28229766200019], [0.065319427000134, 8.28243077399998], [0.065513216000113, 8.282468843], [0.065820398000085, 8.28248731800005], [0.067510424000147, 8.28227057900017], [0.067739774000131, 8.28215696300015], [0.067844643000171, 8.28205470500006], [0.068562133000057, 8.28236974499998], [0.068766747999973, 8.28231820800011], [0.068971364000049, 8.28226667100017], [0.069086192000157, 8.28226636400007], [0.069201019000161, 8.28226605600003], [0.069278389000146, 8.2822272630001], [0.069971886000076, 8.28287861600012], [0.070084869000084, 8.28296375500014], [0.070606236000117, 8.28314426400004], [0.070909291000078, 8.28317170200017], [0.071818459000156, 8.28325401500018], [0.072047809000139, 8.28314039700018], [0.073027513, 8.28321493900012], [0.073163190000116, 8.28325040400011], [0.073334688000102, 8.28323065000006], [0.073499040000058, 8.28312685200001], [0.073527342000091, 8.2828497810001], [0.075520291000032, 8.28261428000008], [0.075641015000087, 8.2827476280001], [0.07579330100009, 8.28278580500012], [0.075908102000085, 8.28277584900002], [0.07602290300008, 8.28276589300009], [0.076177747000088, 8.28272689000016], [0.076465141000028, 8.28259140800014], [0.076714008000124, 8.28253285800008], [0.077098610000178, 8.28253182100008], [0.077541063000069, 8.28243691800014], [0.077653658000088, 8.28237873500001], [0.078499934000092, 8.28197405100013], [0.078883861000179, 8.28172496100012], [0.07894175500013, 8.28164763200004], [0.078999651000174, 8.28157030300014], [0.079018809000161, 8.28149307900014], [0.078999028000169, 8.2813415440001], [0.078898594000066, 8.2810386380001], [0.079495459000157, 8.28074763000018], [0.080647277000025, 8.28001689000013], [0.08195350900013, 8.27300721400007], [0.082881999000051, 8.27257474000004], [0.083086039000023, 8.27231511000002], [0.083315114000072, 8.27210502200006], [0.083586002000118, 8.27200782200003], [0.083853965000174, 8.27185275200014], [0.085578607000059, 8.27027982300012], [0.086115371000062, 8.27027836600007], [0.08636138900016, 8.27019363599999], [0.086607407000088, 8.27010890500003], [0.086979783000174, 8.26968895800019], [0.08806184000008, 8.26875995000006], [0.088108619000138, 8.2686661140001], [0.090220043000045, 8.26777770800015], [0.091193311999973, 8.26653117500013], [0.090847580000172, 8.26342915600003], [0.091350305000105, 8.26312400800003], [0.091692703000035, 8.26287512200003], [0.092113104000077, 8.26181282500016], [0.092284016000178, 8.26158682500011], [0.092521419000036, 8.26139038600013], [0.092891804000033, 8.26125688300016], [0.093258670000182, 8.26097748200004], [0.09344350900011, 8.26078104300007], [0.09369386100002, 8.2602651520001], [0.093943662000186, 8.25954710100007], [0.09410002400017, 8.25905886400011], [0.094361552000123, 8.25858159300014], [0.094521341000132, 8.25833318400009], [0.094995677000099, 8.25789644100013], [0.095469961000106, 8.2573157060001], [0.095971993000035, 8.25689326700007], [0.097238708000134, 8.25472290199997], [0.097411736000083, 8.25425945800004], [0.097634892999963, 8.2539171200001], [0.097885582, 8.25352233500007], [0.098122418000059, 8.25312468900017], [0.099392754, 8.2505204420001], [0.09949156600004, 8.25023341200017], [0.100984582000137, 8.24787328299999], [0.101495465000028, 8.24752713000004], [0.101873486000102, 8.24716190600003], [0.102104534000034, 8.24667366900002], [0.102558708000174, 8.24583165200011], [0.102976077000108, 8.24469020800018], [0.103451732000167, 8.24361646800014], [0.103806022000128, 8.24267527700016], [0.104025416000184, 8.24197725100015], [0.104155416000083, 8.24096835600005], [0.10434121500009, 8.24012729200007], [0.104374146000055, 8.23903352799999], [0.104292538000095, 8.23853480100007], [0.103301401000067, 8.23728846400002], [0.102821834000054, 8.23694517300015], [0.102094502000114, 8.23579422600005], [0.100665869000125, 8.2352903420001], [0.096158303000038, 8.23350840800009], [0.094287334, 8.23276875599998], [0.092859414000031, 8.23251874100004], [0.090319727000121, 8.23196650200003], [0.089851484000178, 8.23171380100001], [0.08941674099998, 8.23157171700018], [0.088882671000022, 8.2315259450001], [0.087874414, 8.23209428400014], [0.086619909000035, 8.23265118000006], [0.085754966000138, 8.23302021800004], [0.085240768000062, 8.23214577900006], [0.08418261900016, 8.23064578700013], [0.083580501000085, 8.22999448800016], [0.083220488000052, 8.22884350800012], [0.082252076000032, 8.22778216600005], [0.081550975000027, 8.22735400600016], [0.080737196000143, 8.22720143300006], [0.080169360000014, 8.22694682500014], [0.07957886600002, 8.2264967320001], [0.079432160000124, 8.22544397200005], [0.079466053000033, 8.22513310300019], [0.079475351000099, 8.22504728000007], [0.079063392000023, 8.22411944000004], [0.07861525800007, 8.22311149900003], [0.079501621000134, 8.22248689900005], [0.080626811000116, 8.2232163920001], [0.083833727000069, 8.22544301600016], [0.084833886000126, 8.22597225600003], [0.085922723000067, 8.22553742000014], [0.086097674000086, 8.22476215400013], [0.087208484000143, 8.22427105599996], [0.087933651000014, 8.22541059200012], [0.088757570000098, 8.22623735100007], [0.089469169000097, 8.22645667600017], [0.090158497000061, 8.22662260000004], [0.09067084100019, 8.22681999100013], [0.091003249000153, 8.22697256600003], [0.09156104900012, 8.22760288600017], [0.09214082900013, 8.22817694500014], [0.092720550000081, 8.22872907200008], [0.093211345999975, 8.22913625300009], [0.0936325670001, 8.22939086100001], [0.094712814000047, 8.22986193200018], [0.095860774000187, 8.23032701100004], [0.097003152000184, 8.22972366100004], [0.097544933000165, 8.22955678300008], [0.098335524000106, 8.22932315300011], [0.099134468000159, 8.229108596], [0.100021979000132, 8.22890834200018], [0.100787856000181, 8.22874051000014], [0.101931971000056, 8.22829327700015], [0.102443412000184, 8.22815977500011], [0.103176148000102, 8.22801482900002], [0.103518831000088, 8.2278813260001], [0.104364579999981, 8.22758952800012], [0.10496129600017, 8.22727961100014], [0.105795339000167, 8.22675609200007], [0.105838866000113, 8.22649099500006], [0.105727567000088, 8.22626022600008], [0.105502189000049, 8.22579487600012], [0.105488859000047, 8.22497669800009], [0.10559878000015, 8.22470874100003], [0.1063776740001, 8.22425483300015], [0.106488183000124, 8.22419952400008], [0.107132189000083, 8.22398496700004], [0.107909324, 8.22389532900007], [0.112229598000056, 8.22750179400015], [0.112454551000098, 8.22781266300018], [0.113455732000091, 8.22869473000009], [0.113857864000124, 8.22904660300014], [0.114190503000032, 8.22927927900002], [0.11521374300014, 8.22914482200002], [0.11594467600014, 8.22835715800005], [0.116343336000114, 8.22746841500015], [0.116463232000058, 8.22681520800018], [0.11638233900004, 8.22558889500004], [0.116324014000099, 8.22451706300018], [0.116376921000096, 8.22365120600006], [0.116374201000099, 8.2226785470001], [0.116439566000054, 8.22231141500009], [0.116438367000057, 8.22188134800012], [0.116270955000061, 8.22137213200011], [0.116466179000042, 8.21995510100004], [0.116642397000078, 8.21965662899999], [0.116887093000059, 8.21911308400007], [0.116952064000031, 8.21860291500002], [0.116681243000073, 8.21771894000017], [0.129896028000019, 8.21457960300006], [0.13300865399998, 8.207329179], [0.144624447000183, 8.19769856900007], [0.144838649000121, 8.19770794100009], [0.178159145000166, 8.19423947500019], [0.178321103000087, 8.19420327600011]]]]}, "properties": {"REGION": "Oti", "DISTRICT": "Krachi Nchumuru"}}, {"type": "Feature", "geometry": {"type": "MultiPolygon", "coordinates": [[[[0.086450560000173, 8.07199592800004], [0.076291727000068, 8.06431997000016], [0.074291638000091, 8.05331734000015], [0.096336798000152, 8.03422681500007], [0.118648148000034, 8.01490298599998], [0.117012061000082, 8.00013282400005], [0.116374277000091, 7.99437460700011], [0.103667567000173, 7.97365228799998], [0.076396202000126, 7.95610698200011], [0.065659190000076, 7.95042494100011], [0.065025718000072, 7.94197863300008], [0.073427543000093, 7.90472405200001], [0.072856389000094, 7.89967237400003], [0.070653377000042, 7.88094378400012], [0.068203611000058, 7.86011429500019], [0.067760278000037, 7.85634442800011], [0.059879412000043, 7.83334012299997], [0.062736528000016, 7.83290218400009], [0.065356999000073, 7.83196143700013], [0.073618983000131, 7.83513304299998], [0.07660011300004, 7.83286701600002], [0.077841749000072, 7.79432234899997], [0.067254877000039, 7.76811812700004], [0.044392649000088, 7.74019492000008], [0.04210156400012, 7.73114815900004], [0.037311509000176, 7.71223211100005], [0.020016837000071, 7.69638391700011], [0.014471134000132, 7.69130161000015], [-0.015194554999937, 7.6839855290001], [0.002511717000118, 7.71756231500001], [0.004125835000082, 7.74238389000004], [-0.001566921999938, 7.74705201400008], [-0.014507233999893, 7.7569088780001], [-0.026433666999935, 7.75693631899998], [-0.042514336999943, 7.75438678400019], [-0.058601777999911, 7.74873340900001], [-0.077272513999958, 7.74722262500006], [-0.100081640999974, 7.75037465000003], [-0.110950465999906, 7.76022447700012], [-0.116629766999949, 7.77213217000008], [-0.126449504999925, 7.78818606000004], [-0.130574791999948, 7.79957321800003], [-0.136227436999945, 7.82492822500012], [-0.145403208999937, 7.90304606299998], [-0.144351880999977, 7.90976766500017], [-0.141705674999969, 7.93510557800005], [-0.13650817499996, 7.93974972300003], [-0.134933423999883, 7.9485390160001], [-0.141138527999942, 7.95837887700003], [-0.173825652999881, 7.95741077400015], [-0.170168996999962, 7.96981661300015], [-0.144153476999975, 8.00545120499999], [-0.141533140999968, 8.01785877700007], [-0.146756525999876, 8.02403793600018], [-0.152920752999933, 8.03132979500015], [-0.155078440999944, 8.03061783800013], [-0.14612624199998, 8.04084842800017], [-0.137483362999944, 8.04681430000016], [-0.126341064999963, 8.05165267100017], [-0.097940871999867, 8.05495716500002], [-0.094580414999825, 8.05655997000002], [-0.092200452999975, 8.05861338900002], [-0.090337662999957, 8.06030767199996], [-0.090109439999821, 8.06076007500019], [-0.087692314999913, 8.06555141900014], [-0.087500649999868, 8.0661887330001], [-0.085975374999975, 8.07126041600009], [-0.08560389299987, 8.07287695299999], [-0.085346546999972, 8.07532489200014], [-0.084776585999975, 8.07617282100006], [-0.083990159999928, 8.07682983700005], [-0.083657335999931, 8.07785842800013], [-0.082995493999874, 8.07822750700007], [-0.08257743799993, 8.08040876100006], [-0.082050152999898, 8.0807757120001], [-0.081626490999952, 8.08073601500013], [-0.081006140999875, 8.08102283600016], [-0.080493978999925, 8.08096816000005], [-0.079304830999945, 8.08066903600019], [-0.078502379999918, 8.08086178400015], [-0.077718255999969, 8.08073134000017], [-0.076761613999963, 8.08103347400015], [-0.07646274099983, 8.08112786600014], [-0.075800202999972, 8.08122109200002], [-0.075404120999963, 8.08098962600008], [-0.074990387999947, 8.08122315399999], [-0.074872537999966, 8.08220715500016], [-0.074738909999837, 8.08283268700006], [-0.074208448999912, 8.08355613700002], [-0.073876513999892, 8.08418122000018], [-0.073181696999939, 8.08450903200008], [-0.072682474999965, 8.08602307900003], [-0.072152531999961, 8.08651595500015], [-0.071754187999886, 8.08727264000015], [-0.070661997999935, 8.08792893100002], [-0.069801009999935, 8.08865162200004], [-0.068576533999931, 8.08934054399998], [-0.06801473999991, 8.08930632400001], [-0.06622815999998, 8.09009277200005], [-0.065797828999905, 8.09010715600004], [-0.065038621999975, 8.08995829800011], [-0.064510563999875, 8.08962770400012], [-0.063881755999887, 8.08998858800015], [-0.062821305999933, 8.09120488300016], [-0.061659713999973, 8.09327734500005], [-0.061724750999872, 8.09373863400009], [-0.061778165999954, 8.09416288700015], [-0.061458204999951, 8.09466030100009], [-0.061377910999965, 8.09503358700005], [-0.061060214999941, 8.09525227900002], [-0.060830652999869, 8.09571429800013], [-0.061024798999938, 8.09627329200003], [-0.061057316999893, 8.09650393600009], [-0.060759965999978, 8.09692248300018], [-0.060063782999919, 8.09735805200006], [-0.059600600999886, 8.09755461600002], [-0.059368091999943, 8.09804815800015], [-0.059136882999951, 8.09798174800017], [-0.058807435999881, 8.09751984900004], [-0.058576684999878, 8.09725580900005], [-0.058213728999874, 8.09699146500003], [-0.057354232999899, 8.09705535800009], [-0.057090049999886, 8.09695593200001], [-0.056458973999895, 8.09707105500007], [-0.055667755999821, 8.09741378400008], [-0.054915944999948, 8.09749681800002], [-0.054406568999923, 8.097579301], [-0.053684348999923, 8.09754094600009], [-0.053023546999952, 8.09744059800016], [-0.05282079899996, 8.09748770300007], [-0.052526539999974, 8.09796646000018], [-0.051939239999967, 8.09805111700013], [-0.05156827299993, 8.09786541900007], [-0.051039831999958, 8.09769949899999], [-0.050739402999966, 8.09778845500006], [-0.05057610599988, 8.09812662000007], [-0.050409998999896, 8.09848855700011], [-0.049484242999938, 8.0986181560001], [-0.048391680999885, 8.09940613200007], [-0.047465302999967, 8.09979923200012], [-0.046273500999973, 8.10061990900005], [-0.045512222999946, 8.10107926600011], [-0.045081151999966, 8.10167114800009], [-0.044419725999944, 8.10183429100016], [-0.043857842999842, 8.10183297500004], [-0.043329167999957, 8.10176585900018], [-0.042469584999878, 8.10186265800013], [-0.04197427399987, 8.10166386600002], [-0.041577027999949, 8.10192643900018], [-0.041378093999924, 8.10218947800018], [-0.040952052999842, 8.10210514100004], [-0.039958499999955, 8.1014944370001], [-0.037184728999875, 8.10040093800012], [-0.036457981999945, 8.10023453100013], [-0.035828980999952, 8.1006612430001], [-0.034969949999947, 8.10052746000014], [-0.034640216999946, 8.10019729700008], [-0.034078023999939, 8.10032772000011], [-0.033085059999962, 8.10091825800015], [-0.032489184999861, 8.10131210400004], [-0.032087149999882, 8.1014981890001], [-0.030900731999964, 8.10213179100009], [-0.030569346999926, 8.10249332400008], [-0.029609344999869, 8.10311686800014], [-0.028552504999936, 8.10348152900002], [-0.027888434999966, 8.10403504100003], [-0.026862716999972, 8.10449373000006], [-0.025604034999958, 8.10449887600009], [-0.022665212999868, 8.10462495400003], [-0.021773036999946, 8.1043498030001], [-0.020420685999966, 8.10442833500002], [-0.018798208999954, 8.10440853600011], [-0.018434876999891, 8.10430884600004], [-0.017971511999917, 8.10457123700013], [-0.017080253999893, 8.10462294700017], [-0.014368778999881, 8.104595485], [-0.00023596199992, 8.10632153400007], [0.015898760000141, 8.10475378600006], [0.022673656000052, 8.10345022700011], [0.025166861000059, 8.102430438], [0.03098060700006, 8.10174062100003], [0.033478755000147, 8.10044767700003], [0.036054288000173, 8.09786789700007], [0.042104900000027, 8.09443212400009], [0.058057726000129, 8.08824225400008], [0.080374617000075, 8.07555903100007], [0.086450560000173, 8.07199592800004]]]]}, "properties": {"REGION": "Oti", "DISTRICT": "Krachi West"}}, {"type": "Feature", "geometry": {"type": "MultiPolygon", "coordinates": [[[[0.08283770800017, 8.5258354720001], [0.08273921600005, 8.52625467600018], [0.082673878000151, 8.52664898400008], [0.082637358000113, 8.52744560400009], [0.082654111000181, 8.52773780600012], [0.082678120000139, 8.52815656900003], [0.082908467000095, 8.52897406900018], [0.083036759000038, 8.52942937500001], [0.083237810000071, 8.52996763600004], [0.083477267000092, 8.53060871600019], [0.083642484000165, 8.53105103900009], [0.083998991999977, 8.5320054820001], [0.084027017000096, 8.53208051200011], [0.084193950000156, 8.53252742100005], [0.084563702000025, 8.53310404600006], [0.084803109000177, 8.53356364700016], [0.084951397, 8.53378630800017], [0.085039452000103, 8.53391852500005], [0.085229155999968, 8.53442512000009], [0.085332656000048, 8.53479966200018], [0.085400031000177, 8.53512745100005], [0.085581001000037, 8.535482484], [0.085789394000187, 8.53574373200013], [0.085900859000049, 8.53599698100004], [0.086137555000107, 8.53647588200016], [0.086365969000155, 8.53696307500002], [0.086546755000029, 8.53725196000005], [0.086623406000058, 8.53775729600011], [0.086748096000065, 8.53797741000005], [0.087136239000131, 8.53866259600005], [0.087612294000166, 8.53950296500005], [0.087880699000095, 8.53997677100017], [0.088136594000048, 8.54038947100003], [0.08840079600003, 8.5408021450001], [0.088590024000098, 8.54113785900012], [0.088798852000139, 8.54155068900019], [0.08901606600017, 8.54199105700002], [0.089216479000129, 8.54236532400017], [0.089394954000056, 8.54281406900009], [0.089528465000171, 8.54302867000018], [0.089651064000122, 8.54330118100006], [0.089839927000185, 8.54350735700007], [0.08999308500006, 8.54381561100018], [0.090174229000127, 8.54422851800018], [0.090845073000025, 8.54548341500015], [0.091811449999966, 8.54691179900004], [0.092072641000186, 8.54729785800009], [0.092336474999968, 8.54768782200006], [0.092630752000105, 8.54812278300005], [0.093379742000081, 8.54922983200009], [0.093625585000098, 8.54959319900001], [0.093984466, 8.55019025900003], [0.094304435000083, 8.55073506500003], [0.094591196000124, 8.55128547400017], [0.094780687000082, 8.55170937900016], [0.094931029000065, 8.55199834399997], [0.095363411000164, 8.55312299000013], [0.095464132000075, 8.55348788900005], [0.095635118000189, 8.55421777200013], [0.095777912000074, 8.55477134400013], [0.09587067700005, 8.55525891100001], [0.095919489000153, 8.55586787300012], [0.095885479000174, 8.55656250700008], [0.09603703800002, 8.55727590800001], [0.096038645000078, 8.55783814800003], [0.096162186000072, 8.55843587200008], [0.09643851200002, 8.559206797], [0.096552565000138, 8.55977907100009], [0.096745993000127, 8.56074960300015], [0.097162867000179, 8.5628412640001], [0.097316068000168, 8.56360994000011], [0.097473170000171, 8.56389023300011], [0.097528600000146, 8.56470763800013], [0.097730703000082, 8.56566343100008], [0.098119265000093, 8.56694667000011], [0.098375888000078, 8.56760189199997], [0.098847231000093, 8.56878291800018], [0.098961937000183, 8.56919325100012], [0.099210209000091, 8.569831959], [0.099494256000071, 8.57039339500011], [0.100172304000068, 8.57123483000004], [0.100691534000021, 8.57173220500005], [0.101100133000159, 8.57227399100009], [0.101411336000069, 8.57264793300016], [0.101847278000093, 8.57306837200002], [0.102036219000183, 8.57329383300009], [0.102132626000071, 8.57407904400014], [0.102207880000094, 8.57424970700015], [0.102341276000118, 8.57441744800008], [0.102452631000176, 8.57462383700005], [0.102539280000144, 8.57490471100016], [0.102653968000027, 8.57530677300002], [0.102832318000026, 8.57570038500012], [0.102985368000077, 8.57596177700003], [0.103052721999973, 8.57627302400016], [0.103147193000098, 8.57638575300012], [0.103250751000132, 8.576768555], [0.103364900000088, 8.576983203], [0.103598418000047, 8.57730224300013], [0.103743353000027, 8.57762980400014], [0.103800005000096, 8.57807061599999], [0.103903214000184, 8.57833215000016], [0.1039985540001, 8.57874529100013], [0.104038131000095, 8.57902629900013], [0.104125244999977, 8.57946702499999], [0.104192759000057, 8.57983339100014], [0.105027411000037, 8.58215438800005], [0.105643903000043, 8.58372083700004], [0.105927725000129, 8.58419682700003], [0.106050783000171, 8.58461815500004], [0.106051550000132, 8.58488273800003], [0.106071307999969, 8.58501221700016], [0.106201893000048, 8.58516342700005], [0.106280183000138, 8.5854250320001], [0.106355818000111, 8.58572522800011], [0.106498014000124, 8.5860610630001], [0.106628926000099, 8.58632527200018], [0.10681095100017, 8.587027552], [0.106933900000115, 8.58741029500015], [0.107320918000028, 8.58813954800019], [0.107862091000129, 8.58950776899997], [0.107976718000089, 8.58988502300008], [0.108099534000132, 8.590220913], [0.108224845999985, 8.59046308800004], [0.108300924000105, 8.59091486700004], [0.108470847000035, 8.59126164500015], [0.108888219999983, 8.59195222300008], [0.109152653000137, 8.59242275300011], [0.109369541000149, 8.59273081000009], [0.109559226000101, 8.5932070660001], [0.109784292000086, 8.59347100300016], [0.109879476000117, 8.59382626300004], [0.109993498000165, 8.59399405500011], [0.110201783000093, 8.59420016199999], [0.110457247000056, 8.59444196200013], [0.110607277000042, 8.59461240600018], [0.11067411200014, 8.59474174900015], [0.110761021000144, 8.59510805800016], [0.110911076000036, 8.59528677100013], [0.11105300700018, 8.59552889700007], [0.111328242000127, 8.59590293000002], [0.111678629000039, 8.59640903900009], [0.111981668000169, 8.59682157600002], [0.112944414000083, 8.59745545000004], [0.11341596300008, 8.59772694000014], [0.114205875000096, 8.59796719100001], [0.115567319000093, 8.59854885100003], [0.116513553000061, 8.59909300600003], [0.116630108000038, 8.59915471600016], [0.116871337000021, 8.59921192899998], [0.118317778000062, 8.59975499100017], [0.121769505000088, 8.60115330400015], [0.121908157000178, 8.60121904600004], [0.122315645000128, 8.60136117400009], [0.122826086000032, 8.60167112199997], [0.123624869000139, 8.602098738], [0.124107425999966, 8.60234261900001], [0.124565419000135, 8.60270783900006], [0.125248397000178, 8.60330391000008], [0.125682186000063, 8.60391173300019], [0.126140483000086, 8.60437892500011], [0.127130494000028, 8.60485558200003], [0.127418839000143, 8.60497324900007], [0.128125167000178, 8.60503456700019], [0.129274145000181, 8.60495402800018], [0.129927245000033, 8.60480879600004], [0.130397277000043, 8.60456212600008], [0.130972602000099, 8.60433719400015], [0.131544585000086, 8.6039193470001], [0.132309718999977, 8.60326942200004], [0.132859308000093, 8.60277171400008], [0.13323452800006, 8.6023048350001], [0.134962832000042, 8.60055791300016], [0.135576456000024, 8.60017852300001], [0.135929895000061, 8.59983848500013], [0.136778318000154, 8.59926547700013], [0.139412320000133, 8.59759303300018], [0.14294763700002, 8.59360557100013], [0.14350711000003, 8.59271921800001], [0.143856717000062, 8.59202916800012], [0.144206085, 8.59125919100012], [0.144519816000127, 8.59061058700007], [0.14483919200012, 8.58999779500004], [0.145361219000051, 8.58955527500018], [0.146301330000085, 8.58909773300013], [0.146915197000169, 8.58880927799999], [0.147997102999966, 8.58854423299999], [0.148821812000108, 8.5883874380001], [0.149688246000039, 8.58829390500006], [0.150577221000106, 8.58832983800011], [0.151150802000075, 8.58845766000002], [0.15172730900008, 8.58863783800001], [0.152223199000048, 8.58871352500017], [0.153544893000173, 8.58899620200003], [0.154459190000068, 8.58916434000008], [0.155276914000069, 8.58944576300019], [0.156335552999963, 8.58972921700018], [0.157394353000029, 8.59006503300009], [0.158154014000047, 8.59037418300005], [0.158874876000027, 8.59067242600014], [0.159723190000079, 8.59099508700012], [0.160482695000098, 8.59125186800014], [0.161031444000116, 8.59140731000002], [0.162276053000141, 8.59183350100005], [0.163251664000143, 8.59212820900007], [0.163723148999964, 8.59237207299998], [0.164119779000146, 8.59258584600019], [0.165277434000075, 8.59355247000008], [0.165656870000021, 8.59357612700018], [0.165997464000156, 8.59357509700004], [0.166284974000121, 8.59341988900019], [0.166492131000098, 8.59324838700002], [0.166885337000167, 8.5932471970001], [0.167342753000185, 8.59341668600018], [0.168606705000116, 8.59382625900008], [0.168986066000173, 8.59382510900014], [0.169482521000077, 8.59408266900016], [0.169876765000026, 8.59442046400011], [0.170362990000058, 8.59495365700008], [0.170939492000116, 8.59602951200003], [0.171123967000028, 8.59658842500016], [0.171270395000079, 8.59738171599997], [0.171416173000068, 8.59796279400013], [0.171667152000111, 8.59853528400004], [0.171851587, 8.59908041600005], [0.17199710400007, 8.59957605900007], [0.172128124000039, 8.59985953], [0.172298800000135, 8.60043226400018], [0.172406576000185, 8.60126150000002], [0.172476993000089, 8.60254835000006], [0.172445183000093, 8.60481114300018], [0.172448947000078, 8.60603480700019], [0.172584252000149, 8.60771005900006], [0.17260194, 8.60895848400003], [0.172485503000075, 8.60981596200014], [0.172396768000112, 8.61067611300012], [0.170902893, 8.613863874], [0.170658035000031, 8.6143855090001], [0.170525910000038, 8.61464497800017], [0.170148528000027, 8.61529654800006], [0.169864977000145, 8.61584310500007], [0.169381761000125, 8.61629932000011], [0.168886909000037, 8.61657367200007], [0.168192714000043, 8.61686240900008], [0.167318595000097, 8.61717649600018], [0.166743398000051, 8.61744006600014], [0.166118271000073, 8.61767622700006], [0.165169091000053, 8.6178968320001], [0.164425044000041, 8.61818571400005], [0.163902174000157, 8.61835541700015], [0.163484937000021, 8.61865708800013], [0.163042490000066, 8.61886512900003], [0.162467607, 8.6192334210001], [0.156850613000131, 8.6216674210001], [0.156184208000184, 8.62199464000008], [0.155545846000109, 8.62243752700005], [0.154879363000134, 8.62273994000009], [0.154049515, 8.62305111000006], [0.153082598000026, 8.62382295100008], [0.152568455000051, 8.62413592600012], [0.151767605000032, 8.62487970500013], [0.151204404000055, 8.6254546510001], [0.150594198000022, 8.62605454100014], [0.149984057000097, 8.62667648000019], [0.14930726700004, 8.62723798300004], [0.148384946000022, 8.62811165400012], [0.147595440000089, 8.6289490960001], [0.14690793, 8.62963189500005], [0.146560291000128, 8.63006287700017], [0.146036203000108, 8.63075621000007], [0.145495280000034, 8.63137793599998], [0.144413248000035, 8.63256075400017], [0.143935940000119, 8.63315748400015], [0.143265432000078, 8.63397251700019], [0.142511839000178, 8.63478779700012], [0.1417528610001, 8.63565545700015], [0.141129174000071, 8.63638766600008], [0.140627148000135, 8.63705612400014], [0.14019710000008, 8.63771610000003], [0.139802755, 8.63827675000005], [0.139455357000031, 8.63879316400016], [0.139240807000078, 8.63928162300016], [0.139014930000144, 8.63968743400005], [0.138752910000107, 8.64004649900005], [0.13838046900014, 8.64052440300014], [0.137748740000177, 8.6413503390001], [0.137581564000186, 8.64193787400012], [0.137404294000078, 8.64285340900011], [0.137359534000097, 8.64362799300005], [0.137347909000141, 8.64436940600001], [0.137398833000077, 8.64472754100007], [0.137339871000165, 8.64538365700002], [0.13726028300016, 8.64654970400011], [0.137140433000184, 8.64721978100005], [0.137048461000063, 8.64795040700011], [0.136928281000053, 8.64851024200016], [0.136799693000057, 8.64903703100015], [0.13634517100013, 8.65126210200015], [0.136009233000038, 8.65290663600013], [0.135882588000129, 8.65352660700017], [0.135925879000069, 8.65595731700006], [0.135999605000109, 8.65653035700001], [0.136266117000162, 8.65766505800002], [0.136293903000137, 8.65861857000004], [0.136440889000028, 8.65960755599997], [0.136669821000169, 8.66021596300016], [0.136804804000064, 8.66089630700014], [0.136901543000135, 8.66175315000004], [0.137036452000189, 8.66240869000012], [0.137338938000028, 8.66352950200013], [0.137654883000096, 8.66452074000006], [0.137788495000166, 8.66474358200003], [0.137920713000085, 8.66542393300011], [0.138045094000177, 8.66626140200003], [0.138310861000036, 8.66714254600009], [0.138451813000131, 8.66796342900011], [0.138669784000172, 8.668607694], [0.138948431000017, 8.66916634200004], [0.141255257000125, 8.67182179700012], [0.142024756000126, 8.67258292200012], [0.142891161000136, 8.67333273100007], [0.14395762800018, 8.67429415200013], [0.144621564000033, 8.67494810000005], [0.145293961000164, 8.67565163000017], [0.145825392000177, 8.67644928800013], [0.146285138000167, 8.67735464500015], [0.146766619000118, 8.67811937800008], [0.147170500000072, 8.67886780600003], [0.147521297000083, 8.6794648130001], [0.147835797000141, 8.67996546600006], [0.14953634200009, 8.68189252800016], [0.150123173000054, 8.6825575200001], [0.150726495000072, 8.68330809800005], [0.15144848000017, 8.68391500400003], [0.151901207000094, 8.68432704200018], [0.152310773000011, 8.6846837970001], [0.152623263000123, 8.68495599199997], [0.153020361000131, 8.68529102700006], [0.153489499000045, 8.68563411300005], [0.154125160000149, 8.68608693500005], [0.159822899000062, 8.69160374800003], [0.160437113000057, 8.69228261600011], [0.160943494000151, 8.69302244400001], [0.161521739000079, 8.69371244400008], [0.162280320000093, 8.69449835300003], [0.162841833000073, 8.69514981800017], [0.163514700000064, 8.69598283700009], [0.163973419000115, 8.69653264000004], [0.164309927000033, 8.69697257500007], [0.164732454000102, 8.69746185500009], [0.165358445000095, 8.69818899800009], [0.165749554000058, 8.69854185800017], [0.165809900000056, 8.6987040680001], [0.166075055000078, 8.69900387300015], [0.166689225000084, 8.69966068000002], [0.167003581000188, 8.70010067900012], [0.167750996000109, 8.70085078000011], [0.168256704000044, 8.70136460400016], [0.168714830000113, 8.70171872300006], [0.16898994200011, 8.70200726000002], [0.16931504900009, 8.70233974000018], [0.16986506100011, 8.70284791300003], [0.170165137000083, 8.70314739500014], [0.170609349000074, 8.70347950700005], [0.171150173000058, 8.70370383600005], [0.171535740000081, 8.70388179100013], [0.171860816000162, 8.70420324399998], [0.172469309000121, 8.70481044800016], [0.172996673000057, 8.70515883600001], [0.173756534000177, 8.70545138600005], [0.174813107000091, 8.70585050300014], [0.175147353000057, 8.70599329000015], [0.175902929000188, 8.70625227000005], [0.176446280000107, 8.70639665900001], [0.177072717000158, 8.70653803300019], [0.178220744000043, 8.70695063700003], [0.178928769000095, 8.70749413300007], [0.179293159000053, 8.70798357200016], [0.179610221000189, 8.70839599000016], [0.180217328000026, 8.70943863200011], [0.180493231000014, 8.70997519600007], [0.180711496000072, 8.71068005500007], [0.180876959000159, 8.71132995900018], [0.181288710000047, 8.71278660400003], [0.18142346500008, 8.71335943500009], [0.181594826000151, 8.71412231400001], [0.181813287000182, 8.71488780300007], [0.181995946000143, 8.71571954800004], [0.182153582000183, 8.71652105400011], [0.182274524999968, 8.71710495000008], [0.182420173000139, 8.71761711300007], [0.182494627000096, 8.7183913180001], [0.18238941400017, 8.71928734500011], [0.18227322600012, 8.72021647800011], [0.182203191000099, 8.72084782000013], [0.182071584000141, 8.72127816600005], [0.182025664000093, 8.72165036900003], [0.181907603000184, 8.72198421200005], [0.181535344, 8.72252279000003], [0.181141713000045, 8.72331223100002], [0.180808943000045, 8.72407667800013], [0.180440490000024, 8.72494596400014], [0.180165662000036, 8.72563857500012], [0.179807889000188, 8.72638105100009], [0.179342533000067, 8.72726717400013], [0.178948253000101, 8.72785267099999], [0.178794291000145, 8.72822245400016], [0.178524505000041, 8.72875795600004], [0.178263219000087, 8.72935406300007], [0.177880508000158, 8.73009661700007], [0.177400732000024, 8.73080364200001], [0.177092060000064, 8.73130619300014], [0.176733740000088, 8.73187779699998], [0.176568953000071, 8.73233029200003], [0.176439839000011, 8.73267519300009], [0.176296511999965, 8.73290438600009], [0.176153289000126, 8.73316665000016], [0.176010221000183, 8.73347852300009], [0.175759939999978, 8.73405254699998], [0.175437334000151, 8.73453033599998], [0.175326804000065, 8.73475641900012], [0.175021709000134, 8.73538047300008], [0.17478279900007, 8.73604816600016], [0.174472167000147, 8.73681254100006], [0.174271744000123, 8.73738641200003], [0.173924867000153, 8.73807648700006], [0.173757580000085, 8.7386171820001], [0.17348489900013, 8.73911686400004], [0.173256625000079, 8.73964396700006], [0.172826469000029, 8.74027917900003], [0.172529535000137, 8.74099666000018], [0.172218327000166, 8.74157914000006], [0.171909975000062, 8.74218917100018], [0.171742529000028, 8.74268025800001], [0.171310630000107, 8.74364619599999], [0.171131689000106, 8.74400503000004], [0.170966766000049, 8.74425741500005], [0.170833932999983, 8.74446069099997], [0.17041488100017, 8.74510689200008], [0.170214225000052, 8.74560910500014], [0.169734590000076, 8.74637124500015], [0.169425448000084, 8.74673048000011], [0.169124797000165, 8.74714756599997], [0.168946455000139, 8.74769931800017], [0.168523146000041, 8.7487589320001], [0.168333454000162, 8.74922528200011], [0.168118788000129, 8.74967793000008], [0.167904018000172, 8.75009750599997], [0.167861664000043, 8.75028504500017], [0.16766516600012, 8.75079000099998], [0.167461777000085, 8.75130600300008], [0.167261561000032, 8.75195152600008], [0.167068719000042, 8.75229662200007], [0.166878912000072, 8.75272680000012], [0.166835044000152, 8.75287334800015], [0.166705994000154, 8.75324305200019], [0.166400224000085, 8.75379795200013], [0.166097223000122, 8.75435284300011], [0.165783672000032, 8.75507864000002], [0.165368660000183, 8.75613822700001], [0.165861766000091, 8.75791709100014], [0.165782115000184, 8.75813781700009], [0.165782801000034, 8.75835829600015], [0.16590680500002, 8.75903589200004], [0.16594736400009, 8.7596062610001], [0.16591057200003, 8.76024576900005], [0.165812087000177, 8.760645694], [0.165733183000043, 8.76110619100001], [0.165734238000027, 8.76144517699998], [0.165694178000081, 8.76192484600017], [0.165936996000084, 8.76250285900011], [0.166000218000022, 8.76323300700017], [0.166224891000013, 8.76421069700001], [0.166266227000108, 8.76502910400018], [0.166329416000053, 8.76574822800018], [0.166330568000149, 8.76611752900004], [0.166371425000079, 8.76633788400011], [0.166412282000181, 8.76655823800002], [0.166431209000052, 8.76685307300016], [0.166131883000162, 8.76725637400006], [0.166101684000068, 8.76734465900017], [0.166013824000061, 8.76759848300003], [0.165915458000086, 8.76803699200019], [0.165734051000129, 8.76849780500004], [0.165679469000054, 8.76876255000013], [0.165677111000036, 8.76889484600008], [0.165678115999981, 8.76921729600014], [0.165656392000187, 8.76935792000006], [0.165898468000137, 8.76969616200012], [0.166182230000175, 8.7700756160001], [0.16642465200016, 8.77052409600009], [0.166727988, 8.77096136400019], [0.166810324000096, 8.77160050400016], [0.166892909000069, 8.77231956700001], [0.167094561000056, 8.77301897000007], [0.16715694700008, 8.77347903000015], [0.167358204000095, 8.77360794000015], [0.167559460000064, 8.77373685000015], [0.167901215000029, 8.77405549100013], [0.168412248000095, 8.77446455500007], [0.168814453000095, 8.77462315800011], [0.169310937000091, 8.77480903000003], [0.169671207000079, 8.77484649700006], [0.170048109000163, 8.77488667000006], [0.170194646000141, 8.77479251200009], [0.170529447000035, 8.77465918600006], [0.170661958999972, 8.77450995100008], [0.170968720000076, 8.77426922800015], [0.171209491000184, 8.77418855600007], [0.171424959000035, 8.77398945600009], [0.171679832999985, 8.77398866600004], [0.17187892000004, 8.77386678400006], [0.172092074000091, 8.77381375800013], [0.172227407000037, 8.77368105000016], [0.172388089000151, 8.77368055100004], [0.172600655000167, 8.77344012000009], [0.172760627000059, 8.77321363000004], [0.172961817000044, 8.77287952900002], [0.173226595000074, 8.77250389099999], [0.17350867100015, 8.77234316700003], [0.173801497000056, 8.77207768], [0.174069132000056, 8.77172959300009], [0.174336972000049, 8.77144764800011], [0.174548991000108, 8.77103358900001], [0.174694443000021, 8.77059493200005], [0.174653883000076, 8.77003007900015], [0.174625175000187, 8.7697104720001], [0.174477551000052, 8.76945737900019], [0.17416945500014, 8.76927092800014], [0.173806213000091, 8.76916732899997], [0.173470829000053, 8.76911325100014], [0.173149764000016, 8.76920795200004], [0.172776063000128, 8.76930281600011], [0.172454704000074, 8.76930381300008], [0.172118905000104, 8.76911744600005], [0.171915755000157, 8.76882594000006], [0.171540923000066, 8.76855977100018], [0.171111358000132, 8.76850873800009], [0.170401359000095, 8.76825738600013], [0.170039931000019, 8.76784786000013], [0.16997827199998, 8.76762067999999], [0.169916614000044, 8.76739350100013], [0.169887204000077, 8.7668479030001], [0.170049109999979, 8.76635407700007], [0.170153339000024, 8.766020277], [0.170273412000086, 8.76588072800013], [0.170393485000147, 8.7657411780001], [0.170633829000167, 8.76552546500011], [0.170755059000044, 8.7653128770001], [0.170834562000152, 8.76504529800008], [0.170938711000133, 8.76468669499997], [0.171234341000115, 8.76443222700004], [0.171421107000072, 8.76435861400012], [0.171607874000188, 8.76428500100013], [0.17208982000011, 8.76425594800014], [0.172477869000147, 8.76432088799999], [0.173015808000173, 8.76447906700002], [0.173725091000108, 8.76450442600009], [0.174259716000051, 8.76448898600006], [0.174835523000183, 8.76435490800014], [0.175424505000024, 8.76400582200006], [0.175611189000051, 8.76390602500004], [0.175797871000043, 8.76380622900012], [0.176024862000077, 8.76375040300013], [0.176374006000174, 8.763776877], [0.176855907000174, 8.76373403700001], [0.17714939300015, 8.76368075900007], [0.17735720800016, 8.76369389200016], [0.177565023000056, 8.76370702500009], [0.178022746000181, 8.76390403100004], [0.17822271, 8.76406325599999], [0.178436196000121, 8.76411771000005], [0.178652192000015, 8.76408947700014], [0.178893121000158, 8.76406116600003], [0.17914770100009, 8.76396942400004], [0.17944080400008, 8.76379488200018], [0.179608029000178, 8.76367447399997], [0.179775253000116, 8.76355406600015], [0.180228067000144, 8.76307311000016], [0.18048123, 8.76253214500008], [0.180668809000167, 8.76227800700002], [0.180748477000179, 8.76206554700019], [0.18090839700011, 8.76182527600008], [0.180987978000189, 8.76158525600016], [0.181556045000036, 8.76017455900006], [0.181823597000175, 8.75951013700012], [0.181877027000155, 8.75888435900004], [0.181833663000077, 8.75831124800015], [0.181816889000117, 8.7573852860001], [0.181815419000031, 8.75691952700004], [0.181894747000172, 8.75659958400007], [0.181893155000068, 8.75609524200013], [0.181839590000152, 8.75580051800006], [0.181705002, 8.75528832300006], [0.181570494000084, 8.75501572600012], [0.181432357000119, 8.75473577700018], [0.181259358000091, 8.75438517399999], [0.181062911000083, 8.753987053], [0.180895069000087, 8.7536468990001], [0.180963691000045, 8.75328153200019], [0.181026173000078, 8.75294885200003], [0.181187953000119, 8.75208746900006], [0.181092585000044, 8.75171295100017], [0.180980604000126, 8.75134124100015], [0.180917784000087, 8.75074614200003], [0.180915717000175, 8.75009022099999], [0.180739771, 8.74963878600005], [0.180720113000177, 8.74927757100011], [0.180709643000171, 8.74908518500018], [0.180699621000088, 8.74890104300005], [0.180657441000108, 8.74812600000013], [0.180591070000048, 8.7472828710001], [0.180494967000186, 8.74667409500017], [0.18053975100014, 8.74594086000013], [0.18066590300009, 8.74553533600016], [0.180900324000049, 8.74520388500002], [0.18107085000014, 8.74481475800008], [0.181274556000119, 8.7444062350001], [0.181414756000152, 8.74406405500002], [0.18152195000016, 8.74379638800002], [0.181686383000169, 8.74367185500006], [0.181851673000153, 8.74354846000011], [0.182349496000086, 8.74317681600007], [0.18287541900014, 8.7427841920001], [0.183208258000036, 8.74253571200012], [0.18363763800005, 8.74221516000006], [0.184159523000176, 8.74182554900011], [0.184586188000026, 8.74150702100019], [0.18526229600019, 8.74100227000008], [0.185590027000046, 8.74075760000011], [0.185963548000132, 8.74061587500017], [0.186309759999972, 8.74059825600006], [0.186656224000046, 8.74066056000004], [0.187033308000025, 8.740769618], [0.187410287000034, 8.74084560500017], [0.187567143000024, 8.74095397600018], [0.187961640000083, 8.74175059900011], [0.18790939400003, 8.74217513400015], [0.187980408000044, 8.74242851400015], [0.187981272000115, 8.74270135500007], [0.187841288000072, 8.74310968100013], [0.187637729000187, 8.74356230100005], [0.187280081000097, 8.74434336700006], [0.186906212000167, 8.74525126100002], [0.186650804000124, 8.74595208300008], [0.186651546, 8.74618633900013], [0.186691650000171, 8.74641372500008], [0.186783048000052, 8.74693194100018], [0.187004146000049, 8.74713826100003], [0.187266916000169, 8.74707957500016], [0.188002932000131, 8.74691519700002], [0.188489100000027, 8.74647822500009], [0.188753496000061, 8.74599234100003], [0.18917524800014, 8.74533509200012], [0.189738224000166, 8.74466086400014], [0.189966118000029, 8.74445758200017], [0.190194010000027, 8.74425430100013], [0.190664041000105, 8.74397171400011], [0.191071005000026, 8.74389326600004], [0.191730296000117, 8.74389119400001], [0.192436924000162, 8.74396613800019], [0.192711342000109, 8.74402039400007], [0.192987531000142, 8.7440316520001], [0.193463786000052, 8.74405106500001], [0.193980865000128, 8.74407214000007], [0.194511037000098, 8.74409374900017], [0.195188536000103, 8.74412136100017], [0.195659339999963, 8.74414054800008], [0.198962249000147, 8.74427514100006], [0.199177886000143, 8.74428392700008], [0.199426095000149, 8.74429404100005], [0.199615466000125, 8.74430175600008], [0.201878629000021, 8.74599454100007], [0.202007687000048, 8.74609107200013], [0.202103707, 8.74623132200003], [0.202276154000174, 8.74644849700013], [0.202401412000029, 8.74663550600008], [0.202433094000185, 8.74701297400003], [0.202434243000027, 8.7473712470001], [0.202507797000067, 8.74784779700008], [0.202667304000045, 8.74834887900016], [0.202793561000078, 8.74884731000009], [0.203047052000159, 8.74928470400005], [0.203503066000053, 8.74981515899998], [0.204008634000161, 8.7502489960001], [0.204258604000074, 8.75045214200003], [0.20462185000008, 8.75056122700011], [0.204965998000148, 8.75076131700013], [0.205218739000031, 8.75096445500003], [0.205580311000062, 8.75119580099999], [0.205754490000174, 8.75130724600007], [0.206101408000109, 8.75150732600014], [0.206384268000079, 8.75160012800018], [0.20658649000012, 8.75159948400011], [0.207168333000027, 8.75163070100012], [0.20732507300005, 8.75170047800009], [0.207481815000051, 8.75177025600004], [0.207906406000063, 8.75200315800009], [0.208489200000145, 8.75232925800009], [0.208662585000184, 8.75240587200005], [0.208840119000172, 8.75247135300003], [0.20911095800011, 8.75257124900014], [0.20929096500015, 8.75263764200002], [0.210207831000162, 8.75297581300003], [0.21067753900013, 8.75314905600004], [0.211123108000152, 8.75339563500012], [0.21152551300014, 8.75361832500005], [0.211884201000146, 8.75381682200009], [0.212141311000096, 8.75395910600014], [0.21225038200015, 8.75401946500006], [0.212590526000042, 8.75420769900018], [0.212983608000059, 8.75442522700007], [0.213085417000059, 8.75448156700008], [0.213477171000136, 8.75469836100007], [0.213809332000153, 8.75488217500003], [0.214055604000123, 8.75496289500012], [0.214290319999975, 8.75503982800018], [0.215889141000048, 8.75511664500004], [0.216151020000098, 8.75458194100003], [0.216486036000106, 8.75421026800012], [0.217985794000072, 8.75254639900004], [0.218157281000117, 8.75235614500008], [0.218239364000056, 8.7520417020001], [0.218321725000067, 8.75181269200016], [0.218500701000096, 8.75147864500013], [0.218696101000091, 8.75108391300017], [0.21890591500005, 8.75086276100018], [0.219074761000172, 8.75082087800018], [0.219218673000171, 8.75077907499997], [0.219500620000133, 8.75059076200012], [0.219652435000171, 8.75042353700007], [0.219804250000038, 8.75025631300008], [0.220044544000018, 8.75003781800001], [0.220273721000069, 8.74980833500013], [0.220545025000149, 8.74975509700016], [0.220943620000185, 8.7496601090001], [0.22118464100015, 8.74966484400005], [0.222351073000027, 8.74972308899999], [0.222554368000033, 8.74975043000006], [0.223697664000156, 8.74990418600015], [0.22443420500008, 8.750003236], [0.225022690000173, 8.75008237599997], [0.225436005000176, 8.7502696950001], [0.225833469000179, 8.75044983000004], [0.226175958, 8.75060504900017], [0.226427808999972, 8.75071919100003], [0.226510397000084, 8.75075662100011], [0.226740024000151, 8.75086068899998], [0.227123374000087, 8.75103442600005], [0.227634015000149, 8.75126585000004], [0.228035569000156, 8.75144783600018], [0.228302293000183, 8.75169556200007], [0.228490669000166, 8.75187052000012], [0.228678422000144, 8.75204489999999], [0.228818317000048, 8.75217483000011], [0.229740268000057, 8.75303110699997], [0.230016455000111, 8.75319970000015], [0.230695788000048, 8.75339316399999], [0.231188966000047, 8.75341912000005], [0.231615625000074, 8.7534342670001], [0.232038942000031, 8.75327580100014], [0.232293480000124, 8.75317851400018], [0.232448609000073, 8.75317800900007], [0.232689195000091, 8.75305045200008], [0.232885595000141, 8.75296437900016], [0.233026873000142, 8.75296391800003], [0.233195389000059, 8.75282281600005], [0.23502871300002, 8.75265975000008], [0.235374881000041, 8.75262830500003], [0.235615711000094, 8.75257515599998], [0.23618044, 8.75245756200002], [0.236467490000166, 8.75238379700005], [0.23675614800004, 8.75230961600005], [0.237090653000109, 8.75210182800009], [0.23733954700009, 8.75197424200019], [0.237602438000067, 8.75189070400006], [0.237956815000189, 8.75182891499998], [0.238448378999976, 8.75136706400008], [0.239212090000024, 8.75110826300005], [0.239543447000187, 8.74994968300012], [0.239683965999973, 8.74972048000006], [0.239824486000089, 8.749491277], [0.239910751000025, 8.74923863400016], [0.239980870000068, 8.74903327900012], [0.240073613000163, 8.74859753700014], [0.240125415000023, 8.74834657700018], [0.240236920000086, 8.74772061300007], [0.24027685700014, 8.74723268100018], [0.240297195000039, 8.74668142700006], [0.240390066000145, 8.74628426800012], [0.240501159000189, 8.7455342880001], [0.240750903000105, 8.74482795000006], [0.240854998999964, 8.74447484900008], [0.241030770000066, 8.74401678700002], [0.241134793000072, 8.74364163800016], [0.241352106000022, 8.74318068500014], [0.241478361000077, 8.74282751100003], [0.241789691000065, 8.74231664300004], [0.242176049000022, 8.74187718100012], [0.242697948000171, 8.74137940200001], [0.243062829000053, 8.74114670600017], [0.243325509000101, 8.74100253600011], [0.243491502000097, 8.74093860500005], [0.243679592000035, 8.74085531000003], [0.244025538000017, 8.74076047200015], [0.244831238000074, 8.74064207800012], [0.2452384, 8.7406297170001], [0.245689917000163, 8.74062823300017], [0.246274819000064, 8.74075308300019], [0.246621872000105, 8.74099170900018], [0.246924806000095, 8.74129110900009], [0.247158534999983, 8.741604516], [0.247472550000168, 8.74190387900018], [0.247675138000034, 8.74205798300011], [0.247847682000099, 8.74218923300015], [0.248095079000052, 8.74237742200017], [0.248306400000047, 8.74253816800018], [0.248522301000037, 8.74270239900017], [0.248615215000086, 8.74300702500017], [0.248747881000043, 8.7434419870001], [0.248829701999966, 8.74371024200013], [0.248914068000033, 8.74398684400012], [0.248984948000043, 8.74421922900007], [0.249032023000098, 8.74437356900006], [0.249351265000087, 8.74461317000009], [0.249643891000119, 8.74483279300006], [0.249850314000071, 8.74498771800017], [0.250072365000051, 8.74515437299999], [0.250984294000091, 8.74583879400006], [0.251802646000101, 8.74618885000007], [0.252482486000076, 8.74653660500013], [0.253300140000022, 8.74667720900004], [0.254047045000107, 8.747198363], [0.255065275000163, 8.74684774300016], [0.255840530000114, 8.74673493700004], [0.256325156000059, 8.74669199100003], [0.256741066000188, 8.74680911600007], [0.257201028000054, 8.74684617299999], [0.257594315000176, 8.74682557500006], [0.257987871000012, 8.74688489900018], [0.258367613000189, 8.74695529200005], [0.258722128000102, 8.74693757800003], [0.25903837200002, 8.74659597200002], [0.259543946000065, 8.74604985100001], [0.259819634000166, 8.74590026199996], [0.261073796000176, 8.74510542200011], [0.261287182000103, 8.74448630000006], [0.261476978000132, 8.74393561600016], [0.261631732000183, 8.74348660900006], [0.261826396000117, 8.7429218040001], [0.261981149000064, 8.74247279700018], [0.262156942000104, 8.74196273900009], [0.26270976100011, 8.74118633400002], [0.262810705000106, 8.74104456300012], [0.263075556000103, 8.740970119], [0.264733795000041, 8.74069701400003], [0.264989356000171, 8.7407351810001], [0.265349591000017, 8.74077256200007], [0.26582069900013, 8.74083161800019], [0.266261265000139, 8.74086873000005], [0.266662816000064, 8.74083707300002], [0.267033935000143, 8.74081654100007], [0.267460137000057, 8.74070212300006], [0.267842178000137, 8.74063470400006], [0.268293515000096, 8.7405808310001], [0.268847417000075, 8.74054866300014], [0.269078566000132, 8.74050379400006], [0.269309713000155, 8.74045892600009], [0.269552934000103, 8.74029826800012], [0.269724051000139, 8.74011304900017], [0.269784767000033, 8.74004670400006], [0.269884945000115, 8.73977215500003], [0.269985123000083, 8.73949760700003], [0.269927847000133, 8.73894386000012], [0.269793181000182, 8.73843997900008], [0.269718936000174, 8.73819219600011], [0.269644692000043, 8.73794441200005], [0.26942956500011, 8.73740221800011], [0.269222954000156, 8.73692062500015], [0.269027573000074, 8.73648309000009], [0.268926642000167, 8.73612515900004], [0.26875646100018, 8.73576746000003], [0.268514383000081, 8.73544582800008], [0.268227547000151, 8.73499481800008], [0.268046102000142, 8.73458203700011], [0.267931286000021, 8.73421312800002], [0.267955732000132, 8.73406973900018], [0.267980177000084, 8.7339263500001], [0.268178145000149, 8.73349025400012], [0.268572519000088, 8.7329763350001], [0.268875549000086, 8.73248201399997], [0.269283380000161, 8.73185230200011], [0.269539206000047, 8.73132506600018], [0.269666047000158, 8.73115377500011], [0.270105510000178, 8.73086844500017], [0.270893529000091, 8.73044690799998], [0.271304002000022, 8.73019061100018], [0.271724316000189, 8.72995143000003], [0.272475592000148, 8.72952391300009], [0.273246077000067, 8.72908546200017], [0.273780437000028, 8.72878137800001], [0.274187639000161, 8.72854965400006], [0.274635302000149, 8.72829490400011], [0.275011360000178, 8.72808090200016], [0.275442467000062, 8.72783557200012], [0.275682378999988, 8.727699046], [0.275890129000175, 8.72758082100006], [0.276274890000082, 8.72736186399999], [0.276577530999987, 8.72718964000012], [0.27686771600014, 8.72699575000007], [0.277364981000119, 8.72660549500006], [0.277840328000138, 8.72628696600003], [0.278282389000026, 8.7259547700001], [0.278721491000113, 8.72556746400005], [0.279091729000186, 8.72529338300018], [0.279312899000047, 8.72516862200007], [0.279532857000106, 8.72509484900007], [0.279734857000108, 8.72498759500013], [0.280218374000071, 8.72473086400009], [0.280611819, 8.72452195800003], [0.280914050000092, 8.72436148300017], [0.281348031, 8.72413105200019], [0.281846272000109, 8.72403015800001], [0.282378034000033, 8.72401182700003], [0.282896210000104, 8.72407070700007], [0.283345373999964, 8.7241987160001], [0.283524272000022, 8.72426838700011], [0.283669973000087, 8.72438069200007], [0.28393033500015, 8.72458137600017], [0.28409090700012, 8.72470514500003], [0.284223648000022, 8.72480746000002], [0.284364386000107, 8.72491593800015], [0.284472925000102, 8.72506576699999], [0.284679243000141, 8.72545916200011], [0.284780533000173, 8.72591905500008], [0.284918181000023, 8.72648079200013], [0.285133791000078, 8.72716076900014], [0.285441007000088, 8.72789830900007], [0.285634574000028, 8.72861143000017], [0.28585081000017, 8.72947329300018], [0.285923057, 8.72994430700004], [0.285995303000107, 8.73041531900014], [0.286130864000086, 8.73117548800008], [0.28623029400012, 8.73189995100006], [0.28649307600017, 8.73260181300003], [0.286652266000033, 8.73298158600011], [0.286916602000076, 8.73332793200018], [0.287077731000181, 8.73346518000017], [0.287285884000084, 8.73358297800013], [0.287701386000151, 8.73358432300017], [0.288150052000162, 8.73356350900002], [0.288822573000118, 8.73339311500013], [0.289514057000133, 8.73309864000004], [0.290036640000096, 8.73282403000002], [0.290523061000101, 8.73250544800015], [0.29079942900006, 8.732322619], [0.291133915000046, 8.73241336000018], [0.291877956000064, 8.73261520600016], [0.292194729000073, 8.73290487300005], [0.29245712400018, 8.73349098400013], [0.292580947000033, 8.73405551900004], [0.29270571800015, 8.73489564000005], [0.292688739000084, 8.73559569300011], [0.292779314000029, 8.73615758500006], [0.292836100000102, 8.73655975100013], [0.292834763000087, 8.73697589500011], [0.292797796000116, 8.73750239500015], [0.292919288000064, 8.73819370900014], [0.292962899000031, 8.73879158700004], [0.292995305000034, 8.7393536780001], [0.292876076000027, 8.74012297700006], [0.292780940000171, 8.74064967600003], [0.29272131, 8.7410301920001], [0.292732864000072, 8.74116794700001], [0.29290500400009, 8.74128310700013], [0.293038206000119, 8.74135292700004], [0.293171408000148, 8.74142274800005], [0.293766647999973, 8.7417321320001], [0.294414348000146, 8.74199172900018], [0.294991042000049, 8.74214408899996], [0.295487159000174, 8.74222506900009], [0.295833106000089, 8.74213569800008], [0.296135083000138, 8.74214844500017], [0.29645681400018, 8.74226584700011], [0.296756337000033, 8.74236954600008], [0.297136038000076, 8.74242887600019], [0.29749623400005, 8.74245520100015], [0.297911745000022, 8.74245653500009], [0.298188230000108, 8.74230677000003], [0.29853639200013, 8.74205754799999], [0.298723645000052, 8.74173722400013], [0.298664816000098, 8.74123965900009], [0.29857948700004, 8.74051796900005], [0.298471984000116, 8.73960871900016], [0.29839429000009, 8.73895158400006], [0.29830140200005, 8.73816594600009], [0.298227382000107, 8.73753987700007], [0.298154162000117, 8.73692057700015], [0.298080685000173, 8.73629910300008], [0.298004609000088, 8.73565563900013], [0.297942108000143, 8.73512699300005], [0.298178146000168, 8.7345875800001], [0.298389487000122, 8.73402465699996], [0.298728566000023, 8.73355361800003], [0.299109440000109, 8.7331540890001], [0.299434756000039, 8.73270927800013], [0.299737427000082, 8.73212399500011], [0.300124581000148, 8.73113881900014], [0.300228722000156, 8.73081602400015], [0.300140584000133, 8.73016042600011], [0.300108207000051, 8.72960936100009], [0.299960335000094, 8.7290143300001], [0.299995089000106, 8.72852667900003], [0.300022787000103, 8.72813801299998], [0.300035569000102, 8.72782931100005], [0.300070786000049, 8.72760045200005], [0.300199894000116, 8.72728859500006], [0.300223831000039, 8.72700190100016], [0.300352671000041, 8.72661288100011], [0.300573155000166, 8.72629244300009], [0.300718178000182, 8.72617757800009], [0.300879587000111, 8.72614623100003], [0.302336105000165, 8.72586337199999], [0.303046379000136, 8.72619858700011], [0.303679909000152, 8.72649758000006], [0.304325112000186, 8.72680208200006], [0.304921621000062, 8.72708360000007], [0.305351064000149, 8.72728627200013], [0.305588512999975, 8.72739833399999], [0.30622312600002, 8.7276978320001], [0.306800432000159, 8.72803206200001], [0.307294528, 8.728333507], [0.307857872000113, 8.72863471200014], [0.308399335000047, 8.72901591200008], [0.308929565000028, 8.72935305500016], [0.309540317000142, 8.72974503800003], [0.310115311000061, 8.730208796], [0.31064313000013, 8.73064791200011], [0.311160229000052, 8.73118903200009], [0.311666575000174, 8.73182388700013], [0.312078901000177, 8.73250316100007], [0.312444226000139, 8.73320739900004], [0.312834192000082, 8.73382887500014], [0.313201278000065, 8.73424374000007], [0.313523082000074, 8.73438317600005], [0.313794684000129, 8.73442495000018], [0.314066287000117, 8.73446672600005], [0.314610582000171, 8.73446621700009], [0.3151158390001, 8.73439143600007], [0.315672130000053, 8.73425722500002], [0.316388787000108, 8.73403978099998], [0.317036206000125, 8.73382533200009], [0.317672301000073, 8.73354202500019], [0.31813423900013, 8.73335853400005], [0.318552109000052, 8.73324684600004], [0.319000884000161, 8.73325906600013], [0.319626584000048, 8.73317145700008], [0.32019118200003, 8.73303721200011], [0.320805346000043, 8.73282011700013], [0.320978087000015, 8.73271203700011], [0.321150829000146, 8.73260395700004], [0.321501326999964, 8.73223896300004], [0.321815117000028, 8.73167567500013], [0.322139996000146, 8.73111510400003], [0.322373584000104, 8.73058792100005], [0.322560287000044, 8.73011877500011], [0.322735978000082, 8.7296689580001], [0.322911640000086, 8.72921087300011], [0.323052020000148, 8.7289596010001], [0.32312078200016, 8.72882156800017], [0.323258878, 8.72870809700009], [0.324104906, 8.72826420900014], [0.326088630000186, 8.7283978320001], [0.326482575, 8.72857283000019], [0.327001203000123, 8.72875841500019], [0.327611324000088, 8.72896848200008], [0.32810771600009, 8.72913209600011], [0.32859005500012, 8.72923788600013], [0.329064366000011, 8.72942362300017], [0.329605526000023, 8.72971384700003], [0.330007900000112, 8.7299218820001], [0.330343513000116, 8.73005023000002], [0.330631552000057, 8.73004095300007], [0.331047405000049, 8.73014421599999], [0.331391534000034, 8.73033040700005], [0.331851959, 8.730505166], [0.332209372000023, 8.73053146900014], [0.332868779000137, 8.73057875899997], [0.333469657000137, 8.73052428700009], [0.334184639000114, 8.73062098300011], [0.334760704000075, 8.73059966700009], [0.335430907000045, 8.73056699400018], [0.336079117, 8.73058124800008], [0.33670203500003, 8.73049362200015], [0.337325276000172, 8.73049693800004], [0.337845905000165, 8.73046478900017], [0.33837476400015, 8.73041056300008], [0.338964432000068, 8.73032029600017], [0.33958982300004, 8.73014998200011], [0.340190040000095, 8.72991086100012], [0.34087311400009, 8.72960530600017], [0.341439972000103, 8.72933323000007], [0.34192649300013, 8.72905868200007], [0.342307965000089, 8.72884237800008], [0.342586411000184, 8.72847486700016], [0.342853580000167, 8.728052279], [0.343007500000112, 8.72771827800017], [0.343066879000162, 8.72728264599999], [0.343043569000031, 8.72696029600019], [0.342944575000161, 8.72638743200002], [0.342749434000098, 8.72555606400016], [0.342565859999979, 8.72477396700003], [0.342397633000189, 8.72405725700003], [0.342438291000178, 8.72345425700007], [0.342618338000079, 8.72190484100014], [0.342827249000038, 8.72145765600015], [0.342991794000056, 8.72099685100011], [0.343122578000077, 8.7203901040001], [0.343158727000116, 8.71965416800015], [0.342939457999989, 8.71924096099997], [0.342981542000132, 8.71906323600012], [0.343022380000093, 8.71889077100013], [0.343042085000036, 8.71880755800009], [0.343545480000046, 8.71857636800013], [0.34409907600002, 8.71857576700017], [0.344389856000134, 8.71857545100016], [0.345345794000139, 8.71857440999997], [0.345806572000072, 8.71885111700004], [0.346337050000102, 8.71925434500002], [0.346669937, 8.71939646800013], [0.347016120000148, 8.71938421800019], [0.347491555000147, 8.71911246000008], [0.347873054, 8.71890717600019], [0.34847370000017, 8.71879481100018], [0.349016714000129, 8.71883146500005], [0.349800956000024, 8.71893891300004], [0.350504746000126, 8.71901081900012], [0.351230615000077, 8.71906059900016], [0.352213617000075, 8.71898269500008], [0.353055281000081, 8.71888324400015], [0.353946472000189, 8.71869267300008], [0.354719098000146, 8.71865133800014], [0.355367114000103, 8.71861871300018], [0.356117622000056, 8.71858847699997], [0.356984340000167, 8.71852475400016], [0.357607426000015, 8.71849221400009], [0.358161598000038, 8.7185508610001], [0.358530484000028, 8.71869008900006], [0.358727658000021, 8.71893582800004], [0.359255533000066, 8.719279997], [0.359759163000149, 8.71991478900014], [0.359991211000022, 8.72051059300003], [0.359988161000103, 8.72073428500011], [0.360154917000045, 8.722886899], [0.359944805000055, 8.72391371700007], [0.359934295000073, 8.72468448300009], [0.359756490000052, 8.72530242200014], [0.359536521000052, 8.72574965300009], [0.35928239500015, 8.72594347000006], [0.358576700000128, 8.72611410000013], [0.357881994000024, 8.72625988900006], [0.35699384600008, 8.7265303800001], [0.356332714000075, 8.72676974200004], [0.355605682000146, 8.72716917800005], [0.35514149300019, 8.72748775500003], [0.354724899000189, 8.72794670900015], [0.354350426, 8.72856534900018], [0.354059088000099, 8.72919471600011], [0.353722895000033, 8.729675429], [0.353560754000057, 8.73003150900018], [0.353534416000173, 8.73040915000007], [0.35354442400012, 8.73088036000013], [0.353275828000108, 8.73167224000014], [0.352948776000062, 8.73238440900019], [0.352599097000166, 8.73296713500008], [0.352442161000113, 8.73323087600011], [0.35221388400015, 8.73339837300006], [0.351821405000123, 8.73391791100005], [0.351124621, 8.73419761000002], [0.35062823300018, 8.73456182900003], [0.35002775200013, 8.73500242200015], [0.348839689000158, 8.73587414100007], [0.348475062000091, 8.73615377600004], [0.347953065000127, 8.73657727400007], [0.347373551000146, 8.73718286000008], [0.346885857000132, 8.73790386400003], [0.346373114000073, 8.73859188700004], [0.346139441, 8.73908601000016], [0.346033628000043, 8.73970369200009], [0.34611076900012, 8.74035930600019], [0.346225662000109, 8.74072817900009], [0.346339971000077, 8.74093446100005], [0.346501053000111, 8.74105238900006], [0.346847504000038, 8.74110903000002], [0.347150956000121, 8.74114791100016], [0.347575236000068, 8.74089424400006], [0.347934308000106, 8.74060911800007], [0.348224211, 8.74034628300006], [0.348570136000149, 8.74025686600004], [0.349064277000082, 8.7402959480001], [0.349882715000092, 8.74036067700001], [0.350037251000117, 8.74037289899996], [0.350139453000054, 8.74049800200009], [0.3502354580001, 8.74061551900013], [0.350590740000143, 8.74105041100006], [0.351861283000062, 8.74191241500017], [0.352615089000039, 8.74201582500001], [0.352869869000187, 8.74199975900012], [0.353412171000116, 8.74182971600015], [0.354037282000036, 8.74157945900015], [0.354593183000134, 8.74134047300009], [0.35525397300006, 8.7409991450001], [0.355737815000168, 8.74074939000013], [0.356246954000085, 8.74060151000015], [0.357022105000169, 8.74048023500018], [0.357761315000062, 8.74037837900005], [0.358079597000085, 8.74030558700008], [0.358397879000165, 8.74023279500011], [0.358835247000115, 8.74015406500018], [0.359355922000134, 8.74013290700003], [0.360003604000042, 8.73999830400015], [0.360742152000057, 8.73971456100003], [0.361655124000094, 8.73940814300011], [0.362512536000168, 8.73905783000015], [0.363472252000179, 8.73865754200006], [0.364108188000046, 8.73834109300009], [0.36481319000012, 8.73797478800009], [0.365484711000136, 8.73754246400017], [0.365938111000162, 8.73730383100008], [0.366549856000063, 8.73719139400009], [0.367103302000032, 8.73704334200011], [0.36752656200008, 8.73689575700007], [0.367949823000174, 8.73674817300008], [0.368630400000086, 8.73652249599996], [0.369532316000118, 8.73622712500014], [0.370226821000131, 8.73602344200009], [0.371126478, 8.73586862100012], [0.372145399000033, 8.73575745900018], [0.372987208000154, 8.73569103000011], [0.373679656000093, 8.73568301000017], [0.374258447000102, 8.73565059900005], [0.375020232000168, 8.7356671280001], [0.37855517700018, 8.73732430700016], [0.378971812999964, 8.73763695200017], [0.379407919000187, 8.73797157300004], [0.379926799000145, 8.73821770600011], [0.380387583000072, 8.73848334000002], [0.380814489000045, 8.73857548300009], [0.3814323040001, 8.73936138800002], [0.382497767000075, 8.73910121599999], [0.382681139000113, 8.73925211500017], [0.382828958000175, 8.73952715500019], [0.383168937000164, 8.73994508200019], [0.383506084999965, 8.74062148900009], [0.416601706000165, 8.68770671700014], [0.441047164000054, 8.6481850720001], [0.471701535000022, 8.59969435800002], [0.470843718000026, 8.59972996900007], [0.470439743999975, 8.59980040400012], [0.47001970000008, 8.60001144200015], [0.469712888000061, 8.60014764300013], [0.469173489000127, 8.60028197600013], [0.468290253000077, 8.60028534600008], [0.46612185500004, 8.5999852920001], [0.466029944000184, 8.59997257400011], [0.465838554000129, 8.59994608900018], [0.465636620000112, 8.59999508300012], [0.465140926000174, 8.59997492400015], [0.46453985900007, 8.59991382900017], [0.463800260000085, 8.59982845900004], [0.463071746000026, 8.5997458010001], [0.462287899000103, 8.59967437400013], [0.46168677999998, 8.5995994970001], [0.461257189000094, 8.59948814300009], [0.460805457000163, 8.599379629], [0.460273516000143, 8.59929346300015], [0.457617823000021, 8.59882540700016], [0.455413103000069, 8.59681517799999], [0.452344088000075, 8.5932660950001], [0.451901069999963, 8.59283627800011], [0.451480092000168, 8.59242784300017], [0.451243733000069, 8.59219852500001], [0.451011779000055, 8.59199823000006], [0.450475729000118, 8.59155657500003], [0.449975841000139, 8.59115887500019], [0.449545392000118, 8.59081878300009], [0.44945363700009, 8.5907171660001], [0.449359239000103, 8.59064862700006], [0.449173306000091, 8.59053634200006], [0.449092794000137, 8.59047877400013], [0.449023366000119, 8.59042392000003], [0.448940002000143, 8.59034431700007], [0.448855782000066, 8.59022200300012], [0.44881181400018, 8.59012709600017], [0.448742032000098, 8.58997854900002], [0.448680419000027, 8.58979414600014], [0.448734623000121, 8.58948530000015], [0.448803401000077, 8.58936930000016], [0.448861063000095, 8.58924232000015], [0.448916134000115, 8.58916219600007], [0.448984913, 8.58904619700013], [0.449042658999986, 8.58894126200011], [0.44910872100013, 8.58883905199997], [0.44916638300009, 8.58871207100003], [0.449103683000089, 8.58824107699996], [0.449030997000079, 8.5880567160001], [0.448950191000165, 8.58792198800012], [0.4488444590001, 8.58778459900003], [0.448738861000095, 8.58768303300019], [0.448680499000034, 8.58762538200011], [0.448599945000126, 8.587556791], [0.448436206000167, 8.58745544400006], [0.448344619000181, 8.58739791800014], [0.448251701000117, 8.58735417500014], [0.448158782000121, 8.58731043200015], [0.448009053000078, 8.58725312400003], [0.447892559000081, 8.58719844600012], [0.447706796000034, 8.58713025100008], [0.44745178300002, 8.58705404800008], [0.447290979, 8.58699678100004], [0.447105267000097, 8.58694236300016], [0.446941696000181, 8.58688510600012], [0.446537214999978, 8.58682048600014], [0.446387414000128, 8.58674388800017], [0.446248718000049, 8.58667551400004], [0.446132214000158, 8.58661808100015], [0.445993571000145, 8.58656348600016], [0.44585491700002, 8.58650613500015], [0.445552921000115, 8.5864521530001], [0.444999306000057, 8.58648729600009], [0.444445693000148, 8.58652244000012], [0.444182885999965, 8.58658129500014], [0.443014183000173, 8.58650299800013], [0.44276188900011, 8.58641300300008], [0.442576084000109, 8.58633378100006], [0.442472154000029, 8.58630661300015], [0.44236822400012, 8.58627944400013], [0.441709555000045, 8.58635631200008], [0.441515964000132, 8.58641490600013], [0.441366767000147, 8.58649813699998], [0.441261899000153, 8.586589468], [0.440926637000132, 8.58652458300008], [0.440685552000161, 8.58647036900004], [0.44025948400008, 8.58655463300005], [0.440110191999963, 8.58661306100009], [0.439960900000074, 8.58667148900014], [0.439876637000111, 8.58672002900005], [0.439695676000156, 8.58682404600006], [0.439568586000121, 8.58689616900006], [0.439466404000029, 8.58696544500015], [0.439397404000147, 8.58702357300012], [0.439284105000127, 8.58708186700017], [0.43913481300018, 8.58714029500004], [0.438902470000073, 8.58720178800007], [0.438650736, 8.58726059800011], [0.438443301000177, 8.58731924300008], [0.437970080000184, 8.587381634], [0.437525587000096, 8.58735297900006], [0.437081096000156, 8.58732432200009], [0.436756939000077, 8.58726765900008], [0.436584988000163, 8.58719114000007], [0.436468485000034, 8.58713370300018], [0.436340782, 8.58704323899997], [0.436096670000097, 8.58692014000019], [0.435957892000147, 8.58682971600018], [0.435874489000071, 8.58673908700007], [0.435713521000082, 8.58663772400007], [0.435585818999982, 8.58654725900016], [0.435502416000134, 8.58645663000004], [0.435374662000186, 8.58635238700003], [0.435188610000068, 8.58620702500008], [0.434783003000177, 8.5858420190001], [0.434616068000139, 8.58562631400008], [0.431891258000121, 8.58478904600008], [0.430635966000182, 8.58395250700005], [0.429380676000051, 8.58311596800002], [0.429293272000109, 8.58306531000011], [0.429143463000059, 8.5829859480001], [0.42901589700017, 8.58293130600003], [0.428796954000063, 8.58287424500003], [0.428494920000105, 8.58280922600005], [0.428378428999963, 8.58275454200015], [0.428275771000187, 8.58269705100008], [0.428148206, 8.58264240800008], [0.427973480000162, 8.58256313800013], [0.42766318200006, 8.58250917200007], [0.427408719000027, 8.58257900700011], [0.42716807100004, 8.58264052400011], [0.426833275000035, 8.58269963300012], [0.426392816000089, 8.58263788000011], [0.426253950000159, 8.58252265100003], [0.426057085000139, 8.5824462170001], [0.425871285000028, 8.58236698700011], [0.425466810000046, 8.58230234400003], [0.425249681000082, 8.58236571300006], [0.425028862000033, 8.58243015800014], [0.424866682000129, 8.58247749000014], [0.424711021000121, 8.5825229190001], [0.424516124000093, 8.58257979899997], [0.424362802000189, 8.58262454600003], [0.424199271000077, 8.58267227200008], [0.422855968000022, 8.58306430600004], [0.422612117000028, 8.58301009000013], [0.422484542000177, 8.58295268900008], [0.422345810000081, 8.58287328300008], [0.422229227000116, 8.58279379600003], [0.422068141000125, 8.58265935800006], [0.422015320000071, 8.58260168100003], [0.421962500000177, 8.58254400400011], [0.42190411100006, 8.58247808200002], [0.421798470000113, 8.58236272800008], [0.421739907000131, 8.58224995800015], [0.421681426000021, 8.58215923300003], [0.42157557000013, 8.58198601000015], [0.421517049000158, 8.58188426300018], [0.421447452000166, 8.58178255500007], [0.42138892000014, 8.58167805200009], [0.421327671000142, 8.58158733700009], [0.421276153000122, 8.58150760900008], [0.421224635000158, 8.58142788200013], [0.42110775600014, 8.58126847800008], [0.421002075, 8.58114210100007], [0.420918717000063, 8.58106249100001], [0.420838139000125, 8.58098562700008], [0.420768773000077, 8.58094592300017], [0.420699407000029, 8.58090622000014], [0.420616132000134, 8.580848656], [0.420477442000049, 8.58078027200003], [0.420280618999982, 8.58071485800014], [0.420119821000185, 8.5806575790001], [0.419945189000146, 8.58060310600013], [0.419726217000118, 8.58053777300012], [0.41947128400011, 8.58048084000012], [0.419310495000047, 8.58042631600006], [0.41912473800005, 8.58035810500019], [0.418869733000179, 8.58028188100008], [0.418742118000182, 8.58021345600002], [0.418589544000156, 8.58013409900013], [0.418428755999969, 8.58007957500007], [0.418312215000014, 8.58001111000016], [0.418206669000028, 8.57992055700004], [0.418126121000114, 8.57985195900005], [0.418056608000086, 8.57977229700003], [0.4180092900001, 8.57970495400008], [0.417961972000114, 8.57963761100007], [0.417881384000168, 8.57955799000018], [0.417785313000138, 8.57940953100007], [0.417728167, 8.57930502200003], [0.417651124000145, 8.5786880120001], [0.417581651000148, 8.57861937300004], [0.417523254000059, 8.57855069200014], [0.417442625000035, 8.57846004900017], [0.417384146000074, 8.57836932300012], [0.417322510000133, 8.57817388900014], [0.417379968000091, 8.57798904100008], [0.417448806000095, 8.57788682500018], [0.417514825000126, 8.57777084000008], [0.417583694000086, 8.57767689100001], [0.417721657000186, 8.57754961899997], [0.41788185200005, 8.57744431099997], [0.418019896000089, 8.57733908400007], [0.418110752000132, 8.57720096200018], [0.418176688000074, 8.5770629320001], [0.418113989000176, 8.57658090200005], [0.418033321000053, 8.57647923400015], [0.417894509000121, 8.57637778000009], [0.417741978000038, 8.57630944600015], [0.417569985000057, 8.57621913800011], [0.417384240000104, 8.57615368100011], [0.416841809000061, 8.57621629900018], [0.416645489000132, 8.57628591300005], [0.416427031000183, 8.57635836500003], [0.41587305500002, 8.57629425900001], [0.41573441800017, 8.57623965200003], [0.415653872000064, 8.57617105300017], [0.415537252000036, 8.57608054000002], [0.415420417000064, 8.57593215700007], [0.415348015000063, 8.57581943500003], [0.415267254000071, 8.57569296600013], [0.415139173000057, 8.57549777500003], [0.41507767100012, 8.57533816500018], [0.415014089000181, 8.57461638500013], [0.414930439000159, 8.57445685600015], [0.414824721000116, 8.57431945500008], [0.414685871000188, 8.57420697700019], [0.41453615100005, 8.57414965400011], [0.414328297999987, 8.57409530000007], [0.414190121000047, 8.57416470100003], [0.414063151000164, 8.57426988500004], [0.413925187000132, 8.57439715600003], [0.413789952000059, 8.57451339400001], [0.413618774000099, 8.57464354200016], [0.413444603000187, 8.57471307400004], [0.413156501000117, 8.57467003600004], [0.412868399999979, 8.57462699800004], [0.412785045000135, 8.57454738500007], [0.412693384000079, 8.57446780300006], [0.412623873000086, 8.57438814000017], [0.412551471000143, 8.57427541800007], [0.412456696000049, 8.5741021500001], [0.412302690999979, 8.57363423100003], [0.412228804, 8.57311917000015], [0.412156057000118, 8.57291275300003], [0.412086251000062, 8.57275317300014], [0.412013463000051, 8.57253573200018], [0.411954895000179, 8.57242020400003], [0.411874095999963, 8.57228271000002], [0.411768217000031, 8.57210121600014], [0.411651345000109, 8.57194180800008], [0.411592909000092, 8.57186210300011], [0.411476076999975, 8.57171371900012], [0.411403798000151, 8.57163406500007], [0.411287008000102, 8.57149670300009], [0.411195267000039, 8.57139507400012], [0.411078355000143, 8.57122464200006], [0.410972639000079, 8.57108724000005], [0.410891973000162, 8.57098557100011], [0.410819735000075, 8.57091693900009], [0.410739109000133, 8.57082629400014], [0.410622319000083, 8.57068893000013], [0.410516655000038, 8.57056530600005], [0.410388618000184, 8.57038113600009], [0.410305061000088, 8.57024640900005], [0.410224427000173, 8.57015300600006], [0.410143801000061, 8.57006235900008], [0.410038096000108, 8.56992771200004], [0.409954571000071, 8.56980125100017], [0.409884889000125, 8.56967473900016], [0.409826413000133, 8.56958401100013], [0.409743060000039, 8.56950439799999], [0.409651066000094, 8.56933387500004], [0.409545311000102, 8.56918544899997], [0.409439515999964, 8.56902599900013], [0.409333679000042, 8.56885552600016], [0.409275153000124, 8.56875102000004], [0.409170799000037, 8.56861872700017], [0.409093436000148, 8.56852065100009], [0.409000922000132, 8.56840336800002], [0.408923699000184, 8.56830546899999], [0.408825791000083, 8.56818134600013], [0.40871064900017, 8.56803537600013], [0.406185296000046, 8.56421522900018], [0.40447851600004, 8.56272503900016], [0.403316937999989, 8.56268516400013], [0.403197593000186, 8.56187975300003], [0.402924817000155, 8.56145199300016], [0.402215838000018, 8.56063609400007], [0.401447899000175, 8.56035227500013], [0.401229021000177, 8.56030897500005], [0.400727912000036, 8.56031079100006], [0.40034620300014, 8.56040862500015], [0.400191446000065, 8.5604863480001], [0.40002817200002, 8.56050623000016], [0.3998648970001, 8.56052611100012], [0.399709787000063, 8.56050738200008], [0.399307782000108, 8.560354512], [0.39889409500006, 8.56003495800007], [0.398741487000052, 8.559943191], [0.398310993000166, 8.55956995900004], [0.397818010000151, 8.55931774100014], [0.396694352000054, 8.55874285699997], [0.396241051000118, 8.5585109380001], [0.396066415000064, 8.55842159000014], [0.395760300000063, 8.55826497400017], [0.395583479000095, 8.55817450700005], [0.395354440000062, 8.55805732600004], [0.395176484000046, 8.55796627900003], [0.395025654, 8.55788910900003], [0.394863, 8.5578058910001], [0.392566553000051, 8.55663095100005], [0.392383499000175, 8.55654066800014], [0.392208751000112, 8.55645035500004], [0.392023018000089, 8.55638488400001], [0.391895375000104, 8.55630542500012], [0.391745623000133, 8.55623706800003], [0.391570876000173, 8.55614675600003], [0.39143207900014, 8.55604528900011], [0.391221090000158, 8.55588621200013], [0.391071259000114, 8.55579580900007], [0.390874283000187, 8.55568352900002], [0.390699495000092, 8.55558219200003], [0.390513713000189, 8.55550294200009], [0.390294679000021, 8.55541554300004], [0.390200338999989, 8.55535800999996], [0.389992499000016, 8.55530364000009], [0.389715435000028, 8.55524676300007], [0.389460491000079, 8.55518153900005], [0.388720982000109, 8.5550987630001], [0.388546275000124, 8.55501947200003], [0.388453385000048, 8.55497984600015], [0.388360494000096, 8.55494022000005], [0.388257858000145, 8.55488547200014], [0.388119053000082, 8.55478124900014], [0.387977409000086, 8.55465774600015], [0.387885678000089, 8.55455611000008], [0.387721715999987, 8.55438583800003], [0.387652164000087, 8.55429238900018], [0.387524323000093, 8.55415781300007], [0.387313088000099, 8.5539298380001], [0.387243546000036, 8.55383914600009], [0.387148877000129, 8.55369067100014], [0.387054169000123, 8.55353117400017], [0.386962229000119, 8.55337166600009], [0.38688966899997, 8.55321208900017], [0.386830783000107, 8.55300561500013], [0.386772067000038, 8.55284598800012], [0.386677309, 8.55267271100013], [0.386593755000035, 8.55253521999998], [0.386428329000182, 8.5523422170001], [0.386349179000035, 8.55227429299998], [0.386257619000105, 8.5522195050001], [0.386152166000159, 8.55215098700012], [0.38601353200005, 8.55209361200008], [0.385747515000162, 8.55202842500006], [0.384385643000087, 8.55209943700009], [0.384109010000032, 8.55216105400012], [0.383475238000187, 8.55222394700007], [0.383096168000066, 8.55228593000015], [0.382553758000142, 8.5523484950001], [0.382277123000108, 8.55241011100003], [0.38193641600003, 8.55236172200006], [0.380851989000121, 8.55156194200015], [0.377090545000101, 8.55172861800008], [0.376857511000026, 8.5517009240001], [0.374647634000041, 8.55143829400004], [0.374447019000058, 8.55146794200016], [0.373799530000042, 8.55156669399997], [0.373245843000177, 8.55157417000009], [0.372997981000083, 8.55155300299998], [0.372750120000092, 8.55153183500005], [0.371685142000047, 8.55101475800012], [0.371070017000079, 8.55087363300009], [0.37074275000009, 8.55071219900009], [0.370317660000069, 8.55029206100011], [0.370222644000023, 8.55004437300005], [0.370105884000168, 8.54990975100009], [0.369951173000061, 8.54961404600004], [0.369358848000161, 8.54810319000012], [0.369309755000074, 8.547922857], [0.369327768000062, 8.54753973200002], [0.369346607000125, 8.54738809500003], [0.369574750000083, 8.54692706500003], [0.369652061000181, 8.54686891900002], [0.369748408000078, 8.54671425200013], [0.369757689000039, 8.5465998520001], [0.369766971000104, 8.54648545200001], [0.369727190000049, 8.54619898600015], [0.369418933000077, 8.54593276000014], [0.368745236000166, 8.54566782500012], [0.368530559000078, 8.54524694200006], [0.36851002100002, 8.54492182600012], [0.368454169000188, 8.54478698700007], [0.36841077400004, 8.54348638800002], [0.368371201000059, 8.54325779300007], [0.368369835000124, 8.54287473700015], [0.368330527000069, 8.54272054900002], [0.368328760000168, 8.54222450600008], [0.367875655000091, 8.54093086300009], [0.367714436000142, 8.54074954700019], [0.367364228000156, 8.54036221000018], [0.367272216000174, 8.54017927200016], [0.367265405000069, 8.53999324200004], [0.367198618000089, 8.5381691500001], [0.367159321000145, 8.53801771700006], [0.367025485000113, 8.53775087300005], [0.366907505000086, 8.53727177299999], [0.366695262, 8.53675442500003], [0.366714307000109, 8.53666065900006], [0.36649957000003, 8.53622048200015], [0.366499021000038, 8.53606615700011], [0.366214562000039, 8.53587149500015], [0.365930104000142, 8.53567683200009], [0.365478204000055, 8.53549653900001], [0.364968169000065, 8.53531644900005], [0.36446904100012, 8.53508947100011], [0.363612309000132, 8.53472871300011], [0.363276929000108, 8.53461690200015], [0.362941551000063, 8.53450509100009], [0.362249456000086, 8.53451027800003], [0.362036659000125, 8.53461574700015], [0.361823861000119, 8.53472121700003], [0.36158733000002, 8.53516022500008], [0.361406606000116, 8.53572305200004], [0.361061255000095, 8.53592268500012], [0.360704088000091, 8.53591291400011], [0.360113818000116, 8.53574687800005], [0.35957043600007, 8.53553107200014], [0.358980078000116, 8.53534023200012], [0.358401292000167, 8.53528989800009], [0.357960576000096, 8.53513987000008], [0.359080961000188, 8.53451037000008], [0.358993161, 8.53434257000004], [0.358726751000177, 8.53416161800016], [0.358379763000073, 8.53389827200004], [0.358076633000053, 8.53351075900002], [0.358039913000027, 8.53330420000009], [0.358003193000172, 8.53309763900012], [0.358543478000058, 8.53165444100011], [0.358601029000113, 8.53148888900006], [0.358920655000077, 8.53106061400007], [0.359124941000118, 8.53089730200008], [0.359329227000103, 8.53073399200008], [0.359787153000184, 8.53027216200002], [0.360188833, 8.52956250200009], [0.360265539000125, 8.52933349799997], [0.360419486000183, 8.52902706000003], [0.360514655000145, 8.52893027200003], [0.360609822000129, 8.52883348400019], [0.360648317000027, 8.52875894200008], [0.360802936000084, 8.52864265400001], [0.361703866000028, 8.52819856000008], [0.362164963999987, 8.527852462], [0.36231641500018, 8.52762319500016], [0.362508571000092, 8.52716229500004], [0.362602158000129, 8.52701039500005], [0.362814502000106, 8.52677816000011], [0.362909468000169, 8.52662487700013], [0.363004435000107, 8.52647159500009], [0.363042450000137, 8.52626201700014], [0.363003322000111, 8.52615743300004], [0.362964194000028, 8.52605284800018], [0.362850282000068, 8.52593750300014], [0.362309506000088, 8.52567208300019], [0.362016060000144, 8.5256731130001], [0.361407627000119, 8.52584610900004], [0.361252599000125, 8.52584665200015], [0.360670864000042, 8.52574121400011], [0.360066300000085, 8.52544294500007], [0.359908933000099, 8.52556475300003], [0.359751565000067, 8.52568656100016], [0.359397751000131, 8.52583937200006], [0.35912106100011, 8.52588167800002], [0.358844371000146, 8.52592398400014], [0.358381782000151, 8.52584843900001], [0.357606, 8.52566926700013], [0.356971414000157, 8.52549235500004], [0.3565194520001, 8.52529000100003], [0.356053319000125, 8.52499399800013], [0.355600505000154, 8.52454913100019], [0.35351281700008, 8.52288084800006], [0.351425130999985, 8.52121256600009], [0.351242227000171, 8.52115808399998], [0.351045472000123, 8.52110089600006], [0.350870874000066, 8.52104638599997], [0.350444154000115, 8.52093488000003], [0.350108993000163, 8.52088092700006], [0.349829198, 8.52082678300002], [0.348120933000189, 8.52077484100016], [0.347187868000162, 8.52073949599998], [0.34564016600018, 8.5206869860001], [0.344637806000037, 8.52062707200014], [0.343967648000159, 8.52056600600002], [0.343563239, 8.52050126400019], [0.343272372, 8.52044715200014], [0.343133752000085, 8.52038975900012], [0.34303538100005, 8.52036254000006], [0.342760254000098, 8.52023735], [0.34118274400015, 8.51882702600005], [0.341362452000112, 8.51853429000016], [0.34132999600007, 8.51835664900011], [0.341399572000114, 8.51806428700007], [0.341469675000155, 8.51792349600004], [0.341864123000107, 8.51751426700002], [0.342018746, 8.51739798600011], [0.342294165000169, 8.51699192299998], [0.342401073000133, 8.5166884090001], [0.342400468000164, 8.51651479100013], [0.342154812000103, 8.51592864000003], [0.341160444000081, 8.51418485300007], [0.341007794000063, 8.51407238900003], [0.340697208000108, 8.51391913100014], [0.340062598000031, 8.51372840800008], [0.339467156000126, 8.5136560520001], [0.33896609500016, 8.51365777700016], [0.338390615000151, 8.5137534590001], [0.338172302000089, 8.51386444400015], [0.337699277000127, 8.51396804000018], [0.337469575000114, 8.51398812100012], [0.337315902000114, 8.51397900400002], [0.336818926000035, 8.51370305400008], [0.33665095300006, 8.51360978500009], [0.335513016000164, 8.51297792900004], [0.335431256000163, 8.5129506510001], [0.335270494000156, 8.51289333100016], [0.335037767000188, 8.51283901200003], [0.334520306000115, 8.51290141700014], [0.333999561000098, 8.51281501700009], [0.333871705000149, 8.51266663700005], [0.333807776000128, 8.51259244800002], [0.333743848000154, 8.51251825900005], [0.333649211000022, 8.51236976600006], [0.333510205000096, 8.51219937900009], [0.333379304000175, 8.51197109000015], [0.333273556000165, 8.51181161200009], [0.333203758000025, 8.51164098700008], [0.333109008, 8.51145942400007], [0.333050435000075, 8.5113328540001], [0.332944725, 8.51118439900017], [0.332886239000175, 8.51108263200018], [0.332816556000182, 8.51094507700009], [0.332758107000018, 8.5108543340001], [0.332696881000118, 8.51076084300013], [0.332580108000116, 8.51061518200004], [0.332521698000107, 8.51053546200001], [0.332440780000184, 8.51035109500015], [0.332346268000151, 8.51023842800015], [0.332265436000057, 8.51007886400009], [0.332203971000183, 8.50991647800015], [0.332134136000036, 8.50973482900014], [0.332064453000044, 8.50959727300011], [0.331911808000086, 8.5094848060001], [0.331842401000131, 8.50942717000015], [0.331783991000066, 8.50934744900002], [0.331689479999966, 8.50923478200002], [0.331630946000132, 8.50911923500018], [0.331550152000034, 8.50897069500013], [0.331433371, 8.50882227700009], [0.331371955000122, 8.50867366900007], [0.331302320000134, 8.50854989400005], [0.331207837000022, 8.50844549300001], [0.331116209000072, 8.50836588700002], [0.331035654000061, 8.50828624200005], [0.330919072000029, 8.50819569700013], [0.330770729999983, 8.50812661800001], [0.330675075000158, 8.5080835390001], [0.330030288000046, 8.50814913000011], [0.329856088000156, 8.50820759900006], [0.329717911000046, 8.50827696800019], [0.329499465000083, 8.50834936700005], [0.329247753, 8.5084081010001], [0.328924075000089, 8.50846983600019], [0.328676201000178, 8.50843761199997], [0.328428327000097, 8.50840538799997], [0.328231552000034, 8.50833991899998], [0.32813999900003, 8.50828235700004], [0.328067635000082, 8.508169614], [0.328009141000052, 8.50806508900018], [0.327950533000148, 8.50792749600004], [0.327866982000103, 8.50778172000008], [0.327765188000171, 8.50756366300004], [0.327702667999972, 8.50749566800005], [0.327483623000091, 8.50739444800018], [0.327333938000038, 8.50733708500013], [0.326642091000053, 8.50740283000016], [0.326238133000061, 8.50746483700004], [0.325984761000029, 8.50744365300011], [0.325731388000122, 8.50742246900012], [0.32544053100014, 8.50736834300005], [0.324784196999985, 8.50729616900014], [0.324489264000022, 8.50726410200008], [0.324194330000125, 8.50723203600006], [0.324055727000143, 8.50717738900011], [0.323385618000032, 8.50712455200005], [0.323050866000017, 8.50718631900008], [0.322868359000097, 8.50724481300017], [0.322705239000129, 8.50730599800016], [0.32256983000002, 8.50737535500014], [0.322453761000077, 8.50743362300017], [0.322293438000088, 8.50750306500004], [0.322166306000042, 8.50756412700008], [0.32197272500008, 8.50762265900016], [0.321696096000039, 8.50768147200012], [0.321222930000147, 8.50774370800013], [0.32056896500012, 8.50795950900016], [0.320454275000031, 8.50801639500003], [0.319934300999989, 8.50815319800006], [0.319782112000098, 8.50817300500006], [0.319704535000028, 8.50815397800017], [0.319387896000023, 8.50825150800006], [0.319071259000168, 8.50834903800012], [0.318141434999973, 8.50763496700012], [0.317546874000072, 8.50700794900007], [0.31710835500013, 8.50689632400002], [0.316764988000045, 8.50680892000008], [0.316309219000118, 8.50669290300016], [0.315912155000092, 8.50659182900012], [0.315962699000181, 8.50633489099999], [0.315997869000114, 8.50615610800003], [0.316007168000056, 8.50604170700007], [0.315986483000017, 8.50565870700018], [0.31606295000006, 8.50535254400017], [0.316222391, 8.50502405300006], [0.316342227000177, 8.5048527830001], [0.316462063000131, 8.50468151200005], [0.316733023000154, 8.50458413900009], [0.316848640000046, 8.50439359100017], [0.316784411000128, 8.50422983300007], [0.316720312000086, 8.50410465600015], [0.316313145000038, 8.50403713700013], [0.316068758000029, 8.50380922400001], [0.31594054500016, 8.50355335799998], [0.31598729000018, 8.50346087800017], [0.316895566000028, 8.50273197300015], [0.316883786000119, 8.50252497600019], [0.316951741000139, 8.50215821200004], [0.317020575000129, 8.50204912100014], [0.317089409000175, 8.50194003100017], [0.317238339000028, 8.50177692900019], [0.317547054000102, 8.50138730399999], [0.318018691000134, 8.50087862300012], [0.31845480800007, 8.50050785700017], [0.319294774000127, 8.50004477800013], [0.320215291000181, 8.49966134600004], [0.320340716000146, 8.49950659000018], [0.320466143000147, 8.49935183500008], [0.320443228000101, 8.49912730800008], [0.32042031400016, 8.49890278000015], [0.320244587000104, 8.49851479500012], [0.319882912000082, 8.49798689000005], [0.319571658000086, 8.49763243400002], [0.318938155000183, 8.49613537400012], [0.318811779000043, 8.49560667000009], [0.318787864000114, 8.49508864400002], [0.318849857000146, 8.49459788400009], [0.319078590000174, 8.49429671800004], [0.319242981000173, 8.49420383900008], [0.319407373000104, 8.49411096000011], [0.319620504000056, 8.49410472700009], [0.319842183000048, 8.49417011700012], [0.319917273000044, 8.49427183100005], [0.31999807700015, 8.49442588699998], [0.320065210999985, 8.49462959600004], [0.320110180000086, 8.49482786700003], [0.320168547000037, 8.49489656800012], [0.320226914000159, 8.49496526700005], [0.320373628000027, 8.49496476899998], [0.320448274000171, 8.4949369580001], [0.320505973000081, 8.49480999100018], [0.32059261400002, 8.49424198400015], [0.32063598100018, 8.49397175999997], [0.320701437000082, 8.49368492500014], [0.320883015000163, 8.49335635900013], [0.321045583000114, 8.49313533600008], [0.321161092000182, 8.49291447299998], [0.321292917000164, 8.49260812300002], [0.321366979000061, 8.49240944800005], [0.321593270000051, 8.49220474400016], [0.322156410000105, 8.49174535599997], [0.32278851500007, 8.49121683700002], [0.323139117000153, 8.49093730200008], [0.323506526000074, 8.49071558400004], [0.323962448000145, 8.49047427400018], [0.324255390000019, 8.49033272800017], [0.324542577999978, 8.49012781699997], [0.324785069000086, 8.48980455400016], [0.324787284000024, 8.48964332700007], [0.324789500000179, 8.48948210000015], [0.324531061000187, 8.48919085400019], [0.323890971000026, 8.48900287200007], [0.323495128000047, 8.48900421500014], [0.323046718000057, 8.48901400500006], [0.322818483000106, 8.48905473900004], [0.321905769000068, 8.48968755600009], [0.321710333000055, 8.49001065800019], [0.32145644600007, 8.49024025800014], [0.321174407000115, 8.49033215800011], [0.320892366000123, 8.49042405800009], [0.320211477000043, 8.49044841100005], [0.319486447999964, 8.49051700800015], [0.318805708000127, 8.49058545300005], [0.318285408000065, 8.49062028300006], [0.318048633000103, 8.49059214700003], [0.317811857000095, 8.49056401000013], [0.316626669000073, 8.49003888300012], [0.316528146000167, 8.4899648060001], [0.316247624000084, 8.48969016400014], [0.315878062000024, 8.48928078300008], [0.315352491000169, 8.48857980200006], [0.315043024000033, 8.48793321000005], [0.315171318000182, 8.48699439300009], [0.315194514000154, 8.48689648100014], [0.315353809000101, 8.48652665400004], [0.315560012, 8.48611257300013], [0.315730153000118, 8.4856765670001], [0.315819776000183, 8.48516918000013], [0.315861644999984, 8.48445801700018], [0.316100520000134, 8.48388398500015], [0.316216077000036, 8.48367690300006], [0.316341707000106, 8.48358277799997], [0.314860641000166, 8.48232832600013], [0.314733037000053, 8.48224883500018], [0.31467469100005, 8.48218564700011], [0.314616346000093, 8.48212245700006], [0.314499543000125, 8.48196300800009], [0.3142685360001, 8.48159449600013], [0.314060368000071, 8.48142984300011], [0.313852199, 8.48126519000004], [0.313499015000104, 8.48119196900012], [0.313145830999986, 8.48111874800003], [0.312479198000176, 8.48126154200014], [0.311901480000188, 8.48150324800002], [0.311139992000051, 8.48142864099998], [0.310880610000083, 8.48126278000007], [0.310621229000049, 8.48109692000003], [0.310248829000102, 8.48066273700005], [0.310006332000057, 8.48057811800004], [0.309763835000126, 8.48049349900009], [0.309316262000152, 8.48074854400011], [0.308843888000126, 8.48103674300006], [0.308280362000062, 8.48138312000003], [0.307611536000138, 8.48169678000005], [0.307418414000153, 8.48168364700012], [0.307225292000169, 8.48167051400003], [0.306838869000046, 8.48164721800003], [0.306499755000061, 8.48162677300007], [0.302937966000172, 8.48141201800013], [0.301545503000114, 8.4805623310001], [0.301363412000057, 8.48026416700009], [0.299976635000178, 8.47799336499997], [0.299949731000083, 8.47611966800014], [0.299843288999966, 8.47567349700006], [0.300115009000081, 8.47457022599997], [0.300394134000157, 8.47424047600009], [0.300834127999963, 8.47372067700013], [0.30132301600014, 8.47337560699998], [0.301858053000046, 8.47349374800012], [0.303028229000063, 8.47286838700012], [0.30311741700018, 8.4726379710001], [0.303206603000092, 8.47240755500019], [0.303471055000102, 8.47202635700012], [0.303768731000048, 8.47164780300005], [0.304182582000124, 8.47124405900001], [0.304861771000105, 8.47072367900012], [0.305596710000032, 8.47031886200011], [0.306032543000128, 8.46986819200015], [0.306999563000034, 8.46933582400015], [0.306958265000162, 8.46899147400006], [0.306916966000017, 8.4686471230001], [0.306695943000136, 8.46836124700008], [0.306474920000085, 8.46807537200016], [0.3059892, 8.46768565600001], [0.30542060800002, 8.46734582199997], [0.304902259000073, 8.46712983600008], [0.304322661000072, 8.46680932800018], [0.303720541000132, 8.46637590300014], [0.303422540000099, 8.46583398100006], [0.302702047000082, 8.46559386200016], [0.302216713000064, 8.46531713200017], [0.301891451000188, 8.46489931600007], [0.301875505000112, 8.46468440800004], [0.301859559000036, 8.46446949900013], [0.302026878000106, 8.46401421600001], [0.30224748400002, 8.46376544900011], [0.302526160000184, 8.463499953], [0.302813688000185, 8.46339702600011], [0.303098640000144, 8.46335198200012], [0.303319805000058, 8.46326994600008], [0.303540970000142, 8.46318790900011], [0.303842437000128, 8.46311525000004], [0.304215965000139, 8.46306991000006], [0.304570266000042, 8.46306872900004], [0.304987403000155, 8.46282206100005], [0.305191788000116, 8.46268909500009], [0.305426768000189, 8.46260012099998], [0.305719931000056, 8.46252749000013], [0.306103620000044, 8.46221203400012], [0.306210651000129, 8.46193884100018], [0.306209147000175, 8.46149238900017], [0.306194337000022, 8.46120444600007], [0.306179528000143, 8.46091650300013], [0.306059512000161, 8.46062202000019], [0.305845303000126, 8.46030305000011], [0.305367815000011, 8.45988850000009], [0.305070931000159, 8.45967728599999], [0.304815862999988, 8.45955412000012], [0.304425183000035, 8.4594369190001], [0.304159327000036, 8.45939784399997], [0.303893470000162, 8.45935877000011], [0.303519769000047, 8.45935174800007], [0.303344144, 8.4593936710001], [0.303168518000064, 8.45943559500017], [0.302659725000126, 8.45958886500006], [0.302065209000148, 8.45976722300009], [0.301774771999987, 8.45982744100007], [0.29990417700003, 8.45999488200016], [0.299419785000111, 8.45999649200013], [0.299176178000096, 8.45998903300011], [0.298970906000022, 8.45985743000017], [0.298645957000019, 8.45953055400014], [0.298151242000074, 8.45892865000008], [0.29790705400012, 8.45874757000018], [0.29774629100001, 8.45868196099997], [0.297560811000153, 8.45867430800013], [0.29716506799997, 8.45869766700002], [0.296899299000131, 8.45868476900006], [0.296672125000157, 8.45862489100006], [0.296458652000183, 8.45852363000012], [0.295957461000171, 8.45846741499997], [0.295583465000107, 8.45837219700013], [0.295439132000183, 8.45825279200011], [0.295286643000111, 8.45814480400003], [0.29515029900017, 8.45804824800007], [0.295013956000162, 8.45795169300015], [0.29480133900006, 8.4578011210001], [0.294607553000048, 8.45766388600003], [0.294451397000103, 8.45755330100002], [0.294333903000108, 8.45740796700011], [0.293614787000138, 8.45651846100003], [0.293504516000155, 8.45623772100009], [0.293394245000172, 8.4559569810001], [0.293386522000162, 8.45571586300008], [0.293378798000049, 8.45547474600011], [0.293858021000176, 8.4552894090001], [0.294088834000036, 8.45520014400012], [0.294528785000068, 8.45502999500013], [0.294871373000035, 8.45483870300012], [0.295260887000097, 8.45460867300011], [0.295415500000161, 8.45449103500016], [0.295570112000178, 8.45437339699998], [0.295782147000068, 8.45404474000009], [0.296060859000022, 8.45379027200016], [0.296419445000026, 8.45341703600019], [0.296888545000115, 8.45298280300005], [0.297152771000128, 8.45253546700019], [0.297422589000064, 8.45210465000014], [0.297734915000149, 8.45114179800004], [0.297769865000021, 8.45083301900019], [0.297727150000128, 8.45047489100006], [0.297585011000024, 8.45018323400012], [0.297512282000127, 8.44995473299997], [0.297502808000047, 8.44960476299997], [0.297509206000029, 8.44903426500002], [0.297455484000011, 8.44869546500007], [0.297388788000035, 8.44861576400012], [0.297322091000126, 8.44853606300001], [0.297130988, 8.44850087000003], [0.29699548200017, 8.4485371450001], [0.296859976000121, 8.44857342000017], [0.296550369000045, 8.44869295000012], [0.296235659999979, 8.44894202500001], [0.296014892000017, 8.44914118200006], [0.295561621000104, 8.44934110800011], [0.29457797300006, 8.44985971800003], [0.294121905000168, 8.45005138400006], [0.293718160000083, 8.45016295500017], [0.293233688000157, 8.45013699500015], [0.292848951000167, 8.45013826600018], [0.292364882000186, 8.45023356500013], [0.291983132000041, 8.45030096700003], [0.29133566500002, 8.45036924400006], [0.290563570000188, 8.45041588400005], [0.290281038000103, 8.45035480700005], [0.288734605000116, 8.45019040900013], [0.288625200000013, 8.450168722], [0.28847534900018, 8.45005346500017], [0.288474855000118, 8.4499046470001], [0.288394203, 8.44978916300016], [0.288343219000069, 8.44943932700016], [0.288325395000186, 8.44907284700002], [0.288324281000087, 8.44873662700007], [0.288389832000121, 8.44847184200012], [0.288491321000038, 8.44819315900008], [0.288573506000034, 8.44793658700013], [0.288653263000128, 8.44778199300015], [0.288710712000182, 8.44757786400004], [0.288709961000052, 8.44735188100009], [0.288676453999983, 8.44726380100008], [0.288432144000069, 8.44370394000015], [0.288476082000102, 8.44359907000018], [0.288512978000142, 8.44345701800017], [0.288549873000079, 8.44331496600012], [0.288620110000124, 8.44279386400018], [0.288685469000143, 8.44247120600011], [0.28882564200012, 8.44217310400012], [0.289001558000109, 8.44180323099999], [0.289059144000078, 8.44164044100006], [0.28916937300005, 8.44149401499999], [0.289240678000169, 8.4412953530001], [0.289300867000065, 8.44108294800003], [0.289483087000065, 8.44094455200008], [0.289593049000075, 8.44071820500011], [0.289650251000182, 8.44043966699996], [0.289634739000178, 8.44035290599999], [0.289619229000095, 8.44026614600011], [0.289568850000137, 8.44009819900015], [0.289435437000179, 8.43993052700012], [0.289318622000053, 8.43976004200016], [0.289185629000144, 8.43971914100007], [0.288994284000182, 8.43960953300007], [0.288684289000059, 8.43961055200003], [0.288413306000109, 8.43969136400017], [0.28811736900002, 8.43975847800004], [0.287752108000063, 8.43978723800006], [0.287500026000032, 8.43972467900016], [0.287281222000047, 8.4396813030001], [0.287081938000085, 8.43968195700018], [0.286918783000147, 8.43972658700011], [0.286647535999975, 8.43972747700002], [0.286318138000127, 8.43972029000008], [0.286002387000167, 8.43965518300007], [0.285794582000108, 8.43958972200011], [0.285663110000087, 8.43959015300004], [0.285531638000066, 8.43959058399997], [0.285191314000144, 8.43962752700008], [0.284906228000182, 8.43962846099998], [0.284654337000177, 8.43962377500014], [0.284382772000185, 8.43952820600015], [0.284271695000143, 8.43941833200012], [0.284138484000039, 8.43931128800017], [0.283941478000088, 8.43916311200013], [0.283705348000126, 8.43890207000004], [0.28360175500012, 8.43854413800011], [0.283570181000186, 8.43820250500016], [0.28348066500007, 8.43791618000017], [0.283377802000189, 8.43777871999998], [0.28337749700006, 8.43768639700011], [0.283701355000062, 8.43570165600011], [0.28371536800006, 8.43561578100002], [0.283765809000045, 8.43541767800002], [0.283956225000168, 8.43524687500002], [0.284199000000115, 8.43500631400013], [0.28453553300011, 8.434660721], [0.284806003000142, 8.43442558000004], [0.284916514000145, 8.43436458800011], [0.285027207000155, 8.43435871399998], [0.285351038000044, 8.43435765300018], [0.285470026000098, 8.43434899500016], [0.285616455000024, 8.43426859300007], [0.285710560000098, 8.43426828500009], [0.28603392500014, 8.43412667200016], [0.286210727000025, 8.43402412300009], [0.286495471000137, 8.43392122100011], [0.286752465000063, 8.43379636100008], [0.286915563000036, 8.433735195], [0.286995556000022, 8.43365225500008], [0.287069857000063, 8.43352248200006], [0.287094293000109, 8.43337909300004], [0.287118729000156, 8.43323570500007], [0.287140122999972, 8.43300964800011], [0.287178216000029, 8.43281109600002], [0.28717776000002, 8.43267329999998], [0.287088726000093, 8.43253303900002], [0.28697777900004, 8.43246174899997], [0.286836376000167, 8.43238780200016], [0.286689274000082, 8.4322642680001], [0.286528233000183, 8.43211046300007], [0.286408982000182, 8.43203920000008], [0.28624845100012, 8.43203972600014], [0.286013191000166, 8.43204049600001], [0.285747485000059, 8.43204136700018], [0.285498386000143, 8.43204218300008], [0.285240983000051, 8.43204302600009], [0.284867553000083, 8.43211039100004], [0.284482832000151, 8.43211165100013], [0.283984542000098, 8.43208572200007], [0.283585764000179, 8.432020884], [0.283350040000187, 8.43188110199998], [0.283025583999972, 8.43169200200015], [0.282819852000046, 8.43141432499999], [0.282708260000049, 8.43114736400003], [0.282707606000145, 8.43094893800014], [0.282671334000156, 8.4308608660001], [0.28256873600003, 8.43080332700009], [0.282399712000085, 8.43074600500012], [0.281978385000116, 8.43055722100013], [0.281771991000085, 8.43049864199998], [0.281565598000157, 8.43044006300005], [0.281213466000168, 8.43025105300001], [0.281066367000165, 8.43012751500009], [0.281007762000172, 8.42998164200003], [0.281065609000109, 8.4298973970001], [0.281123455000056, 8.42981315200012], [0.281322371000044, 8.42970226500012], [0.281521051000141, 8.42951972399999], [0.281628530000035, 8.42937882100017], [0.281680608999977, 8.42922431800008], [0.281702461, 8.42913605600006], [0.281840613000099, 8.42906395100005], [0.282017504000066, 8.42898896300005], [0.282134988, 8.428944484], [0.285029028, 8.42820469899999], [0.286163921000025, 8.42656120100008], [0.286301752000156, 8.42639263700016], [0.286492088000102, 8.42619909900014], [0.286624485000118, 8.42606086799998], [0.286787416000038, 8.42595009600007], [0.286836825000137, 8.4258259180001], [0.286840713000061, 8.42574598200002], [0.286844600000165, 8.42566604700011], [0.286879807000105, 8.42543167700006], [0.286887135000029, 8.42513676800007], [0.28694448400006, 8.42490232600005], [0.287090608000085, 8.42473097900017], [0.287236859000188, 8.424598215], [0.287405116000173, 8.42442403900003], [0.287545832000092, 8.42429129300001], [0.287611747000085, 8.42413674500006], [0.287749823000183, 8.42404259100005], [0.287926464000122, 8.42389319100016], [0.287984012000095, 8.42371937800004], [0.288124774000039, 8.42360041200016], [0.288315381000075, 8.42348954900012], [0.288497694000114, 8.42338147000015], [0.288705270999969, 8.42338078900002], [0.288843411000073, 8.42330592600013], [0.289086568000187, 8.42318386700009], [0.289437747000022, 8.42308625699997], [0.289659090000157, 8.42306348200015], [0.289924716000087, 8.42304056300009], [0.290231785000174, 8.42299546000004], [0.290444606000108, 8.42290657100006], [0.290643469000145, 8.42278190100001], [0.290856363000159, 8.42271505899998], [0.290969683000128, 8.42266783600007], [0.291083003000097, 8.42262061200012], [0.291486530000157, 8.42245117400012], [0.291801490000125, 8.42228202800015], [0.292227321000098, 8.42216212199997], [0.292382130000021, 8.42210649399999], [0.292536937000136, 8.42205086600001], [0.292785884000011, 8.42200595200006], [0.293021137000039, 8.42200517800018], [0.293234249000079, 8.42200447700003], [0.293663241000047, 8.42200306500007], [0.294000899000082, 8.42200195300018], [0.294454371000143, 8.42187093100017], [0.294777915000111, 8.42178718700012], [0.295145294, 8.42156825800004], [0.295321958000102, 8.421427123], [0.295521085000132, 8.42138237100005], [0.295645420000028, 8.42131857600003], [0.295902622000142, 8.42125985200011], [0.296107110000037, 8.42116272099997], [0.296333839000056, 8.42109583100012], [0.296541058000059, 8.42098766599997], [0.296731881000142, 8.42094294200018], [0.296989055000097, 8.42087595100008], [0.297282209000173, 8.420808841], [0.297627856000076, 8.42071399800005], [0.297890345000042, 8.42058084700017], [0.298125166000034, 8.42045054300002], [0.298288035999974, 8.4203232320001], [0.298522655000113, 8.42013229800011], [0.298757180999985, 8.41991380500002], [0.299049819000061, 8.41969236400013], [0.299107095000181, 8.41943863000006], [0.299225544000137, 8.41927012700006], [0.299407815, 8.41915102000007], [0.299606940000047, 8.41910626700019], [0.299806046000185, 8.41905600200005], [0.299944089000178, 8.41895357600009], [0.300165152000034, 8.41884812000006], [0.300267340000175, 8.41878301800017], [0.300369526999987, 8.41871791500006], [0.300466119000021, 8.41863491800018], [0.30054636300008, 8.41862914100017], [0.300620768000101, 8.41853243700012], [0.300686558000052, 8.4183420600001], [0.300695904000122, 8.41824006100012], [0.300705251000068, 8.41813806100004], [0.300743234000095, 8.41790919300007], [0.300742048000188, 8.41755368300016], [0.300638817000106, 8.41730599200002], [0.300541112000076, 8.41705552600007], [0.300518484000179, 8.41690953700015], [0.300451426000109, 8.41671959999996], [0.300373554999965, 8.41660686400007], [0.300183090000132, 8.41645795800002], [0.299671504000059, 8.41605800100007], [0.299361307000083, 8.41599288400005], [0.298920619, 8.41580418100017], [0.298484833000032, 8.41542530300012], [0.298160368000083, 8.41523070400007], [0.297953835000158, 8.41512803800009], [0.297747302, 8.41502537300005], [0.297364927000103, 8.41489434900006], [0.296968450000065, 8.41468345099997], [0.29662203800018, 8.41454679700007], [0.296454133000054, 8.41440817600005], [0.295127692000165, 8.41377179300008], [0.294884177000029, 8.41378361900013], [0.294632578000062, 8.41386161200012], [0.294124615000044, 8.41424911500013], [0.29387372900004, 8.41454206900005], [0.293741725000132, 8.41479604900007], [0.293477375000123, 8.41520204], [0.293270570000175, 8.41543421900013], [0.293016230000092, 8.41552048900013], [0.292894453000031, 8.41552088899999], [0.292772677000073, 8.41552129000013], [0.292608919000031, 8.41538127500019], [0.29205371, 8.41487600800002], [0.291801317000022, 8.41471423800016], [0.291214102000026, 8.41457285799999], [0.290971860000013, 8.4145516050001], [0.290422338000042, 8.41450931500015], [0.290068982000093, 8.41478331100006], [0.289962503000083, 8.41522461000011], [0.289819242000078, 8.41542350700013], [0.289598259000172, 8.41555376100007], [0.289036353000029, 8.41553355600007], [0.288429992000033, 8.41546113200013], [0.287965026000109, 8.41546265500017], [0.287702282000055, 8.41551863600012], [0.287292915000023, 8.41559438600012], [0.286185822000164, 8.4155883630001], [0.285985547000053, 8.41360611900001], [0.28601292400009, 8.412920004], [0.285972819000051, 8.41226401900019], [0.285203680000109, 8.41150589400007], [0.284420168999986, 8.41058521200011], [0.283545785000115, 8.40980262200003], [0.282923836000123, 8.40919558700017], [0.282814876000145, 8.40888452000007], [0.282705916000168, 8.40857345400008], [0.282822702999965, 8.40789786799996], [0.283355930000141, 8.406774461], [0.283902302000058, 8.40544155900005], [0.28410537200017, 8.40491451100013], [0.284308441000178, 8.40438746400014], [0.284337751000123, 8.40404287500013], [0.284367062000115, 8.40369828700005], [0.283838613, 8.40290630000015], [0.283053000000109, 8.4020395710001], [0.281066520000081, 8.39984795900017], [0.280847417000132, 8.39886204300012], [0.280873808000138, 8.3986814430001], [0.28090020000019, 8.39850084200015], [0.28095298300002, 8.3981396420001], [0.281243785000072, 8.39735876300006], [0.281278709000162, 8.39703758200005], [0.280188328000065, 8.39535862000002], [0.279392048000091, 8.39474938500018], [0.278413710000166, 8.39432263100002], [0.277415847999976, 8.39384908700009], [0.278054639000175, 8.39284660700014], [0.278001416000109, 8.39265110700012], [0.278066873000114, 8.39235600800009], [0.278265438000119, 8.39214315600009], [0.278493025000046, 8.39196894300017], [0.279383017000157, 8.39128767], [0.279642982000041, 8.39108867100015], [0.280069220000144, 8.39110106800001], [0.280451179000067, 8.39111360700008], [0.280613171000141, 8.39114201900014], [0.280775164000147, 8.3911704300001], [0.28102043399997, 8.39127573700017], [0.283031179000034, 8.3913201850001], [0.284113392000108, 8.39135524500017], [0.285129139000048, 8.39137674000011], [0.285578557000122, 8.39128432899997], [0.286027973000159, 8.39119191800006], [0.286593919000097, 8.3907684130001], [0.287054808000107, 8.39037832000008], [0.287769769000022, 8.38982479800012], [0.288369793000129, 8.389665751], [0.288640777000182, 8.389595966], [0.288907815000073, 8.38960864300009], [0.289884701000062, 8.38965501500019], [0.290731947000154, 8.38969523200007], [0.290738386999976, 8.38932776600001], [0.290740424000091, 8.38921160199999], [0.290748250000036, 8.38876505000019], [0.289039710000054, 8.38759355800005], [0.288856212000155, 8.38694542700017], [0.288053416000139, 8.38603583200012], [0.287633995000022, 8.38557006900004], [0.286920297999984, 8.38482278100003], [0.286765645000116, 8.38450084000016], [0.286610993000068, 8.38417890000017], [0.286611565000157, 8.38393224100008], [0.286751918000107, 8.38327173500016], [0.28683237700011, 8.38249154100009], [0.286812611000073, 8.38152978199997], [0.286744472, 8.38100637500014], [0.286676334000049, 8.38048296800008], [0.286550837000107, 8.37934792800013], [0.286413687000106, 8.37887710800004], [0.286276537000106, 8.37840628900011], [0.285933352000086, 8.37755582000017], [0.285451311000031, 8.37655698200012], [0.285072715000183, 8.37587749500011], [0.284876323999981, 8.37506237400009], [0.284660038000027, 8.37408747299997], [0.284512485000164, 8.37297454999998], [0.284593663000123, 8.37241207300008], [0.284664110000051, 8.37195297900013], [0.284734557000093, 8.37149388600005], [0.285565720000022, 8.37093999300015], [0.285732231000054, 8.37023944200018], [0.286211749000074, 8.36962881800014], [0.28661974, 8.36914795600012], [0.287064130000033, 8.36879650500009], [0.287333813000032, 8.36875566599997], [0.287603495000155, 8.36871482599997], [0.288309542000036, 8.36882827600016], [0.288893175000112, 8.36874369500015], [0.28922, 8.36832876599999], [0.289824648000149, 8.36756111500017], [0.290273765000109, 8.36641022900017], [0.290590279000185, 8.36559914300005], [0.290506988000118, 8.36551673700012], [0.2902793720001, 8.36530527200011], [0.290007090000131, 8.36497544700012], [0.289959779000071, 8.36489430100016], [0.289912468000125, 8.36481315500004], [0.289814444, 8.364457958], [0.289707810000095, 8.36400908799999], [0.289576860000068, 8.3637394320001], [0.289492483000117, 8.36332631500011], [0.289358531000062, 8.36298501500011], [0.289155822000055, 8.36277346800011], [0.288859108, 8.36258703100003], [0.288584831000151, 8.36249146600005], [0.288335586000073, 8.36243440300018], [0.288158444000146, 8.36242395700003], [0.287956506000114, 8.36244666100015], [0.287832326000171, 8.36255317000018], [0.287708147999979, 8.36265967700018], [0.287495808000187, 8.36288635500011], [0.287377241000058, 8.36301627099999], [0.287247332000049, 8.36306354500005], [0.287067106000052, 8.36295665000017], [0.286983546000101, 8.36279156400019], [0.286924890000023, 8.36262639799997], [0.286664071000018, 8.36241503899998], [0.28648392600013, 8.36233294600004], [0.286256747999971, 8.36225376300018], [0.28594865000008, 8.36197090200011], [0.285709897000118, 8.36173742199998], [0.285449232000133, 8.36157291200004], [0.285282726000048, 8.36143014400017], [0.285008189000166, 8.3612546550001], [0.284617652000065, 8.36114844100018], [0.284296612000162, 8.36113845900007], [0.283936723000124, 8.36109553199998], [0.280223419000038, 8.3620353120001], [0.280106009000122, 8.36206502700003], [0.279789194000102, 8.36214520600015], [0.27945796500012, 8.3624053370001], [0.279032810000047, 8.36271537800008], [0.278641085000061, 8.36309421000016], [0.278381535000051, 8.36327143000005], [0.278143699999987, 8.36331905000009], [0.277941687000066, 8.36331970200018], [0.277836342000171, 8.36326216700013], [0.277423363000025, 8.35883142700015], [0.277414356000065, 8.35859494200002], [0.282792511000139, 8.35088248600016], [0.291060879000042, 8.34921599400013], [0.291060880000146, 8.34556252800013], [0.285228154000151, 8.34165267900005], [0.288432949000025, 8.33396117300009], [0.282151554000166, 8.32825663900007], [0.273947282000051, 8.33267925500007], [0.264268804000039, 8.33248696600009], [0.262312193000071, 8.33228784200014], [0.24067414600006, 8.33379971600016], [0.227534596000169, 8.34219207399997], [0.235333661000027, 8.343829341], [0.242750294000018, 8.35410202200006], [0.245007562000126, 8.36733244300007], [0.244329847000074, 8.38645541500011], [0.234028147000174, 8.39825447600003], [0.222978081000178, 8.40711398800011], [0.207477968000148, 8.41010354500014], [0.183184740000058, 8.40011617700014], [0.165323708000187, 8.39110929599997], [0.149061160000031, 8.38600893100016], [0.139479560000041, 8.38607149700016], [0.133435557000041, 8.38611084200011], [0.124820839000108, 8.38282364700001], [0.113183412000126, 8.38713100600017], [0.104719828999976, 8.39007814700005], [0.086488141000132, 8.40323964800001], [0.092365045000065, 8.41906203600018], [0.092828591000057, 8.424058038], [0.092880096000101, 8.42745737899997], [0.091695477000087, 8.43399853700015], [0.090635169000109, 8.43929311600004], [0.090740916000073, 8.44542646500014], [0.088209167000116, 8.45109460100014], [0.087511261000088, 8.45252712500019], [0.083478581000179, 8.45712779000007], [0.081583585000089, 8.46078317600001], [0.084812285000055, 8.46338017500005], [0.090006281000115, 8.46829341600005], [0.094890704000022, 8.47157821400003], [0.104971546000115, 8.47555993800017], [0.115987847999975, 8.481543746], [0.120801445000097, 8.48538579900003], [0.112301790000174, 8.49265913900018], [0.107637565000175, 8.49493881000006], [0.093891403000043, 8.50165688100003], [0.089442558000087, 8.51724711600008], [0.08403467100004, 8.52250624200019], [0.08283770800017, 8.5258354720001]]]]}, "properties": {"REGION": "Oti", "DISTRICT": "Nkwanta North"}}, {"type": "Feature", "geometry": {"type": "MultiPolygon", "coordinates": [[[[0.624494196000114, 7.90104049800004], [0.624043824000125, 7.90119841700005], [0.622650540000166, 7.90168695800008], [0.622163462000174, 7.90148145700005], [0.620440793000171, 7.90075464200004], [0.619757665000122, 7.90046641900005], [0.61916291100016, 7.90032543100011], [0.618228479000095, 7.90025189200003], [0.61709302600002, 7.90036650900015], [0.61575351800002, 7.90060040400004], [0.614649073000066, 7.90087196600012], [0.614207125000064, 7.90093705100014], [0.613971009000068, 7.90098480899997], [0.613734894000174, 7.90103256500004], [0.613309656000183, 7.90113065400004], [0.612944846000175, 7.90113206100011], [0.612375520000171, 7.90113425700008], [0.612060579000115, 7.90116716100016], [0.611745639000162, 7.90120006500001], [0.61070223500019, 7.90153476099999], [0.609890811000184, 7.9018244720001], [0.609783111000127, 7.90184693200018], [0.609570229000099, 7.90182846200008], [0.60912810800005, 7.901849454], [0.608056966000049, 7.90215945000011], [0.607805541000118, 7.90217970599997], [0.607653387000141, 7.90214171300016], [0.607441999000059, 7.90215217000002], [0.607230611000148, 7.90216262799999], [0.606887615, 7.90208816700016], [0.606544620000136, 7.902013705], [0.605827025, 7.90155351700014], [0.60505634600014, 7.90094472600015], [0.604670709000118, 7.90056317400018], [0.60433427300012, 7.90039774999997], [0.603997837000179, 7.90023232400017], [0.603583045000164, 7.90017329100016], [0.603173621000053, 7.90007290300002], [0.601805594999973, 7.89981360500008], [0.601655232000098, 7.89979213700008], [0.601503004999984, 7.89973485100012], [0.600217673000088, 7.89968741400003], [0.59992508900018, 7.89978498200009], [0.59972529700002, 7.89993592800016], [0.599525504999974, 7.90008687500011], [0.599067532000049, 7.90029805500018], [0.598912986000187, 7.90035651500006], [0.598731961000055, 7.90035720700013], [0.598550937000027, 7.90035789899997], [0.598114944000088, 7.89981670400005], [0.59767232400003, 7.89970817100004], [0.597047807000138, 7.89973260200003], [0.59622414100005, 7.89971645700001], [0.596088940000129, 7.89977484200017], [0.59585947700009, 7.89975642700011], [0.595552925000106, 7.89981546600012], [0.594323483000153, 7.89983910100005], [0.594170838000082, 7.89976287000002], [0.593709220000051, 7.89974534000004], [0.593574241000169, 7.8998615910001], [0.593437195000035, 7.90015972300012], [0.593171096000106, 7.90031780900006], [0.592904998000108, 7.90047589400007], [0.592753426, 7.90058945400006], [0.592618594000044, 7.90074428300017], [0.592542012000138, 7.90095400400003], [0.592659630000071, 7.90135588100014], [0.592777249000108, 7.90175775700015], [0.592759889000092, 7.90227588500005], [0.592435445000092, 7.90271526900017], [0.592321353000045, 7.9032337650001], [0.592225128000166, 7.90336640300006], [0.592073491000178, 7.90346342900006], [0.59191886800005, 7.90350259700011], [0.591440812000144, 7.90352370700009], [0.59101829400015, 7.90361349600016], [0.590493532000096, 7.90406879799997], [0.589249018000146, 7.90494294000018], [0.58840595800018, 7.90347187200013], [0.588214110000138, 7.90317223500011], [0.588021475000119, 7.90302829400002], [0.587312497000028, 7.90228833800012], [0.586943749000113, 7.90198386100002], [0.586636783000074, 7.90193542500015], [0.586354879000055, 7.9019364940001], [0.585882940000147, 7.90211189100017], [0.585409392000088, 7.90259041700011], [0.585232309000048, 7.90271922600004], [0.585055226000065, 7.90284803600002], [0.583975812000119, 7.90389652200014], [0.58389995400006, 7.90393538800015], [0.583438834999981, 7.90405011800004], [0.582749204000038, 7.90439718800013], [0.581540421000113, 7.90486195900013], [0.581234228000085, 7.90501743600015], [0.580505312000184, 7.90521033400012], [0.578773610999974, 7.90553102600018], [0.578710285000113, 7.90559464600011], [0.578162059000022, 7.90569867599999], [0.577613833000157, 7.90580270600009], [0.577506177000089, 7.90583755800014], [0.577398519999974, 7.90587240999997], [0.577092324000091, 7.90602788400008], [0.576893853000058, 7.90616641600019], [0.576654616999974, 7.90648697600005], [0.57650028300003, 7.90660329600007], [0.576274603000172, 7.90685491400012], [0.575332059000175, 7.90756392000014], [0.574894284000095, 7.90800647800017], [0.574722412000085, 7.90859959500011], [0.57435732100015, 7.90925957700006], [0.573807001000091, 7.90990647700011], [0.573711061000154, 7.91011626900001], [0.573464855000054, 7.91078682500012], [0.573311239000134, 7.91109328400012], [0.573301410000113, 7.91159898700016], [0.573027892000027, 7.91180944800004], [0.572757803000172, 7.9120130070001], [0.572546369000065, 7.91201380400008], [0.572156428000028, 7.91195189100006], [0.571566811000025, 7.91171161200015], [0.571434146000172, 7.9117121110001], [0.570791736000103, 7.91139762699999], [0.570434231000092, 7.91114269400015], [0.570087008999963, 7.91068380100012], [0.56987914900003, 7.91053302000017], [0.569624876000034, 7.91053397700011], [0.569470393000131, 7.91061171600006], [0.569319538000173, 7.91091816300013], [0.569321268000124, 7.91137559900017], [0.56922612700015, 7.91179757500004], [0.569325393000042, 7.91246683100019], [0.569306630000142, 7.91262121900019], [0.569163598000046, 7.91280363099997], [0.569092081000065, 7.91289483800017], [0.569020565000187, 7.91298604400009], [0.568678295000154, 7.91310582500012], [0.567326928000114, 7.91351874000009], [0.566950889, 7.91384532300003], [0.566597947000105, 7.91406710100006], [0.566177118000041, 7.91424366600006], [0.565756289000149, 7.91442023100018], [0.565646140000183, 7.9145281160001], [0.565417176000039, 7.91464471300009], [0.56513045500003, 7.91483730800013], [0.564843735000125, 7.91502990300017], [0.564499550000164, 7.91537565300018], [0.564247175000162, 7.91588088900005], [0.56412071200009, 7.91679349400016], [0.564122156000167, 7.91717652800003], [0.564065413000037, 7.91752120200016], [0.563991350000038, 7.91767028600003], [0.563886624000077, 7.91848360400019], [0.56372598500019, 7.91912903600013], [0.563747640000088, 7.91974071700002], [0.563632418000168, 7.91996987000005], [0.563557938000031, 7.92000872900019], [0.563485658000104, 7.92008133700017], [0.563365192000106, 7.92020234900002], [0.562904481000089, 7.9204327970001], [0.562387557000079, 7.92041544400018], [0.562232487000074, 7.92033886600007], [0.561408489000087, 7.92024825800019], [0.561092057000053, 7.92025908700009], [0.560775625000133, 7.9202699170001], [0.560620991000121, 7.92030907500015], [0.560217522000073, 7.92032711800016], [0.559736311000108, 7.92025175900005], [0.559537851000016, 7.92002929], [0.559339392000027, 7.91980682200006], [0.559216878000029, 7.91956753500011], [0.559158619000129, 7.9195098830001], [0.559006531000136, 7.9194911620001], [0.558870736000188, 7.91939522100006], [0.558602674000042, 7.91940586700002], [0.558334610000031, 7.91941651300004], [0.55817976000003, 7.91939780200016], [0.558047454000075, 7.91949474500012], [0.557705169000087, 7.91961314000002], [0.55754804500009, 7.91972533299997], [0.557318857000098, 7.91978405800018], [0.557202719000088, 7.91977002400006], [0.556856900000184, 7.91968382200002], [0.55663836500014, 7.91963503500017], [0.55636979000019, 7.91950927600016], [0.55614814900008, 7.91936956200016], [0.55583679200015, 7.91889123300007], [0.555681167000159, 7.91829796100001], [0.555525543000044, 7.91770469100015], [0.555403094000155, 7.91748193600012], [0.555341870000063, 7.91737055900001], [0.555280645000039, 7.91725918100008], [0.555042331000038, 7.91709472700012], [0.554734958000097, 7.91694155400018], [0.554599032000056, 7.91680978699998], [0.554535038999973, 7.91669704200018], [0.554385526000146, 7.91589018100012], [0.554288295, 7.91575827000014], [0.554232439000032, 7.91560415900005], [0.553999323000085, 7.91535150300012], [0.553633581000042, 7.91511036300005], [0.553326501000186, 7.91503434700019], [0.553039128000137, 7.91505470599998], [0.552914717000021, 7.91504552400011], [0.552790306000134, 7.91503634200006], [0.552557706000073, 7.91492146800016], [0.55226811700004, 7.91434936100018], [0.552017863000117, 7.91394795899998], [0.551901419000046, 7.91385194200012], [0.55153058500008, 7.91372655900017], [0.551301399000124, 7.91378528100006], [0.550936412000055, 7.91374530100012], [0.550634438000088, 7.91355628000002], [0.550190807000092, 7.91318039700008], [0.5497980990001, 7.91311847300011], [0.549416221000115, 7.9129958850001], [0.54895947100016, 7.91280743700014], [0.548389176000171, 7.91255878300018], [0.547503738000046, 7.91229476299998], [0.546776541000042, 7.91221754200006], [0.546019412000021, 7.91226719299999], [0.545321543000057, 7.91227253300008], [0.544623673000046, 7.91227787100019], [0.543930349000107, 7.91239066400004], [0.543622530000107, 7.91248687399997], [0.543314710000061, 7.91258308400012], [0.542903588000115, 7.9127719920001], [0.542478420000123, 7.91290032500018], [0.541972690000023, 7.91291872800002], [0.540842454000142, 7.91297526000005], [0.540535376000093, 7.91289923300008], [0.54007295700012, 7.91267221500016], [0.539343213000166, 7.91190881800014], [0.538650964000169, 7.91156690499997], [0.538415533000148, 7.91143274300009], [0.535449780000135, 7.91075490600002], [0.534891317000017, 7.91062726400014], [0.535002754000118, 7.90899684600004], [0.53497345400018, 7.90892117200002], [0.534704513, 7.90869343500009], [0.534549450999975, 7.90861684500015], [0.534050359000105, 7.90856080800006], [0.533551267000178, 7.90850477100008], [0.533098113000165, 7.90853950200005], [0.53271152800005, 7.90863737200016], [0.53257398500017, 7.90881424200006], [0.532498507000128, 7.9089578170001], [0.524598576000074, 7.91237483800012], [0.516698646000123, 7.91579185900014], [0.513169834, 7.91449293400007], [0.512702448000084, 7.91441746700013], [0.512235061000013, 7.91434199999998], [0.511328560000095, 7.9143645740001], [0.510856398000101, 7.91449580300002], [0.509909710000102, 7.91486849900014], [0.509488081000143, 7.91521449300018], [0.509417971000175, 7.91531671000018], [0.508811154000171, 7.91528307900018], [0.508450698000161, 7.91497022600009], [0.508278212000107, 7.91466220500013], [0.508096172000137, 7.91400699399998], [0.507812948000151, 7.91364976900019], [0.507657897000058, 7.91357592400004], [0.507505390000119, 7.91344144300018], [0.507312951000074, 7.91334706500004], [0.507120512000085, 7.91325268600013], [0.506871478000051, 7.91317642400003], [0.506102543000111, 7.91302487600007], [0.505488810000088, 7.9129885100001], [0.505258758000025, 7.91281159300013], [0.505083645000013, 7.91254078200018], [0.504830149000043, 7.91199605600008], [0.504580357000123, 7.91171035800005], [0.504447338000034, 7.91161438500018], [0.504402816000095, 7.91153187300011], [0.503829394999968, 7.91117844600006], [0.502649907000091, 7.91061500500007], [0.502349159000062, 7.9099960420001], [0.502290907000088, 7.90993838100007], [0.50228971000007, 7.90960769400016], [0.502595349000046, 7.90928692600005], [0.504184518000159, 7.90849581400016], [0.504369261000079, 7.908373896], [0.50443923600011, 7.9082344790001], [0.504509211000084, 7.90809506000005], [0.504508653000073, 7.90794074000007], [0.504452815000036, 7.90778661900003], [0.50430722599998, 7.90765348900004], [0.504161637000152, 7.90752035899999], [0.50375166200007, 7.90726830500012], [0.503354846999969, 7.90683432300011], [0.503372609000053, 7.90639609300007], [0.503503401000046, 7.90587754100017], [0.50350118700004, 7.90526577000009], [0.503405140000154, 7.90507459100013], [0.503309092, 7.90488341100013], [0.50317317300005, 7.90474886700002], [0.502908898000101, 7.90466025500018], [0.502644623000037, 7.90457164400004], [0.502116960000137, 7.90463967900007], [0.501332774000105, 7.90485193500001], [0.501004080000087, 7.904910986], [0.491829840000037, 7.90005803300005], [0.491618744000164, 7.90019076700003], [0.491411504000041, 7.90031546100005], [0.491134774999978, 7.9004819650001], [0.490826546000164, 7.90085233800011], [0.490618123000047, 7.90130778400015], [0.490525584000125, 7.90170770200001], [0.490333154000041, 7.90190150400008], [0.490248044000055, 7.90204191900006], [0.490115476000142, 7.90226063100005], [0.490066283000033, 7.90234179000009], [0.490008513000078, 7.90241777900007], [0.48989554000002, 7.90251463400017], [0.48978055300006, 7.90282093500002], [0.489758123000115, 7.90331016499999], [0.489782747000049, 7.90343271000012], [0.489899798000067, 7.90370235800003], [0.490035083000123, 7.90404634800007], [0.490150951000146, 7.90437111600011], [0.490132770000116, 7.90469636200004], [0.490017161000083, 7.90482905200003], [0.489645534000147, 7.90486344599998], [0.489273908000143, 7.90489783999999], [0.488986896000029, 7.90502011700011], [0.488924512000153, 7.905351032], [0.48891069299998, 7.90584389300005], [0.488907358000176, 7.90596287600005], [0.48902481500005, 7.90634551100015], [0.48916567700013, 7.9067032590001], [0.489314939000053, 7.90709129200013], [0.489315484000031, 7.90724285700014], [0.489350276000039, 7.90740538199998], [0.489292496000076, 7.90776929200007], [0.489185216000067, 7.90791297500016], [0.489068727000131, 7.90780040300007], [0.48903222500013, 7.90841231600018], [0.488955112000042, 7.90848975200004], [0.488936931000069, 7.90881499900019], [0.488918749000163, 7.90914024500012], [0.489074765000055, 7.90948416200007], [0.489211413000021, 7.90982263399997], [0.489115723999987, 7.91011508800005], [0.489096929000141, 7.91026947800003], [0.489117097000189, 7.91049813600011], [0.489156070000149, 7.91057515900019], [0.489364131000059, 7.91078798900003], [0.489533221000158, 7.91092379700007], [0.489752601000021, 7.91120961500008], [0.489752115000158, 7.91141725000011], [0.489721333000091, 7.91173883500016], [0.489312960000177, 7.91193319600018], [0.489113103000079, 7.91213349700013], [0.488997299000062, 7.91224955700017], [0.488797460000114, 7.9124498380001], [0.488757549000127, 7.91274537500016], [0.488634041000012, 7.91298832400008], [0.48836288800004, 7.91329518200007], [0.488072640000041, 7.91363274500003], [0.487995550000051, 7.91375670600007], [0.487718695000126, 7.91401535800014], [0.487554817000103, 7.91417715500012], [0.487428149000095, 7.91426302200006], [0.487325961000181, 7.91433229400008], [0.486981630000173, 7.91465870299999], [0.486846748, 7.914753265], [0.48659839600009, 7.91492737900001], [0.486446585000067, 7.91498579000017], [0.485759693000034, 7.91572133900019], [0.485427755000103, 7.91586110899999], [0.485370710000097, 7.91609861600006], [0.485278450000123, 7.91648274500011], [0.485066306000135, 7.91662625999999], [0.484885734000159, 7.91675780200006], [0.484458001000178, 7.91684230500005], [0.484380249000139, 7.91685054099997], [0.484225466000055, 7.91685109100001], [0.484043245000123, 7.91690823300013], [0.483861024000078, 7.91696537399997], [0.483535425000071, 7.91712085600005], [0.483306418000041, 7.91723465700017], [0.483133518000102, 7.91757974500013], [0.48304091100016, 7.91796312800011], [0.483041740000147, 7.91819461000011], [0.482946024000057, 7.918481552], [0.482772917000034, 7.91876876800018], [0.482672450000166, 7.91888624600011], [0.482571982000024, 7.91900372400005], [0.482424304000062, 7.91905936500012], [0.482276628000079, 7.91911500500015], [0.481737646000056, 7.91911692000002], [0.481140924999977, 7.91920446800015], [0.48010379700014, 7.91958987300018], [0.479908634000083, 7.91972417400018], [0.4797914990001, 7.91981828600012], [0.479729982000038, 7.92000727600015], [0.479668465000032, 7.92019626500007], [0.479605119000098, 7.92025987300002], [0.479556094000031, 7.92046397500019], [0.47947918400007, 7.92059928100002], [0.479271163000021, 7.92117322200016], [0.479059494000182, 7.92149915600015], [0.478869257000156, 7.9216348650001], [0.478753708999989, 7.92178684300006], [0.478564426000048, 7.92218985900018], [0.478499278000186, 7.92252353900005], [0.47847971300007, 7.92285017000017], [0.478471165000087, 7.92316573800002], [0.478375515000153, 7.92347196900005], [0.478223974000116, 7.92360754000015], [0.478069463000054, 7.92368525000018], [0.477914951000059, 7.92376296000003], [0.477301333000071, 7.92376513500011], [0.477186454000105, 7.92371731500009], [0.476609547000066, 7.92354987800019], [0.476114489000111, 7.92346895800006], [0.475575106000178, 7.92357185900011], [0.475036159000069, 7.92376213100005], [0.474678406000066, 7.92381713500015], [0.474510113000065, 7.92391997500016], [0.474273918000165, 7.92406430699998], [0.473740025000154, 7.92449733000007], [0.473336652000057, 7.92470019600012], [0.472579927000083, 7.92511378200004], [0.472202797000136, 7.92565711000009], [0.471630798000149, 7.92648311200003], [0.471468496000057, 7.92670277000008], [0.471306194000078, 7.92692242900006], [0.47107510800015, 7.92723189500009], [0.470944331000112, 7.92776698000006], [0.470867886000065, 7.92803456200016], [0.471011695000186, 7.92844466800017], [0.471227624000164, 7.92892617000001], [0.471550305000164, 7.92950099200016], [0.471949646000041, 7.92986885800002], [0.472465012000043, 7.93021702200008], [0.472842898000067, 7.93038103400016], [0.473094142000093, 7.93068741600007], [0.473335643000041, 7.93097454200006], [0.473413439000126, 7.93108725400015], [0.473375291000139, 7.93124171400012], [0.473154947000012, 7.93146295700006], [0.472934603999988, 7.93168419900007], [0.47256047500008, 7.93179988700001], [0.472186345000182, 7.93191557600011], [0.472034595000082, 7.93199327400015], [0.471879873000034, 7.93201311100006], [0.471573390000174, 7.9321078910001], [0.471338823000053, 7.93221619600013], [0.470921815000167, 7.93232238900009], [0.470844557000021, 7.93236124300012], [0.470231463000061, 7.93251497700004], [0.470076672000175, 7.93251552300006], [0.46965644200003, 7.93271411299997], [0.469416989000024, 7.93278240800004], [0.469179529000087, 7.93285489700008], [0.46897337900009, 7.93303691000017], [0.468842561000088, 7.9330987300001], [0.468495087000122, 7.93326293600001], [0.468217047000053, 7.93339432900012], [0.468043071000011, 7.93520735500005], [0.468052334000163, 7.93535562400018], [0.468247182000141, 7.93573799300009], [0.468862650000062, 7.93625115600003], [0.469286717000102, 7.93657484300007], [0.469362936999971, 7.93663244600009], [0.469439155999964, 7.93669004900016], [0.469707973000141, 7.9368847610001], [0.470345008000152, 7.93724352100014], [0.470707718000142, 7.93741309800004], [0.47099567000015, 7.93752373700005], [0.471663281000076, 7.93778025200004], [0.472285456000122, 7.93801930699999], [0.472767919000148, 7.93843923600002], [0.47288179800006, 7.93859315700007], [0.47310572300006, 7.93915278600008], [0.473173637000173, 7.93932251500019], [0.473305728000184, 7.93965263600006], [0.473405817000184, 7.9398148730001], [0.473480999000174, 7.93996893200011], [0.473520512000164, 7.94019752200001], [0.473522152000157, 7.94065773300002], [0.473409636000042, 7.94088686300012], [0.473216822000097, 7.9410776950001], [0.472910550000165, 7.9412331040001], [0.472778007000102, 7.9412721540001], [0.47266214800004, 7.94133870300004], [0.472546288000046, 7.94140525200015], [0.472517540000126, 7.94148251600012], [0.472488790000057, 7.94155978000015], [0.472489134000114, 7.94165623100002], [0.472528098000112, 7.94173050000006], [0.472605769000097, 7.94180738800003], [0.47268330300011, 7.94184569400016], [0.472951461999969, 7.94185439000017], [0.473219621000055, 7.94186308500008], [0.473603702000105, 7.94182314400007], [0.473987991000058, 7.94184107300003], [0.474142922000169, 7.94187910500017], [0.474277190000066, 7.9419365010001], [0.474411459000066, 7.94199389600016], [0.474603278000075, 7.94229910900009], [0.474740088000033, 7.94268167900015], [0.474856930000101, 7.94289070500002], [0.474866079000037, 7.94313042500016], [0.474875226000165, 7.94337014700005], [0.474741434000123, 7.94344640600008], [0.47460764200008, 7.94352266400017], [0.474262051000153, 7.94350459899999], [0.473647644000039, 7.94348589400016], [0.473475811000128, 7.94394280000012], [0.473493648999977, 7.94448150700003], [0.47351863800003, 7.94471289100017], [0.473556775000077, 7.94494286499997], [0.473700989000122, 7.94507600899999], [0.473845204000042, 7.94520915400011], [0.474000343000171, 7.9453050570001], [0.474385185000017, 7.94547730800008], [0.474999719999971, 7.94572314900006], [0.475288357000181, 7.94604730800017], [0.475356626000064, 7.94620001100009], [0.475424895000117, 7.94635271600004], [0.475503660000129, 7.94673549099997], [0.475504477000129, 7.94696421800018], [0.475467559000094, 7.94746314700018], [0.47539070300013, 7.947614988], [0.475250230000142, 7.94775603200014], [0.475070719000087, 7.94780213900015], [0.474891208000088, 7.94784824700002], [0.474739177, 7.94784878600018], [0.474545545000183, 7.94781089200006], [0.474372609000056, 7.94776327900013], [0.474201150000169, 7.94769174400017], [0.473970244999975, 7.94771648000005], [0.473586088000104, 7.94773713199999], [0.473394406000068, 7.94768306700007], [0.473008955000012, 7.94779140800006], [0.471269266000093, 7.94918110600008], [0.471236708000049, 7.94961873299997], [0.472249239000064, 7.94988989700005], [0.472472848000166, 7.94994978000011], [0.472831616000178, 7.95001264399997], [0.472964372000149, 7.95008141300008], [0.473116548000121, 7.95016940300007], [0.473155856, 7.95034012300016], [0.473211623000111, 7.95047495900013], [0.473212174000082, 7.95062928100009], [0.473251413000185, 7.95078071000012], [0.473232609000092, 7.95093372399998], [0.473213805000114, 7.95108673600004], [0.473214425000151, 7.95126034900011], [0.473138954000035, 7.95141356300019], [0.473063483000089, 7.95156677600016], [0.472975244000168, 7.95162771700012], [0.472641783000029, 7.95191274500007], [0.472512164000079, 7.95199725700013], [0.47238254399997, 7.95208176700004], [0.472181521000152, 7.95229743100009], [0.472030544000177, 7.95259421400004], [0.471934370000042, 7.95275576800009], [0.471686482000109, 7.95300742399996], [0.471609555000043, 7.95313997400012], [0.471573437000075, 7.95329022800013], [0.471633024000141, 7.95352019000012], [0.471180846000038, 7.95384697599997], [0.470787050000126, 7.95426725100003], [0.470043242000031, 7.95498363400009], [0.469861923000053, 7.9551443630001], [0.469649963000109, 7.955226729], [0.468663701000025, 7.9557160440001], [0.468279877999976, 7.9558331450001], [0.468086507000066, 7.95586965400003], [0.467961797000044, 7.95588273100009], [0.467849097000169, 7.95592652400012], [0.46747338800003, 7.95602614500007], [0.466964280000013, 7.95627035100006], [0.466783681000095, 7.95641163800008], [0.466629087000115, 7.95647005600011], [0.466171098000132, 7.95671969500006], [0.466016436000132, 7.95675882200004], [0.465618498000083, 7.95679329600006], [0.464749849000043, 7.95660896699997], [0.464519875000178, 7.95645820900012], [0.464228404000153, 7.95611476200003], [0.464075548000096, 7.95588381400012], [0.463920348000045, 7.95577137300012], [0.463632388000065, 7.95524878600014], [0.463323859000184, 7.95516168700016], [0.463179981000167, 7.95512361300018], [0.459755787000176, 7.95534510400012], [0.459485080000093, 7.95579111800009], [0.45842070600014, 7.96045615400004], [0.458248761, 7.96068564000007], [0.457470587000103, 7.96107418700012], [0.456819162000102, 7.9613465430001], [0.456494053000142, 7.96165357900009], [0.456110551000052, 7.96186436600004], [0.455784837000067, 7.96200054400015], [0.45567570500009, 7.96201746100019], [0.455566572000066, 7.96203437899999], [0.455171429000131, 7.96207985700005], [0.45409583300011, 7.96200646500017], [0.453634326000042, 7.96204666300014], [0.453424440999981, 7.96210527000011], [0.452656695000087, 7.96231740000007], [0.45248295000016, 7.96243375300003], [0.451835011000128, 7.96369818400007], [0.451548936000165, 7.96410153300013], [0.451452989000131, 7.96433060100009], [0.451301493000187, 7.96448545700014], [0.451224227000012, 7.96452430800002], [0.450892748000058, 7.96459436400016], [0.450571899000067, 7.96454312500009], [0.450412122000046, 7.96312995000017], [0.450288931000102, 7.96268669400007], [0.449890675000177, 7.96184756300016], [0.449447036000151, 7.96146605400014], [0.449140128000181, 7.96144783500011], [0.449025476000088, 7.96146752600009], [0.448910824, 7.96148721700001], [0.448604525000178, 7.96164261199999], [0.448761810000121, 7.96313571600007], [0.448671439000179, 7.96337854300003], [0.447288157000116, 7.96424869800018], [0.444211340000038, 7.962260071], [0.441102311000066, 7.95984459900018], [0.43943417600002, 7.95662308800019], [0.438679587000024, 7.95664499300011], [0.438099081000132, 7.95664700400005], [0.4376149900001, 7.95655222599999], [0.437050092000106, 7.95627308600018], [0.436993807000135, 7.95638351499997], [0.436937522, 7.95649394300005], [0.436880950000159, 7.9569185360001], [0.436777240000083, 7.95730195600004], [0.436609614000076, 7.95758914300006], [0.436439022000172, 7.95781846700004], [0.436266337000177, 7.95824070700019], [0.436266999000054, 7.95843085700011], [0.436307168000098, 7.95885236000004], [0.436297862, 7.95895849300007], [0.43638710200014, 7.95957962300008], [0.436388033000128, 7.95984693600013], [0.436235101000079, 7.96038485300011], [0.436180812000089, 7.96067164700003], [0.436187314000108, 7.9607863490001], [0.436201429000107, 7.96103534500014], [0.436237634000179, 7.96111238300011], [0.436315564000097, 7.96126368500018], [0.43651040200001, 7.96164607100019], [0.436683596000137, 7.96216356800011], [0.436742512000023, 7.96241138900012], [0.436667510000063, 7.96310060700011], [0.436592023000117, 7.96325381600008], [0.43651653600017, 7.96340702600014], [0.436323694, 7.96359784600014], [0.436017588000084, 7.9638111050001], [0.435505452000029, 7.96400027400006], [0.434978679000039, 7.96425943900005], [0.433203879000075, 7.965132611], [0.432903944000032, 7.96513364800001], [0.432671401999983, 7.96503799700002], [0.432129106000048, 7.96490207800002], [0.43137107300015, 7.96473383200015], [0.430635482000127, 7.96465920600002], [0.430413246000057, 7.96474540300011], [0.429346262000024, 7.96534996200018], [0.424284143000136, 7.96579451800017], [0.417998233000162, 7.96634646199999], [0.417831740000167, 7.96628374000016], [0.417313148000062, 7.96608837400015], [0.416628064000065, 7.96583028700019], [0.416405657000041, 7.96586825100013], [0.416176676000021, 7.96600407000011], [0.415983954000012, 7.96623346300015], [0.415926422000098, 7.96638523199999], [0.415832829000067, 7.96650129700009], [0.415718040000058, 7.96688475200011], [0.415660385000024, 7.96700069500002], [0.415583635000019, 7.96719111099998], [0.415545719000079, 7.96741997700008], [0.415442649999989, 7.967593948], [0.415164086000061, 7.96818465200005], [0.414649515, 7.96887812700015], [0.414467394000155, 7.96897520400006], [0.414285274000179, 7.96907228000009], [0.414161002000185, 7.96910990800001], [0.414043629000162, 7.96916276100006], [0.412793335000117, 7.96966299300004], [0.412650935000045, 7.96971996700017], [0.412434856000175, 7.96958842100008], [0.412204984000027, 7.96946519100004], [0.41188640300004, 7.96927061000002], [0.410658413000021, 7.96910392600006], [0.41050353900016, 7.96908516300005], [0.409512970000037, 7.968853239], [0.409396013000048, 7.9685763380001], [0.409157100000073, 7.96823404600002], [0.408039811000094, 7.96729395700015], [0.407770881000033, 7.96706613300012], [0.407537893000097, 7.96695029500012], [0.407308432000036, 7.9668362110001], [0.406902557000137, 7.96657715800006], [0.406566124999983, 7.96641570300011], [0.406130355000187, 7.96632047300005], [0.404635101999986, 7.96599371000013], [0.404697845000157, 7.96655845000015], [0.40465985600008, 7.96676802499996], [0.404544801999975, 7.96707707100012], [0.40446354200003, 7.96756789199998], [0.404523466000171, 7.96779103000017], [0.404279912000106, 7.96803425500013], [0.404165365000154, 7.96849211700015], [0.404147647000116, 7.96897169900006], [0.404167328000028, 7.96906808700004], [0.404169938000052, 7.9698342100001], [0.404401023000105, 7.97060505600012], [0.404969676000178, 7.97250193500014], [0.40638345300016, 7.9736459830001], [0.406927359000065, 7.97384015600011], [0.406898633000139, 7.97554613400018], [0.393346011000062, 7.98587412100005], [0.388197774000162, 7.98971642900017], [0.383035900999971, 7.99356891500008], [0.37301029300005, 8.00105187300016], [0.35185415400008, 8.01684094100005], [0.351567126000134, 8.01701199700017], [0.342520363000062, 8.02240331000007], [0.338122044000045, 8.02502432400007], [0.336357432000057, 8.0260759250001], [0.334681499, 8.02691563200005], [0.322853107000128, 8.03412354800014], [0.31287291100017, 8.04023684600003], [0.312462443000129, 8.04060078200013], [0.31178106100009, 8.04120491800001], [0.311491433000072, 8.04142356400018], [0.311237856000162, 8.04167516500013], [0.311147237, 8.04187112800008], [0.311029181000038, 8.04213332000012], [0.310996479000153, 8.04228224700006], [0.310856055000102, 8.04246734400004], [0.31069616100018, 8.04261667600014], [0.310453130000042, 8.04270839700018], [0.310304180000173, 8.04282186700016], [0.310292184000048, 8.04296108200003], [0.310280188000149, 8.04310029599998], [0.31048794600008, 8.04494061600019], [0.310531042000093, 8.04544481900007], [0.310545643000182, 8.04555552000011], [0.310573553000154, 8.04576713200004], [0.310426152000161, 8.04636288900002], [0.310377416, 8.04668549200017], [0.310281515000156, 8.04695863800004], [0.310150092000015, 8.04727422700012], [0.310275432000083, 8.04764764900011], [0.31024982800011, 8.04785442700017], [0.310224224000137, 8.04806120600011], [0.310220021000021, 8.04847461400004], [0.310213346000126, 8.048978976], [0.310256301000038, 8.04943908400008], [0.310249333000172, 8.04985250100009], [0.310472621000144, 8.05049943899996], [0.310747119000155, 8.05073282000018], [0.311021758000038, 8.05101029500014], [0.311294075000092, 8.05142557500005], [0.311519396000165, 8.05184376099999], [0.311823213000025, 8.05345502599999], [0.311538435000045, 8.05432406400013], [0.310833782000088, 8.05532672900006], [0.309951270999989, 8.05605436600013], [0.309578846000022, 8.05632563800003], [0.309162179000111, 8.05659705300019], [0.308839082000077, 8.05673037000014], [0.308513522000169, 8.05695739700013], [0.308558282000149, 8.05711847900017], [0.308603042000129, 8.05727955900016], [0.308692119999989, 8.05746392500015], [0.308966772000019, 8.05774415700006], [0.309147250000024, 8.05797508100017], [0.309283340000093, 8.05816067399996], [0.309419430000162, 8.05834626700016], [0.309459763, 8.05885047900011], [0.309455712000158, 8.05931073700003], [0.309404503000053, 8.05972429500014], [0.309400301000096, 8.06013770200013], [0.309398125000087, 8.06032098200001], [0.309395949000077, 8.06050426000007], [0.309253188000071, 8.06082440700004], [0.309019177000152, 8.06114484600016], [0.308785307000164, 8.06150938000013], [0.308410846000186, 8.06200940400009], [0.308176833000118, 8.06232984200017], [0.307989970000165, 8.06269422500003], [0.307891751000113, 8.06310793300014], [0.307751462000169, 8.06333712600002], [0.307519469000056, 8.06342605600008], [0.307335721000129, 8.06346935900018], [0.307151974000135, 8.06351266300004], [0.306826115000092, 8.06364874400003], [0.306503314000111, 8.06387576200018], [0.306175273000065, 8.06419374300009], [0.305965773000139, 8.06439835300012], [0.30575627200011, 8.06460296099999], [0.305337412000085, 8.06505627400014], [0.304923826000163, 8.06629226299998], [0.303719585000067, 8.06673016100018], [0.299994265000066, 8.06686409200012], [0.296993718000181, 8.06711198000005], [0.296756711000057, 8.06713155900013], [0.294853226000043, 8.06728880200012], [0.294774951000022, 8.06726620400002], [0.294578038000168, 8.06713015700007], [0.29435759200004, 8.06697785000011], [0.294123570000068, 8.0668161640001], [0.2939331500001, 8.06652001200007], [0.293798275000029, 8.06631024600017], [0.293345668000143, 8.06626282800011], [0.293024744999968, 8.0662142330001], [0.292656367000063, 8.06602523300012], [0.292083431000094, 8.06593479200018], [0.291737545000046, 8.0657856040001], [0.291530592000072, 8.06571828200003], [0.291142421000188, 8.06559731700003], [0.290836109000111, 8.06544395600008], [0.290643581000154, 8.06540987400007], [0.290361869000094, 8.06536000500012], [0.290078157999972, 8.06533076400012], [0.289864622999971, 8.06530875600004], [0.28971725100007, 8.06526006300004], [0.289211050000176, 8.06520929200019], [0.28884311000013, 8.06515808600005], [0.288430587000164, 8.06512892300003], [0.288144474000035, 8.06504803800016], [0.287854327000105, 8.06496918300013], [0.28741562200014, 8.06496138600011], [0.287135272000057, 8.06494865000013], [0.286535473000072, 8.06487624000016], [0.285656872000118, 8.06483074900001], [0.283620419000101, 8.06477532900004], [0.282766359000107, 8.06468107400002], [0.282396236000125, 8.06481451900009], [0.282073131000118, 8.06495057400008], [0.281747398000107, 8.06513073100018], [0.281468675000042, 8.06531074200007], [0.281145421000133, 8.06539994500008], [0.280960433000075, 8.06549009300005], [0.280775444000142, 8.06558024100008], [0.280405320000057, 8.06571368500011], [0.28003534200019, 8.06589398000017], [0.279779979000125, 8.06602844299999], [0.279524615000128, 8.06616290700015], [0.279201507000039, 8.06629895899999], [0.278922781000063, 8.06647896800007], [0.278599811000163, 8.06665911600004], [0.278227067000046, 8.06683941900013], [0.277857226000094, 8.06706380700007], [0.277534116000027, 8.06719985800004], [0.277325617000088, 8.06728870000012], [0.273276812000177, 8.06937013200019], [0.273265044000084, 8.06962146400002], [0.273542717000055, 8.07002235500005], [0.273440643000185, 8.07052773500016], [0.273210655000128, 8.070643238], [0.272970984000096, 8.07079263100002], [0.271933774000104, 8.07114078900008], [0.270686333000185, 8.07120847300013], [0.269936621000113, 8.07121692300012], [0.268997029000047, 8.07120729400015], [0.268574611000076, 8.07132413600004], [0.268283561000146, 8.07140464200012], [0.268112990000134, 8.072132055], [0.267756553000083, 8.07230161500019], [0.267623070000127, 8.07242846500003], [0.267250967000166, 8.07268197800011], [0.267173563000142, 8.07275333000018], [0.266113995000069, 8.07373006000017], [0.265321399000186, 8.07440975499998], [0.26495834300016, 8.07477120200014], [0.26369119800006, 8.07611364500013], [0.263142237000181, 8.07657924300008], [0.263026500000137, 8.07668278600005], [0.262753397000154, 8.07689722000003], [0.26234821200012, 8.07732289600006], [0.26229061500004, 8.07738253800005], [0.262094615000024, 8.07758549800013], [0.262054805000105, 8.07767794700004], [0.262037509999971, 8.07789710300005], [0.262151496000172, 8.07809242800016], [0.262301715000092, 8.07837858900012], [0.262291986000093, 8.07857655800007], [0.26204250700016, 8.07872572200012], [0.261749743000053, 8.07873306100015], [0.261340387000132, 8.07870676300007], [0.261126116000071, 8.07872120300004], [0.260911846000113, 8.07873564500017], [0.26075032100016, 8.0787683580001], [0.260345302000133, 8.07885038600017], [0.260085847000084, 8.07900827800006], [0.259873692000042, 8.07925972800007], [0.259686948000024, 8.07967921700009], [0.259549458000038, 8.07993043700009], [0.259268366000185, 8.08024548800012], [0.258971957000085, 8.08052613500018], [0.258675549000088, 8.08080678200002], [0.258256692000145, 8.08128486200013], [0.258201342, 8.08138076200009], [0.258036195000102, 8.08166690400014], [0.257980155000098, 8.08222696600012], [0.257969631000151, 8.08235232100009], [0.257990261000032, 8.08252580400017], [0.258029258000022, 8.082853731], [0.258067329000028, 8.08309201000009], [0.258186274000025, 8.08371806800005], [0.258356279000168, 8.08388993600005], [0.258475428000168, 8.08410745600008], [0.258464158000095, 8.08418784200018], [0.258387699000082, 8.08429677800012], [0.258168867000109, 8.0845423130001], [0.25779293700009, 8.08488797400003], [0.25744929200016, 8.08534078399998], [0.257373952000137, 8.08556352900007], [0.257272294000074, 8.08577743200004], [0.257235507000132, 8.08595393000013], [0.257198721000123, 8.08613042800016], [0.257144249000021, 8.08640068500006], [0.256987663000075, 8.08673740000012], [0.256866847000026, 8.08701612800007], [0.256867683000053, 8.08728621600005], [0.256960119000098, 8.08766626100009], [0.257074534000026, 8.08799938600004], [0.257142056000134, 8.08837124000007], [0.257282117999978, 8.08894957200016], [0.257349982000108, 8.08943166500018], [0.257340304000024, 8.08987816899997], [0.25718410900015, 8.09034165900016], [0.257075542000109, 8.09100343600011], [0.257094238000093, 8.09123626100012], [0.257112936000055, 8.09146908700018], [0.257196761000102, 8.09174718600002], [0.257314510000185, 8.09181710200011], [0.257432258000165, 8.09188701700009], [0.257747714000175, 8.09194943500012], [0.257944496000107, 8.09208938600005], [0.25832658700017, 8.09223703300012], [0.25870046700004, 8.09241226600017], [0.258941240000127, 8.09246940000008], [0.259386526000014, 8.09248456299997], [0.259696315000156, 8.09250290000017], [0.259992473000182, 8.0925846670001], [0.260424026000067, 8.09263018800004], [0.260861427000123, 8.09277766200017], [0.261113518000116, 8.09291744100011], [0.261393291000047, 8.09306540199998], [0.263077045000102, 8.09355042199996], [0.263873369000123, 8.09377980800014], [0.262821196000175, 8.09425158400012], [0.260587094000073, 8.09437974900015], [0.260371646000181, 8.09446309500009], [0.260275069000102, 8.09453229300016], [0.260178493000126, 8.09460149099999], [0.259876203000147, 8.09521701400001], [0.259775551000132, 8.09575474700006], [0.259682972000064, 8.09622079700006], [0.259668755, 8.09631798999999], [0.259552191000125, 8.096407231], [0.259439928000177, 8.09632351900001], [0.259422959000119, 8.09620230700011], [0.259289182000146, 8.0958692430001], [0.259047748000057, 8.09559989900004], [0.25885927000013, 8.09546267900004], [0.258552270000109, 8.09545260100009], [0.257838637000134, 8.095407948], [0.257417911000118, 8.09528797900015], [0.256922032000034, 8.09501114900013], [0.256717133000052, 8.0949291], [0.256446289000053, 8.09498505300013], [0.256111669000063, 8.0949860820001], [0.255840885000055, 8.0950613280001], [0.255348838000089, 8.09512898500014], [0.254731681000067, 8.09498205700004], [0.254437395000082, 8.09498344900015], [0.254181875000086, 8.09515186300007], [0.253978271000108, 8.09548872200014], [0.253802568000026, 8.09590542000018], [0.253598989000182, 8.09625054600014], [0.253252389000068, 8.09651487400015], [0.252909172000045, 8.09675425800003], [0.252501032000168, 8.09712757300014], [0.252178331000039, 8.09740692000003], [0.252049162000105, 8.09766913800007], [0.251994917000161, 8.09801380600015], [0.252051826000127, 8.0985317630001], [0.252285395000172, 8.09894169200004], [0.252613443000143, 8.09949740100006], [0.252802382000084, 8.09978344600006], [0.252866764000089, 8.10003404700007], [0.252784144000145, 8.10014591800018], [0.252701524000088, 8.1002577910001], [0.252458595000121, 8.10039909300008], [0.252140563000125, 8.10040007000009], [0.251661862000049, 8.10035988400011], [0.251507094000033, 8.10034689200012], [0.25112560000008, 8.10039491399999], [0.25082747099998, 8.10057221300002], [0.250614723000183, 8.10063625300018], [0.250309673000118, 8.10067482400007], [0.249929956000074, 8.10121160299997], [0.249564517000124, 8.10175841400019], [0.249312345000021, 8.10204167800003], [0.249060172000043, 8.10232494200017], [0.248682315000167, 8.10265682100004], [0.248306689000174, 8.10281506300015], [0.248085346000039, 8.10278266800003], [0.247722486000043, 8.10259636800009], [0.247500329000047, 8.10229939800018], [0.247248667000179, 8.10230016800006], [0.246853198000053, 8.10230137600018], [0.246712589000083, 8.10244236300002], [0.246509052000022, 8.10280402400002], [0.246289201000025, 8.1032566830001], [0.246038749999968, 8.10365155900007], [0.245818136000025, 8.10385617800006], [0.245489325999984, 8.10395088700017], [0.245338605000086, 8.10395134700019], [0.245187884000131, 8.10395180800015], [0.244889207000028, 8.10395271900012], [0.244543753000187, 8.10403094100019], [0.244401790000097, 8.10418157800012], [0.244259826000075, 8.10433221400018], [0.244070798000052, 8.1044664580001], [0.24388177000003, 8.10460070100009], [0.243490171000076, 8.10496293400013], [0.243129181000029, 8.10538570700004], [0.242980370000055, 8.10555841199999], [0.242831560000184, 8.10573111600007], [0.242514672000084, 8.10610690200008], [0.24228037000006, 8.10635841400011], [0.241901540000185, 8.10637610400016], [0.24173041500012, 8.10648686600013], [0.241476609000074, 8.10669158500008], [0.241438205000122, 8.10679367400007], [0.241399799000135, 8.10689576400017], [0.241400424000062, 8.10709970800002], [0.241558593000093, 8.10727285600012], [0.241669984000168, 8.10752331500015], [0.241756224000028, 8.10768841400005], [0.241842464000058, 8.10785351300012], [0.242128178000087, 8.10813375700002], [0.242270604000169, 8.10813332300017], [0.242413030000023, 8.10813288900016], [0.242993705, 8.10810080300013], [0.243364074, 8.10802939600018], [0.243734442000118, 8.10795798700008], [0.244302425000114, 8.10784601300003], [0.244870408000111, 8.1077340380001], [0.245153949000041, 8.10775659900008], [0.245437491000075, 8.10777915900019], [0.24572006000011, 8.10793538900015], [0.24616312600017, 8.10812144500005], [0.246526093000057, 8.10834081700011], [0.246811191000063, 8.1084198690001], [0.247281573000066, 8.10849559900015], [0.247929392000117, 8.10871409800018], [0.248425784000119, 8.10870431000006], [0.250728309000124, 8.10853809300011], [0.251070100999982, 8.1083930420001], [0.251335040000185, 8.108213089], [0.251519048000091, 8.10811034000011], [0.251750418000086, 8.10807142400012], [0.252062201, 8.10815298000011], [0.252706838000165, 8.10823643600008], [0.252944676000141, 8.10823570600002], [0.253168685000105, 8.10823501600015], [0.255559199000174, 8.10768472800009], [0.255691945000137, 8.10768431900016], [0.25609882100008, 8.10779330600019], [0.258917345000043, 8.1079251700001], [0.259251795000182, 8.10786626000004], [0.259421059000147, 8.10804763400012], [0.25947710700018, 8.10828447800014], [0.259620019000067, 8.10888484600008], [0.25984462800011, 8.10907707300009], [0.260266038000168, 8.1094120030001], [0.260490957, 8.10970344400016], [0.26071306800003, 8.10998111400005], [0.26090994600014, 8.11014862100012], [0.261624060000088, 8.11033933200002], [0.261917732000029, 8.11050653800015], [0.262367402000109, 8.11103429800011], [0.262619378000181, 8.11113273500018], [0.263192407000076, 8.11131009900009], [0.263680216000182, 8.11076565400009], [0.26530261400012, 8.11177345100009], [0.265478119000022, 8.11173845600013], [0.265673026000059, 8.11171718100007], [0.265867934000028, 8.11169590500009], [0.266288169000063, 8.11165326000003], [0.266515484000138, 8.11166082000011], [0.266666451000106, 8.11167267799999], [0.267103543000189, 8.11171363400001], [0.267482627000106, 8.11221406600004], [0.267820948000121, 8.11229723500009], [0.268497456000148, 8.11242146300003], [0.272004922000121, 8.11245264000007], [0.272980543000131, 8.11362869800001], [0.273323635000054, 8.11522783900011], [0.274719851000157, 8.11577091200019], [0.276542496000047, 8.1175338590001], [0.279837510000164, 8.11718663100015], [0.283720507, 8.11570053600002], [0.284903439, 8.11561258500012], [0.286599082000066, 8.11729165800006], [0.28689582100003, 8.11758549500013], [0.287218624000161, 8.11735977400002], [0.287682247000077, 8.11761078900008], [0.288131025999974, 8.11784638300003], [0.288384414000177, 8.11799267500004], [0.288579691000109, 8.11804615100004], [0.288776204000101, 8.11809513600008], [0.289314816000058, 8.11831528700009], [0.28975417800018, 8.11920793300004], [0.291633394000087, 8.11992707300004], [0.294299739000166, 8.12347380500006], [0.295963849000145, 8.12494846300007], [0.300396549000084, 8.12733200800017], [0.300879684000051, 8.12749582100014], [0.301362819000133, 8.12765963400011], [0.301670425000168, 8.12785156600017], [0.302164591, 8.12843424800008], [0.302595420000046, 8.12867263699997], [0.303026250000187, 8.12891102499998], [0.303365285000098, 8.12941427900006], [0.303443960000095, 8.12979710500014], [0.303549721000081, 8.13000346300015], [0.304004506000126, 8.13037957100016], [0.304583461000163, 8.13066708900016], [0.304908422000096, 8.13109321999997], [0.305020117000026, 8.13142357600015], [0.305045028000052, 8.13185756000019], [0.305069939000077, 8.13229154300012], [0.306024857000011, 8.13337983399998], [0.306110198000056, 8.13411264400003], [0.306013775000167, 8.13422870400007], [0.306045767000171, 8.13471365000004], [0.306921827000167, 8.13621558400013], [0.307077883000147, 8.13657886800019], [0.307176611000102, 8.13717383600004], [0.307290996000063, 8.13747937900018], [0.307388161000063, 8.13759205999997], [0.307626297000184, 8.1376794840001], [0.307969483000022, 8.13775279000015], [0.308177383000157, 8.13789818700019], [0.308372046000159, 8.13822551800018], [0.308544564000044, 8.13854740799997], [0.309468897000045, 8.13957791100006], [0.309797049000053, 8.14013079900019], [0.310125201000176, 8.14068368700009], [0.310511380999969, 8.14121985200012], [0.311010697000086, 8.14167572700012], [0.311260767000022, 8.14203043700013], [0.311514536000118, 8.14267175300012], [0.311766295999973, 8.14312015900009], [0.312018056000056, 8.14356856500007], [0.313098205000131, 8.14657732200004], [0.313294, 8.14724913900011], [0.313489794000134, 8.14792095600018], [0.313492310000186, 8.14869261299998], [0.313229845000023, 8.15047655899997], [0.313252402000046, 8.15060877200017], [0.313274959000012, 8.15074098400009], [0.317289693000021, 8.16642304300012], [0.316496235000102, 8.16737642300012], [0.314760479000029, 8.16860019100011], [0.313811930000156, 8.16949619600007], [0.312047262000135, 8.17034248300001], [0.31187328600015, 8.17086988700015], [0.311640393000175, 8.17279934800018], [0.31149023800009, 8.17340338700018], [0.310842136000076, 8.17439180700006], [0.310417980000182, 8.17487876600012], [0.310083356000177, 8.17540325000016], [0.309778584000185, 8.17609322300012], [0.309248459000116, 8.17696336099999], [0.309206879000044, 8.17720296500011], [0.308994591999976, 8.17741586000005], [0.308805487000086, 8.17964878900017], [0.308105050000108, 8.18072587500012], [0.307982117000165, 8.18077312400004], [0.30771951800017, 8.1808263370001], [0.307189274, 8.18108160000014], [0.306377680000026, 8.18157753900005], [0.305955846000074, 8.18199780600008], [0.305748396000183, 8.18199847600016], [0.305540947000168, 8.18199914700011], [0.303765954000085, 8.18139305600016], [0.303522036000174, 8.18123675300012], [0.3038220520001, 8.18078105400014], [0.303685953000127, 8.18060786800004], [0.303481333000093, 8.18062781900016], [0.303037091000078, 8.18096272200006], [0.302410712000039, 8.18227933000014], [0.30222539000016, 8.18227992700008], [0.30204006800011, 8.18228052500012], [0.301663435000137, 8.18214118500015], [0.301069952000148, 8.18251514899998], [0.299715972, 8.18208682200003], [0.299337637000065, 8.18227544300009], [0.299241456000175, 8.18247004699998], [0.299145274000068, 8.1826646510001], [0.299508346000096, 8.18374106200008], [0.29955669900005, 8.18415154400014], [0.299231881000026, 8.18463763700009], [0.299103609000042, 8.18474553200008], [0.298975336000183, 8.18485342600013], [0.298293012000045, 8.18512846000016], [0.297289508000176, 8.18445096200003], [0.296622798000044, 8.18442278600003], [0.295956088000139, 8.18439460999997], [0.29553436700013, 8.1844262780001], [0.294390216000068, 8.18430592800013], [0.293867393000085, 8.18386527000007], [0.293344570000045, 8.18342461200001], [0.292154129000096, 8.18310183900007], [0.291488675999972, 8.18346362100016], [0.290918939, 8.18391466300017], [0.290349199000104, 8.18436570500018], [0.289421425000114, 8.18487025400009], [0.288529250000067, 8.1861243080001], [0.288069047000135, 8.1866631900001], [0.287685593000162, 8.18698410500014], [0.286972832000117, 8.18726059600016], [0.286260068999979, 8.18753708500003], [0.28612868100015, 8.18753750400015], [0.284732523000116, 8.18819235600017], [0.284291188000054, 8.18901090600002], [0.284140760000071, 8.18911197700015], [0.283723084000144, 8.18911330500009], [0.283110609000175, 8.18874870700012], [0.282620476000034, 8.18858215000006], [0.282484567999973, 8.18846683100003], [0.282370542000137, 8.18827427500008], [0.282491474000039, 8.18803136500009], [0.282875348000175, 8.18783998400016], [0.282963228000142, 8.18764127500015], [0.282904470000119, 8.18743200800014], [0.282751966000092, 8.18731674200018], [0.282425570999976, 8.18731777700003], [0.282019612000056, 8.18752300900013], [0.281926509000073, 8.187818193], [0.281755621000173, 8.18800889800008], [0.281582707000041, 8.18843111100011], [0.281353616000047, 8.18858617200004], [0.281120175000183, 8.18867785999998], [0.280886732000113, 8.18876954800015], [0.280104110000025, 8.18882714900019], [0.279561097000112, 8.18855878400012], [0.279123918000096, 8.18851607400012], [0.278587422000101, 8.18855635699998], [0.277703614000188, 8.18810993000011], [0.276664332000166, 8.187049409], [0.275474848000158, 8.18746380800008], [0.275546157000122, 8.18814155300015], [0.275617466000085, 8.18881929999998], [0.276085545000171, 8.18987887300017], [0.276148549000027, 8.1901198220001], [0.276806755000166, 8.1905132230001], [0.277321914000026, 8.19072104800011], [0.277484447000063, 8.19094514600005], [0.277653787000077, 8.19115945900006], [0.277587277000066, 8.19153046500003], [0.277127350000114, 8.19216304000008], [0.276432642000032, 8.19246839600009], [0.275737932000084, 8.19277375000013], [0.275602824000089, 8.19290921900006], [0.27529706700011, 8.19331255800017], [0.275034787999971, 8.1939059230001], [0.274772511000037, 8.19449928700004], [0.274390221000033, 8.19519224600009], [0.274319394000145, 8.19553558900014], [0.274248566000153, 8.19587893200003], [0.274326631000122, 8.19607160400017], [0.274814734000074, 8.19646692300012], [0.275155327000107, 8.19657884200006], [0.275874899000144, 8.19669507400005], [0.276295162000167, 8.19663449100011], [0.27671542500002, 8.19657390800018], [0.27692223400004, 8.19636931100001], [0.276977004000116, 8.19619551100004], [0.277012864000028, 8.19529694900012], [0.277492886000175, 8.19489305700012], [0.278414918000067, 8.195176758], [0.278684094000141, 8.19544599099999], [0.279017594000038, 8.1959354980001], [0.279157097000109, 8.19630986800018], [0.278893592000031, 8.19695009000003], [0.277964581, 8.19794794100005], [0.277484292000167, 8.19826915600009], [0.277004004000048, 8.19859037000003], [0.276305277000063, 8.19893983500009], [0.275759335000146, 8.19905869100012], [0.275213394000048, 8.1991775460001], [0.273881403000019, 8.19871875200016], [0.273679685000047, 8.19878553199999], [0.273477967000076, 8.19885231200004], [0.272782771999971, 8.19944428700006], [0.272406419000049, 8.20026675700007], [0.272385481000072, 8.20064163600011], [0.272364544000027, 8.20101651600004], [0.272092065000152, 8.20231546700012], [0.272072979000143, 8.202406451], [0.272047664000127, 8.20335423300008], [0.272032250000052, 8.20393135799998], [0.27202601099998, 8.20416491500004], [0.271921352000106, 8.20430855700005], [0.271644855999966, 8.20434801300007], [0.271258946000046, 8.20415600500019], [0.27059398900002, 8.20425063300002], [0.270322858000043, 8.20399252500016], [0.270060626000031, 8.20373291099997], [0.269663320000177, 8.2036211680001], [0.269266014000152, 8.20350942400006], [0.26902761600013, 8.20307511800019], [0.268903893000129, 8.20271684000005], [0.268817067000043, 8.20237812800008], [0.268652989000145, 8.20210304500017], [0.268370218000143, 8.2019082600001], [0.268218078000132, 8.20190873800016], [0.26808290300005, 8.2020249150001], [0.267873887000178, 8.20240865500006], [0.267655699000045, 8.20251682399999], [0.267255711000189, 8.20243126800005], [0.266853465000111, 8.20234768000006], [0.266620266000075, 8.20223442500003], [0.266393353000069, 8.20211369600003], [0.265996420000022, 8.20146456300006], [0.2659506440001, 8.20136217900011], [0.265906026000152, 8.20127236400009], [0.265762372000154, 8.200967875], [0.265681918999974, 8.20073205800014], [0.265662410000061, 8.20065473800014], [0.265604793000023, 8.20048092000013], [0.265548744000057, 8.20030967399998], [0.26548625900017, 8.19990381999997], [0.265470191000077, 8.19979945400007], [0.265460175000101, 8.19953421400015], [0.265456017000133, 8.19942410099998], [0.265493301000049, 8.1992632840001], [0.265541660000054, 8.19904895700006], [0.265695221000044, 8.19884876300017], [0.2658299040001, 8.19867317700005], [0.266238358000123, 8.19833187600011], [0.266349510000055, 8.19823899699998], [0.26678210200015, 8.19774741700019], [0.267214694000074, 8.197255837], [0.267336523000097, 8.19707932300014], [0.267473993000124, 8.196880147], [0.267587988000059, 8.19659103800018], [0.267500380000115, 8.19607264100017], [0.267257863000168, 8.19568322700007], [0.266514594000057, 8.1955278420001], [0.265415135000126, 8.19564663800003], [0.264518457000179, 8.19582246900006], [0.263666284000124, 8.19623742600004], [0.263564801000143, 8.19628684200006], [0.263276149999967, 8.19648981300003], [0.262468252000133, 8.19701529899999], [0.262207306, 8.19718502699999], [0.261396096000055, 8.19788748600013], [0.260563468000043, 8.1986084880001], [0.260178313999972, 8.1989023540001], [0.259043356000063, 8.19977279600016], [0.258921757000053, 8.19986605400004], [0.258343601000149, 8.20039889500003], [0.258055299000091, 8.20068793800004], [0.257341102000055, 8.20140396800014], [0.257234341000014, 8.20151100200007], [0.256693565000035, 8.20203231500017], [0.256049923000091, 8.20265278600004], [0.255980237000188, 8.20271996300005], [0.255449111000132, 8.20305903100001], [0.25486945300014, 8.20335004900011], [0.25473878400004, 8.20337392300013], [0.25373106800015, 8.20355804000019], [0.25351555300017, 8.20359527200009], [0.252789996000104, 8.20364573000018], [0.252206190000095, 8.20407356900012], [0.252096522000102, 8.204153937], [0.251650466000171, 8.20448082600018], [0.251534965000076, 8.20456546900016], [0.251052666000078, 8.2050489880001], [0.250860951000107, 8.20562800900012], [0.250571419000153, 8.20586991800013], [0.245776658000182, 8.2065592190001], [0.238325655000153, 8.20326042900018], [0.230769123000186, 8.20050022200013], [0.223203593000051, 8.20147555900007], [0.21980426600004, 8.20191374900014], [0.21305898900016, 8.19479570400011], [0.203065304000063, 8.19599864800017], [0.193899097000099, 8.19072113400011], [0.178321103000087, 8.19420327600011], [0.178159145000166, 8.19423947500019], [0.144838649000121, 8.19770794100009], [0.144624447000183, 8.19769856900007], [0.13300865399998, 8.207329179], [0.129896028000019, 8.21457960300006], [0.124729935000062, 8.22702256400009], [0.12443975900004, 8.22803583600006], [0.123949830000072, 8.22974863000007], [0.123471044000098, 8.23150480000004], [0.12338711600006, 8.23182597800013], [0.123223585000119, 8.23243793500006], [0.132512951000137, 8.23599408300015], [0.136207991000106, 8.23744704800004], [0.144892396000046, 8.24086193400012], [0.155104473000108, 8.24052527200018], [0.156348628000103, 8.24048425700005], [0.160663098000043, 8.24117127400012], [0.16293701100011, 8.2415333620001], [0.168728073000011, 8.24480657200019], [0.169983223000145, 8.24498588000012], [0.178421809000042, 8.24619139200018], [0.185136444000079, 8.24813234300012], [0.18916464900002, 8.24929674499998], [0.193864642000165, 8.25328334800008], [0.196256602000176, 8.26020744499999], [0.195627137999963, 8.26671190000008], [0.19520749600008, 8.27208332100014], [0.195274936000146, 8.27269365100017], [0.196046780000074, 8.27967884600002], [0.197725348000063, 8.28756812200015], [0.198019097000099, 8.29147079500001], [0.197808309000038, 8.29298351500012], [0.1965923140001, 8.30171006500007], [0.193317724000053, 8.30627110100016], [0.188386897000157, 8.31520055700003], [0.185187504000055, 8.32273208500004], [0.185765563000189, 8.32638064000002], [0.186844379000092, 8.32786572100008], [0.188468410999974, 8.32990129300009], [0.188769013000183, 8.33047948300015], [0.190280035000114, 8.33338584200004], [0.191950461000147, 8.33438841400005], [0.19537843400002, 8.33644584700016], [0.197659558000112, 8.33781495300013], [0.199940681000101, 8.33918405900005], [0.203463490000161, 8.34129841200013], [0.20469523700001, 8.34152613400016], [0.205926983000154, 8.34175385500004], [0.207793079, 8.34209885299998], [0.214294734000021, 8.34247119500009], [0.227534596000169, 8.34219207399997], [0.24067414600006, 8.33379971600016], [0.262312193000071, 8.33228784200014], [0.264268804000039, 8.33248696600009], [0.273947282000051, 8.33267925500007], [0.282151554000166, 8.32825663900007], [0.288432949000025, 8.33396117300009], [0.285228154000151, 8.34165267900005], [0.291060880000146, 8.34556252800013], [0.291060879000042, 8.34921599400013], [0.282792511000139, 8.35088248600016], [0.277414356000065, 8.35859494200002], [0.277423363000025, 8.35883142700015], [0.277836342000171, 8.36326216700013], [0.277941687000066, 8.36331970200018], [0.278143699999987, 8.36331905000009], [0.278381535000051, 8.36327143000005], [0.278641085000061, 8.36309421000016], [0.279032810000047, 8.36271537800008], [0.27945796500012, 8.3624053370001], [0.279789194000102, 8.36214520600015], [0.280106009000122, 8.36206502700003], [0.280223419000038, 8.3620353120001], [0.283936723000124, 8.36109553199998], [0.284296612000162, 8.36113845900007], [0.284617652000065, 8.36114844100018], [0.285008189000166, 8.3612546550001], [0.285282726000048, 8.36143014400017], [0.285449232000133, 8.36157291200004], [0.285709897000118, 8.36173742199998], [0.28594865000008, 8.36197090200011], [0.286256747999971, 8.36225376300018], [0.28648392600013, 8.36233294600004], [0.286664071000018, 8.36241503899998], [0.286924890000023, 8.36262639799997], [0.286983546000101, 8.36279156400019], [0.287067106000052, 8.36295665000017], [0.287247332000049, 8.36306354500005], [0.287377241000058, 8.36301627099999], [0.287495808000187, 8.36288635500011], [0.287708147999979, 8.36265967700018], [0.287832326000171, 8.36255317000018], [0.287956506000114, 8.36244666100015], [0.288158444000146, 8.36242395700003], [0.288335586000073, 8.36243440300018], [0.288584831000151, 8.36249146600005], [0.288859108, 8.36258703100003], [0.289155822000055, 8.36277346800011], [0.289358531000062, 8.36298501500011], [0.289492483000117, 8.36332631500011], [0.289576860000068, 8.3637394320001], [0.289707810000095, 8.36400908799999], [0.289814444, 8.364457958], [0.289912468000125, 8.36481315500004], [0.289959779000071, 8.36489430100016], [0.290007090000131, 8.36497544700012], [0.2902793720001, 8.36530527200011], [0.290506988000118, 8.36551673700012], [0.290590279000185, 8.36559914300005], [0.290273765000109, 8.36641022900017], [0.289824648000149, 8.36756111500017], [0.28922, 8.36832876599999], [0.288893175000112, 8.36874369500015], [0.288309542000036, 8.36882827600016], [0.287603495000155, 8.36871482599997], [0.287333813000032, 8.36875566599997], [0.287064130000033, 8.36879650500009], [0.28661974, 8.36914795600012], [0.286211749000074, 8.36962881800014], [0.285732231000054, 8.37023944200018], [0.285565720000022, 8.37093999300015], [0.284734557000093, 8.37149388600005], [0.284664110000051, 8.37195297900013], [0.284593663000123, 8.37241207300008], [0.284512485000164, 8.37297454999998], [0.284660038000027, 8.37408747299997], [0.284876323999981, 8.37506237400009], [0.285072715000183, 8.37587749500011], [0.285451311000031, 8.37655698200012], [0.285933352000086, 8.37755582000017], [0.286276537000106, 8.37840628900011], [0.286413687000106, 8.37887710800004], [0.286550837000107, 8.37934792800013], [0.286676334000049, 8.38048296800008], [0.286744472, 8.38100637500014], [0.286812611000073, 8.38152978199997], [0.28683237700011, 8.38249154100009], [0.286751918000107, 8.38327173500016], [0.286611565000157, 8.38393224100008], [0.286610993000068, 8.38417890000017], [0.286765645000116, 8.38450084000016], [0.286920297999984, 8.38482278100003], [0.287633995000022, 8.38557006900004], [0.288053416000139, 8.38603583200012], [0.288856212000155, 8.38694542700017], [0.289039710000054, 8.38759355800005], [0.290748250000036, 8.38876505000019], [0.290740424000091, 8.38921160199999], [0.290738386999976, 8.38932776600001], [0.290731947000154, 8.38969523200007], [0.289884701000062, 8.38965501500019], [0.288907815000073, 8.38960864300009], [0.288640777000182, 8.389595966], [0.288369793000129, 8.389665751], [0.287769769000022, 8.38982479800012], [0.287054808000107, 8.39037832000008], [0.286593919000097, 8.3907684130001], [0.286027973000159, 8.39119191800006], [0.285578557000122, 8.39128432899997], [0.285129139000048, 8.39137674000011], [0.284113392000108, 8.39135524500017], [0.283031179000034, 8.3913201850001], [0.28102043399997, 8.39127573700017], [0.280775164000147, 8.3911704300001], [0.280613171000141, 8.39114201900014], [0.280451179000067, 8.39111360700008], [0.280069220000144, 8.39110106800001], [0.279642982000041, 8.39108867100015], [0.279383017000157, 8.39128767], [0.278493025000046, 8.39196894300017], [0.278265438000119, 8.39214315600009], [0.278066873000114, 8.39235600800009], [0.278001416000109, 8.39265110700012], [0.278054639000175, 8.39284660700014], [0.277415847999976, 8.39384908700009], [0.278413710000166, 8.39432263100002], [0.279392048000091, 8.39474938500018], [0.280188328000065, 8.39535862000002], [0.281278709000162, 8.39703758200005], [0.281243785000072, 8.39735876300006], [0.28095298300002, 8.3981396420001], [0.28090020000019, 8.39850084200015], [0.280873808000138, 8.3986814430001], [0.280847417000132, 8.39886204300012], [0.281066520000081, 8.39984795900017], [0.283053000000109, 8.4020395710001], [0.283838613, 8.40290630000015], [0.284367062000115, 8.40369828700005], [0.284337751000123, 8.40404287500013], [0.284308441000178, 8.40438746400014], [0.28410537200017, 8.40491451100013], [0.283902302000058, 8.40544155900005], [0.283355930000141, 8.406774461], [0.282822702999965, 8.40789786799996], [0.282705916000168, 8.40857345400008], [0.282814876000145, 8.40888452000007], [0.282923836000123, 8.40919558700017], [0.283545785000115, 8.40980262200003], [0.284420168999986, 8.41058521200011], [0.285203680000109, 8.41150589400007], [0.285972819000051, 8.41226401900019], [0.28601292400009, 8.412920004], [0.285985547000053, 8.41360611900001], [0.286185822000164, 8.4155883630001], [0.287292915000023, 8.41559438600012], [0.287702282000055, 8.41551863600012], [0.287965026000109, 8.41546265500017], [0.288429992000033, 8.41546113200013], [0.289036353000029, 8.41553355600007], [0.289598259000172, 8.41555376100007], [0.289819242000078, 8.41542350700013], [0.289962503000083, 8.41522461000011], [0.290068982000093, 8.41478331100006], [0.290422338000042, 8.41450931500015], [0.290971860000013, 8.4145516050001], [0.291214102000026, 8.41457285799999], [0.291801317000022, 8.41471423800016], [0.29205371, 8.41487600800002], [0.292608919000031, 8.41538127500019], [0.292772677000073, 8.41552129000013], [0.292894453000031, 8.41552088899999], [0.293016230000092, 8.41552048900013], [0.293270570000175, 8.41543421900013], [0.293477375000123, 8.41520204], [0.293741725000132, 8.41479604900007], [0.29387372900004, 8.41454206900005], [0.294124615000044, 8.41424911500013], [0.294632578000062, 8.41386161200012], [0.294884177000029, 8.41378361900013], [0.295127692000165, 8.41377179300008], [0.296454133000054, 8.41440817600005], [0.29662203800018, 8.41454679700007], [0.296968450000065, 8.41468345099997], [0.297364927000103, 8.41489434900006], [0.297747302, 8.41502537300005], [0.297953835000158, 8.41512803800009], [0.298160368000083, 8.41523070400007], [0.298484833000032, 8.41542530300012], [0.298920619, 8.41580418100017], [0.299361307000083, 8.41599288400005], [0.299671504000059, 8.41605800100007], [0.300183090000132, 8.41645795800002], [0.300373554999965, 8.41660686400007], [0.300451426000109, 8.41671959999996], [0.300518484000179, 8.41690953700015], [0.300541112000076, 8.41705552600007], [0.300638817000106, 8.41730599200002], [0.300742048000188, 8.41755368300016], [0.300743234000095, 8.41790919300007], [0.300705251000068, 8.41813806100004], [0.300695904000122, 8.41824006100012], [0.300686558000052, 8.4183420600001], [0.300620768000101, 8.41853243700012], [0.30054636300008, 8.41862914100017], [0.300466119000021, 8.41863491800018], [0.300369526999987, 8.41871791500006], [0.300267340000175, 8.41878301800017], [0.300165152000034, 8.41884812000006], [0.299944089000178, 8.41895357600009], [0.299806046000185, 8.41905600200005], [0.299606940000047, 8.41910626700019], [0.299407815, 8.41915102000007], [0.299225544000137, 8.41927012700006], [0.299107095000181, 8.41943863000006], [0.299049819000061, 8.41969236400013], [0.298757180999985, 8.41991380500002], [0.298522655000113, 8.42013229800011], [0.298288035999974, 8.4203232320001], [0.298125166000034, 8.42045054300002], [0.297890345000042, 8.42058084700017], [0.297627856000076, 8.42071399800005], [0.297282209000173, 8.420808841], [0.296989055000097, 8.42087595100008], [0.296731881000142, 8.42094294200018], [0.296541058000059, 8.42098766599997], [0.296333839000056, 8.42109583100012], [0.296107110000037, 8.42116272099997], [0.295902622000142, 8.42125985200011], [0.295645420000028, 8.42131857600003], [0.295521085000132, 8.42138237100005], [0.295321958000102, 8.421427123], [0.295145294, 8.42156825800004], [0.294777915000111, 8.42178718700012], [0.294454371000143, 8.42187093100017], [0.294000899000082, 8.42200195300018], [0.293663241000047, 8.42200306500007], [0.293234249000079, 8.42200447700003], [0.293021137000039, 8.42200517800018], [0.292785884000011, 8.42200595200006], [0.292536937000136, 8.42205086600001], [0.292382130000021, 8.42210649399999], [0.292227321000098, 8.42216212199997], [0.291801490000125, 8.42228202800015], [0.291486530000157, 8.42245117400012], [0.291083003000097, 8.42262061200012], [0.290969683000128, 8.42266783600007], [0.290856363000159, 8.42271505899998], [0.290643469000145, 8.42278190100001], [0.290444606000108, 8.42290657100006], [0.290231785000174, 8.42299546000004], [0.289924716000087, 8.42304056300009], [0.289659090000157, 8.42306348200015], [0.289437747000022, 8.42308625699997], [0.289086568000187, 8.42318386700009], [0.288843411000073, 8.42330592600013], [0.288705270999969, 8.42338078900002], [0.288497694000114, 8.42338147000015], [0.288315381000075, 8.42348954900012], [0.288124774000039, 8.42360041200016], [0.287984012000095, 8.42371937800004], [0.287926464000122, 8.42389319100016], [0.287749823000183, 8.42404259100005], [0.287611747000085, 8.42413674500006], [0.287545832000092, 8.42429129300001], [0.287405116000173, 8.42442403900003], [0.287236859000188, 8.424598215], [0.287090608000085, 8.42473097900017], [0.28694448400006, 8.42490232600005], [0.286887135000029, 8.42513676800007], [0.286879807000105, 8.42543167700006], [0.286844600000165, 8.42566604700011], [0.286840713000061, 8.42574598200002], [0.286836825000137, 8.4258259180001], [0.286787416000038, 8.42595009600007], [0.286624485000118, 8.42606086799998], [0.286492088000102, 8.42619909900014], [0.286301752000156, 8.42639263700016], [0.286163921000025, 8.42656120100008], [0.285029028, 8.42820469899999], [0.282134988, 8.428944484], [0.282017504000066, 8.42898896300005], [0.281840613000099, 8.42906395100005], [0.281702461, 8.42913605600006], [0.281680608999977, 8.42922431800008], [0.281628530000035, 8.42937882100017], [0.281521051000141, 8.42951972399999], [0.281322371000044, 8.42970226500012], [0.281123455000056, 8.42981315200012], [0.281065609000109, 8.4298973970001], [0.281007762000172, 8.42998164200003], [0.281066367000165, 8.43012751500009], [0.281213466000168, 8.43025105300001], [0.281565598000157, 8.43044006300005], [0.281771991000085, 8.43049864199998], [0.281978385000116, 8.43055722100013], [0.282399712000085, 8.43074600500012], [0.28256873600003, 8.43080332700009], [0.282671334000156, 8.4308608660001], [0.282707606000145, 8.43094893800014], [0.282708260000049, 8.43114736400003], [0.282819852000046, 8.43141432499999], [0.283025583999972, 8.43169200200015], [0.283350040000187, 8.43188110199998], [0.283585764000179, 8.432020884], [0.283984542000098, 8.43208572200007], [0.284482832000151, 8.43211165100013], [0.284867553000083, 8.43211039100004], [0.285240983000051, 8.43204302600009], [0.285498386000143, 8.43204218300008], [0.285747485000059, 8.43204136700018], [0.286013191000166, 8.43204049600001], [0.28624845100012, 8.43203972600014], [0.286408982000182, 8.43203920000008], [0.286528233000183, 8.43211046300007], [0.286689274000082, 8.4322642680001], [0.286836376000167, 8.43238780200016], [0.28697777900004, 8.43246174899997], [0.287088726000093, 8.43253303900002], [0.28717776000002, 8.43267329999998], [0.287178216000029, 8.43281109600002], [0.287140122999972, 8.43300964800011], [0.287118729000156, 8.43323570500007], [0.287094293000109, 8.43337909300004], [0.287069857000063, 8.43352248200006], [0.286995556000022, 8.43365225500008], [0.286915563000036, 8.433735195], [0.286752465000063, 8.43379636100008], [0.286495471000137, 8.43392122100011], [0.286210727000025, 8.43402412300009], [0.28603392500014, 8.43412667200016], [0.285710560000098, 8.43426828500009], [0.285616455000024, 8.43426859300007], [0.285470026000098, 8.43434899500016], [0.285351038000044, 8.43435765300018], [0.285027207000155, 8.43435871399998], [0.284916514000145, 8.43436458800011], [0.284806003000142, 8.43442558000004], [0.28453553300011, 8.434660721], [0.284199000000115, 8.43500631400013], [0.283956225000168, 8.43524687500002], [0.283765809000045, 8.43541767800002], [0.28371536800006, 8.43561578100002], [0.283701355000062, 8.43570165600011], [0.28337749700006, 8.43768639700011], [0.283377802000189, 8.43777871999998], [0.28348066500007, 8.43791618000017], [0.283570181000186, 8.43820250500016], [0.28360175500012, 8.43854413800011], [0.283705348000126, 8.43890207000004], [0.283941478000088, 8.43916311200013], [0.284138484000039, 8.43931128800017], [0.284271695000143, 8.43941833200012], [0.284382772000185, 8.43952820600015], [0.284654337000177, 8.43962377500014], [0.284906228000182, 8.43962846099998], [0.285191314000144, 8.43962752700008], [0.285531638000066, 8.43959058399997], [0.285663110000087, 8.43959015300004], [0.285794582000108, 8.43958972200011], [0.286002387000167, 8.43965518300007], [0.286318138000127, 8.43972029000008], [0.286647535999975, 8.43972747700002], [0.286918783000147, 8.43972658700011], [0.287081938000085, 8.43968195700018], [0.287281222000047, 8.4396813030001], [0.287500026000032, 8.43972467900016], [0.287752108000063, 8.43978723800006], [0.28811736900002, 8.43975847800004], [0.288413306000109, 8.43969136400017], [0.288684289000059, 8.43961055200003], [0.288994284000182, 8.43960953300007], [0.289185629000144, 8.43971914100007], [0.289318622000053, 8.43976004200016], [0.289435437000179, 8.43993052700012], [0.289568850000137, 8.44009819900015], [0.289619229000095, 8.44026614600011], [0.289634739000178, 8.44035290599999], [0.289650251000182, 8.44043966699996], [0.289593049000075, 8.44071820500011], [0.289483087000065, 8.44094455200008], [0.289300867000065, 8.44108294800003], [0.289240678000169, 8.4412953530001], [0.28916937300005, 8.44149401499999], [0.289059144000078, 8.44164044100006], [0.289001558000109, 8.44180323099999], [0.28882564200012, 8.44217310400012], [0.288685469000143, 8.44247120600011], [0.288620110000124, 8.44279386400018], [0.288549873000079, 8.44331496600012], [0.288512978000142, 8.44345701800017], [0.288476082000102, 8.44359907000018], [0.288432144000069, 8.44370394000015], [0.288676453999983, 8.44726380100008], [0.288709961000052, 8.44735188100009], [0.288710712000182, 8.44757786400004], [0.288653263000128, 8.44778199300015], [0.288573506000034, 8.44793658700013], [0.288491321000038, 8.44819315900008], [0.288389832000121, 8.44847184200012], [0.288324281000087, 8.44873662700007], [0.288325395000186, 8.44907284700002], [0.288343219000069, 8.44943932700016], [0.288394203, 8.44978916300016], [0.288474855000118, 8.4499046470001], [0.28847534900018, 8.45005346500017], [0.288625200000013, 8.450168722], [0.288734605000116, 8.45019040900013], [0.290281038000103, 8.45035480700005], [0.290563570000188, 8.45041588400005], [0.29133566500002, 8.45036924400006], [0.291983132000041, 8.45030096700003], [0.292364882000186, 8.45023356500013], [0.292848951000167, 8.45013826600018], [0.293233688000157, 8.45013699500015], [0.293718160000083, 8.45016295500017], [0.294121905000168, 8.45005138400006], [0.29457797300006, 8.44985971800003], [0.295561621000104, 8.44934110800011], [0.296014892000017, 8.44914118200006], [0.296235659999979, 8.44894202500001], [0.296550369000045, 8.44869295000012], [0.296859976000121, 8.44857342000017], [0.29699548200017, 8.4485371450001], [0.297130988, 8.44850087000003], [0.297322091000126, 8.44853606300001], [0.297388788000035, 8.44861576400012], [0.297455484000011, 8.44869546500007], [0.297509206000029, 8.44903426500002], [0.297502808000047, 8.44960476299997], [0.297512282000127, 8.44995473299997], [0.297585011000024, 8.45018323400012], [0.297727150000128, 8.45047489100006], [0.297769865000021, 8.45083301900019], [0.297734915000149, 8.45114179800004], [0.297422589000064, 8.45210465000014], [0.297152771000128, 8.45253546700019], [0.296888545000115, 8.45298280300005], [0.296419445000026, 8.45341703600019], [0.296060859000022, 8.45379027200016], [0.295782147000068, 8.45404474000009], [0.295570112000178, 8.45437339699998], [0.295415500000161, 8.45449103500016], [0.295260887000097, 8.45460867300011], [0.294871373000035, 8.45483870300012], [0.294528785000068, 8.45502999500013], [0.294088834000036, 8.45520014400012], [0.293858021000176, 8.4552894090001], [0.293378798000049, 8.45547474600011], [0.293386522000162, 8.45571586300008], [0.293394245000172, 8.4559569810001], [0.293504516000155, 8.45623772100009], [0.293614787000138, 8.45651846100003], [0.294333903000108, 8.45740796700011], [0.294451397000103, 8.45755330100002], [0.294607553000048, 8.45766388600003], [0.29480133900006, 8.4578011210001], [0.295013956000162, 8.45795169300015], [0.29515029900017, 8.45804824800007], [0.295286643000111, 8.45814480400003], [0.295439132000183, 8.45825279200011], [0.295583465000107, 8.45837219700013], [0.295957461000171, 8.45846741499997], [0.296458652000183, 8.45852363000012], [0.296672125000157, 8.45862489100006], [0.296899299000131, 8.45868476900006], [0.29716506799997, 8.45869766700002], [0.297560811000153, 8.45867430800013], [0.29774629100001, 8.45868196099997], [0.29790705400012, 8.45874757000018], [0.298151242000074, 8.45892865000008], [0.298645957000019, 8.45953055400014], [0.298970906000022, 8.45985743000017], [0.299176178000096, 8.45998903300011], [0.299419785000111, 8.45999649200013], [0.29990417700003, 8.45999488200016], [0.301774771999987, 8.45982744100007], [0.302065209000148, 8.45976722300009], [0.302659725000126, 8.45958886500006], [0.303168518000064, 8.45943559500017], [0.303344144, 8.4593936710001], [0.303519769000047, 8.45935174800007], [0.303893470000162, 8.45935877000011], [0.304159327000036, 8.45939784399997], [0.304425183000035, 8.4594369190001], [0.304815862999988, 8.45955412000012], [0.305070931000159, 8.45967728599999], [0.305367815000011, 8.45988850000009], [0.305845303000126, 8.46030305000011], [0.306059512000161, 8.46062202000019], [0.306179528000143, 8.46091650300013], [0.306194337000022, 8.46120444600007], [0.306209147000175, 8.46149238900017], [0.306210651000129, 8.46193884100018], [0.306103620000044, 8.46221203400012], [0.305719931000056, 8.46252749000013], [0.305426768000189, 8.46260012099998], [0.305191788000116, 8.46268909500009], [0.304987403000155, 8.46282206100005], [0.304570266000042, 8.46306872900004], [0.304215965000139, 8.46306991000006], [0.303842437000128, 8.46311525000004], [0.303540970000142, 8.46318790900011], [0.303319805000058, 8.46326994600008], [0.303098640000144, 8.46335198200012], [0.302813688000185, 8.46339702600011], [0.302526160000184, 8.463499953], [0.30224748400002, 8.46376544900011], [0.302026878000106, 8.46401421600001], [0.301859559000036, 8.46446949900013], [0.301875505000112, 8.46468440800004], [0.301891451000188, 8.46489931600007], [0.302216713000064, 8.46531713200017], [0.302702047000082, 8.46559386200016], [0.303422540000099, 8.46583398100006], [0.303720541000132, 8.46637590300014], [0.304322661000072, 8.46680932800018], [0.304902259000073, 8.46712983600008], [0.30542060800002, 8.46734582199997], [0.3059892, 8.46768565600001], [0.306474920000085, 8.46807537200016], [0.306695943000136, 8.46836124700008], [0.306916966000017, 8.4686471230001], [0.306958265000162, 8.46899147400006], [0.306999563000034, 8.46933582400015], [0.306032543000128, 8.46986819200015], [0.305596710000032, 8.47031886200011], [0.304861771000105, 8.47072367900012], [0.304182582000124, 8.47124405900001], [0.303768731000048, 8.47164780300005], [0.303471055000102, 8.47202635700012], [0.303206603000092, 8.47240755500019], [0.30311741700018, 8.4726379710001], [0.303028229000063, 8.47286838700012], [0.301858053000046, 8.47349374800012], [0.30132301600014, 8.47337560699998], [0.300834127999963, 8.47372067700013], [0.300394134000157, 8.47424047600009], [0.300115009000081, 8.47457022599997], [0.299843288999966, 8.47567349700006], [0.299949731000083, 8.47611966800014], [0.299976635000178, 8.47799336499997], [0.301363412000057, 8.48026416700009], [0.301545503000114, 8.4805623310001], [0.302937966000172, 8.48141201800013], [0.306499755000061, 8.48162677300007], [0.306838869000046, 8.48164721800003], [0.307225292000169, 8.48167051400003], [0.307418414000153, 8.48168364700012], [0.307611536000138, 8.48169678000005], [0.308280362000062, 8.48138312000003], [0.308843888000126, 8.48103674300006], [0.309316262000152, 8.48074854400011], [0.309763835000126, 8.48049349900009], [0.310006332000057, 8.48057811800004], [0.310248829000102, 8.48066273700005], [0.310621229000049, 8.48109692000003], [0.310880610000083, 8.48126278000007], [0.311139992000051, 8.48142864099998], [0.311901480000188, 8.48150324800002], [0.312479198000176, 8.48126154200014], [0.313145830999986, 8.48111874800003], [0.313499015000104, 8.48119196900012], [0.313852199, 8.48126519000004], [0.314060368000071, 8.48142984300011], [0.3142685360001, 8.48159449600013], [0.314499543000125, 8.48196300800009], [0.314616346000093, 8.48212245700006], [0.31467469100005, 8.48218564700011], [0.314733037000053, 8.48224883500018], [0.314860641000166, 8.48232832600013], [0.316341707000106, 8.48358277799997], [0.316216077000036, 8.48367690300006], [0.316100520000134, 8.48388398500015], [0.315861644999984, 8.48445801700018], [0.315819776000183, 8.48516918000013], [0.315730153000118, 8.4856765670001], [0.315560012, 8.48611257300013], [0.315353809000101, 8.48652665400004], [0.315194514000154, 8.48689648100014], [0.315171318000182, 8.48699439300009], [0.315043024000033, 8.48793321000005], [0.315352491000169, 8.48857980200006], [0.315878062000024, 8.48928078300008], [0.316247624000084, 8.48969016400014], [0.316528146000167, 8.4899648060001], [0.316626669000073, 8.49003888300012], [0.317811857000095, 8.49056401000013], [0.318048633000103, 8.49059214700003], [0.318285408000065, 8.49062028300006], [0.318805708000127, 8.49058545300005], [0.319486447999964, 8.49051700800015], [0.320211477000043, 8.49044841100005], [0.320892366000123, 8.49042405800009], [0.321174407000115, 8.49033215800011], [0.32145644600007, 8.49024025800014], [0.321710333000055, 8.49001065800019], [0.321905769000068, 8.48968755600009], [0.322818483000106, 8.48905473900004], [0.323046718000057, 8.48901400500006], [0.323495128000047, 8.48900421500014], [0.323890971000026, 8.48900287200007], [0.324531061000187, 8.48919085400019], [0.324789500000179, 8.48948210000015], [0.324787284000024, 8.48964332700007], [0.324785069000086, 8.48980455400016], [0.324542577999978, 8.49012781699997], [0.324255390000019, 8.49033272800017], [0.323962448000145, 8.49047427400018], [0.323506526000074, 8.49071558400004], [0.323139117000153, 8.49093730200008], [0.32278851500007, 8.49121683700002], [0.322156410000105, 8.49174535599997], [0.321593270000051, 8.49220474400016], [0.321366979000061, 8.49240944800005], [0.321292917000164, 8.49260812300002], [0.321161092000182, 8.49291447299998], [0.321045583000114, 8.49313533600008], [0.320883015000163, 8.49335635900013], [0.320701437000082, 8.49368492500014], [0.32063598100018, 8.49397175999997], [0.32059261400002, 8.49424198400015], [0.320505973000081, 8.49480999100018], [0.320448274000171, 8.4949369580001], [0.320373628000027, 8.49496476899998], [0.320226914000159, 8.49496526700005], [0.320168547000037, 8.49489656800012], [0.320110180000086, 8.49482786700003], [0.320065210999985, 8.49462959600004], [0.31999807700015, 8.49442588699998], [0.319917273000044, 8.49427183100005], [0.319842183000048, 8.49417011700012], [0.319620504000056, 8.49410472700009], [0.319407373000104, 8.49411096000011], [0.319242981000173, 8.49420383900008], [0.319078590000174, 8.49429671800004], [0.318849857000146, 8.49459788400009], [0.318787864000114, 8.49508864400002], [0.318811779000043, 8.49560667000009], [0.318938155000183, 8.49613537400012], [0.319571658000086, 8.49763243400002], [0.319882912000082, 8.49798689000005], [0.320244587000104, 8.49851479500012], [0.32042031400016, 8.49890278000015], [0.320443228000101, 8.49912730800008], [0.320466143000147, 8.49935183500008], [0.320340716000146, 8.49950659000018], [0.320215291000181, 8.49966134600004], [0.319294774000127, 8.50004477800013], [0.31845480800007, 8.50050785700017], [0.318018691000134, 8.50087862300012], [0.317547054000102, 8.50138730399999], [0.317238339000028, 8.50177692900019], [0.317089409000175, 8.50194003100017], [0.317020575000129, 8.50204912100014], [0.316951741000139, 8.50215821200004], [0.316883786000119, 8.50252497600019], [0.316895566000028, 8.50273197300015], [0.31598729000018, 8.50346087800017], [0.31594054500016, 8.50355335799998], [0.316068758000029, 8.50380922400001], [0.316313145000038, 8.50403713700013], [0.316720312000086, 8.50410465600015], [0.316784411000128, 8.50422983300007], [0.316848640000046, 8.50439359100017], [0.316733023000154, 8.50458413900009], [0.316462063000131, 8.50468151200005], [0.316342227000177, 8.5048527830001], [0.316222391, 8.50502405300006], [0.31606295000006, 8.50535254400017], [0.315986483000017, 8.50565870700018], [0.316007168000056, 8.50604170700007], [0.315997869000114, 8.50615610800003], [0.315962699000181, 8.50633489099999], [0.315912155000092, 8.50659182900012], [0.316309219000118, 8.50669290300016], [0.316764988000045, 8.50680892000008], [0.31710835500013, 8.50689632400002], [0.317546874000072, 8.50700794900007], [0.318141434999973, 8.50763496700012], [0.319071259000168, 8.50834903800012], [0.319387896000023, 8.50825150800006], [0.319704535000028, 8.50815397800017], [0.319782112000098, 8.50817300500006], [0.319934300999989, 8.50815319800006], [0.320454275000031, 8.50801639500003], [0.32056896500012, 8.50795950900016], [0.321222930000147, 8.50774370800013], [0.321696096000039, 8.50768147200012], [0.32197272500008, 8.50762265900016], [0.322166306000042, 8.50756412700008], [0.322293438000088, 8.50750306500004], [0.322453761000077, 8.50743362300017], [0.32256983000002, 8.50737535500014], [0.322705239000129, 8.50730599800016], [0.322868359000097, 8.50724481300017], [0.323050866000017, 8.50718631900008], [0.323385618000032, 8.50712455200005], [0.324055727000143, 8.50717738900011], [0.324194330000125, 8.50723203600006], [0.324489264000022, 8.50726410200008], [0.324784196999985, 8.50729616900014], [0.32544053100014, 8.50736834300005], [0.325731388000122, 8.50742246900012], [0.325984761000029, 8.50744365300011], [0.326238133000061, 8.50746483700004], [0.326642091000053, 8.50740283000016], [0.327333938000038, 8.50733708500013], [0.327483623000091, 8.50739444800018], [0.327702667999972, 8.50749566800005], [0.327765188000171, 8.50756366300004], [0.327866982000103, 8.50778172000008], [0.327950533000148, 8.50792749600004], [0.328009141000052, 8.50806508900018], [0.328067635000082, 8.508169614], [0.32813999900003, 8.50828235700004], [0.328231552000034, 8.50833991899998], [0.328428327000097, 8.50840538799997], [0.328676201000178, 8.50843761199997], [0.328924075000089, 8.50846983600019], [0.329247753, 8.5084081010001], [0.329499465000083, 8.50834936700005], [0.329717911000046, 8.50827696800019], [0.329856088000156, 8.50820759900006], [0.330030288000046, 8.50814913000011], [0.330675075000158, 8.5080835390001], [0.330770729999983, 8.50812661800001], [0.330919072000029, 8.50819569700013], [0.331035654000061, 8.50828624200005], [0.331116209000072, 8.50836588700002], [0.331207837000022, 8.50844549300001], [0.331302320000134, 8.50854989400005], [0.331371955000122, 8.50867366900007], [0.331433371, 8.50882227700009], [0.331550152000034, 8.50897069500013], [0.331630946000132, 8.50911923500018], [0.331689479999966, 8.50923478200002], [0.331783991000066, 8.50934744900002], [0.331842401000131, 8.50942717000015], [0.331911808000086, 8.5094848060001], [0.332064453000044, 8.50959727300011], [0.332134136000036, 8.50973482900014], [0.332203971000183, 8.50991647800015], [0.332265436000057, 8.51007886400009], [0.332346268000151, 8.51023842800015], [0.332440780000184, 8.51035109500015], [0.332521698000107, 8.51053546200001], [0.332580108000116, 8.51061518200004], [0.332696881000118, 8.51076084300013], [0.332758107000018, 8.5108543340001], [0.332816556000182, 8.51094507700009], [0.332886239000175, 8.51108263200018], [0.332944725, 8.51118439900017], [0.333050435000075, 8.5113328540001], [0.333109008, 8.51145942400007], [0.333203758000025, 8.51164098700008], [0.333273556000165, 8.51181161200009], [0.333379304000175, 8.51197109000015], [0.333510205000096, 8.51219937900009], [0.333649211000022, 8.51236976600006], [0.333743848000154, 8.51251825900005], [0.333807776000128, 8.51259244800002], [0.333871705000149, 8.51266663700005], [0.333999561000098, 8.51281501700009], [0.334520306000115, 8.51290141700014], [0.335037767000188, 8.51283901200003], [0.335270494000156, 8.51289333100016], [0.335431256000163, 8.5129506510001], [0.335513016000164, 8.51297792900004], [0.33665095300006, 8.51360978500009], [0.336818926000035, 8.51370305400008], [0.337315902000114, 8.51397900400002], [0.337469575000114, 8.51398812100012], [0.337699277000127, 8.51396804000018], [0.338172302000089, 8.51386444400015], [0.338390615000151, 8.5137534590001], [0.33896609500016, 8.51365777700016], [0.339467156000126, 8.5136560520001], [0.340062598000031, 8.51372840800008], [0.340697208000108, 8.51391913100014], [0.341007794000063, 8.51407238900003], [0.341160444000081, 8.51418485300007], [0.342154812000103, 8.51592864000003], [0.342400468000164, 8.51651479100013], [0.342401073000133, 8.5166884090001], [0.342294165000169, 8.51699192299998], [0.342018746, 8.51739798600011], [0.341864123000107, 8.51751426700002], [0.341469675000155, 8.51792349600004], [0.341399572000114, 8.51806428700007], [0.34132999600007, 8.51835664900011], [0.341362452000112, 8.51853429000016], [0.34118274400015, 8.51882702600005], [0.342760254000098, 8.52023735], [0.34303538100005, 8.52036254000006], [0.343133752000085, 8.52038975900012], [0.343272372, 8.52044715200014], [0.343563239, 8.52050126400019], [0.343967648000159, 8.52056600600002], [0.344637806000037, 8.52062707200014], [0.34564016600018, 8.5206869860001], [0.347187868000162, 8.52073949599998], [0.348120933000189, 8.52077484100016], [0.349829198, 8.52082678300002], [0.350108993000163, 8.52088092700006], [0.350444154000115, 8.52093488000003], [0.350870874000066, 8.52104638599997], [0.351045472000123, 8.52110089600006], [0.351242227000171, 8.52115808399998], [0.351425130999985, 8.52121256600009], [0.35351281700008, 8.52288084800006], [0.355600505000154, 8.52454913100019], [0.356053319000125, 8.52499399800013], [0.3565194520001, 8.52529000100003], [0.356971414000157, 8.52549235500004], [0.357606, 8.52566926700013], [0.358381782000151, 8.52584843900001], [0.358844371000146, 8.52592398400014], [0.35912106100011, 8.52588167800002], [0.359397751000131, 8.52583937200006], [0.359751565000067, 8.52568656100016], [0.359908933000099, 8.52556475300003], [0.360066300000085, 8.52544294500007], [0.360670864000042, 8.52574121400011], [0.361252599000125, 8.52584665200015], [0.361407627000119, 8.52584610900004], [0.362016060000144, 8.5256731130001], [0.362309506000088, 8.52567208300019], [0.362850282000068, 8.52593750300014], [0.362964194000028, 8.52605284800018], [0.363003322000111, 8.52615743300004], [0.363042450000137, 8.52626201700014], [0.363004435000107, 8.52647159500009], [0.362909468000169, 8.52662487700013], [0.362814502000106, 8.52677816000011], [0.362602158000129, 8.52701039500005], [0.362508571000092, 8.52716229500004], [0.36231641500018, 8.52762319500016], [0.362164963999987, 8.527852462], [0.361703866000028, 8.52819856000008], [0.360802936000084, 8.52864265400001], [0.360648317000027, 8.52875894200008], [0.360609822000129, 8.52883348400019], [0.360514655000145, 8.52893027200003], [0.360419486000183, 8.52902706000003], [0.360265539000125, 8.52933349799997], [0.360188833, 8.52956250200009], [0.359787153000184, 8.53027216200002], [0.359329227000103, 8.53073399200008], [0.359124941000118, 8.53089730200008], [0.358920655000077, 8.53106061400007], [0.358601029000113, 8.53148888900006], [0.358543478000058, 8.53165444100011], [0.358003193000172, 8.53309763900012], [0.358039913000027, 8.53330420000009], [0.358076633000053, 8.53351075900002], [0.358379763000073, 8.53389827200004], [0.358726751000177, 8.53416161800016], [0.358993161, 8.53434257000004], [0.359080961000188, 8.53451037000008], [0.357960576000096, 8.53513987000008], [0.358401292000167, 8.53528989800009], [0.358980078000116, 8.53534023200012], [0.35957043600007, 8.53553107200014], [0.360113818000116, 8.53574687800005], [0.360704088000091, 8.53591291400011], [0.361061255000095, 8.53592268500012], [0.361406606000116, 8.53572305200004], [0.36158733000002, 8.53516022500008], [0.361823861000119, 8.53472121700003], [0.362036659000125, 8.53461574700015], [0.362249456000086, 8.53451027800003], [0.362941551000063, 8.53450509100009], [0.363276929000108, 8.53461690200015], [0.363612309000132, 8.53472871300011], [0.36446904100012, 8.53508947100011], [0.364968169000065, 8.53531644900005], [0.365478204000055, 8.53549653900001], [0.365930104000142, 8.53567683200009], [0.366214562000039, 8.53587149500015], [0.366499021000038, 8.53606615700011], [0.36649957000003, 8.53622048200015], [0.366714307000109, 8.53666065900006], [0.366695262, 8.53675442500003], [0.366907505000086, 8.53727177299999], [0.367025485000113, 8.53775087300005], [0.367159321000145, 8.53801771700006], [0.367198618000089, 8.5381691500001], [0.367265405000069, 8.53999324200004], [0.367272216000174, 8.54017927200016], [0.367364228000156, 8.54036221000018], [0.367714436000142, 8.54074954700019], [0.367875655000091, 8.54093086300009], [0.368328760000168, 8.54222450600008], [0.368330527000069, 8.54272054900002], [0.368369835000124, 8.54287473700015], [0.368371201000059, 8.54325779300007], [0.36841077400004, 8.54348638800002], [0.368454169000188, 8.54478698700007], [0.36851002100002, 8.54492182600012], [0.368530559000078, 8.54524694200006], [0.368745236000166, 8.54566782500012], [0.369418933000077, 8.54593276000014], [0.369727190000049, 8.54619898600015], [0.369766971000104, 8.54648545200001], [0.369757689000039, 8.5465998520001], [0.369748408000078, 8.54671425200013], [0.369652061000181, 8.54686891900002], [0.369574750000083, 8.54692706500003], [0.369346607000125, 8.54738809500003], [0.369327768000062, 8.54753973200002], [0.369309755000074, 8.547922857], [0.369358848000161, 8.54810319000012], [0.369951173000061, 8.54961404600004], [0.370105884000168, 8.54990975100009], [0.370222644000023, 8.55004437300005], [0.370317660000069, 8.55029206100011], [0.37074275000009, 8.55071219900009], [0.371070017000079, 8.55087363300009], [0.371685142000047, 8.55101475800012], [0.372750120000092, 8.55153183500005], [0.372997981000083, 8.55155300299998], [0.373245843000177, 8.55157417000009], [0.373799530000042, 8.55156669399997], [0.374447019000058, 8.55146794200016], [0.374647634000041, 8.55143829400004], [0.376857511000026, 8.5517009240001], [0.377090545000101, 8.55172861800008], [0.380851989000121, 8.55156194200015], [0.38193641600003, 8.55236172200006], [0.382277123000108, 8.55241011100003], [0.382553758000142, 8.5523484950001], [0.383096168000066, 8.55228593000015], [0.383475238000187, 8.55222394700007], [0.384109010000032, 8.55216105400012], [0.384385643000087, 8.55209943700009], [0.385747515000162, 8.55202842500006], [0.38601353200005, 8.55209361200008], [0.386152166000159, 8.55215098700012], [0.386257619000105, 8.5522195050001], [0.386349179000035, 8.55227429299998], [0.386428329000182, 8.5523422170001], [0.386593755000035, 8.55253521999998], [0.386677309, 8.55267271100013], [0.386772067000038, 8.55284598800012], [0.386830783000107, 8.55300561500013], [0.38688966899997, 8.55321208900017], [0.386962229000119, 8.55337166600009], [0.387054169000123, 8.55353117400017], [0.387148877000129, 8.55369067100014], [0.387243546000036, 8.55383914600009], [0.387313088000099, 8.5539298380001], [0.387524323000093, 8.55415781300007], [0.387652164000087, 8.55429238900018], [0.387721715999987, 8.55438583800003], [0.387885678000089, 8.55455611000008], [0.387977409000086, 8.55465774600015], [0.388119053000082, 8.55478124900014], [0.388257858000145, 8.55488547200014], [0.388360494000096, 8.55494022000005], [0.388453385000048, 8.55497984600015], [0.388546275000124, 8.55501947200003], [0.388720982000109, 8.5550987630001], [0.389460491000079, 8.55518153900005], [0.389715435000028, 8.55524676300007], [0.389992499000016, 8.55530364000009], [0.390200338999989, 8.55535800999996], [0.390294679000021, 8.55541554300004], [0.390513713000189, 8.55550294200009], [0.390699495000092, 8.55558219200003], [0.390874283000187, 8.55568352900002], [0.391071259000114, 8.55579580900007], [0.391221090000158, 8.55588621200013], [0.39143207900014, 8.55604528900011], [0.391570876000173, 8.55614675600003], [0.391745623000133, 8.55623706800003], [0.391895375000104, 8.55630542500012], [0.392023018000089, 8.55638488400001], [0.392208751000112, 8.55645035500004], [0.392383499000175, 8.55654066800014], [0.392566553000051, 8.55663095100005], [0.394863, 8.5578058910001], [0.395025654, 8.55788910900003], [0.395176484000046, 8.55796627900003], [0.395354440000062, 8.55805732600004], [0.395583479000095, 8.55817450700005], [0.395760300000063, 8.55826497400017], [0.396066415000064, 8.55842159000014], [0.396241051000118, 8.5585109380001], [0.396694352000054, 8.55874285699997], [0.397818010000151, 8.55931774100014], [0.398310993000166, 8.55956995900004], [0.398741487000052, 8.559943191], [0.39889409500006, 8.56003495800007], [0.399307782000108, 8.560354512], [0.399709787000063, 8.56050738200008], [0.3998648970001, 8.56052611100012], [0.40002817200002, 8.56050623000016], [0.400191446000065, 8.5604863480001], [0.40034620300014, 8.56040862500015], [0.400727912000036, 8.56031079100006], [0.401229021000177, 8.56030897500005], [0.401447899000175, 8.56035227500013], [0.402215838000018, 8.56063609400007], [0.402924817000155, 8.56145199300016], [0.403197593000186, 8.56187975300003], [0.403316937999989, 8.56268516400013], [0.40447851600004, 8.56272503900016], [0.406185296000046, 8.56421522900018], [0.40871064900017, 8.56803537600013], [0.408825791000083, 8.56818134600013], [0.408923699000184, 8.56830546899999], [0.409000922000132, 8.56840336800002], [0.409093436000148, 8.56852065100009], [0.409170799000037, 8.56861872700017], [0.409275153000124, 8.56875102000004], [0.409333679000042, 8.56885552600016], [0.409439515999964, 8.56902599900013], [0.409545311000102, 8.56918544899997], [0.409651066000094, 8.56933387500004], [0.409743060000039, 8.56950439799999], [0.409826413000133, 8.56958401100013], [0.409884889000125, 8.56967473900016], [0.409954571000071, 8.56980125100017], [0.410038096000108, 8.56992771200004], [0.410143801000061, 8.57006235900008], [0.410224427000173, 8.57015300600006], [0.410305061000088, 8.57024640900005], [0.410388618000184, 8.57038113600009], [0.410516655000038, 8.57056530600005], [0.410622319000083, 8.57068893000013], [0.410739109000133, 8.57082629400014], [0.410819735000075, 8.57091693900009], [0.410891973000162, 8.57098557100011], [0.410972639000079, 8.57108724000005], [0.411078355000143, 8.57122464200006], [0.411195267000039, 8.57139507400012], [0.411287008000102, 8.57149670300009], [0.411403798000151, 8.57163406500007], [0.411476076999975, 8.57171371900012], [0.411592909000092, 8.57186210300011], [0.411651345000109, 8.57194180800008], [0.411768217000031, 8.57210121600014], [0.411874095999963, 8.57228271000002], [0.411954895000179, 8.57242020400003], [0.412013463000051, 8.57253573200018], [0.412086251000062, 8.57275317300014], [0.412156057000118, 8.57291275300003], [0.412228804, 8.57311917000015], [0.412302690999979, 8.57363423100003], [0.412456696000049, 8.5741021500001], [0.412551471000143, 8.57427541800007], [0.412623873000086, 8.57438814000017], [0.412693384000079, 8.57446780300006], [0.412785045000135, 8.57454738500007], [0.412868399999979, 8.57462699800004], [0.413156501000117, 8.57467003600004], [0.413444603000187, 8.57471307400004], [0.413618774000099, 8.57464354200016], [0.413789952000059, 8.57451339400001], [0.413925187000132, 8.57439715600003], [0.414063151000164, 8.57426988500004], [0.414190121000047, 8.57416470100003], [0.414328297999987, 8.57409530000007], [0.41453615100005, 8.57414965400011], [0.414685871000188, 8.57420697700019], [0.414824721000116, 8.57431945500008], [0.414930439000159, 8.57445685600015], [0.415014089000181, 8.57461638500013], [0.41507767100012, 8.57533816500018], [0.415139173000057, 8.57549777500003], [0.415267254000071, 8.57569296600013], [0.415348015000063, 8.57581943500003], [0.415420417000064, 8.57593215700007], [0.415537252000036, 8.57608054000002], [0.415653872000064, 8.57617105300017], [0.41573441800017, 8.57623965200003], [0.41587305500002, 8.57629425900001], [0.416427031000183, 8.57635836500003], [0.416645489000132, 8.57628591300005], [0.416841809000061, 8.57621629900018], [0.417384240000104, 8.57615368100011], [0.417569985000057, 8.57621913800011], [0.417741978000038, 8.57630944600015], [0.417894509000121, 8.57637778000009], [0.418033321000053, 8.57647923400015], [0.418113989000176, 8.57658090200005], [0.418176688000074, 8.5770629320001], [0.418110752000132, 8.57720096200018], [0.418019896000089, 8.57733908400007], [0.41788185200005, 8.57744431099997], [0.417721657000186, 8.57754961899997], [0.417583694000086, 8.57767689100001], [0.417514825000126, 8.57777084000008], [0.417448806000095, 8.57788682500018], [0.417379968000091, 8.57798904100008], [0.417322510000133, 8.57817388900014], [0.417384146000074, 8.57836932300012], [0.417442625000035, 8.57846004900017], [0.417523254000059, 8.57855069200014], [0.417581651000148, 8.57861937300004], [0.417651124000145, 8.5786880120001], [0.417728167, 8.57930502200003], [0.417785313000138, 8.57940953100007], [0.417881384000168, 8.57955799000018], [0.417961972000114, 8.57963761100007], [0.4180092900001, 8.57970495400008], [0.418056608000086, 8.57977229700003], [0.418126121000114, 8.57985195900005], [0.418206669000028, 8.57992055700004], [0.418312215000014, 8.58001111000016], [0.418428755999969, 8.58007957500007], [0.418589544000156, 8.58013409900013], [0.418742118000182, 8.58021345600002], [0.418869733000179, 8.58028188100008], [0.41912473800005, 8.58035810500019], [0.419310495000047, 8.58042631600006], [0.41947128400011, 8.58048084000012], [0.419726217000118, 8.58053777300012], [0.419945189000146, 8.58060310600013], [0.420119821000185, 8.5806575790001], [0.420280618999982, 8.58071485800014], [0.420477442000049, 8.58078027200003], [0.420616132000134, 8.580848656], [0.420699407000029, 8.58090622000014], [0.420768773000077, 8.58094592300017], [0.420838139000125, 8.58098562700008], [0.420918717000063, 8.58106249100001], [0.421002075, 8.58114210100007], [0.42110775600014, 8.58126847800008], [0.421224635000158, 8.58142788200013], [0.421276153000122, 8.58150760900008], [0.421327671000142, 8.58158733700009], [0.42138892000014, 8.58167805200009], [0.421447452000166, 8.58178255500007], [0.421517049000158, 8.58188426300018], [0.42157557000013, 8.58198601000015], [0.421681426000021, 8.58215923300003], [0.421739907000131, 8.58224995800015], [0.421798470000113, 8.58236272800008], [0.42190411100006, 8.58247808200002], [0.421962500000177, 8.58254400400011], [0.422015320000071, 8.58260168100003], [0.422068141000125, 8.58265935800006], [0.422229227000116, 8.58279379600003], [0.422345810000081, 8.58287328300008], [0.422484542000177, 8.58295268900008], [0.422612117000028, 8.58301009000013], [0.422855968000022, 8.58306430600004], [0.424199271000077, 8.58267227200008], [0.424362802000189, 8.58262454600003], [0.424516124000093, 8.58257979899997], [0.424711021000121, 8.5825229190001], [0.424866682000129, 8.58247749000014], [0.425028862000033, 8.58243015800014], [0.425249681000082, 8.58236571300006], [0.425466810000046, 8.58230234400003], [0.425871285000028, 8.58236698700011], [0.426057085000139, 8.5824462170001], [0.426253950000159, 8.58252265100003], [0.426392816000089, 8.58263788000011], [0.426833275000035, 8.58269963300012], [0.42716807100004, 8.58264052400011], [0.427408719000027, 8.58257900700011], [0.42766318200006, 8.58250917200007], [0.427973480000162, 8.58256313800013], [0.428148206, 8.58264240800008], [0.428275771000187, 8.58269705100008], [0.428378428999963, 8.58275454200015], [0.428494920000105, 8.58280922600005], [0.428796954000063, 8.58287424500003], [0.42901589700017, 8.58293130600003], [0.429143463000059, 8.5829859480001], [0.429293272000109, 8.58306531000011], [0.429380676000051, 8.58311596800002], [0.430635966000182, 8.58395250700005], [0.431891258000121, 8.58478904600008], [0.434616068000139, 8.58562631400008], [0.434783003000177, 8.5858420190001], [0.435188610000068, 8.58620702500008], [0.435374662000186, 8.58635238700003], [0.435502416000134, 8.58645663000004], [0.435585818999982, 8.58654725900016], [0.435713521000082, 8.58663772400007], [0.435874489000071, 8.58673908700007], [0.435957892000147, 8.58682971600018], [0.436096670000097, 8.58692014000019], [0.436340782, 8.58704323899997], [0.436468485000034, 8.58713370300018], [0.436584988000163, 8.58719114000007], [0.436756939000077, 8.58726765900008], [0.437081096000156, 8.58732432200009], [0.437525587000096, 8.58735297900006], [0.437970080000184, 8.587381634], [0.438443301000177, 8.58731924300008], [0.438650736, 8.58726059800011], [0.438902470000073, 8.58720178800007], [0.43913481300018, 8.58714029500004], [0.439284105000127, 8.58708186700017], [0.439397404000147, 8.58702357300012], [0.439466404000029, 8.58696544500015], [0.439568586000121, 8.58689616900006], [0.439695676000156, 8.58682404600006], [0.439876637000111, 8.58672002900005], [0.439960900000074, 8.58667148900014], [0.440110191999963, 8.58661306100009], [0.44025948400008, 8.58655463300005], [0.440685552000161, 8.58647036900004], [0.440926637000132, 8.58652458300008], [0.441261899000153, 8.586589468], [0.441366767000147, 8.58649813699998], [0.441515964000132, 8.58641490600013], [0.441709555000045, 8.58635631200008], [0.44236822400012, 8.58627944400013], [0.442472154000029, 8.58630661300015], [0.442576084000109, 8.58633378100006], [0.44276188900011, 8.58641300300008], [0.443014183000173, 8.58650299800013], [0.444182885999965, 8.58658129500014], [0.444445693000148, 8.58652244000012], [0.444999306000057, 8.58648729600009], [0.445552921000115, 8.5864521530001], [0.44585491700002, 8.58650613500015], [0.445993571000145, 8.58656348600016], [0.446132214000158, 8.58661808100015], [0.446248718000049, 8.58667551400004], [0.446387414000128, 8.58674388800017], [0.446537214999978, 8.58682048600014], [0.446941696000181, 8.58688510600012], [0.447105267000097, 8.58694236300016], [0.447290979, 8.58699678100004], [0.44745178300002, 8.58705404800008], [0.447706796000034, 8.58713025100008], [0.447892559000081, 8.58719844600012], [0.448009053000078, 8.58725312400003], [0.448158782000121, 8.58731043200015], [0.448251701000117, 8.58735417500014], [0.448344619000181, 8.58739791800014], [0.448436206000167, 8.58745544400006], [0.448599945000126, 8.587556791], [0.448680499000034, 8.58762538200011], [0.448738861000095, 8.58768303300019], [0.4488444590001, 8.58778459900003], [0.448950191000165, 8.58792198800012], [0.449030997000079, 8.5880567160001], [0.449103683000089, 8.58824107699996], [0.44916638300009, 8.58871207100003], [0.44910872100013, 8.58883905199997], [0.449042658999986, 8.58894126200011], [0.448984913, 8.58904619700013], [0.448916134000115, 8.58916219600007], [0.448861063000095, 8.58924232000015], [0.448803401000077, 8.58936930000016], [0.448734623000121, 8.58948530000015], [0.448680419000027, 8.58979414600014], [0.448742032000098, 8.58997854900002], [0.44881181400018, 8.59012709600017], [0.448855782000066, 8.59022200300012], [0.448940002000143, 8.59034431700007], [0.449023366000119, 8.59042392000003], [0.449092794000137, 8.59047877400013], [0.449173306000091, 8.59053634200006], [0.449359239000103, 8.59064862700006], [0.44945363700009, 8.5907171660001], [0.449545392000118, 8.59081878300009], [0.449975841000139, 8.59115887500019], [0.450475729000118, 8.59155657500003], [0.451011779000055, 8.59199823000006], [0.451243733000069, 8.59219852500001], [0.451480092000168, 8.59242784300017], [0.451901069999963, 8.59283627800011], [0.452344088000075, 8.5932660950001], [0.455413103000069, 8.59681517799999], [0.457617823000021, 8.59882540700016], [0.460273516000143, 8.59929346300015], [0.460805457000163, 8.599379629], [0.461257189000094, 8.59948814300009], [0.46168677999998, 8.5995994970001], [0.462287899000103, 8.59967437400013], [0.463071746000026, 8.5997458010001], [0.463800260000085, 8.59982845900004], [0.46453985900007, 8.59991382900017], [0.465140926000174, 8.59997492400015], [0.465636620000112, 8.59999508300012], [0.465838554000129, 8.59994608900018], [0.466029944000184, 8.59997257400011], [0.46612185500004, 8.5999852920001], [0.468290253000077, 8.60028534600008], [0.469173489000127, 8.60028197600013], [0.469712888000061, 8.60014764300013], [0.47001970000008, 8.60001144200015], [0.470439743999975, 8.59980040400012], [0.470843718000026, 8.59972996900007], [0.471701535000022, 8.59969435800002], [0.476561019000144, 8.59528070600004], [0.479576597000062, 8.59395570100014], [0.480137756000033, 8.59381369400018], [0.480426536000152, 8.59402752900019], [0.480653153000162, 8.59463291100019], [0.480351908000159, 8.59548833500008], [0.479577239000093, 8.59599560400005], [0.47913481400002, 8.59650159600017], [0.479157306000104, 8.59658969300011], [0.479312951999987, 8.59674341400012], [0.479398890000027, 8.59677064000005], [0.480441182000106, 8.59691062100018], [0.480873726000027, 8.59796094500007], [0.482048640000073, 8.59860745800017], [0.482335376000151, 8.59851713900008], [0.481960709000134, 8.59793351200017], [0.48196799800013, 8.59749343400017], [0.48276613500002, 8.59759266700013], [0.483313198000076, 8.59711795900012], [0.483966112000076, 8.59716366900017], [0.484372511000061, 8.59771875200016], [0.484602679999966, 8.59781155900009], [0.485045676000027, 8.59780985000009], [0.485507264000034, 8.59769405300017], [0.485951095000075, 8.59741797800012], [0.486941295000122, 8.5972014510001], [0.488221638000084, 8.59821232100006], [0.491778099000101, 8.59749999500008], [0.492250567000099, 8.59653918600009], [0.494050342000094, 8.59514730800004], [0.49576361600009, 8.59358800700005], [0.49586659900018, 8.59160627300008], [0.496304211000165, 8.58811313000012], [0.49727107700005, 8.58685278700005], [0.497369970000136, 8.58665399400019], [0.497388227000158, 8.586367333], [0.497445547999973, 8.58615767900005], [0.497645467000098, 8.58489204600005], [0.497720234000155, 8.58418905800016], [0.497783599000172, 8.58410889800012], [0.497876382000129, 8.58376407800017], [0.498049454000068, 8.58341894500012], [0.500672929000132, 8.58135026000014], [0.50146212900006, 8.57821398700008], [0.500814674000026, 8.57619935200006], [0.499630154000101, 8.57419231100005], [0.501120281, 8.57329506000013], [0.501529435000123, 8.57490691700002], [0.501679520000039, 8.57505514000007], [0.501789012000188, 8.57508916000006], [0.501898505000099, 8.57512318000005], [0.502211350000152, 8.57512196300002], [0.502476762000072, 8.57502723700003], [0.502695022000182, 8.57491065000005], [0.50290220800008, 8.57479410399998], [0.503167760000053, 8.57473520200011], [0.503422650000175, 8.57478105600018], [0.50369977400004, 8.57484886800006], [0.504009937000035, 8.57486970500014], [0.504333627000165, 8.57481057600012], [0.504726207000147, 8.57466850700018], [0.505312366000055, 8.57447056900014], [0.505796089000171, 8.57427303100013], [0.506315574000098, 8.57401748300015], [0.506774325000094, 8.57380626300005], [0.507282604000181, 8.57351768899997], [0.507754881000096, 8.57322650100002], [0.507955121000123, 8.5731044690001], [0.509752011000103, 8.57172512800008], [0.511471996000068, 8.56945324600002], [0.511620244000085, 8.56913576500017], [0.511721274000081, 8.56877988900004], [0.511764383000184, 8.56847935300004], [0.511868224000125, 8.5681344890001], [0.51204971500016, 8.56782238800008], [0.512278409999965, 8.56754592800013], [0.512590158000023, 8.56726914100005], [0.512863278000054, 8.56702557400007], [0.51313912300003, 8.56677097300008], [0.513573861000168, 8.56609137900017], [0.513778903000059, 8.56543472800007], [0.514043673000117, 8.56518017000013], [0.514232968000044, 8.56509262500009], [0.514422264000075, 8.56500508000005], [0.514790097000059, 8.56490994600017], [0.515299263000088, 8.56485008200002], [0.515634388000024, 8.56488459200006], [0.515876692000177, 8.56490017600009], [0.516118997000035, 8.56491575900003], [0.516523725000127, 8.56504919800017], [0.516975124000112, 8.56508325100003], [0.517470710000055, 8.56508957200015], [0.517772427000068, 8.56507736500009], [0.518162865000079, 8.56509787700003], [0.518498251000096, 8.56519851899998], [0.518684109, 8.56529148100003], [0.518917522000038, 8.56550826100005], [0.518987253000034, 8.56563888000011], [0.519056984000031, 8.56576950000004], [0.519185151999977, 8.56597567000006], [0.51936016600007, 8.56612654300005], [0.519567975000143, 8.56616981700006], [0.519786540000041, 8.56613313400015], [0.519993944000134, 8.56607444900015], [0.520270516000096, 8.56600447100004], [0.520466945000067, 8.56597062900011], [0.52065251900018, 8.56599194500006], [0.520860470000059, 8.56607104000017], [0.521115212000154, 8.5660810600001], [0.521392055999968, 8.56607997100008], [0.521668847000058, 8.56606510300008], [0.52204776300016, 8.56597267400002], [0.522429567000131, 8.565910546], [0.522706183000082, 8.5658515880001], [0.523081647000083, 8.56593553400012], [0.523269379000169, 8.56597750600002], [0.523457111000027, 8.56601947900003], [0.523850647000131, 8.56612264200015], [0.524302354000099, 8.56623384200014], [0.524546613000155, 8.56639270700003], [0.524915552000039, 8.56657587900008], [0.52536767700002, 8.56679179100018], [0.525853342000175, 8.56708748400007], [0.526190824000025, 8.56736584900005], [0.526528306000046, 8.56764421299999], [0.526981037000098, 8.56801168100003], [0.527154637000081, 8.56815428800002], [0.527652119000038, 8.56932898200006], [0.527795564000087, 8.56954611000009], [0.528103909000151, 8.56980667700009], [0.528447661000143, 8.56992105400019], [0.528608420000012, 8.56996726400013], [0.528907502000095, 8.56998812500018], [0.529292517000044, 8.57003620300003], [0.52964965000001, 8.57003478900009], [0.531100609000077, 8.56940764500007], [0.534478915000022, 8.56682736700009], [0.534306730000083, 8.56358329], [0.535793717000104, 8.561247498], [0.536011912000106, 8.56111987100002], [0.53624145800012, 8.56106109100011], [0.536506892000034, 8.56097736800007], [0.536738839000122, 8.56082764200011], [0.536920581000061, 8.56058442400007], [0.537022050000189, 8.56034428099997], [0.537148556000034, 8.56013434900001], [0.53734423800006, 8.55991587700004], [0.537540240000112, 8.55977731600007], [0.537729598000112, 8.55970767300005], [0.537918955000066, 8.55963802900015], [0.538151079000102, 8.55953239200005], [0.538460630000031, 8.5594044020001], [0.538759106000043, 8.55927645500009], [0.539173433000144, 8.55904333400008], [0.539496126000074, 8.55874168600019], [0.539644511, 8.55846553300012], [0.539883876000033, 8.55809532500007], [0.540159373000165, 8.55776079800017], [0.540331704000153, 8.55758788499998], [0.540504035000083, 8.55741497200017], [0.540779575000158, 8.55709146500016], [0.541168939000045, 8.55684741900001], [0.541619073000163, 8.55657006400008], [0.54198596700013, 8.55624619299999], [0.542352994000055, 8.55595538900013], [0.542549037000185, 8.55582784900002], [0.542745080000145, 8.55570030800004], [0.54319262000007, 8.55546705100005], [0.543574141000079, 8.55533877000016], [0.544058235000023, 8.55524590400012], [0.544531433000088, 8.55519717000016], [0.545400236000091, 8.55508072100002], [0.545754373000022, 8.55502694900002], [0.545994574000076, 8.55486616300004], [0.546328476000156, 8.55460028900006], [0.546728162000022, 8.55417157100015], [0.547061829000029, 8.55384782900018], [0.547417876000054, 8.55358186699999], [0.547741069000097, 8.55340697000003], [0.548178087000167, 8.55331153100019], [0.548836803000142, 8.55327307300001], [0.549321304000159, 8.55328215599997], [0.549783892000107, 8.55334919500012], [0.550280067000188, 8.55350703400012], [0.550778867000076, 8.55362903800011], [0.551507493000145, 8.55376389900016], [0.551766420000149, 8.5537849050001], [0.552025348000086, 8.55380591199997], [0.552800243000149, 8.5537449360001], [0.553831699000057, 8.55346247900007], [0.554331826000123, 8.55322900000004], [0.554779031000123, 8.55291581900013], [0.555090173999986, 8.55250122800004], [0.555271295000182, 8.55210920300004], [0.555327798000121, 8.55170665700012], [0.555370181000171, 8.55123527699999], [0.555397165000102, 8.55106294300015], [0.555424150000135, 8.55089060900008], [0.555619201000184, 8.55052057300003], [0.556356424000171, 8.55004640100003], [0.556644270000163, 8.55003146600012], [0.55682287000019, 8.55004177000012], [0.557001468000067, 8.55005207500017], [0.557362140000066, 8.55024627200015], [0.557524667000109, 8.55038891000004], [0.557687193000049, 8.55053154800015], [0.557953744000145, 8.55072612400005], [0.55826401700017, 8.55077998700017], [0.558784030000083, 8.55067318100004], [0.559107270000027, 8.55051205400014], [0.559645821000117, 8.55019850100001], [0.559881943000107, 8.55005839200004], [0.560118065999973, 8.54991828200002], [0.560440599000117, 8.54958355400004], [0.560829379000154, 8.54920171400005], [0.561138114000187, 8.54887806400012], [0.561402378000025, 8.54851050300016], [0.561572788000092, 8.54820945500012], [0.561681360000023, 8.54801888100013], [0.561789933000057, 8.5478283060001], [0.56198498800012, 8.54746102500019], [0.562260222000134, 8.54706861900007], [0.562602072000175, 8.54672003400009], [0.562768991000041, 8.54658158000018], [0.562935908999975, 8.54644312699997], [0.563281054000072, 8.54622404200006], [0.563592924000091, 8.54599131200018], [0.563901418000057, 8.54560979300015], [0.564129914000091, 8.54529748800013], [0.564369538000051, 8.54499891600011], [0.564467154000113, 8.54483731900018], [0.564564770000061, 8.54467572200002], [0.564690705000089, 8.54433076300018], [0.564780551000013, 8.54396115000009], [0.56485268300014, 8.54264092700015], [0.564872717000185, 8.54212279199999], [0.56491480700015, 8.54158252499997], [0.565014986000165, 8.54103100000009], [0.565115208000122, 8.54049049900004], [0.565158186000133, 8.54016791900017], [0.565181595000183, 8.53979857400009], [0.565246111000022, 8.53932710700008], [0.565291532000117, 8.53892460500015], [0.565342042000054, 8.538752176], [0.565392551000059, 8.53857974700003], [0.565701085000171, 8.53820925100013], [0.566056923000133, 8.53789918700005], [0.566652121000175, 8.53722717200014], [0.566709596000067, 8.53706573700003], [0.566767071000072, 8.53690430200004], [0.566914912000129, 8.53650138700004], [0.568762244000084, 8.53469451400002], [0.569741925000187, 8.53462992700008], [0.570349963000069, 8.53405430300006], [0.571047173000181, 8.53303087600005], [0.571105204000105, 8.53292145100011], [0.571115668000118, 8.53277260600015], [0.570961776000161, 8.53237091300002], [0.571314373000121, 8.53127000300009], [0.571046527000135, 8.53075579200009], [0.570823478000079, 8.53036540000011], [0.570764075000056, 8.53005425800012], [0.570769026, 8.52991094800018], [0.570773977000158, 8.52976763700013], [0.570827516000065, 8.529321014], [0.570905631000016, 8.52879162400012], [0.571063502000015, 8.52813515300005], [0.571185907000142, 8.52760558300014], [0.571248256000047, 8.52728292600017], [0.571310606000054, 8.52696026900003], [0.571537870000043, 8.52635036400011], [0.571730039000045, 8.52595829100005], [0.5720422710001, 8.52581924700013], [0.572261232000187, 8.52588725100003], [0.57245856500009, 8.52608209800007], [0.572540759000162, 8.52621265700014], [0.572622953000177, 8.52634321400001], [0.572751885, 8.52673398600001], [0.572903143000133, 8.52716875600009], [0.573020812000152, 8.52751272800015], [0.573290828000097, 8.52788088299997], [0.573670521000167, 8.52799232400002], [0.574005879000026, 8.52809292100011], [0.574366342000133, 8.52824026100006], [0.574840445000177, 8.52842296200015], [0.575292064000166, 8.52852308600006], [0.575798672000133, 8.52853205200012], [0.576382269000021, 8.52841394800009], [0.57732298500008, 8.52830265700004], [0.577841558000046, 8.52852926300017], [0.578329638000127, 8.52874497000016], [0.578745849000029, 8.52898576900009], [0.579092282000147, 8.52908631600013], [0.579507441000146, 8.52907084900005], [0.57972173100012, 8.52901210900012], [0.57993602199997, 8.52895337000018], [0.580336740000121, 8.52879191500006], [0.581133660000148, 8.52871702300007], [0.581490881000093, 8.5287486360001], [0.582011704000138, 8.52884846900008], [0.582394075000082, 8.52893784500003], [0.582867330000056, 8.52891387000011], [0.58321324100018, 8.52888765900013], [0.583674663000124, 8.52867910800001], [0.584042389000047, 8.52857289600013], [0.584308126000053, 8.52857181100012], [0.584549880000168, 8.52846060100018], [0.584791635000045, 8.52834939100001], [0.585125723000147, 8.52814135800014], [0.585465785, 8.52736840800014], [0.585533045999966, 8.52689693000002], [0.585484330000043, 8.52649481400016], [0.585319174000063, 8.526049086], [0.585201257000165, 8.52564725399998], [0.58515322900007, 8.52541184700016], [0.585105202000136, 8.52517644200015], [0.585023463000027, 8.52482130600004], [0.586981701000013, 8.52410099200011], [0.587375969000163, 8.52262945300015], [0.588291619000074, 8.52072557000008], [0.588897811000152, 8.51988264199997], [0.589062988000023, 8.51966289800009], [0.589338039000154, 8.51923741499996], [0.589588451000054, 8.51887816599998], [0.589899712000147, 8.5185076460001], [0.590185686000041, 8.51804629500003], [0.590482924000071, 8.51763174400008], [0.590685902000189, 8.51718175400015], [0.590881008000167, 8.51683651000019], [0.591007766000189, 8.51669821200011], [0.591138962, 8.51662878600007], [0.59127015700011, 8.5165593590001], [0.591582600000152, 8.51647541300008], [0.591784641000061, 8.51646907400016], [0.59198668199997, 8.51646273600016], [0.592321417000051, 8.51641452000007], [0.592747723000173, 8.51642104000007], [0.593024762000084, 8.5164777710001], [0.593349187, 8.51661422000006], [0.593731639000055, 8.51672563000005], [0.594111333, 8.516839807], [0.594493876000115, 8.51697326000016], [0.594945539000094, 8.51708714100005], [0.59528065100011, 8.51712985400013], [0.595637814000099, 8.51715043300015], [0.59603110900008, 8.51720668400009], [0.596278937000136, 8.51722771100015], [0.596526764000146, 8.51724873800003], [0.596978234000176, 8.51731577200007], [0.597473888000138, 8.51735782400016], [0.597820117000083, 8.51741151100009], [0.598155524000049, 8.51752586600003], [0.598526859000117, 8.51762629399997], [0.598862165000185, 8.51771584800014], [0.599058762000027, 8.51773157200017], [0.601831028000049, 8.51808113200013], [0.604311707000079, 8.51687499000019], [0.605013766000127, 8.51592418000018], [0.605310325000062, 8.51506046800012], [0.607350841000141, 8.5148453700001], [0.608893122000154, 8.51430165700015], [0.610341632000086, 8.51334413600006], [0.611757052000144, 8.51274944600004], [0.612033604000089, 8.51269043300005], [0.612393437000094, 8.51268894100014], [0.612808525000162, 8.51266241900004], [0.613004973999978, 8.51264369300009], [0.613201423000021, 8.51262496699997], [0.613616038000089, 8.51248547000006], [0.613747319000026, 8.51243808100014], [0.614975627000092, 8.51227591500003], [0.617063716000075, 8.51318069800004], [0.618546615000128, 8.51300368500006], [0.618741367000098, 8.51291056300016], [0.619064590000107, 8.51276041900019], [0.619293888000072, 8.51265475400004], [0.619719757000041, 8.51255929100006], [0.620159279000177, 8.51241968300002], [0.620585100000142, 8.51231319900012], [0.620988824000165, 8.51221782800013], [0.621243184000036, 8.51214788000004], [0.62136745100014, 8.51207847300003], [0.621447338000053, 8.51198720700012], [0.62154081000017, 8.51183526300002], [0.621711888000107, 8.51170779500012], [0.621919100000184, 8.51161599900018], [0.622162097000114, 8.51147720900002], [0.622369204000108, 8.51136061299997], [0.622620737000091, 8.51127689700019], [0.62296668, 8.51126443100003], [0.62329037600017, 8.51122725900012], [0.624918852000064, 8.51045855400002], [0.627799666000044, 8.50867057200009], [0.629405052000152, 8.5080107930001], [0.629479610000146, 8.50796914800014], [0.629606165000041, 8.50778675300006], [0.629674582000064, 8.50760184700005], [0.629685216000098, 8.50749847000009], [0.629695851000179, 8.50739509400006], [0.629625629000031, 8.50715290200009], [0.629413524000142, 8.5067404620001], [0.629182485000115, 8.50643281100014], [0.628948669000181, 8.5061224160001], [0.628784794000183, 8.50598808199999], [0.628565690000187, 8.50588428900005], [0.628408871999966, 8.505782302], [0.628321395000114, 8.505714469], [0.628218403000119, 8.50557712300002], [0.628145182000026, 8.50527983300009], [0.62806384300012, 8.50502666500012], [0.62792442600005, 8.5047847620001], [0.627818433000073, 8.50459231900004], [0.627668143000051, 8.50439730500011], [0.627470845000119, 8.50421351000006], [0.627237578000063, 8.50403262100014], [0.626996100000156, 8.50387381000002], [0.62669319500003, 8.50358850100014], [0.626599984000052, 8.50347315900018], [0.626111107000042, 8.5027356870001], [0.627245149999965, 8.49992134600001], [0.628755991000048, 8.49768994400017], [0.629850526999974, 8.49650600100017], [0.631463016999987, 8.49655711800006], [0.636479245000089, 8.49676616200009], [0.636628822000148, 8.496793088], [0.636781425000038, 8.49688062400014], [0.63709452500018, 8.49695921800009], [0.637352375000034, 8.49706284300004], [0.637690501000122, 8.4971688870001], [0.638100580000014, 8.497271872], [0.638350290000119, 8.49741410800004], [0.6386940000001, 8.49753115000016], [0.639284536000105, 8.49776288300006], [0.639489692000041, 8.497841929], [0.639658564000172, 8.49784948500013], [0.639871497000115, 8.49780450000003], [0.640020806000109, 8.49776804900011], [0.640261312000121, 8.49769814900003], [0.640501396000104, 8.49752905200017], [0.640838458000076, 8.4973843460001], [0.641183425000122, 8.49714591900016], [0.641566894000164, 8.49684946400004], [0.641942342000107, 8.49661917500009], [0.642257002000065, 8.49641394000008], [0.642519203000177, 8.49623923800004], [0.642869868000105, 8.49603936300008], [0.643082307000043, 8.49587864800003], [0.643236845000047, 8.49577053100006], [0.643471028000135, 8.49551603700013], [0.64370798900012, 8.49526428700011], [0.643859443, 8.49508178399998], [0.644066205000058, 8.49488802600013], [0.64429761800011, 8.49463354300013], [0.644471237000175, 8.49445645800012], [0.644691955000155, 8.49429019700011], [0.644876714000077, 8.49412959800009], [0.64509483900008, 8.49400467900011], [0.645315474000142, 8.49381912900009], [0.645521895000059, 8.49354546300015], [0.645719858, 8.49323601000003], [0.645892911000033, 8.49292666300011], [0.645996807000131, 8.4926258750001], [0.64614274600001, 8.49244890600011], [0.646204679999983, 8.49236873500013], [0.646266614000126, 8.49228856399998], [0.646470453000063, 8.49205899700007], [0.646568694000109, 8.49173067700008], [0.646708604000139, 8.49143800200011], [0.646823076000032, 8.49102143800013], [0.646918701000175, 8.49072895100016], [0.64707028100014, 8.49057675800009], [0.647086253, 8.49042789400005], [0.647129967000069, 8.49029406700009], [0.64717368100014, 8.49016024000008], [0.647261415000116, 8.48996422900012], [0.647351845000173, 8.48975167400005], [0.647395001000177, 8.48948696399998], [0.647389048000093, 8.48938916900016], [0.645860944000162, 8.48672140700006], [0.645599207000089, 8.48180118300007], [0.644852376000188, 8.47735143600005], [0.645012687000076, 8.47534750900007], [0.64526276100014, 8.47492761800009], [0.645414407000089, 8.47479196000006], [0.64562646000013, 8.47454307100014], [0.645797642000048, 8.47444590700007], [0.645971031000101, 8.47421646900011], [0.646545313000047, 8.47388889900003], [0.646622478000097, 8.47381141900019], [0.647158259000093, 8.47354187700006], [0.647354103000168, 8.47338674200012], [0.647489716000109, 8.47338617100019], [0.647581048000177, 8.47338578500012], [0.64785821300012, 8.47315453200008], [0.648135379000166, 8.47292327700006], [0.648328138000181, 8.47269375700006], [0.648537667000028, 8.47250274400017], [0.648595458000102, 8.47242534599997], [0.648636644000135, 8.47234801800016], [0.648716400000183, 8.47222919500018], [0.648775522000108, 8.47213939200014], [0.648862285000064, 8.4720412050001], [0.648908167000116, 8.47176683900011], [0.648746347000042, 8.46886184700008], [0.649035488000095, 8.46786864600006], [0.651364128000012, 8.46454808300007], [0.651439512000081, 8.46437830100001], [0.651426940000079, 8.46402565000005], [0.651327739000124, 8.46347772600006], [0.651242608000132, 8.46330862200006], [0.651157476000151, 8.4631395180001], [0.65100410000008, 8.46286737200018], [0.650817959000051, 8.46270007100009], [0.650640532000011, 8.46262917799999], [0.650407906000169, 8.46259433900002], [0.650266281000086, 8.46248196000005], [0.65014933000009, 8.46231436800008], [0.650140311000143, 8.46214632100009], [0.650227769000082, 8.46188693500011], [0.650285290000113, 8.46174616200011], [0.650342810000097, 8.46160538800001], [0.650426615000185, 8.46146312700006], [0.650510420000103, 8.461320865], [0.650658916000111, 8.46109704300017], [0.650757879000082, 8.46093956100009], [0.650801361000106, 8.46075200400008], [0.650861496000175, 8.46057539800006], [0.650949375000096, 8.46041520800014], [0.651188718000071, 8.46007802700001], [0.651348248000147, 8.45984589200009], [0.651452816000074, 8.45970492000015], [0.65157645, 8.45949222400014], [0.65180798200015, 8.45927080700005], [0.65195958400011, 8.45912688100003], [0.652136177000045, 8.45900213800007], [0.652216058000022, 8.45891362500015], [0.652392686000042, 8.45879714800003], [0.652517188000047, 8.45878835600018], [0.652721302000089, 8.45862767400001], [0.652942514000074, 8.45858265200002], [0.653138326000089, 8.45842200600003], [0.653387060000057, 8.4583410460001], [0.653599065000151, 8.45808388900008], [0.653883330000099, 8.45789806900012], [0.654068141000039, 8.45775400200006], [0.654192173000183, 8.45763499100002], [0.654316205000157, 8.45751598000004], [0.654545296000151, 8.45737172600019], [0.654732733000117, 8.45719458200011], [0.65500842400013, 8.456945421], [0.655024346000175, 8.45678553600004], [0.655139711000061, 8.45658114100007], [0.655343482000148, 8.45634055000016], [0.655643596000118, 8.45597831100008], [0.655758961000117, 8.45577391700004], [0.655810073000112, 8.45542926400009], [0.655871607000051, 8.45331140700006], [0.655755210999985, 8.45294955200006], [0.655521911000051, 8.45275489800014], [0.655202631000122, 8.45251652100001], [0.654828577000046, 8.45241339300003], [0.654641604000119, 8.45237422900016], [0.652875328, 8.45255666300017], [0.652033692000032, 8.45183276400002], [0.651528661000043, 8.44826376700007], [0.651680790000114, 8.44759353900002], [0.651698990000057, 8.44731791200002], [0.651879062000035, 8.44671094299997], [0.652496847000066, 8.4462109700001], [0.652560292000089, 8.4461624810001], [0.65264881500002, 8.44615384200017], [0.652737114000104, 8.44609284800009], [0.65289694400002, 8.44593235500008], [0.653048846000161, 8.44586007000004], [0.653278389000036, 8.44582328100012], [0.653501916000153, 8.44567354000003], [0.653597977000061, 8.44548576200015], [0.653685174000032, 8.44516575600011], [0.653639241000064, 8.44477742400016], [0.653576247, 8.44428170100008], [0.653485990000092, 8.44388253400018], [0.653545595000139, 8.44358193400018], [0.653663419000111, 8.44330588700018], [0.653703993000079, 8.44308527600015], [0.65374736800004, 8.44287291900002], [0.653737008000064, 8.44271452200019], [0.652216924000072, 8.44025751600009], [0.65236733800009, 8.43853331600008], [0.652429406000067, 8.43816106200018], [0.652408419000039, 8.4377808910001], [0.65260323800004, 8.43738879000006], [0.652842873000111, 8.43712325200011], [0.652982919000124, 8.43686639999999], [0.653053628, 8.43657401900003], [0.653221347000112, 8.43631705100012], [0.653452480000169, 8.43600470500002], [0.653484750000189, 8.43578412900007], [0.651569406000135, 8.43505923500015], [0.651550085000054, 8.43344183600016], [0.652127402000133, 8.42960650400011], [0.653261468000153, 8.42915258300008], [0.653412134, 8.4291161270001], [0.653652888000067, 8.42911511300002], [0.65394599900003, 8.42906152300003], [0.654052424000042, 8.42870837100008], [0.65400765600009, 8.42859282800003], [0.653752126000086, 8.4286986140001], [0.65226283700008, 8.42826400400003], [0.652146611000035, 8.42826449400008], [0.652074323000079, 8.42818488800003], [0.651959999000042, 8.4279814620001], [0.651958876000037, 8.42771693800006], [0.651982204000035, 8.42734484800019], [0.652105526000071, 8.42706051200008], [0.653093450000142, 8.42640605600013], [0.653225766000048, 8.42522545600013], [0.651905316000068, 8.42336794700003], [0.651646280000136, 8.42252413099999], [0.651728048000109, 8.422228948], [0.651821013000074, 8.42196402900004], [0.651936477000049, 8.421784436], [0.652082019000034, 8.4215192960001], [0.652249570000095, 8.42122375200017], [0.652373395000154, 8.42105790200009], [0.65253047200008, 8.4209029320001], [0.65278409900003, 8.42067591500006], [0.652913668000167, 8.4205596380001], [0.653029599999968, 8.42049026400002], [0.65415922, 8.41997298700016], [0.654350019000105, 8.41993911700018], [0.654748499, 8.41993743900002], [0.655055684000104, 8.41994165700004], [0.655371417000026, 8.42000370400012], [0.655742998000164, 8.420184001], [0.655906673000118, 8.42027975400003], [0.656153367000059, 8.42037515700002], [0.656361143000026, 8.42042939100008], [0.656449911000095, 8.42047999400006], [0.660510627000178, 8.42042014500004], [0.660658486000045, 8.42037543200013], [0.660932241000069, 8.42032743200008], [0.661172554000132, 8.42022446300018], [0.661465291000127, 8.42008545100003], [0.661815917000183, 8.4198938400001], [0.662020103000032, 8.41975520100004], [0.662224184000138, 8.41959176500006], [0.662436352999975, 8.4193786940001], [0.662654093000071, 8.4191738670001], [0.662894428000129, 8.41907640800014], [0.663134681000031, 8.41895966100014], [0.663222997000048, 8.4189041780001], [0.66342188200008, 8.41882067099999], [0.663612419000117, 8.4187261780001], [0.663791876000175, 8.41862897600004], [0.664038240000139, 8.41864722200012], [0.664339864, 8.41864594500009], [0.66466097700004, 8.41867214000007], [0.664971080000043, 8.41871215900011], [0.66518174100014, 8.41879392999999], [0.665808553000147, 8.41912468800001], [0.667295313000068, 8.41800516900003], [0.67136340400009, 8.41677272500004], [0.671796265000125, 8.41543310100002], [0.673959921000119, 8.41439472500008], [0.674213469000108, 8.41350914000009], [0.674978208000084, 8.41212952399997], [0.675996610000141, 8.41214723000002], [0.678097740000055, 8.41137638399999], [0.678485811000087, 8.41024498600001], [0.678637054000092, 8.41002390300014], [0.67882740400006, 8.40988807300005], [0.679053952000118, 8.40980444200017], [0.679937837000182, 8.41007346000004], [0.680040541000153, 8.41014741900005], [0.680179051000039, 8.41018264799999], [0.680337132999966, 8.41026463700013], [0.680509132999987, 8.41036585500018], [0.680570247000105, 8.41042070300006], [0.680681454000137, 8.41054146900012], [0.680778779000093, 8.41065127200005], [0.680947751000076, 8.41069188200004], [0.681072497000059, 8.41074370200005], [0.681211246000089, 8.41083404000011], [0.681472031999988, 8.41098998700011], [0.681649532000108, 8.41108291400008], [0.681821390000152, 8.41115106500013], [0.681946326000173, 8.41124697300006], [0.682198372000073, 8.41130100400017], [0.682472461000089, 8.41133289800013], [0.682592901000135, 8.41134891500013], [0.68271334300016, 8.41136493300007], [0.682898919000024, 8.41140547100002], [0.683076252000035, 8.41145982100011], [0.683283869000093, 8.41147822099998], [0.683613097000148, 8.41146303500017], [0.683947812000042, 8.41143680300013], [0.684268739000061, 8.41142165200006], [0.684572944000081, 8.41137901700017], [0.684777389000033, 8.41130374400007], [0.685009875000105, 8.4113137710001], [0.685137496000095, 8.4113903760001], [0.685380967000071, 8.41138106700015], [0.685668545000055, 8.41133299200015], [0.685969685000089, 8.41122148300008], [0.686096662000011, 8.41114929700012], [0.686223639000161, 8.41107711100005], [0.686261641000101, 8.41090610900011], [0.686315863000118, 8.41064686400006], [0.686314422000123, 8.41031345900006], [0.686349501000052, 8.4101066500001], [0.686409556000172, 8.40991626599998], [0.686464398000055, 8.40980030200018], [0.686768237000081, 8.40871334900004], [0.687148246000163, 8.40668370300017], [0.688253675000055, 8.40539491999999], [0.689477365000073, 8.40489920000005], [0.691956125000161, 8.40380841700011], [0.693740654000123, 8.40374976700002], [0.695984774000181, 8.40438625900015], [0.696125630000097, 8.40432503200014], [0.696127655000168, 8.40415418600003], [0.696124469000097, 8.40405775900012], [0.696123846000148, 8.40391447899998], [0.696058270000037, 8.40378801000008], [0.695992694000097, 8.403661543], [0.695903586000043, 8.40353242100002], [0.695684523000125, 8.40342590100005], [0.69543494900006, 8.40330298100002], [0.69503048200005, 8.4031945050001], [0.694858518000046, 8.40310156000015], [0.694735823000144, 8.40288440800009], [0.69465135300004, 8.40254860600004], [0.694636393000053, 8.40228965900019], [0.694616127000188, 8.40208308700016], [0.694537442000126, 8.40180512600017], [0.693692163000094, 8.40086364300015], [0.693362392000097, 8.40011282300003], [0.693550229000095, 8.39939973200012], [0.695122560000073, 8.39890801000007], [0.695205277000071, 8.39884014600017], [0.695224108000104, 8.3987160690001], [0.69522360600007, 8.39860034400004], [0.695222446000173, 8.39833307000015], [0.69513305300012, 8.39813781700002], [0.694979767000063, 8.39788497600017], [0.694862931000159, 8.39774219499998], [0.69317700300013, 8.39628354400003], [0.693080955000141, 8.39582930800009], [0.693079953000051, 8.39559785400013], [0.69311774099998, 8.39537863400011], [0.693155531000116, 8.39515941300016], [0.693256906000045, 8.39492751899996], [0.693548882000073, 8.39462041000007], [0.696367198000189, 8.39432172400006], [0.699290112000085, 8.39453507900004], [0.700881126000127, 8.39452821600008], [0.701884826000025, 8.39372480500015], [0.703474020000044, 8.39488900100002], [0.703605763000041, 8.39496007299999], [0.70398227700008, 8.39500528800011], [0.704538233999983, 8.39495604100006], [0.704756627000052, 8.39490963200001], [0.704975020000063, 8.39486322300019], [0.705228933000058, 8.39471333100005], [0.705521306000151, 8.39449989800005], [0.705848843000183, 8.39410169700005], [0.705977291000124, 8.39373466900008], [0.706127863000177, 8.39336478900003], [0.706095490000052, 8.39323817900004], [0.706063117000156, 8.39311156900004], [0.705879667000033, 8.3929222380001], [0.705555188000119, 8.39275280499999], [0.705275484000083, 8.39269890700018], [0.704945916000156, 8.3926314470001], [0.704519240000025, 8.39250378700018], [0.704244842000037, 8.39239751000002], [0.703860079000094, 8.39236335300012], [0.703669117000118, 8.39235453500009], [0.703478154000038, 8.39234571500009], [0.703214873000036, 8.39225041300017], [0.702818550000188, 8.3921033310001], [0.702610008000136, 8.39187002000006], [0.702417840000066, 8.39158428400003], [0.702317727000036, 8.3914689880001], [0.702217612000027, 8.39135369200017], [0.701909496000098, 8.39112907600003], [0.701662591000172, 8.39098134800008], [0.701296729000092, 8.39083964400004], [0.700850531000128, 8.39067624200004], [0.700465277000092, 8.3905291100001], [0.70012455900013, 8.39044240500016], [0.69990274800017, 8.39033865400017], [0.69966438400013, 8.39024599700008], [0.699348209, 8.39007652200019], [0.699073095000188, 8.38980491899997], [0.698933527000179, 8.38952446500002], [0.698924604000069, 8.38938122000019], [0.69890994300016, 8.38919115800007], [0.698856474000081, 8.38898473000006], [0.698874088000139, 8.3888992360001], [0.698891701000093, 8.3888137400001], [0.698993408000035, 8.38865899700005], [0.699117478000176, 8.38855651200015], [0.699280320000184, 8.3884621250001], [0.69954827000015, 8.38835902000017], [0.699805331000164, 8.388297292], [0.700092554000037, 8.38817205900006], [0.700387813000077, 8.38798617100014], [0.700564585000109, 8.38791376800009], [0.700780010000074, 8.38782191000013], [0.700923628000055, 8.38776067100014], [0.70104249700006, 8.38773535899998], [0.702773251000053, 8.38741928200005], [0.70389050600005, 8.38791594700018], [0.704053116000182, 8.38618069700016], [0.705522051000116, 8.38547171400018], [0.707331000000124, 8.38564161500011], [0.708127051000019, 8.38545080000006], [0.708605448000071, 8.38538535400016], [0.709202208000079, 8.38517886700004], [0.709508492, 8.38498466000004], [0.709313641000165, 8.384718228], [0.709025294000185, 8.38458446000016], [0.708640286000104, 8.38449244400016], [0.708488107000051, 8.38449310200002], [0.708255351000162, 8.38441695800014], [0.70810275000008, 8.3843211790001], [0.708025025000097, 8.38426365000004], [0.708063353000057, 8.38416980000011], [0.708033964000037, 8.38409277500006], [0.708004574000086, 8.38401575000017], [0.708003913000141, 8.38386420400008], [0.708162913000137, 8.38352459800001], [0.708804097000097, 8.38271999200003], [0.709232963000034, 8.38145063700011], [0.709320192000064, 8.38051616900003], [0.710753739000097, 8.37994785100011], [0.711129249000066, 8.3797671210001], [0.711171394000132, 8.3795974790001], [0.71121354100012, 8.37942783799997], [0.711154690000171, 8.37925725700018], [0.711018271000171, 8.37906496700009], [0.710807749000139, 8.37901077100003], [0.710206031000098, 8.37871303599997], [0.709167462000039, 8.37848883200007], [0.708768001000124, 8.37825359400017], [0.708381738000071, 8.37787226100016], [0.708380903000091, 8.37768076200001], [0.708380067000178, 8.37748926300009], [0.708522713999969, 8.37728594900011], [0.709226129000172, 8.37671545800009], [0.71196087300018, 8.37695711300012], [0.712027029000126, 8.37690034000013], [0.712142562000167, 8.3767455360001], [0.712160930000096, 8.37651675600017], [0.712082785000121, 8.37636279000003], [0.711967587000174, 8.37627787200012], [0.711852390000161, 8.376192952], [0.711697110999978, 8.37611647300002], [0.711312099000111, 8.37602170200006], [0.710910740000031, 8.37598486400003], [0.710448186000121, 8.37587389499998], [0.709907487000066, 8.37560896000002], [0.709560202000034, 8.37528256700011], [0.709098072000188, 8.37463428500013], [0.709116356999971, 8.37438621699999], [0.709144995000031, 8.37429103100015], [0.70934978400004, 8.37334916499998], [0.709194338000145, 8.37323410900007], [0.708734470000081, 8.37310383800002], [0.708423577000019, 8.37287372600002], [0.708171561000142, 8.37218595700006], [0.70826281300009, 8.3720147250001], [0.708364241000083, 8.37195642300003], [0.70895910400003, 8.371953851], [0.709548014000063, 8.37185486400011], [0.709975618000101, 8.37156644900011], [0.710049831000106, 8.37081940600001], [0.70979580400018, 8.37030524000011], [0.709272572000032, 8.36960211200005], [0.709151773000087, 8.36918380900016], [0.709134080000126, 8.36893314100018], [0.709116386000062, 8.36868247400014], [0.709020226000121, 8.36820344400013], [0.709019061000106, 8.36793617200004], [0.709126232000187, 8.36776762700003], [0.710114656999963, 8.36792041200016], [0.710573485000111, 8.36781372100012], [0.71095732100008, 8.36764122300008], [0.711200337000093, 8.36741612100008], [0.711595544000033, 8.36648118099998], [0.710857537000152, 8.36522221600001], [0.710816224000041, 8.36510683899996], [0.710911473000181, 8.36474271000014], [0.710910416, 8.36450023600014], [0.710734392000177, 8.36410697100001], [0.710515193999981, 8.36396463700015], [0.710058032000177, 8.36381782000018], [0.70965299500017, 8.36356882700011], [0.70938295100018, 8.3631869890001], [0.710752678000119, 8.36259002700012], [0.710982374000082, 8.36006368200003], [0.710372956000128, 8.35926173100006], [0.710170732999984, 8.35920474100016], [0.709632827000064, 8.35893978700005], [0.70947688300015, 8.35870900500015], [0.709514621000096, 8.35848014100003], [0.709649530000149, 8.35832800900005], [0.709841564000044, 8.35826931600008], [0.710033598000109, 8.35821062200006], [0.710185431000184, 8.35813281400016], [0.71035907300012, 8.35798051500007], [0.710396631000037, 8.35771032000002], [0.710177779000048, 8.35701138600012], [0.710352567000143, 8.35648709900016], [0.710455898000077, 8.35639021200006], [0.710542797000073, 8.35633197300012], [0.710811166000155, 8.3563308140001], [0.711171233000186, 8.35642018600004], [0.711700650000012, 8.35664246500005], [0.711985997999989, 8.35672802700003], [0.712063381000121, 8.35670840500018], [0.712140765000129, 8.35668878200005], [0.712311471000021, 8.35649791900016], [0.712349742000072, 8.35639166900006], [0.712388013000123, 8.35628542000006], [0.712405962000105, 8.35596020200018], [0.712357214000178, 8.35588463800013], [0.712308467000128, 8.35580907500002], [0.71215311200018, 8.35571330599998], [0.711731914000154, 8.35556357900015], [0.711557193000147, 8.35546789400013], [0.711025232000111, 8.35529660100008], [0.710614431000124, 8.35499252400007], [0.710325110999975, 8.35463005600008], [0.710244199000044, 8.354474724], [0.710053889000108, 8.35357865200012], [0.710059332000128, 8.3533196190001], [0.710130367000033, 8.35311265400009], [0.710128471000075, 8.35267730400017], [0.710127355000168, 8.3524210540001], [0.710053947000119, 8.35208245300004], [0.710053341000048, 8.35194330600018], [0.710350503000143, 8.35156590600002], [0.710828236000168, 8.3513571850001], [0.711212297000031, 8.35123979800005], [0.711404166000023, 8.35114390699999], [0.711596034000081, 8.35104801600016], [0.711750463000158, 8.35093162000015], [0.712056973000131, 8.35079528000006], [0.712441130000173, 8.35069993400015], [0.712670173000049, 8.3505639280001], [0.712899637000021, 8.35052436000018], [0.713034711000034, 8.35041080400003], [0.713262757000052, 8.35004610100015], [0.71341718400015, 8.34992970500008], [0.713549814000089, 8.34989055500006], [0.713713005000159, 8.34988020500009], [0.713876195000182, 8.34986985500012], [0.714031295000041, 8.34990776000012], [0.714281375000155, 8.35015466700008], [0.714412525000171, 8.35041035400019], [0.714320082000029, 8.35078273700015], [0.714075954000123, 8.35126599299997], [0.714110320000088, 8.35153312100005], [0.714442319000113, 8.35153168400007], [0.715302218000147, 8.35140672199998], [0.715688744000147, 8.35122043400003], [0.715920890000177, 8.35116156500004], [0.716072647000033, 8.35106722400013], [0.716227410000101, 8.35102797600013], [0.716782327000089, 8.35075554100001], [0.716937259000133, 8.35075486900018], [0.717626667000161, 8.35023661600019], [0.717817144000037, 8.35013935000012], [0.718108151000024, 8.34993832100008], [0.718467902000043, 8.34964055300014], [0.720126930000163, 8.34941567500005], [0.719696414000111, 8.34903178500008], [0.719311021000067, 8.34884333399998], [0.719252668000138, 8.34878572300011], [0.7191939060001, 8.34863442900001], [0.719231964000187, 8.34847996100007], [0.719229951000102, 8.34801981400005], [0.719267684000158, 8.34779095100004], [0.719247654000071, 8.34763949000006], [0.719030688999965, 8.34737315500013], [0.718708479000156, 8.34708110000003], [0.718386268000017, 8.34678904500009], [0.718198760000178, 8.34629939199999], [0.718037430000152, 8.34610170200017], [0.717876100000126, 8.34590401100007], [0.717642947000115, 8.34573142900018], [0.717318735999982, 8.34561435100011], [0.717064736000111, 8.34510294300003], [0.71714086500009, 8.34479676100011], [0.717137688000093, 8.34406934200007], [0.717304249000108, 8.34356437800005], [0.717461325000158, 8.34342179400011], [0.717618401000038, 8.34327920900017], [0.717997147000062, 8.34321419300011], [0.718094183000119, 8.34326061500002], [0.718343092, 8.34324024800003], [0.718420725000158, 8.34327848800018], [0.71849835800009, 8.34331672700006], [0.718634426000165, 8.34343186500018], [0.719018469000048, 8.34394546400011], [0.719096608000029, 8.34409942800005], [0.719366304000118, 8.34440411100013], [0.719976173000077, 8.34467976200011], [0.720424688000151, 8.34475221200006], [0.720587561000173, 8.34467022100011], [0.720750435000184, 8.34458822900012], [0.720905280000125, 8.34456826900004], [0.721441167000137, 8.34437581900011], [0.721673393000174, 8.34433623400014], [0.721825639000144, 8.34435486100017], [0.72221102900005, 8.34454331000001], [0.722519134000038, 8.34477342600007], [0.722674148000067, 8.34479204200017], [0.722980902000074, 8.34471355699998], [0.72317255300004, 8.34456944100015], [0.723364203000074, 8.34442532700012], [0.72367078700006, 8.34430826700003], [0.723977963000038, 8.3443262190001], [0.724132723000082, 8.34428697000016], [0.724478632000171, 8.34430475300007], [0.725092476000157, 8.34422493100004], [0.726171539000177, 8.34361128799998], [0.727355369000065, 8.34354551300015], [0.728169094000179, 8.34362187400018], [0.728697492000038, 8.34298582600013], [0.728695978000076, 8.34264140600004], [0.728311164000047, 8.34195423200003], [0.728271754000161, 8.34180010100016], [0.728359521000186, 8.34162612800009], [0.729019858000015, 8.34142486000013], [0.729168926000114, 8.34134981400013], [0.729317993000109, 8.34127476800012], [0.729426314000079, 8.34105661700011], [0.729460853000035, 8.34041721300014], [0.72918759900017, 8.33993345199997], [0.728665502000013, 8.33948384100017], [0.728221764000068, 8.33923778800016], [0.727507653000089, 8.3385327580001], [0.727429597000025, 8.33839808300007], [0.727294748000133, 8.33824574500005], [0.727159900000174, 8.33809340700009], [0.726978515000155, 8.33773874800011], [0.726906885000119, 8.33717695600018], [0.726905035000129, 8.33675538600011], [0.727282621000086, 8.33579761499999], [0.727435103000118, 8.33524035900007], [0.727624736000053, 8.33495297000019], [0.72781671100006, 8.33456913300012], [0.727967951000153, 8.33435906299997], [0.72808630600008, 8.3342207770001], [0.728861712000082, 8.33376551300006], [0.729423054000165, 8.33307421600017], [0.729060488000187, 8.33178075299998], [0.728951796999979, 8.33159936900012], [0.72893598100012, 8.33114755100019], [0.729027017000021, 8.33045830200007], [0.729043189000095, 8.32973080400012], [0.729071905000183, 8.32965490500015], [0.729100620000168, 8.32957900600019], [0.729099774000076, 8.32938613100009], [0.729020801000047, 8.32904204900007], [0.729017375000126, 8.32889189400015], [0.728960019000169, 8.32811511800003], [0.729009960000099, 8.32783247099997], [0.729079887000125, 8.32769164100006], [0.729149816000131, 8.32755081000005], [0.729320829000187, 8.32743433900009], [0.729551531000084, 8.327050332], [0.729646591000119, 8.32664762900004], [0.729635401000053, 8.32598913500004], [0.729926488999979, 8.32486641599996], [0.730476900000156, 8.32420823200005], [0.73032987900018, 8.32411794400002], [0.730129070000146, 8.32406371000019], [0.729928262000044, 8.32400947600013], [0.729507279000131, 8.32390109200003], [0.729177517000039, 8.32377577900007], [0.728902600000083, 8.32354000999999], [0.728572125000028, 8.32325212900008], [0.728314122000086, 8.32308792700019], [0.727655911000056, 8.3225052630001], [0.727710304000027, 8.32229148300019], [0.727928454000164, 8.32219960500004], [0.728111038000179, 8.32219881099996], [0.728415333000044, 8.32219473300017], [0.728800544000023, 8.32234736000009], [0.729107616000022, 8.32234602500006], [0.729393398000013, 8.32218791600008], [0.729509412000027, 8.32186483500004], [0.729508915999986, 8.32175186600006], [0.729469510000115, 8.32159773500018], [0.729198895000025, 8.32108089500002], [0.729100403000018, 8.32070107700002], [0.72909905, 8.32039247600017], [0.729288592000046, 8.32008580200005], [0.729519967000101, 8.31985609600002], [0.729734140000176, 8.31948869500008], [0.72978528800013, 8.31916608900002], [0.729782944000135, 8.31863155000013], [0.729821335000167, 8.31855423100006], [0.729858724000167, 8.31824821800006], [0.730086824000011, 8.31790279900014], [0.730134837000037, 8.31781166200017], [0.730182850000176, 8.31772052499997], [0.730278877000046, 8.31753824899999], [0.730278199000168, 8.31738395000013], [0.730352397000047, 8.31727065500007], [0.730044228000054, 8.31702125400011], [0.729697934000171, 8.31690978800015], [0.72956472400017, 8.31681392800004], [0.729238206000161, 8.31679606000017], [0.728750259000037, 8.31655570500004], [0.72871593900004, 8.31629960100003], [0.728754005000155, 8.31614788800016], [0.728811761000145, 8.31607048600017], [0.728887541000176, 8.31600264900015], [0.728963321000094, 8.31593481200014], [0.729127758000061, 8.31589689900011], [0.729503019000163, 8.31599032899999], [0.729772035, 8.31614346200013], [0.73017609600015, 8.31618028100007], [0.730405452000127, 8.31612141900018], [0.730541089000042, 8.31614011600004], [0.730766374000154, 8.31578368800007], [0.730991658000107, 8.31542726100014], [0.730959244000076, 8.31434452600018], [0.73070305900012, 8.31396263900012], [0.73038822400008, 8.31345425800004], [0.730168643000127, 8.31321824700012], [0.730002794000029, 8.31261828900006], [0.72978410900015, 8.31195518599998], [0.729562211000086, 8.31119014600011], [0.729321759000072, 8.31060979900013], [0.729319525000051, 8.31010005800016], [0.729391984000074, 8.30958999200004], [0.729497808000133, 8.30911835700005], [0.729586225000105, 8.30846218500011], [0.729785536000179, 8.30786063900007], [0.729818779000141, 8.3073975850001], [0.729886723000106, 8.30696193500012], [0.730262184000139, 8.30615572400012], [0.73049629500008, 8.3059204970001], [0.730850023000016, 8.30520530799998], [0.730942086000084, 8.30475026599999], [0.730719032000138, 8.3043517000001], [0.730430998000088, 8.30427580100007], [0.729963276000092, 8.3042282350001], [0.729758124, 8.30412717500008], [0.729563639000162, 8.30393514200006], [0.729562216000147, 8.30361000900007], [0.729560792000029, 8.30328487600008], [0.729637585999967, 8.30313299500006], [0.729767312000092, 8.3030663020001], [0.729942968000046, 8.30274866700006], [0.729847153000037, 8.30234679300003], [0.729691239999966, 8.30211877100015], [0.729709929000023, 8.30196438700017], [0.729777365000075, 8.30188694200007], [0.729872422000085, 8.30179973400016], [0.730170138000176, 8.30156009800004], [0.730437296000105, 8.30129166300009], [0.730702947000111, 8.3006788080001], [0.730778389000136, 8.30021832600005], [0.730678332000139, 8.30011130000003], [0.730578276000188, 8.30000427300018], [0.730237289000115, 8.29983767500005], [0.7299685750001, 8.29975066800006], [0.7299342230001, 8.29948629800003], [0.730019230000153, 8.29931509300019], [0.730618038000102, 8.29897633300004], [0.730714061000128, 8.29879405900004], [0.730810084000041, 8.29861178400017], [0.73065428100017, 8.29840856100014], [0.730229501000053, 8.29805771300005], [0.730228753000119, 8.29788688000002], [0.730406993000145, 8.29752790300006], [0.730497796000122, 8.29741729200009], [0.730698780000068, 8.29719874200009], [0.730547708000131, 8.29617989500008], [0.730511108000144, 8.296034018], [0.730474508000157, 8.29588814000005], [0.730509685000129, 8.29570888600011], [0.730655332000026, 8.29548782000012], [0.730690425000148, 8.29528927800004], [0.730907764000108, 8.29501554900003], [0.731142001000023, 8.29481063200006], [0.731300236000095, 8.29430570500011], [0.731274357000132, 8.29408125100002], [0.731248479000158, 8.29385679799998], [0.731055380000043, 8.29334788400018], [0.730878687000086, 8.29311168599997], [0.730701996000107, 8.29287548700006], [0.730440983000108, 8.29265067600005], [0.730129288000171, 8.29222218400014], [0.729780378999976, 8.29150729100002], [0.72977884900007, 8.29115736000011], [0.729777319999982, 8.29080742800011], [0.729936544000054, 8.29052844100005], [0.729965684000149, 8.29023348600003], [0.730118254000161, 8.28969827399999], [0.730192268000053, 8.28954364999998], [0.730518809000159, 8.28925567100009], [0.730845350000095, 8.28896769100004], [0.730967271000168, 8.28869851000007], [0.73045060100003, 8.28757378699999], [0.730321533000165, 8.28747377500008], [0.729864078000105, 8.2872387920001], [0.729375834000166, 8.28692128000012], [0.728788453000163, 8.28670614700013], [0.728204465000147, 8.28663428000016], [0.727824573000021, 8.28642375800013], [0.727727420000065, 8.28634702599999], [0.727399100000071, 8.28591033700002], [0.72725106200005, 8.28558308200002], [0.727138829000125, 8.28521985300011], [0.72632197300004, 8.28249276600013], [0.726338862999967, 8.28192507700015], [0.726389619000088, 8.28151154500006], [0.723946642000044, 8.28132021400012], [0.722456416000171, 8.28154945600005], [0.719842632000109, 8.28059520199997], [0.717755280000063, 8.28067845500004], [0.713952725000127, 8.28069479200008], [0.703589498000042, 8.28088767300011], [0.688681154000164, 8.28184225100006], [0.682855912000093, 8.27963867800008], [0.681426337000062, 8.27659953900007], [0.68320727400004, 8.27458669400005], [0.683340321000117, 8.27079825500005], [0.681904179000128, 8.26619942299999], [0.677636768000127, 8.26205808800012], [0.673498345000098, 8.2590093820001], [0.666595938000171, 8.26061875500011], [0.661228373000085, 8.26078961000013], [0.657570367000062, 8.25969067600016], [0.65436467000012, 8.25977820800011], [0.647578310000142, 8.25943482400015], [0.642064346999973, 8.26027448600013], [0.638934097000174, 8.26058440800006], [0.636599213000068, 8.25487487100003], [0.638303948000157, 8.25241686700008], [0.638592081000127, 8.24996465200013], [0.638209509000092, 8.24758945300016], [0.638273671000036, 8.24506388100008], [0.637302912000109, 8.24469647500007], [0.633871192000015, 8.24419055100009], [0.631400792000079, 8.24174956000002], [0.628181530000177, 8.23849457000017], [0.626912571999981, 8.23812834400007], [0.624591968000175, 8.23583523800005], [0.62414070300008, 8.2348714960001], [0.62502900100003, 8.23330814100012], [0.626070642000172, 8.2327840050001], [0.626361891000158, 8.23107451600015], [0.625042560000168, 8.22782718900015], [0.625442121000106, 8.2249134650001], [0.620582906000152, 8.22166500200018], [0.618934318000129, 8.21959195200009], [0.619667791000154, 8.21661801500011], [0.619065357000068, 8.21513494600009], [0.617647679000186, 8.21484354800015], [0.615712347999988, 8.21559406800003], [0.613023393, 8.21434218200005], [0.610645234000174, 8.21620857800008], [0.608697913000071, 8.21398811600005], [0.603851465000162, 8.21385890400018], [0.599820023, 8.21246371400002], [0.595263482000064, 8.21025352900006], [0.590034842000136, 8.2077488330001], [0.59062504700006, 8.20618671400007], [0.59023871100004, 8.20277155700006], [0.589112496000041, 8.20077055300004], [0.590371283000025, 8.1986115950001], [0.589025268000114, 8.19757704000006], [0.58983528300007, 8.19504847300016], [0.5913972620001, 8.19415100700013], [0.592508401000089, 8.19236400800003], [0.596524817000045, 8.19004559900009], [0.6009065020001, 8.185868825], [0.603153061000114, 8.18138007500005], [0.606850872999985, 8.18101733400016], [0.613274613000044, 8.18418556500001], [0.613854543000059, 8.18009812800011], [0.613215155000091, 8.17670303000006], [0.611147668000172, 8.17431547300015], [0.607790508000051, 8.17366035600003], [0.606964878000099, 8.17225240700014], [0.608153712000046, 8.17128210600004], [0.609479131000057, 8.16719170300013], [0.610650984000074, 8.16198778400002], [0.611307212000042, 8.15406728400018], [0.608805278000148, 8.14780855400011], [0.609765087000085, 8.14550221600007], [0.607596946000172, 8.14387675300014], [0.606905673000085, 8.13875449400007], [0.602509427000143, 8.13914324000007], [0.599828126000091, 8.13967373800011], [0.594235126000058, 8.13902725000008], [0.592073519000166, 8.13903572900017], [0.591391834000149, 8.1362901920001], [0.594267348000074, 8.12740242600012], [0.591646373000174, 8.11622659300014], [0.592245241000171, 8.10694786700014], [0.591857691000087, 8.10316130600012], [0.589393486000176, 8.1019824980001], [0.587236728999983, 8.10317931200018], [0.58573737200004, 8.10095685800013], [0.585036679000041, 8.09330912900003], [0.588281696000024, 8.08453193500014], [0.589829054000177, 8.07999507700009], [0.590405218000058, 8.07486778500004], [0.591805520000094, 8.07085143300009], [0.592023283000117, 8.06936506500006], [0.591269024000098, 8.06706543600012], [0.592370336000101, 8.06282742000008], [0.592659718000107, 8.06059801300012], [0.594820323000079, 8.060441062], [0.597288632000073, 8.06273400800018], [0.597576238999977, 8.060058954], [0.598761617000036, 8.05827171300018], [0.598381427, 8.05634202100003], [0.598895509000101, 8.05440884400008], [0.598889683000152, 8.05292334800009], [0.597165781000172, 8.05040467800006], [0.596041270000114, 8.04870070400011], [0.596776890000058, 8.04624673600011], [0.597888596000189, 8.04468261600016], [0.596836589000077, 8.0424584270001], [0.594143708000104, 8.03986921900008], [0.595252802000061, 8.03763663400002], [0.598578861000021, 8.03064177300007], [0.59863915000011, 8.02700201499999], [0.599232095000048, 8.02618267600019], [0.599752844000079, 8.02595782500015], [0.601679697000066, 8.02564707500017], [0.60438836600008, 8.02618765200003], [0.604784316000178, 8.02634318000014], [0.605034327000169, 8.02664807900004], [0.605250899000112, 8.02688559400008], [0.606405320000022, 8.02728754500004], [0.607482701000038, 8.02707942400014], [0.609554759000105, 8.02707546100004], [0.610462479000034, 8.02520498600012], [0.610540998000033, 8.02513578900016], [0.610800139000105, 8.02495015000017], [0.611117128000103, 8.02471192700006], [0.611218679000103, 8.02452414900017], [0.611304130000121, 8.02446043500004], [0.611550356000066, 8.02380363700007], [0.61163214100003, 8.02351122300018], [0.611703466000165, 8.02337040900011], [0.611967176000121, 8.02223957700016], [0.612132722000126, 8.02215626100002], [0.612349708000124, 8.0217971830001], [0.612586393000072, 8.02152620800018], [0.612729920000163, 8.02146777700005], [0.612961782000184, 8.02137593500009], [0.613807573000088, 8.02133404400007], [0.613959165000153, 8.02121771500015], [0.614036115000147, 8.02110167800004], [0.614035360000173, 8.02091016600002], [0.614034605000029, 8.02071865500005], [0.613610428000186, 8.02041444500014], [0.61318857200007, 8.01999724400014], [0.613188039000136, 8.0198622210001], [0.613187508000181, 8.0197271990001], [0.613327097000081, 8.01937117900013], [0.613448382000115, 8.01928114700013], [0.613569667000093, 8.01919111500013], [0.613875919, 8.01903560199997], [0.613930981000124, 8.01897751800016], [0.614027674000056, 8.01896060700011], [0.614488431999973, 8.01872733000005], [0.614719793000063, 8.01850873100017], [0.615956131000189, 8.01725697500018], [0.618692171000077, 8.01599382000001], [0.620376649000036, 8.0165672550001], [0.621377276000146, 8.01653438600016], [0.621465171000011, 8.0163907490001], [0.621530046000146, 8.01601848900003], [0.621595826000089, 8.01587493900001], [0.621810211000138, 8.01555995799998], [0.621941771000024, 8.01527285800006], [0.622121116000017, 8.01448680900012], [0.622260023000081, 8.01326277800018], [0.622219052000162, 8.012689776], [0.622332431000189, 8.0120004310001], [0.622329300000047, 8.01120958700005], [0.622232662000044, 8.01089031900005], [0.62256937300009, 8.00830562500011], [0.622593626000025, 8.00814708200005], [0.622554204000153, 8.0079653680001], [0.622476277000032, 8.00783340600003], [0.622046560000058, 8.00752371300007], [0.621316144000048, 8.00737227000008], [0.621047996000073, 8.00737332400013], [0.619253378000053, 8.00795077900005], [0.617721317000075, 8.00641089499999], [0.617126436000149, 8.00627820200015], [0.616685702000098, 8.00632815199998], [0.616225541000119, 8.00635888800002], [0.615950492000024, 8.00636272000003], [0.613567297999964, 8.00630453200017], [0.613074065000148, 8.00600954400011], [0.61258083000007, 8.00571455500011], [0.613061836999975, 8.00325191799999], [0.614621637000084, 8.00060870600015], [0.614587077000067, 7.99955344400007], [0.613923921000094, 7.9989277570001], [0.613579378999987, 7.99707457900007], [0.615473146000113, 7.995708665], [0.615390818000037, 7.99480790399997], [0.615363949000027, 7.99465369500012], [0.615362670000025, 7.9943285380001], [0.615539892000129, 7.99370232300009], [0.615590506000046, 7.99321713799998], [0.615551096000161, 7.99303680000003], [0.615531025, 7.99285363100006], [0.615392789000111, 7.99214598100008], [0.615388713000129, 7.99181256900005], [0.615570498000181, 7.99094108599996], [0.615886065000097, 7.99034739800004], [0.616037343000187, 7.99015391400002], [0.616152393000107, 7.98988617100002], [0.616267442000094, 7.98961842800014], [0.616339032000155, 7.98954650200005], [0.616705958000182, 7.98865776300016], [0.616741298000079, 7.988506067], [0.616729715000076, 7.98802112600015], [0.616718133000177, 7.98753618399996], [0.616969922000123, 7.98689314500018], [0.6172143820001, 7.98649538100011], [0.617268584000158, 7.98621961000009], [0.617210160000127, 7.98577343000017], [0.617151736000096, 7.98532725000018], [0.616891061000103, 7.98441340800008], [0.616433725000093, 7.98339837600008], [0.616202937000025, 7.98305482699999], [0.61593276900004, 7.98253782700004], [0.615856965000148, 7.98224051800003], [0.615139698000064, 7.98120169800006], [0.614897291000148, 7.98106624100012], [0.615021945000024, 7.98078054900014], [0.615117340000154, 7.98043572600011], [0.61523269200012, 7.98024513900003], [0.615364846000034, 7.98010959800013], [0.616239324000105, 7.97965151000005], [0.616594752000026, 7.97935527300012], [0.616855762000114, 7.97894918000003], [0.616952167000022, 7.97815794400009], [0.616910361000123, 7.97736724900017], [0.616850808000038, 7.97698445200018], [0.616680026000154, 7.97643399800012], [0.616605241000059, 7.97639571100007], [0.616342824000128, 7.97503546500013], [0.616342218000057, 7.97488115400006], [0.616286642000091, 7.97480696900004], [0.616283937000162, 7.97411807800017], [0.616225359999987, 7.97398328200001], [0.616103932000101, 7.97262524000013], [0.616185560000076, 7.97229425000006], [0.616582045000143, 7.97189589600015], [0.617174397000099, 7.97139757600013], [0.617328813000086, 7.97130052600011], [0.617727962000174, 7.97087736099996], [0.617881858000089, 7.97064804500019], [0.618016848000082, 7.97053178300018], [0.618149784000082, 7.97024468100005], [0.618282721000128, 7.96995757900009], [0.618301464000183, 7.96980319200003], [0.61826235500007, 7.96969863200007], [0.618223245000024, 7.96959407100002], [0.617708542000173, 7.96874735400007], [0.617436211000097, 7.96767648500003], [0.617238226000154, 7.96723636000007], [0.617058574, 7.96653713700005], [0.617018968000139, 7.96630582], [0.617131159000053, 7.96531060900003], [0.617237707000186, 7.96499054300017], [0.617397183000037, 7.9647749830001], [0.617755471000066, 7.96450629300006], [0.617882621999968, 7.96450579600014], [0.61800977200005, 7.96450530099997], [0.618164779000153, 7.96455980800016], [0.618600133000143, 7.96491082700015], [0.618742207000139, 7.96519134400017], [0.618846082000118, 7.96559876900005], [0.619128900000078, 7.96582086900014], [0.619361456000149, 7.96591365100016], [0.61966835100003, 7.96593174200012], [0.619820304000086, 7.96591185900019], [0.620204822000119, 7.96598751400012], [0.62051171700017, 7.96600560400003], [0.620666433, 7.96598571100009], [0.620895488000031, 7.9658911250001], [0.621011127000145, 7.96577493800015], [0.621068567000066, 7.96562040000015], [0.621029273000033, 7.96546899600003], [0.620970923000186, 7.96539206699998], [0.620912573000112, 7.96531513800011], [0.620815600000185, 7.96525764900008], [0.620316106000075, 7.96476359200011], [0.620609497000089, 7.96380762899997], [0.622403694000127, 7.96352092300009], [0.622661629000106, 7.96339040100008], [0.622919564000028, 7.96325987900013], [0.623073758000146, 7.96310771800006], [0.623476180000068, 7.9628168050001], [0.623588988000165, 7.96268409600003], [0.623684820000108, 7.96245225000001], [0.623644626000157, 7.96207213500008], [0.623261832000082, 7.96102926000003], [0.623176383000043, 7.96038753900018], [0.623175331000141, 7.96012025000016], [0.624012335000089, 7.95787943000005], [0.624011056000086, 7.95755427400013], [0.623971751000113, 7.95740011400017], [0.623623683000119, 7.95675115400013], [0.623623347000091, 7.95666573200015], [0.623300840000127, 7.95619027400005], [0.622978333000162, 7.95571481600018], [0.622656728000095, 7.95476539000015], [0.622355858999981, 7.95416859900001], [0.621922706000134, 7.9536715270001], [0.621366281000178, 7.95275332800009], [0.621312596000109, 7.95245593200002], [0.621407109000188, 7.95188790900016], [0.621664569000188, 7.95128618300009], [0.62175794000018, 7.95113150600002], [0.621988250000072, 7.95100660400016], [0.622218560000078, 7.95088170300005], [0.622373195000023, 7.95084252099997], [0.623214796000127, 7.95047549499998], [0.623368606000042, 7.95022688900002], [0.623481477000041, 7.95011071300019], [0.623788990000037, 7.94958594700012], [0.623787517000153, 7.94921119200012], [0.623728865000089, 7.94905710700004], [0.62320667400013, 7.94840882500006], [0.622495947000061, 7.94761247500008], [0.622320451000121, 7.94726595500003], [0.622280770000089, 7.94701534900008], [0.622279050000145, 7.94657721600015], [0.62232627700007, 7.9464619850001], [0.622373504000109, 7.94634675400005], [0.622420732000137, 7.94623152300005], [0.622467960000108, 7.946116292], [0.622545049000053, 7.94603883500008], [0.622812637000152, 7.94590552100004], [0.623798215000136, 7.94560406900018], [0.624033768000174, 7.94540750100009], [0.624269322000146, 7.94521093300017], [0.624268336000057, 7.94496017800009], [0.624037127, 7.94450365100005], [0.623651276000146, 7.94408355100012], [0.623245332000124, 7.94347339199999], [0.623034435000022, 7.9432620340001], [0.622878755000102, 7.94303392600006], [0.622670721000134, 7.94284735700018], [0.621913566999979, 7.9414862860001], [0.621854361999965, 7.94119029000012], [0.621795157000179, 7.94089429200011], [0.621813910000185, 7.94074266100012], [0.621928862000118, 7.94045287500012], [0.622061013000121, 7.94032009000006], [0.622676177000017, 7.94001182000011], [0.622827665000159, 7.93987620500019], [0.622943, 7.93968424100012], [0.623020093000093, 7.93960816000009], [0.623019493000186, 7.93945522700017], [0.623018893000165, 7.93930229300014], [0.622854543000074, 7.93897777300009], [0.622456963000047, 7.93838411299998], [0.622323926000092, 7.9382909410001], [0.621263669000029, 7.93716527500004], [0.621166175000155, 7.93697276300009], [0.621164977000035, 7.93666689500003], [0.621260213000141, 7.93628349500011], [0.621430681, 7.93605411600004], [0.622732406000182, 7.93532156300012], [0.623404783000126, 7.93480364500004], [0.623517499, 7.93464889100005], [0.623632686000064, 7.93441972700009], [0.623737452000171, 7.93364775000009], [0.623915702000033, 7.93328882600002], [0.624031266000145, 7.93315610700017], [0.62456633000005, 7.93286468200012], [0.624795442000163, 7.93278938700018], [0.62565983200011, 7.93260414300016], [0.626267654000117, 7.93254114800015], [0.62679209200013, 7.93235998500018], [0.626943727000025, 7.93226294700014], [0.627210548000164, 7.9319367440001], [0.627267685000163, 7.93170642800004], [0.627324823000095, 7.93147611200015], [0.627324379000072, 7.93136313400004], [0.627189600000179, 7.93082631900012], [0.626773247000131, 7.93002606699997], [0.626057975000094, 7.92911951200006], [0.62597030400002, 7.92861282300009], [0.625950275000037, 7.92843929800006], [0.625929652000025, 7.92811421800019], [0.62598702300005, 7.92794314700012], [0.626083228000141, 7.92780774700014], [0.626329878000092, 7.92727219800014], [0.626391394000052, 7.92710111000002], [0.626489787000082, 7.92646693900002], [0.626466994000054, 7.92629342500004], [0.626609649000045, 7.92531738600002], [0.627049085000181, 7.92460748100018], [0.627488521000146, 7.92389757800015], [0.628366733000121, 7.92301511300008], [0.629451017000179, 7.92182321500002], [0.629768397000134, 7.92135352300005], [0.63008577700009, 7.92088383100008], [0.630352666000078, 7.92057691700012], [0.631270589000053, 7.91925339800014], [0.630698697000184, 7.91860807], [0.628961510000067, 7.91822907300002], [0.627501018000032, 7.91792890100004], [0.627154418000089, 7.91764367100006], [0.627116804000025, 7.91756666100008], [0.627079190000131, 7.91748965000005], [0.627039372000183, 7.9172032240001], [0.627143646000093, 7.91701130200005], [0.627247919000126, 7.91681938199997], [0.627402086000188, 7.91666446700003], [0.631050430000073, 7.91527793600017], [0.63229563200008, 7.91460070200009], [0.632150761000048, 7.91325378300013], [0.632081320000111, 7.91316587600005], [0.632044796000116, 7.91301446100005], [0.631733519000022, 7.91257478300008], [0.631386694000184, 7.91223168900012], [0.631333761000121, 7.91212442700009], [0.631087374000117, 7.91202067700004], [0.630278115000181, 7.91145343000011], [0.629487912000116, 7.91081170400014], [0.629163763000179, 7.91061181100002], [0.629047231000129, 7.91049653000016], [0.628396179999982, 7.91009950799997], [0.628194706000045, 7.90981922200007], [0.627993232000051, 7.90953893700004], [0.627811514000143, 7.90901056900003], [0.627810908000072, 7.90885625800013], [0.627766321000024, 7.90876274100015], [0.627821638000057, 7.90806811400012], [0.628038266000033, 7.90763188500017], [0.628076354000029, 7.90747742299999], [0.628094424000096, 7.90715219200018], [0.628059618000066, 7.90179681800009], [0.627874088000169, 7.90170522799997], [0.627514636000058, 7.90166253900009], [0.627169173000027, 7.90166388300003], [0.626555329000041, 7.90158911599997], [0.626075154000148, 7.90141875800009], [0.625594978000038, 7.90124840000004], [0.625517368000033, 7.90119083499997], [0.625287755000102, 7.90113386000013], [0.625132621000091, 7.9010407720001], [0.624853359000042, 7.90100879000011], [0.624494196000114, 7.90104049800004]]]]}, "properties": {"REGION": "Oti", "DISTRICT": "Nkwanta South"}}]}